电影名,年份,上映时间,类型,时长,评分,语言,导演,作者,主演,Slogan,简介
肖申克的救赎,1994,1994-09-23,剧情 犯罪,142,87,英语,弗兰克·德拉邦特,斯蒂芬·金,蒂姆·罗宾斯 摩根·弗里曼 鲍勃·冈顿 威廉姆·赛德勒 克兰西·布朗 吉尔·贝罗斯 小詹姆斯·艾伦·惠特莫尔 马克·罗斯顿 杰弗里·德蒙,恐惧会将你囚禁，希望则能让你获得自由。,安迪·杜佛兰被错判谋杀妻子及其情人，在缅因州肖申克服刑，判处两项无期徒刑接连执行。影片背景设定于1940年代，展现安迪如何在残酷的监狱环境中艰难求生，甚至赢得狱友们的敬重——尤其是与老囚徒“瑞德”·雷丁之间深厚的友谊。
教父,1972,1972-03-24,剧情 犯罪,175,87,英语,弗朗西斯·科波拉,马里奥·普佐,马龙·白兰度 阿尔·帕西诺 詹姆斯·凯恩 罗伯特·杜瓦尔 理查德·萨尔瓦托雷·卡斯特拉诺 黛安·基顿 塔莉亚·夏尔 詹尼·鲁索 斯特林·海登,一份你无法拒绝的邀约。,40年代的美国，“教父”维托·唐·柯里昂是黑手党柯里昂家族的首领，带领家族从事非法的勾当，但同时他也是许多弱小平民的保护神，深得人们爱戴。因为拒绝了毒枭索洛索的毒品交易要求，柯里昂家族和纽约其他几个黑手党家族的矛盾激化、圣诞前夕，索洛索劫持了“教父”的参谋汤姆，并派人暗杀“教父”；因为内奸的出卖，“教父”的大儿子逊尼被仇家杀害；小儿子麦克也被卷了进来，失去爱妻。黑手党家族之间的矛盾越来越白热化。年老的“教父”面对丧子之痛怎样统领全局？黑手党之间的仇杀如何落幕？谁是家族的内奸？谁又能够成为新一代的“教父”？血雨腥风和温情脉脉，在这部里程碑式的黑帮史诗巨片里真实上演。
教父2,1974,1974-12-20,剧情 犯罪,200,86,英语,弗朗西斯·科波拉,马里奥·普佐,阿尔·帕西诺 罗伯特·杜瓦尔 黛安·基顿 罗伯特·德尼罗 约翰·卡扎尔 塔莉亚·夏尔 李·斯特拉斯伯格 迈克尔·V·格佐 格瓦斯·杜安·斯普拉德林,柯里昂帝国的兴衰史。,作为《教父》的续篇，影片延续了科莱昂家族两代权力交替的史诗。科波拉在第二部分中讲述了两条故事线：由罗伯特·德尼罗以非凡演技演绎的年轻教父维托的根源与崛起，以及迈克尔（阿尔·帕西诺饰）作为新任教父的上位之路。
辛德勒的名单,1993,2019-04-06,剧情 历史 战争,195,86,英语,史蒂文·斯皮尔伯格,托马斯·肯尼利,连姆·尼森 本·金斯利 拉尔夫·费因斯 卡罗琳·古道尔 乔纳森·萨加尔 艾伯斯·戴维斯 马尔戈萨·格贝尔 什穆埃尔·利维 马克·伊瓦涅,谁拯救了一条生命，谁就拯救了整个世界。,1939年，波兰在纳粹德国的统治下，党卫军对犹太人进行了隔离统治。德国商人奥斯卡·辛德勒（连姆·尼森 Liam Neeson 饰）来到德军统治下的克拉科夫，开设了一间搪瓷厂，生产军需用品。凭着出众的社交能力和大量的金钱，辛德勒和德军建立了良好的关系，他的工厂雇用犹太人工作，大发战争财。
¿Quieres ser mi hijo?,2023,2023-09-21,喜剧 爱情,100,86,英语,Ihtzi Hurtado,,Ludwika Paleta Juanpa Zurita 埃尔南·门多萨 Harold Azuara Agustín Arana Yuriria del Valle Karla Rico Jorge Gidi Isabel Gonzalez,,"Lu, a conformist woman in her forties, learns that her 15-year partner has been having extramarital affairs. Starting from scratch, she gets involved in an unexpected relationship with a young womanizer."
十二怒汉,1957,1957-04-10,剧情,96,86,英语,雷金纳德·罗斯,西德尼·吕美特,马丁·巴尔萨姆 约翰·菲尔德 李·科布 E·G·马歇尔 杰克·克卢格曼 爱德华·宾斯 杰克·沃登 亨利·方达 约瑟夫·斯威尼,命悬其手，死视其意,西德尼·吕美特执导的本片堪称电影史上最颠覆的法庭剧。这部改编自雷金纳德·罗斯电视剧的经典之作，以密室内群像戏的精炼笔法，透视美国司法体系的肌理，张力十足。亨利·方达饰演的异议者，在由白人男性组成的陪审团中孤身抗辩——其余成员皆急于裁定被控弑父的波多黎各少年有罪。故事在一个闷热的午后、一间汗流浃背的房间里层层推进，最终凝聚成一部史诗规模的思辨传奇。吕美特这部震撼人心的导演处女作，精准捕捉了1950年代美国社会变革的前夜，成就了影史不朽的首作丰碑。
Selena Gomez: My Mind & Me,2022,2022-11-02,纪录 音乐,95,85,英语,阿莱克·凯西西恩,Paul Marchand,赛琳娜·戈麦斯 Raquelle Stevens Ashley Cook Liana Blackburn Brent L. Boxberger Devyck Bull Mia Campagna Rodney Chonia Samantha Coatsworth,"Every breath, a breakthrough.",在聚光灯下多年之后，赛琳娜·戈麦斯获得了难以想象的明星地位。但就在她到达一个新的高峰时，一个意外的转折把她拉进了黑暗。这部独特的、亲密的纪录片跨越了她六年的旅程，展现了她新的光芒。
千与千寻,2001,2019-06-21,动画 家庭 奇幻,125,85,日语,宫崎骏,,柊瑠美 入野自由 夏木真理 内藤刚志 泽口靖子 我修院达也 神木隆之介 玉井夕海 大泉洋,隧道的另一头，是不可思议的小镇,小女孩千寻被困在一个陌生的精灵世界。当她的父母发生神秘变化后，她必须鼓起自己从未发现的勇气，才能解救自己，并将家人带回外面的世界。
蝙蝠侠：黑暗骑士,2008,2018-04-07,动作 犯罪 惊悚,152,85,英语,克里斯托弗·诺兰,鲍勃·凯恩,克里斯蒂安·贝尔 希斯·莱杰 艾伦·艾克哈特 迈克尔·凯恩 玛吉·吉伦哈尔 加里·奥德曼 摩根·弗里曼 莫妮克·加布里埃拉·库尔内 罗恩·迪恩,黎明前的夜是最漆黑的,蝙蝠侠在打击犯罪的战争中加大了赌注。在吉姆·戈登警长与地方检察官哈维·丹特的协助下，蝙蝠侠决心清除肆虐哥谭街头的残余犯罪组织。这一联手行动卓有成效，但他们很快发现自己沦为了一场混沌统治的猎物——这场混乱由一位新兴犯罪大师所掀动，惶恐的哥谭市民称他为“小丑”。[华纳兄弟影业]
勇夺芳心,1995,1995-10-20,喜剧 剧情 爱情,190,85,印地语,Aditya Chopra,,卡卓儿 沙鲁克·汗 阿莫瑞什·普瑞 法莉達·賈勒爾 阿努潘·凯尔 Pooja Ruparel Parmeet Sethi Satish Shah Mandira Bedi,"Come… Fall In love, All Over Again…",乔德利和妻子结婚多年，一直十分恩爱。两人共同养育了两个女儿希姆莱和图吉，两个姑娘都出落得亭亭玉立。一晃眼，希姆莱就到了该嫁人的年纪了，尽管乔德利一家人已经在伦敦生活了二十多年了，但乔德利骨子里依旧是一个传统的印度人。乔德利将希姆莱许配给了朋友的儿子库杰，这让希姆莱感到十分不满。一次偶然中，希姆莱邂逅了名为拉杰的印度男子，尽管拉杰为人轻浮，油腔滑调，但希姆莱还是同他坠入了情网。得知此事的乔德利举家迁回了印度，拉杰亦紧跟其后，他要如何才能获得乔德利的认可呢？
绿里奇迹,1999,1999-12-10,奇幻 剧情 犯罪,189,85,英语,弗兰克·德拉邦特,斯蒂芬·金,汤姆·汉克斯 大卫·摩斯 邦妮·亨特 迈克尔·克拉克·邓肯 詹姆斯·克伦威尔 迈克尔·杰特 格雷厄姆·格林 道格·休切逊 山姆·洛克威尔,保罗·埃奇康姆从不相信奇迹。直到他遇见奇迹的那一天。,1935年。美国南部惨淡肃杀的冷山监狱。这里有片一英里长的绿地，人们叫它“绿里”。不过，它的居民皆为死囚，在绿地的另一头，便是行刑用的电椅。保罗·艾治科姆（汤姆·汉 克斯饰）是这里的狱监，对于走过“绿里”、继而在电椅上惨叫毙命的死囚行刑程序，他俨然已无动于衷。除了保罗及其爱妻简外，“绿里”上还有凶残的副狱监豪威尔，有施虐倾向 的狱吏佩西，良心未泯的看守海尔和他身患绝症的妻子美琳达，喜用宠物鼠逗狱吏和诸“难友”取乐的德拉克，连环杀人狂威廉，负疚深重的犯人彼特等一干形形色色的人们。他们之 间充满了敌意和不屑。但神秘的约翰·考夫利的到来改变了一切。考夫利因谋杀两名幼女被 判死罪，他相貌恐怖，体形硕大，却出奇地平和、敏感而缄默，天真时甚至像个孩子，同时， 他似乎还具有一种不可名状的神秘力量，令人不由自主地对其产生信任感，这不禁让艾治科姆对其罪行是否属实深怀疑问。 真情无法取代程式，考夫利终要走过“绿里”。在这个貌似粗鲁的男人即将赴死的刹那，“绿里”上的人们以不同以往的形式实现了各自生命的重要跨越。
指环王3：王者无敌,2003,2003-12-17,冒险 奇幻 动作,263,85,英语,彼得·杰克逊,J.R.R.托尔金,伊利亚·伍德 伊恩·麦克莱恩 维果·莫特森 西恩·奥斯汀 安迪·瑟金斯 多米尼克·莫纳汉 比利·博伊德 约翰·诺伯 大卫·文翰,敌人的邪眼在移动,索伦大军为剿灭人类种族，已对刚铎都城米那斯提力斯展开围攻。这座昔日的伟大王国由一位日渐衰弱的摄政王守护，此刻比任何时候都更需要它的王者归来。但阿拉贡能否回应血脉的召唤，成为命定之君？中土世界的命运，正系于他宽阔的双肩。
寄生虫,2019,2019-07-28,喜剧 惊悚 剧情,132,85,朝鲜语,奉俊昊,韩进元,宋康昊 李善均 曹汝贞 崔宇植 朴素丹 李姃垠 张慧珍 朴明勋 郑知苏,表现得好像这个地方是你的似的。,这部定义时代精神的惊世之作，将全球范围内对阶级不平等的审视浓缩为一场流行电影的反叛风暴。奉俊昊导演以这部打破类型桎梏的黑色喜剧惊悚片，奠定了其世界顶尖电影作者的地位。故事聚焦首尔的两个家庭——一户在低洼社区潮湿半地下室里挣扎求生的底层家庭，另一户则居住于可俯瞰城市的现代建筑奇观中尽享奢华。当两家人的命运因危险关系交织在一起时，资本主义的黑暗裂隙以惊人之势被彻底撕裂。影片凭借导演精心构建的戏剧场景、出色的群像演绎与震撼的视觉设计，成为一部技艺卓绝的典范之作。从戛纳到奥斯卡，横扫几乎所有国际至高奖项，更以首部非英语片问鼎最佳影片的历史性突破，宣告韩国新电影已成为不可忽视的世界力量。
低俗小说,1994,2024-04-18,惊悚 犯罪 喜剧,154,85,英语,昆汀·塔伦蒂诺,罗杰·阿瓦里,约翰·特拉沃尔塔 塞缪尔·杰克逊 乌玛·瑟曼 布鲁斯·威利斯 文·瑞姆斯 哈威·凯特尔 艾瑞克·斯托罗兹 蒂姆·罗斯 阿曼达·普拉莫,仅仅因为你是一个角色并不意味着你有角色。,数段相互勾连的罪案谜局，在洛杉矶的地下世界交织成一副时空交错的拼图。
你的名字。,2016,2016-12-02,动画 爱情 剧情,106,85,日语,新海诚,,神木隆之介 上白石萌音 成田凌 悠木碧 岛崎信长 石川界人 谷花音 寺杣昌纪 大原沙耶香,我正在寻觅未曾相识的你。,彗星降临之夜，两个生命的轨迹就此改变。高中生三叶与泷本是素不相识的陌生人，过着各自的生活。然而某夜，他们突然互换了身体——三叶在泷的身体中醒来，泷则进入了她的人生。这种奇异的现象持续随机发生，两人不得不互相迁就，调整生活节奏。出人意料的是，他们渐渐磨合出默契，通过留言、讯息，更重要的是，通过留在彼此生命中的印记建立起联结。当璀璨的彗星点亮夜空时，他们终于醒悟：渴望从这份羁绊中获得更多——一个真正见面的机会，一次真正了解彼此的相遇。他们牵起命运的丝线，试图寻找通向对方的路。然而阻隔他们的，不仅仅是距离。这份牵绊，是否足以对抗时间残酷的捉弄？抑或他们的相遇，终究只是对星辰许下的愿望？[FUNimation]
星际穿越,2014,2014-11-12,冒险 剧情 科幻,169,85,英语,克里斯托弗·诺兰,乔纳森·诺兰,马修·麦康纳 安妮·海瑟薇 迈克尔·凯恩 杰西卡·查斯坦 卡西·阿弗莱克 韦斯·本特利 托弗·戈瑞斯 麦肯基·弗依 艾伦·伯斯汀,人类的下一步将迈向非凡,近未来的地球黄沙遍野，小麦、秋葵等基础农作物相继因枯萎病灭绝，人类不再像从前那样仰望星空，放纵想象力和灵感的迸发，而是每日在沙尘暴的肆虐下倒数着所剩不多的光景。在家务农的前NASA宇航员库珀接连在女儿墨菲的书房发现奇怪的重力场现象，随即得知在某个未知区域内前NASA成员仍秘密进行一个拯救人类的计划。多年以前土星附近出现神秘虫洞，NASA借机将数名宇航员派遣到遥远的星系寻找适合居住的星球。在布兰德教授的劝说下，库珀忍痛告别了女儿，和其他三名专家教授女儿艾米莉亚·布兰德、罗米利、多伊尔搭乘宇宙飞船前往目前已知的最有希望的三颗星球考察。他们穿越遥远的星系银河，感受了一小时七年光阴的沧海桑田，窥见了未知星球和黑洞的壮伟与神秘。在浩瀚宇宙的绝望而孤独角落，总有一份超越了时空的笃定情怀将他们紧紧相连……
黄金三镖客,1966,2018-04-16,西部,161,85,意大利语,赛尔乔·莱昂内,卢西亚诺·文森佐尼,克林特·伊斯特伍德 埃里·瓦拉赫 李·范·克里夫 阿尔多·久弗瑞 路易吉·皮斯蒂利 拉达·拉西莫夫 恩佐·佩蒂托 克劳迪奥·斯卡奇利 安东尼奥·卡萨莱,对这三人来说内战不是地狱，是天堂。,对三个男人而言，内战并非地狱……而只是热身！克林特·伊斯特伍德再度化身“无名客”，此番联手两名枪手，共同追寻一批价值20万美元的黄金，决不让任何人阻挡——哪怕是内战中的交战派系。
阿甘正传,1994,2020-08-25,喜剧 剧情 爱情,142,85,英语,罗伯特·泽米吉斯,温斯顿·格鲁姆,汤姆·汉克斯 罗宾·怀特 加里·西尼斯 莎莉·菲尔德 麦凯尔泰·威廉逊 迈克尔·康纳·汉弗莱斯 汉娜·豪尔 海利·乔·奥斯蒙 西奥本·法隆·霍根,人生就像一盒巧克力，你永远不知道下一块会是什么味道,透过被命运眷顾的单纯者阿甘的双眼，全景式展现了美国历史上动荡的三十年。
人类,2015,2015-09-12,纪录,191,85,法语,Yann Arthus-Bertrand,,,,"每个人背后都有一个足以撼动心灵的故事。法国知名的摄影师Yann Arthus-Bertrand就用了3年的时间，走访全球60个国家，让2,020位不同肤色、种族、性别的人，在镜头前诉说自己的故事。由乌克兰的自由战士、马里的农民，到美国的死囚，各人的故事集结成一部纪录片《人类》。纪录片中，受访者只站在纯黑色的背景中细诉自己的故事，没有花巧的剪接，甚至不多赘述受访者的身份。每个人自身的经历，足以为观众带来震撼。"
好家伙,1990,1990-09-19,剧情 犯罪,145,85,英语,马丁·斯科塞斯,尼古拉斯·皮莱吉,罗伯特·德尼罗 雷·利奥塔 乔·佩西 洛林·布拉科 保罗·索维诺 弗兰克·西维罗 托尼·达罗 迈克·斯塔尔 弗兰克·文森特,在黑手党中度过的三十年人生。,本片根据真实故事改编，讲述了纽约黑手党血腥的江湖恩怨，把所谓的“江湖道义”还原为人性的丑陋与贪婪。
七武士,1954,1954-04-26,动作 剧情,207,85,日语,黑泽明,小国英雄,三船敏郎 志村乔 稻叶义男 宫口精二 千秋实 加东大介 木村功 津岛惠子 岛崎由纪子,在悬念和场面方面无与伦比！,这部影史最具震撼力的史诗巨制，讲述十六世纪某村庄的绝望村民雇佣七位武士抵御山贼侵袭的故事。黑泽明历时三个多小时的银幕征程，通过传奇演员三船敏郎与志村乔的演绎，将哲学沉思与娱乐观赏、细腻人情与激烈战斗完美交融，铸就这部关于勇气与希望的丰碑之作——其故事之丰饶、意境之深远，令人过目难忘。
大卫·爱登堡：地球上的一段生命旅程,2020,2020-09-28,纪录 剧情,83,84,英语,艾雷斯泰·法瑟吉尔,Jonathan Hughes,大卫·爱登堡 Max Hughes,,大卫·爱登堡讲述了他的一生以及地球上生命的进化史，以此来哀悼自然栖息地的消失，并表达了对未来的愿景。
萤火虫之墓,1988,1988-04-16,动画 剧情 战争,89,84,日语,高畑勋,,辰巳努 白石绫乃 志乃原良子 山口明美 酒井雅代 Kozo Hashida Kazumi Nozaki 松冈与志雄 Masahiro Kanetake,为何萤火虫的生命如此短暂？,在二战期间的日本，一对年幼的兄妹挣扎求生的故事。
美丽人生,1997,1997-12-20,喜剧 剧情,116,84,意大利语,罗伯托·贝尼尼,文森佐·塞拉米,罗伯托·贝尼尼 尼可莱塔·布拉斯基 乔治·坎塔里尼 朱斯蒂诺·杜拉诺 赛尔乔·比尼·布斯特里克 玛丽萨·帕雷德斯 豪斯特·巴奇霍兹 莉迪亚·阿方西 朱利亚娜·洛约迪切,最美丽的谎言,犹太青年圭多（罗伯托·贝尼尼 Roberto Benigni 饰）邂逅美丽的女教师多拉（尼可莱塔·布拉斯基 Nicoletta Braschi 饰），他彬彬有礼的向多拉鞠躬：“早安！公主！”。历经诸多令人啼笑皆非的周折后，天遂人愿，两人幸福美满的生活在一起。然而好景不长，法西斯政权下，圭多和儿子被强行送往犹太人集中营。多拉虽没有犹太血统，毅然同行，与丈夫儿子分开关押在一个集中营里。聪明乐天的圭多哄骗儿子这只是一场游戏，奖品就是一辆大坦克，儿子快乐、天真的生活在纳粹的阴霾之中。尽管集中营的生活艰苦寂寞，圭多仍然带给他人很多快乐，他还趁机在纳粹的广播里问候妻子：“早安！公主！”法西斯政权即将倾覆，纳粹的集中营很快就要接受最后的清理，圭多编给儿子的游戏该怎么结束？他们一家能否平安的度过这黑暗的年代呢？
搏击俱乐部,1999,1999-10-15,剧情 惊悚,139,84,英语,大卫·芬奇,恰克·帕拉尼克,爱德华·诺顿 布拉德·皮特 海伦娜·伯翰·卡特 密特·劳弗 杰瑞德·莱托 扎克·格雷尼尔 霍特·麦克卡兰尼 伊恩·贝利 里士满·阿奎特,搏击俱乐部的第一条规则是你不要谈论搏击俱乐部,杰克( 爱德华·诺顿 Edward Norton 饰)是一个充满中年危机意识的人，他非常憎恨自己的生活及一切，再加上他患有严重的失眠症，所以他常常参加各种团体咨询会，只为了能接触人群。在某一个团体咨询会上，杰克遇上了一个跟他同样理由来参加的女烟枪，玛拉(海伦娜·邦汉·卡特 Helena Bonham Carter  饰)，在莫名激素的影响下，杰克和玛拉一起逃离了咨询会，两人的情愫因而滋生…  一个偶然的机会，杰克遇到了卖肥皂的商人泰勒(布拉德·皮特 Brad Pitt 饰)，一个浑身充满叛逆、残酷和暴烈的痞子英雄，并因为自己公寓失火而住进了泰勒破旧不堪的家中。两人因缘际会地成为了好朋友，并创立了“搏击俱乐部”：一个让人们不戴护具而徒手搏击，宗旨在于发泄情绪的地下组织。
切腹,1962,1962-09-15,动作 剧情 历史,135,84,日语,小林正树,安彦滉,仲代达矢 石滨朗 岩下志麻 丹波哲郎 三岛雅夫 中谷一郎 佐藤庆 稻叶义男 井川比佐志,男人的尊严，男人的挣扎。,家族没落后，失业武士仲代达矢来到井伊藩主的宅邸，请求允许他在此切腹自尽。藩主家臣认定这名走投无路的浪人只是想讨份差事，遂逼迫他当场切腹——却低估了他坚守的信念与对尊严的执着。本片由小林正树执导，荣获戛纳电影节评委会特别奖，以凌厉笔触刻画了个体在腐朽伪善体制下的抗争。
指环王1：护戒使者,2001,2001-12-19,冒险 奇幻 动作,228,84,英语,彼得·杰克逊,J.R.R.托尔金,伊利亚·伍德 伊恩·麦克莱恩 维果·莫特森 西恩·奥斯汀 伊恩·霍姆 丽芙·泰勒 克里斯托弗·李 肖恩·宾 比利·博伊德,至尊戒 驭众戒,J.R.R.托尔金的文学巨著首次以电影形式磅礴呈现——这是一场正义对抗邪恶的史诗冒险，一段关于友谊力量与个人勇气的传奇，更是一次为人类纪元开辟道路的英雄征程。
上帝之城,2002,2015-04-18,剧情 犯罪,129,84,葡萄牙语,费尔南多·梅里尔斯,保罗·林斯,亚历桑德雷·罗德里格斯 莱安德鲁·菲尔米诺 菲利佩·哈根森 道格拉斯·席尔瓦 乔纳森·哈根森 马修斯·纳克加勒 塞乌·乔奇 Jefechander Suplino 艾莉丝·布拉加,"If you run, the beast catches you; if you stay, the beast eats you.",巴西里约热内卢的贫民窟，这里是“上帝之城”，更是魔鬼也会叹息着转身的地方。
天堂电影院,1988,2019-06-15,剧情 爱情,124,84,意大利语,朱塞佩·托纳多雷,瓦娜·波利,菲利浦·诺瓦雷 雅克·贝汉 马可·莱昂纳迪 萨瓦特利·卡西欧 阿格妮丝·那诺 安东内拉·阿蒂利 普佩拉·玛奇奥 恩佐·卡拉瓦勒 伊萨·丹尼尔,青春、友谊与电影永恒魅力的颂扬。,在意大利南部小镇姜卡尔多，童年的小多多不仅喜欢看电影，还喜欢看放映师艾弗达“剪”电影：在40年代的意大利小镇上，电影在放映之前都要经由牧师检查，把认为观众不宜的镜头（比如接吻戏）严格地剪掉之后，才可以放映。好心的艾佛特为了让更多的观众看到电影，搞了一次露天电影，结果胶片着火了，多多把艾弗达从火海中救了出来，但艾弗达双目失明。多多成了小镇唯一会放电影的人，他接替艾佛特成了小镇的电影放映师。多多渐渐长大，他爱上了银行家的女儿艾莲娜。初恋的纯洁情愫美如天堂，但是一对小情侣的海誓山盟被艾莲娜父亲的阻挠给隔断了，托托去服兵役，而艾莲娜去念大学。伤心的多多在艾佛达的鼓励下，离开小镇，追寻自己生命中的梦想……30年后，艾佛达去世，此时的多多已经是功成名就的导演，他回到了家乡参加艾弗达的葬礼。老放映员留给他一份礼物，原来是当初被镇上的检查员勒令剪掉的吻戏胶片。多多看着这些镜头，突然发现自己已经理解了生命中的一切。
蛊惑兄弟,2000,2000-09-15,喜剧 剧情 奇幻 爱情,104,84,葡萄牙语,Guel Arraes,Ariano Suassuna,马修斯·纳克加勒 赛尔顿·梅罗 费尔兰德·蒙特纳哥 罗杰里奥·卡尔多索 Denise Fraga Diogo Vilela Luís Melo Virginia Cavendish Bruno Garcia,Lying with faith is not always a sin.,智高和杰克，一对患难穷兄弟，四出寻找工作，最终在面包店找到差事。但店主极为刻薄，兄弟俩的食物比狗还要差。阴差阳错，他们弄死了店主的狗，更要哄骗神父替小狗祈福，闹出笑话连篇。及后智高暗恋大财主之女路仙霞。但智高过于害羞，久久未能成事；杰克唯有替智高制造机会。一日，镇里来了一班悍匪，洗劫村民之余，更进行杀戮游戏……
妙不可言,2021,2021-06-17,家庭 剧情,88,84,西班牙语,Ernesto Contreras,Estéfani Enríquez Soto,Nora Velázquez Benny Emmanuel Luisa Huertas Salvador Garcini Andrés Delgado Gabriela Cartol Juan Carlos Medellin Ari Gallegos Pablo Marín,There are encounters that change your life,生活是如此奇妙且难以预测，有时会在最不经意的地方发现幸福：一位七旬老妪和她的少年邻居之间产生了深厚的友谊。
惊魂记,1960,1960-06-22,恐怖 惊悚 悬疑,109,84,英语,阿尔弗雷德·希区柯克,罗伯特·布洛克,安东尼·帕金斯 珍妮特·利 薇拉·迈尔斯 约翰·加文 马丁·巴尔萨姆 约翰·麦金太尔 西蒙·奥克兰 弗兰克·艾伯森 帕特里夏·希区柯克,一种全新的、截然不同的银幕刺激！,凤凰城一女秘书卷走客户四万美元公款，仓皇出逃途中入住一家偏僻汽车旅馆。旅馆经营者诺曼·贝茨是位受其母亲支配的年轻人。
指环王2：双塔奇兵,2002,2002-12-18,冒险 奇幻 动作,235,84,英语,彼得·杰克逊,J.R.R.托尔金,伊利亚·伍德 伊恩·麦克莱恩 维果·莫特森 西恩·奥斯汀 安迪·瑟金斯 约翰·里斯-戴维斯 奥兰多·布鲁姆 伯纳德·希尔 米兰达·奥托,一股新力量正在崛起,在J.R.R.托尔金史诗三部曲的第二篇章中，护戒同盟队面对难以想象的敌军与诡谲阴谋，同时见证了远古奇迹与同胞未觉醒的力量。
飞越疯人院,1975,1975-11-19,剧情,133,84,英语,米洛斯·福尔曼,肯·克西,杰克·尼科尔森 布拉德·道里夫 路易丝·弗莱彻 丹尼·德维托 威廉·雷德菲尔德 斯加特曼·克罗索斯 克里斯托弗·劳埃德 威尔·桑普森 迪恩·R·布鲁克斯,如果他疯了，那你怎么了？,在州立精神病院里休养总比蹲监狱强，对吧？兰德尔·P·麦克墨菲（杰克·尼科尔森 饰），一个血管里流淌着闪电、舌绽莲花的自由派骗子，装疯混进了他所谓的“疯子们”中间。很快，他那极具感染力的无序感便与麻木的例行程序发生冲撞。当世界大赛正酣时，这群被镇静剂泡透的家伙怎能披着浴袍拖沓度日？这意味着战争！一方是麦克墨菲，另一方则是轻声细语的拉契特护士（路易丝·弗莱彻 饰）——这位影史上最冷酷可怕的恶魔之一。而赌注，是整个病房每位患者的命运。
素媛,2013,2013-10-02,剧情,122,84,朝鲜语,李濬益,金智慧,薛景求 严志媛 李蕊 金相浩 金海淑 罗美兰 权泰元 姜信哲 徐现宇,在最痛的地方，开出最美的花,她是一个美丽平凡的小女孩，和爸爸妈妈生活在位于街角的家中。家里经营着以她的名字素媛命名的杂货店，母亲作为老板娘日夜忙碌不得闲暇，父亲则在工厂干着繁重的工作。在那个飘雨的早上，素媛打着雨伞独自上学。在离学校近在咫尺的地方，她遭遇一个相貌猥琐、酒气冲天的大叔，由此开启了她的悲剧之旅。柔嫩的小花遭到暴风雨无情摧残，受伤的岂止枝枝叶叶，更是那迎着阳光无忧成长的心。无良媒体铺天盖地大肆渲染，作为受害者的素媛一家仿佛成了周身污秽的耻辱之人，被四周诧异好奇的目光所包围。妈妈悲痛欲绝，几近崩溃。爸爸全力保护女儿，但受伤的小天使却拒绝爸爸的靠近。问凶之路伴随着天使的治愈旅程，美丽的女孩可会再露灿烂笑容？
鱿鱼游戏： 第二季 制作特辑,2025,2025-01-03,纪录,28,84,朝鲜语,,,黄东赫 李政宰 李炳宪 蔡京善 Kim Ji-yong 孔刘 魏嘏隽 任时完 李阵郁,,三年前，鱿鱼游戏由456号选手（李政宰 饰）胜出，他本想远走高飞，却在搭机赴美前临阵反悔，决心展开新计划。成奇勋再度投身这场神秘的生存游戏，又一次赌上性命，与一群新的参赛者一起争夺高达456亿韩元的奖金。
蜘蛛侠：平行宇宙,2018,2018-12-21,动画 动作 冒险 科幻,116,84,英语,罗德尼·罗斯曼,菲尔·洛德,沙梅克·摩尔 杰克·约翰逊 海莉·斯坦菲尔德 马赫沙拉·阿里 布莱恩·泰里·亨利 莉莉·汤姆林 劳伦·贝莱斯 佐伊·克拉维茨 约翰·穆拉尼,任何人都可以成为英雄。,《乐高大电影》和《龙虎少年队》的创作灵魂菲尔·罗德与克里斯托弗·米勒，将他们独特的才华注入一个全新的蜘蛛侠宇宙，开创了前所未见的突破性视觉风格。本片讲述了布鲁克林少年迈尔斯·莫拉莱斯（沙梅克·摩尔 配音）的冒险故事，并揭开了蜘蛛宇宙的无限可能——在那里，能够戴上英雄面具的远不止一人。[索尼影业]
星球大战5：帝国反击战,1980,1980-05-21,冒险 动作 科幻,124,84,英语,厄文·克什纳,劳伦斯·卡斯丹,马克·哈米尔 哈里森·福特 凯丽·费雪 比利·迪·威廉姆斯 安东尼·丹尼尔斯 大卫·鲍罗斯 彼得·梅休 肯尼·贝克 弗兰克·奥兹,冒险在继续……,星球大战事件三年后，帝国军队继续追捕义军。义军在霍斯冰原星球战败后，卢克前往达戈巴星球，跟随自共和国覆灭后隐居的绝地大师尤达进行训练。为诱使卢克堕入黑暗面，达斯·维达将年轻的天行者引入贝斯平云城的陷阱。在与西斯尊主的激烈光剑对决中，卢克面对一个惊人的真相。[20世纪福克斯]
加百列的地狱,2020,2020-05-29,爱情 剧情,122,84,英语,Tosca Musk,Sylvain Reynard,Melanie Zanetti 吉欧里奥·贝鲁蒂 库尔特·麦金尼 Agnes Albright Margaux Brooke Ned Van Zandt Vanessa Kai,,一个迷人的探索诱惑，禁止的爱，和救赎，一个迷人和激情的故事，一个人从他自己的地狱，因为他试图赢得不可能的宽恕和爱。
哈尔的移动城堡,2004,2024-04-30,奇幻 动画 冒险,119,84,日语,宫崎骏,戴安娜·温尼·琼斯,倍赏千惠子 木村拓哉 美轮明宏 我修院达也 神木隆之介 伊崎充则 大泉洋 大冢明夫 原田大二郎,带着心爱的人在天空飞翔。,一部精彩的动画冒险新作，颂扬了爱情的力量可以改变一切，以及人类精神面对逆境时的韧性。
声之形,2016,2017-09-08,动画 剧情 爱情,130,84,日语,山田尚子,吉田玲子,入野自由 早见沙织 悠木碧 小野贤章 金子有希 石川由依 潘惠美 丰永利行 松冈茉优,有时答案就是学会倾听，如此简单。,西宫硝子（早见沙织 配音）生来患有听觉障碍，要依靠助听器和外界交流，口语发音也因此格外的古怪。小学时，硝子转入了一所新的学校，特殊的生理缺陷让她成为了班上引人注目的独特存在，她因此收获了坚实的友情，却也遭到了以男生石田将也（入野自由 配音）为首的小团体的孤立和排挤。随着时 间的推移，无心或有意的恶作剧渐渐升级，最终演变成为了无法挽回的伤害，硝子永远的消失在了众人的眼前。排挤硝子的事情曝光后，将也成为了下一个被欺负的对象，孤独痛苦的他终于理解了硝子的隐忍和温柔，只是他再也没有机会跟硝子道歉了。一次偶然中，将也同硝子重逢了，命运的齿轮重新开始了转动。
美国往事,1984,2015-04-23,剧情 犯罪,229,84,英语,赛尔乔·莱昂内,哈里·格雷,罗伯特·德尼罗 詹姆斯·伍兹 伊丽莎白·麦戈文 特里特·威廉斯 塔斯黛·韦尔德 乔·佩西 波特·杨 詹姆斯·海登 威廉·弗西斯,犯罪、激情与权力欲望。,二十年代的美国，纽约少年“面条”和几个同龄朋友一起认识了聪明狡黠的“麦克斯”，他们开始从事走私活动。不久，面条在一场械斗中杀伤人命，被关进监牢。若干年后，“面条”出狱，当时的小伙伴们已经变成了健壮的青年人，在“麦克斯”的带领下，他们开始了一系列抢劫、盗窃、敲诈活动。随着犯罪活动的不断深入， “麦克斯”似乎被胜利冲昏了头脑，竟然把美国联邦储备银行也列入了行动目标。“面条”不忍眼看好友走向毁灭，偷偷打电话报警，想逼迫“麦克斯”收手。警察与 “面条”的朋友展开激烈枪战，“麦克斯”等人全部被杀。“面条”带着深深的悔恨和痛苦，离开纽约，回到年少时生长的地方。三十五年过去了，几近垂暮的“面条”重新回到纽约的伤心地，他遇见了少时的朋友和旧情人，而当年“麦克斯”他们的死，背后竟然包含着出乎意料的阴谋。
七宗罪,1995,1995-09-22,犯罪 悬疑 惊悚,127,84,英语,大卫·芬奇,安德鲁·凯文·沃克,摩根·弗里曼 布拉德·皮特 格温妮斯·帕特洛 约翰·卡西尼 彼得·克朗比 雷格·E·凯蒂 罗纳德·李·埃尔梅 丹尼尔·萨卡帕 安德鲁·凯文·沃克,饕餮。贪婪。懒惰。嫉妒。暴怒。傲慢。色欲。,“暴食”、“贪婪”、“懒惰”、“嫉妒”、“骄傲”、“淫欲”、“愤怒”，这是天主教教义所指的人性七宗罪。城市中发生的连坏杀人案，死者恰好都是犯有这些教义的人。凶手故弄玄虚的作案手法，令资深冷静的警员沙摩塞（摩根•弗里曼 Morgan Freeman 饰）和血气方刚的新扎警员米尔斯（布拉德•皮特 Brad Pitt 饰）都陷入了破案的谜团中。他们去图书馆研读但丁的《神曲》，企图从人间地狱的描绘中找到线索，最后从宗教文学哲学的世界中找到了凶手作案计划和手段的蛛丝马迹。凶手前来投案自首，这令众人都松了一口气，以为案件就此结束，怎料还是逃不出七宗罪的杀人逻辑，这次凶手瞄准的目标，是那个犯了“愤怒”罪的人……
钢琴家,2002,2003-01-24,剧情 战争,150,84,英语,罗曼·波兰斯基,罗纳德·哈伍德,阿德里安·布罗迪 托马斯·克莱舒曼 弗兰克·芬莱 穆琳·利普曼 艾米莉娅·福克斯 埃德·斯托帕德 朱莉娅·雷纳 杰西卡·凯特·迈耶 米哈乌·热布罗夫斯基,音乐是他的激情所在。生存则是他的杰作。,波兰犹太裔天才钢琴家瓦迪斯瓦夫·什皮尔曼逃脱了驱逐，被迫生活在华沙犹太区的中心，亲历苦难、屈辱与挣扎。他设法逃出并藏身于首都的废墟中，一名德国军官向他伸出援手，助他幸存。[焦点影业]
爆裂鼓手,2014,2024-12-06,剧情 音乐 惊悚,107,84,英语,达米恩·查泽雷,,迈尔斯·特勒 J·K·西蒙斯 保罗·雷瑟 梅莉莎·班诺伊 奥斯汀·斯托维尔 内特·朗 克里斯·穆基 达蒙·古普顿 苏安妮·斯波克,The road to greatness can take you to the edge.,年轻的爵士鼓手安德鲁·奈曼就读于全国顶尖的音乐学院，师从令人畏惧的爵士乐导师特伦斯·弗莱彻，在成为顶尖爵士鼓手的道路上奋力挣扎。
露西·希姆斯和和平王子,2020,2020-10-19,剧情 家庭,87,84,英语,Rob Diamond,,Scarlett Diamond Vincent Vargas Adam Hightower Shawn Stevens Florencia Contreras Stevens Tara Barrett Aaron J. Owen April Dean West Rachel Olvera,,假日季节，一位天使帮助一个冷酷的罪犯和一个早熟的小女孩相遇，并改变了他们的内心，从而给予他们第二次机会。
盗梦空间,2010,2010-09-01,动作 科幻 冒险,148,84,英语,克里斯托弗·诺兰,,莱昂纳多·迪卡普里奥 约瑟夫·高登-莱维特 渡边谦 汤姆·哈迪 艾利奥特·佩吉 迪利普·劳 基利安·墨菲 汤姆·贝伦杰 玛丽昂·歌迪亚,你的梦境 就是 犯罪现场,道姆·柯布与同事阿瑟和纳什在一次针对日本能源大亨齐藤（渡边谦 饰）的盗梦行动中失败，反被齐藤利用。齐藤威逼利诱因遭通缉而流亡海外的柯布帮他拆分他竞争对手的公司，采取极端措施在其唯一继承人罗伯特·费希尔的深层潜意识中种下放弃家族公司、自立门户的想法。为了重返美国，柯布偷偷求助于岳父迈尔斯，吸收了年轻的梦境设计师艾里阿德妮、梦境演员艾姆斯和药剂师约瑟夫加入行动。在一层层递进的梦境中，柯布不仅要对付费希尔潜意识的本能反抗，还必须直面已逝妻子梅尔的处处破坏，实际情况远比预想危险得多……
防弹少年团：燃烧舞台电影版,2018,2018-11-15,音乐 纪录,85,84,朝鲜语,Park Jun-soo,,RM Jin SUGA j-hope Jimin 金泰亨 田柾国,"From the deserts to the seas, we were always together.","防弹少年团的故事将被拍成电影,11月CGV上映!据体育东亚独家报道,讲述防弹少年团成长故事的纪录片形式电影"
加百列的地狱：第二部,2020,2020-07-31,爱情 剧情,106,84,英语,Tosca Musk,Sylvain Reynard,Melanie Zanetti 吉欧里奥·贝鲁蒂 James Andrew Fraser Margaux Brooke Agnes Albright Purva Bedi Sahar Bibiyan Cedric Cannon Ned Van Zandt,,加布里埃尔·爱默生教授终于发现了朱莉娅·米切尔身份的真相，但他的意识到为时已晚。茱莉亚最终希望这位受人尊敬的但丁专家会记住她，并且不想再与他有任何关系。加布里埃尔能在别人的怀抱中找到爱之前赢回她的心吗？
加百列的地狱：第三部,2020,2020-11-19,爱情 剧情,122,84,英语,Tosca Musk,Sylvain Reynard,Melanie Zanetti 吉欧里奥·贝鲁蒂 Rhett Wellington Ramirez James Andrew Fraser Margaux Brooke Pat Asanti Julia Barrett-Mitchell 库尔特·麦金尼,,一个黑暗的人带着恶意从茱莉亚的过去回来了。加布里埃尔有他需要分享的秘密，但担心如果他这样做，他会失去一切。他们的关系会经受住秘密揭露的考验吗？他们对但丁和弗洛伦斯的共同热爱会是他们所希望的一切吗？
天国与地狱,1963,1963-03-01,剧情 犯罪 惊悚,142,84,日语,黑泽明,埃文·亨特,三船敏郎 仲代达矢 香川京子 三桥达也 木村功 石山健二郎 加藤武 志村乔 田崎润,剧情紧张激烈，几乎令人难以置信！,在黑泽明这部极具影响力的家庭伦理剧与刑侦叙事杰作中，三船敏郎饰演的富商权藤金吾令人过目难忘——其家人沦为冷血绑匪的勒索目标。改编自艾德·麦可班恩侦探小说《国王的赎金》的本片，游刃有余地从分秒必争的惊悚剧过渡为精准的社会剖析，铸就了一部关于阶级矛盾与当代日本社会的犀利影像论著。[标准收藏公司]
沉默的羔羊,1991,2018-04-16,犯罪 惊悚 剧情,119,83,英语,乔纳森·戴米,托马斯·哈里斯,朱迪·福斯特 安东尼·霍普金斯 斯科特·格伦 泰德·拉文 安东尼·希尔德 布鲁克·史密斯 黛安·贝克 卡斯·莱蒙斯 弗兰基·费森,要进入杀手的头脑，她必须挑战疯子的头脑。,"在这部改编自托马斯·哈里斯畅销小说的惊世之作中，技艺超凡的导演乔纳森·戴米以令人毛骨悚然的笔触，勾勒出缠绕美国社会的梦魇——连环谋杀。朱迪·福斯特颠覆性地诠释了联邦调查局见习探员克拉丽丝·史达琳的形象，为洞悉另一名连环杀手的心智，她不得不求助于恶名昭彰的""食人魔""汉尼拔·莱克特，此番表演亦成为其演艺生涯中最令人难忘的篇章。与她交锋的安东尼·霍普金斯，则塑造出堪称典范的暗黑英雄形象——优雅博学、机锋凌厉却暗藏杀戮本能，令人战栗地呈现了人性彻底堕落的剖面。这部兼具扣人心弦的刑侦叙事与扭曲心理深度探索的杰作，当年横扫奥斯卡最佳影片、导演、改编剧本、男女主角五项大奖，至今仍是影史文化里程碑。[标准收藏公司]"
后窗,1954,2019-04-13,惊悚 悬疑,112,83,英语,阿尔弗雷德·希区柯克,约翰·迈克尔·海耶斯,詹姆斯·斯图尔特 格蕾丝·凯利 温德尔·科里 塞尔玛·里特 雷蒙德·伯尔 朱迪思·伊芙琳 罗斯·巴格达萨里安 乔治娜·达西 萨拉·伯纳,只需一个目击者，就能破坏这桩完美的犯罪。,一位足不出户的摄影师透过公寓窗户窥见邻居们的隐秘生活，当他断定其中一人犯下谋杀罪行时，一场扣人心弦的观察与博弈就此展开。詹姆斯·斯图尔特与格蕾丝·凯利联袂出演这场由阿尔弗雷德·希区柯克执导的、在有限空间内层层铺陈悬念的影史经典。
带来灵魂：防弹少年团演唱会电影,2019,2019-08-07,音乐 纪录,103,83,朝鲜语,Park Jun-soo,,RM Jin SUGA j-hope Jimin 金泰亨 田柾国,"Forever, we are young.",据媒体报道防弹少年团 第三部演唱会电影《Bring the Soul：The Movie》确定将于8月7日全球同步上映并公开了海报。据悉，该电影记录了防弹少年团从首尔开始经过众多的城市，结束漫长的欧洲巡演后在围坐在巴黎一个小小的屋顶举行属于他们自己的庆祝宴的模样。另外，《Bring the Soul：The Movie》将展现防弹少年团7名成员各样的魅力，他们率真坦诚的面貌将带给观众心动和感动，该片将于8月7日上映。
蜘蛛侠：纵横宇宙,2023,2023-06-02,动画 动作 冒险 科幻,140,83,英语,乔伊姆·多斯·桑托斯,贾斯汀·K·汤普森,沙梅克·摩尔 海莉·斯坦菲尔德 布莱恩·泰里·亨利 劳伦·贝莱斯 杰克·约翰逊 奥斯卡·伊萨克 杰森·薛兹曼 伊萨·雷 丹尼尔·卡卢亚,每个人都说这是蜘蛛侠注定的命运，但我要找到属于自己的路。,荣获奥斯卡奖的蜘蛛侠平行宇宙传奇迎来全新篇章。在这段史诗级冒险中，布鲁克林的全职邻家英雄蜘蛛侠迈尔斯·莫拉莱斯将穿越多元宇宙，与格温·史黛西及全新蜘蛛侠团队集结成军，直面前所未见的强大反派。[索尼影业]
美国X档案,1998,1998-10-30,剧情,119,83,英语,托尼·凯耶,大卫·麦肯纳,爱德华·诺顿 爱德华·弗朗 贝弗利·德安杰洛 詹妮弗·林 伊桑·苏普利 费尔鲁扎·鲍克 艾弗里·布鲁克斯 埃利奥特·古尔德 斯泰西·基齐,Some legacies must end.,德瑞克 的父亲在他很小的时候就被一名黑人毒贩射杀，从此给他幼小的心灵埋下了仇恨的种子。原来德瑞克功课很好，是老师眼中的好学生。但自从父亲遇难后，他就将一切心机都放在了对付有色人种上面。他积极组织起一帮白人青年混混，到处和有色人种对着干。一次，他射杀了两名黑人，因此入狱。入狱后，德瑞克加入了一伙新纳粹的白人。后来，因工作关系他和一名黑人成了好友，他开始反思自己的过去。当他意欲脱离狱中新纳粹组织时，遭到了拳打脚踢。德瑞克出狱后，决心和以前自己组织的帮会脱离关系，带着弟弟远走他乡开始新的生活。
回到未来,1985,1985-07-03,冒险 喜剧 科幻,116,83,英语,罗伯特·泽米吉斯,鲍勃·盖尔,迈克尔·J·福克斯 克里斯托弗·劳埃德 克里斯平·格洛弗 莉·汤普森 克劳迪娅·韦尔斯 托马斯·F·威尔森 马克·麦克卢尔 温迪·乔·斯佩博 乔治·迪森佐,他是唯一一个到出生前惹麻烦的孩子。,马蒂·麦克弗莱，一位典型的八十年代美国青少年，意外被一台由钚动力驱动的德罗宁“时间机器”送回到1955年——这台机器由一位略带疯狂的科学家发明。在这段时常癫狂、总是惊人的穿越之旅中，马蒂必须确保他那正值青春期的未来父母相遇并坠入爱河，他才能顺利返回未来。[官方简介]
幽灵公主,1997,2025-05-01,冒险 奇幻 动画,134,83,日语,宫崎骏,,松田洋治 石田百合子 田中裕子 小林薰 西村雅彦 上条恒彦 美轮明宏 森光子 森繁久弥,世界的命运系于一位勇士的勇气之上。,室町时代时期的虾夷族少年阿席达卡，某日遇到被称为“邪魔神”攻击他所居住村落的怪物。在阿席达卡为了保护村落与邪魔神对战时，过程当中遭受邪魔神的攻击而留下创伤与诅咒。击败了邪魔神之后，阿席达卡发现对方是由一头愤怒的山猪神所变化而成，并在祂的体内发现一颗铁弹。之后村里的女巫便劝他以铁弹为线索，来离开村落前往西方，查找邪魔神产生的来源和解除诅咒方法。  于阿席达卡的旅途中，他拯救了两名来自于炼铁据地“达达拉城”的住民。在协助对方返回到达达拉城之后，阿席达卡得知邪魔神身上的铁弹，便是遭到由达达拉城所打造的火枪所伤，其中达达拉城的统治者黑帽大人因为炼铁缘故从森林中砍伐许多木头资源，便与森林中的神祇交恶发生冲突。起初阿席达卡对于黑帽大人夺取资源、伤害森林神祇的行为感到愤怒，但之后目睹到众多穷人以及被社会隔离的痳疯患者在达达拉城有着生存机会而动摇。  后续他知晓森林里住着一位由犬神所养大，憎恨黑帽大人一心想取下对方性命，有着“幽灵公主”名号的人类少女小桑。在阿席达卡来到达达拉城的当日夜晚里，小桑突然现身于达达拉城内想找寻机会突击黑帽大人。当她们俩人展开打斗时，阿席达卡试图想调停双方之间的斗争，但在阻止的过程中阿席达卡意外遭旁人用石火枪给误射打伤。而小桑之后则将阿席达卡带回自己居住的森林里疗养。  在伤口撤销后，阿席达卡得知小桑打算与其祂山猪神同盟向人类一决死战，并发现到黑帽大人要与朝廷一方势力联手，来夺取名为“山兽神”的森林神祇之首级，以获得对方长生不死能力的事情。之后阿席达卡便试着想在混乱的局势中，找寻可解决冲突的方式。
激进教学,2023,2023-10-19,剧情,122,83,西班牙语,Christopher Zalla,,欧亨尼奥·德伯兹 Daniel Haddad Jennifer Trejo Mia Fernanda Solis Danilo Guardiola Escobar Gilberto Barraza Víctor Estrada Manuel Márquez Christian Gonzalez,Think for yourself.,在一个充满忽视、腐败和暴力的墨西哥边境小镇，一名老师决定尝试一种激进的新方法来释放学生的潜力与好奇心，甚至发掘出他们的天才之处。
电锯人剧场版：蕾塞篇,2025,2025-09-19,动画 动作 爱情 奇幻,100,83,日语,吉原达矢,濑古浩司,户谷菊之介 上田丽奈 楠木灯 坂田将吾 内田真礼 花江夏树 高桥花林 菲鲁兹·蓝 内田夕夜,活出你的人生本色……并让它精彩纷呈。,故事延续TV动画的最终章，讲述男主角电次在偶然邂逅的神秘少女蕾塞的庇护下，在快节奏的战斗中，奔向难以预测的命运。  电次，一个少年，与“电锯恶魔”签订契约，化身“电锯人”，成为隶属于公安部魔物对策特别课四课的魔物猎人，与魔物战斗。正兴奋地等待着与心仪的女性、公安部上司玛奇玛约会，却遭遇突如其来的暴雨，不得不在雨中避雨。在避雨的过程中，他邂逅了名为蕾塞的少女。在附近咖啡馆工作的蕾塞对电次露出了和善的笑容，两人迅速成为了好朋友。这次邂逅标志着电次的日常生活发生了重大改变。
别假正经,1984,2024-06-16,纪录 音乐,88,83,英语,乔纳森·戴米,,大卫·伯恩 Chris Frantz Jerry Harrison Tina Weymouth Ednah Holt Lynn Mabry Steven Scales Alex Weir Bernie Worrell,Why stop making sense? Why a movie? Why a big suit? Where do the odd movements come from? What will the band do next?,一部关于摇滚乐队传声头的演唱会纪实电影。
五等分的新娘 剧场版,2022,2022-05-20,动画 喜剧 爱情,136,83,日语,神保昌登,大知庆一郎,松冈祯丞 花泽香菜 竹达彩奈 伊藤美来 佐仓绫音 水濑祈 高森奈津美 日野聪,,为了让「濒临留级」又「讨厌学习」的美少女五姐妹通过学校考试毕业，主角风太郎以兼职家庭教师的身份来到中野家指导她们的课业，也因此渐渐与五胞胎们培养出感情。怀抱着各种想法的各人也迎来高中生活最后的活动「学园祭」。「学园祭第一天15时请到教室来。」聚集在教室里的五胞胎们，风太郎想告诉她们的是……
生之欲,1952,1952-10-09,剧情,143,83,日语,黑泽明,桥本忍,志村乔 田中春男 金子信雄 左卜全 小田切美喜 日守新一 千秋实 山田巳之助 藤原釜足,一个关于小人物的大故事，它将紧紧抓住你的灵魂……,黑泽明导演生涯的至高成就之一，本片以极致的悲悯凝视死亡，完成对生命的礼赞。志村乔动人诠释胃癌晚期的老公务员渡边勘治，在生命终点踏上追寻意义的旅程。影片以突破性的双段式结构展开，镜头语言浸润着洞察人性本真的人文主义光辉，从多重维度叩问生存的真谛。
荒野机器人,2024,2024-09-20,家庭 动画 科幻 冒险,102,83,英语,克里斯·桑德斯,彼得·布朗,露皮塔·尼永奥 佩德罗·帕斯卡 基特·康纳 比尔·奈伊 许玮伦 马修·贝瑞 文·瑞姆斯 马克·哈米尔 凯瑟琳·欧哈拉,发现你的本性,梦工厂动画全新改编文学畅销作品——彼得·布朗荣获大奖、备受喜爱的《纽约时报》榜首畅销书《荒野机器人》。这段史诗冒险讲述机器人“ROZZUM单元7134”（简称“罗兹”）的旅程：她因船只失事流落荒岛，必须学会适应严酷环境，逐渐与岛上动物建立联系，并成为一只孤儿小鹅的养母。[梦工厂影业]
同级生,2016,2016-02-20,爱情 动画,61,83,日语,中村章子,中村明日美子,野岛健儿 神谷浩史 石川英郎 Yurino,"Sincerely, Slowly, Falling in Love.",夏天时节，东府第一高校要举行合唱祭。在课后合唱训练中，高中二年级A班草壁光（神谷浩史 配音）发现同班的尖子生佐条利人（野岛健儿 配音）并没有开口唱歌。草壁原以为这样的优等生不屑于合唱活动，却在当天放学后发现佐条独自留在教室练习。鬼使神差地，擅长音律的草壁主动提出要帮助佐条练习唱歌。经过多日的相处，草壁渐渐被认真的佐条吸引，却一直苦恼于对方是为了他人才如此努力学习唱歌。到了合唱祭这一天，草壁忽然控制不住情绪，在正式演出中途跑了出去，佐条见状紧张地追上。在空荡荡的校园里，二人终于向对方确定了心意。夏天要结束了，而他们青春的诗篇才刚刚开始。
紫罗兰永恒花园 剧场版,2020,2021-12-25,动画 剧情 奇幻 爱情,140,83,日语,石立太一,晓佳奈,石川由依 浪川大辅 子安武人 木内秀信 户松遥 内山昂辉 远藤绫 茅原实里 水桥香织,致我最心爱的人，这是我最后的书信。,——「爱」究竟是什么？  曾经将「爱」告诉自己、 给予自己的，重要的人。  即使想见，却再也见不到。 永远。 放开了手的、最最重要的那个人。  从事代笔业的她，名字是「薇尔莉特·伊芙加登」。自幼身为士兵参战，没能获得培育心灵机会的她，无法理解自己重要的上司「吉尔伯特·布干维利亚」所留下的话语。——我从心底，爱着你。  让人们背负深深伤痕的战争结束之后，经过数年。生活随着新技术的开发而改变，人们开始面向前方前进。但，薇尔莉特坚信着吉尔伯特还在某处活着，每一天只是思念着他。——亲爱的吉尔伯特少校。今天我又再一次回忆起了少校的事情。薇尔莉特强烈的愿望，溶解在静谧的夜当中。  在吉尔伯特母亲的月忌日，薇尔莉特像是要代替他一般地献上鲜花。某天，她与吉尔伯特的哥哥·迪特福利特海军上校不期而遇。迪特福利特告诉她是时候该忘记吉尔伯特了，但薇尔莉特立刻做出了答复。「我无法忘记」。  就在此时，薇尔莉特接到了一通委托电话。委托人是名叫尤里斯的少年。另一方面，在邮政公司的仓库里，发现了一封收信人不明的信……。
未麻的部屋,1998,2024-04-18,动画 惊悚,82,83,日语,今敏,竹内义和,岩男润子 松本梨香 新山志保 大仓正章 辻亲八 古川惠实子 秋元羊介 盐屋翼 堀秀行,不好意思……请问你是？,当红三人少女偶像团体Charming Bird面临解散，核心成员雾越未麻在事务所的安排下不得不退出团体，转型成为一名电视剧演员。万事开头难，对于偶像歌手转型而来的未麻尤其如此，她在工作中承受着压力，闷闷不乐。与此同时，各种恐吓信不断、经纪人田所先生遇袭以及以自己的口吻在网站上写日记的神秘人都让未麻焦虑不已，恍惚间她甚至看到另一个自己。未麻的苦恼无人知晓，贪婪的田所甚至同意剧组的剧本，要求未麻出演一场尺度极大的强暴戏。这次演出成为未麻演艺事业的转折点，她的出镜率开始攀升，甚至还拍摄了裸露的写真。与此相对，电视剧编剧涩谷和曾给未麻拍下裸照摄影师村野接连遇害。未麻的生活变得混乱不堪，真相究竟如何？本片荣获1997年亚洲奇幻电影节最佳亚洲影片。
罗小黑战记,2019,2019-08-27,动画 奇幻 动作,102,83,汉语,MTJJ,彭可欣,王宥霁 刘明月 郝祥海 叮当 曹云图 冯盛 陈思宇,有你的地方 就是家,在熙攘的人类世界里，很多妖精隐匿其中，他们与人类相安无事地生活着。猫妖罗小黑因为家园被破坏，开始了它的流浪之旅。这场旅途中惺惺相惜的妖精同类与和谐包容的人类伙伴相继出现，让小黑陷入了两难抉择，究竟何处才是真正的归属？
死亡诗社,1989,1989-06-02,剧情,128,83,英语,彼得·威尔,托马斯·舒尔曼,罗宾·威廉姆斯 罗伯特·肖恩·莱纳德 伊桑·霍克 乔西·查尔斯 盖尔·汉森 迪伦·库斯曼 阿莱隆·鲁杰罗 詹姆斯·沃特斯顿 诺曼·劳埃德,He was their inspiration. He made their lives extraordinary.,威尔顿预备学院以其沉稳凝重的教学风格和较高的升学率闻名，作为其毕业班的学生，理想就是升入名校。新学期文学老师约翰·基汀（罗宾·威廉姆斯 饰）的到来如同一阵春风，一反传统名校的严肃刻板...
音魂掠影,2022,2022-02-17,纪录 音乐 历史,156,83,意大利语,朱塞佩·托纳多雷,,埃尼奥·莫里康内 西尔瓦诺·阿戈斯蒂 亚历山德罗·亚历山德罗尼 Fausto Ancillai 达里欧·阿基多 琼·贝兹 Sergio Bassetti Bruno Battisti D'Amario 马可·贝罗奇奥,,由著名导演#朱塞佩·托纳多雷#编剧并执导，吉亚尼·罗素、王家卫等人任监制，聚焦意大利音乐大师埃尼奥·莫里康内的传记电影#50年一瞬间的魔幻时刻#正在进行后期制作，计划2020年公映。
这个杀手不太冷,1994,2024-11-01,犯罪 剧情 动作,133,83,法语,吕克·贝松,,让·雷诺 娜塔莉·波特曼 加里·奥德曼 丹尼尔·艾洛 彼得·阿佩尔 迈克尔·巴达卢科 艾伦·格林 伊丽莎白·雷恩 卡尔·马图索维奇,想把事情办的漂亮，就得请专业的,里昂是名孤独的职业杀手，受人雇佣。一天，邻居家小姑娘马蒂尔达敲开他的房门，要求在他那里暂避杀身之祸。原来邻居家的主人是警方缉毒组的眼线，只因贪污了一小包毒品而遭恶警杀害全家的惩罚。马蒂尔达得到里昂的留救，幸免于难，并留在里昂那里。里昂教小女孩使枪，她教里昂法文，两人关系日趋亲密，相处融洽。女孩想着去报仇，反倒被抓，里昂及时赶到，将女孩救回。混杂着哀怨情仇的正邪之战渐次升级，更大的冲突在所难免……
我们如此相爱,1974,1974-12-21,剧情 喜剧,124,83,意大利语,Ettore Scola,艾根诺尔·因克鲁西,Nino Manfredi 维托里奥·加斯曼 斯特法尼娅·桑德雷莉 Stefano Satta Flores Giovanna Ralli Aldo Fabrizi Marcella Michelangeli Elena Fabrizi Fiammetta Baralla,A many splendored thing.,安东尼奥（尼诺·曼弗莱迪 Nino Manfredi 饰）、贾尼（维托里奥·加斯曼 Vittorio Gassman 饰）和尼古拉（Stefano Satta Flores 饰）是战争时代的生死之交。战争结束后，他们回归了家乡，开始了各自迥异的生活。安东尼奥结识了美丽女孩露西安娜（斯蒂芬尼娅·桑德雷莉 Stefania Sandrelli 饰），坠入了情网，可露西安娜喜欢的却偏偏是贾尼。可最终，贾尼选择同侯爵女儿结婚，露西安娜陷入了痛苦之中，此时，安东尼奥再度出现在了露西安娜的身边，陪伴守护着她。露西安娜一直希望能够成为一名演员，为了实现理想，她甚至不惜向负责挑选演员的负责人献出了肉体。几经波折，安东尼奥和露西安娜总算坦诚相对，互诉衷肠，一对璧人终于走到了一起。
献给我的前妻,2019,2019-11-08,剧情 喜剧,94,83,西班牙语,Jorge Ulloa,Diego Ulloa,Raúl Santana Nataly Valencia Carlos Alcántara Biassini Segura 玛丽安娜·特雷维尼 欧亨尼奥·德伯兹 Orlando Herrera Alfredo Espinosa Gabriel Montiel,,这部电影讲述了21岁的阿里尔的故事：为筹钱挽回濒临破裂的恋情、与前女友重逢，他决定组建一支摇滚乐队，参加奖金高达一万美元的乐队大赛，这已是他最后的办法——此前，女友因要前往芬兰实习，两人的感情走到了尽头。阿里尔和好友奥尔特加一起举办海选招募乐队其他成员，尽管两人对音乐一窍不通，最终还是组建起一支成员性格迥异、喜好截然不同的乐队。
大独裁者,1940,2021-09-19,喜剧 战争,125,83,英语,查理·卓别林,,查理·卓别林 波莱特·戈达德 杰克·奥基 雷金纳德·加德纳 亨利·丹尼尔 比利·吉尔伯特 格蕾丝·海尔 卡特·德黑文 莫里斯·莫斯科维奇,再次——全世界都在嘲笑！,在其备受争议的杰作中，查理·卓别林既尖刻地讽刺了阿道夫·希特勒，又巧妙地颠覆了自身的喜剧形象。在其首部纯有声片中，卓别林以精湛的肢体表现力分饰两角：残酷而滑稽的“托曼尼亚”独裁者，以及被错认成他的善良犹太理发师。凭借杰克·奥克与宝莲·高黛的精彩配角演绎，这部在美国正式加入二战前便大胆直指法西斯领导人的作品，将政治讽喻与肢体喜剧熔铸成登峰造极的艺术表达，最终在卓别林那段传世的激扬演说中达到高潮。
从前有个工作室,2023,2023-11-24,动画 家庭 奇幻 剧情 喜剧,9,83,英语,Trent Correy,Dan Abraham,克里斯·迪曼托波罗斯 凯特琳·罗布罗克 Tony Anselmo Bill Farmer 吉姆·卡明斯 奥丽伊·卡瓦洛 克里斯汀·贝尔 阿尼卡·诺丽·罗斯 雷蒙德·S·佩尔西,100 years of Disney magic comes together.,短片为迪士尼成立满100周年的纪念作品，导演崔伦特·柯瑞和丹·亚伯拉罕花了大约八个月时间构思，他们称该短片是写给华特迪士尼动画工作室的“情书”，也是“对过去一百年来与电影产生联系的观众表达感谢”。该短片登场的角色多达400多个，其中包括《石中剑》的梅林、《公主与青蛙》的蒂安娜、《冰雪奇缘系列》的艾莎、《星际宝贝系列》的史迪奇以及《四眼天鸡》的鸡丁，并由40多名配音员声演。
生活多美好,1946,1946-12-20,剧情 家庭 奇幻,131,83,英语,弗兰克·卡普拉,弗朗西丝·古德里奇,詹姆斯·斯图尔特 唐娜·里德 莱昂内尔·巴里摩尔 托马斯·米切尔 亨利·特拉弗斯 比尤拉·邦蒂 弗兰克·费伦 埃德温·邦德 格洛丽亚·格雷厄姆,这笑声多么美妙！这爱意多么动人！,一位天使被派往人间，帮助一位万念俱灰的商人，向他展现假如他从未存在过，生活将会是怎样的光景。
摩登时代,1936,1936-09-17,喜剧 剧情 爱情,87,83,英语,查理·卓别林,,查理·卓别林 波莱特·戈达德 亨利·伯格曼 蒂尼·桑福德 切斯特·康克林 汉克·曼恩 斯坦利·布莱斯通 阿尔·欧内斯特·加西亚 理查德·亚历山大,他是现代最伟大的艺人，举世无双！世上无人能像他那样，让你开怀大笑，又深深触动你的心弦……全世界都为他无价的才华而欢笑、流泪、激动不已！,二十年代的美国处于经济萧条时期，失业率居高不下，工人受尽压榨，成为了大机器生产中的一颗螺丝钉。查理就是一个底层市民，他在一个机器隆隆的厂房里日以继夜地工作，以赚取微薄的收入。重复繁重的工作压得他喘不过气，他把人们的鼻子当成螺丝钉来拧，卷入流水线机器的皮带里，令人苦笑不得。
日落大道,1950,1950-08-10,剧情,110,83,英语,比利·怀尔德,查尔斯·威廉·布莱克特,威廉·霍尔顿 格洛丽亚·斯旺森 埃里克·冯·施特罗海姆 南希·奥尔森 弗雷德·克拉克 劳埃德·高夫 杰克·韦伯 富兰克林·法纳姆 拉里·J·布莱克,一个好莱坞故事。,好莱坞的声名终会消散——只需问问诺玛·戴斯蒙德。她曾是影坛传奇，如今已成被人遗忘的旧时代残影。当穷困潦倒的编剧乔·吉利斯误入她那衰败的宅邸，便陷入了她偏执与妄想的罗网。起初看似机遇的邂逅，很快演变为一场危机四伏的困局。这部作品被广泛认为是好莱坞黄金时代最伟大的影片之一，它以阴郁、扭曲又萦绕人心的视角，凝视着好莱坞的轮回——那里青春是流通货币，才华转瞬即逝，而聚光灯终会黯淡。[派拉蒙影业]
西部往事,1968,2018-04-16,剧情 西部,166,83,意大利语,赛尔乔·莱昂内,塞尔吉奥·多纳蒂,克劳迪娅·卡汀娜 亨利·方达 杰森·罗巴兹 查尔斯·布朗森 加布里埃尔·费泽蒂 Paolo Stoppa 伍迪·斯特罗德 杰克·伊莱姆 基南·怀恩,她生命中有三个男人。一个带走了她，一个深爱着她，还有一个——最终杀死了她。,塞尔吉奥·莱昂内的这部不朽史诗，其恢弘堪比取景地纪念碑谷，其气度媲美星光熠熠的杰出演员阵容，其粗粝不羁正如每个孩子想象中的狂野西部。影片围绕一名神秘的口琴客、一位寻找杀父仇人的寡妇、一个亡命之徒以及一名铁路大亨之间错综复杂的关系展开，以恩尼奥·莫里康内传奇般的配乐为灵魂，塑造了影史中最令人难忘的西部片开场与结局。这是一首对正在消逝的旧西部的挽歌，也是一部永远重塑了该类型的杰作。
触不可及,2011,2011-11-02,剧情 喜剧,112,83,法语,埃里克·托莱达诺,奥利维埃·纳卡什,弗朗索瓦·克鲁塞 奥玛·希 安娜·勒尼 奥黛丽·弗洛罗 Joséphine de Meaux 克洛蒂尔德·莫莱特 阿尔巴·盖亚·贝鲁吉 西里尔·门迪 Salimata Kamate,Sometimes you have to reach into someone else's world to find out what's missing in your own.,因为一次跳伞事故，白人富翁菲利普Philippe（弗朗索瓦·克鲁塞 François Cluzet 饰）瘫痪在床，欲招聘一名全职陪护。由于薪酬高，应聘者云集，个个舌灿莲花，却无法打动他的心。直到黑人德希斯Driss（奥玛·赛 Omar Sy 饰）的出现才让他作出决定。德希斯刚从监狱出来，背负家庭重担，一心只想寻张辞退信以申领救济金，而且他明显对女助理的兴趣要远大于这份工作。但是菲利普还是一眼相中了这个小伙子。于是，德希斯开始了一个月的试用期。虽然舒适的豪宅环境让他倍感虚荣，但是他仍面临很多挑战：不仅要为菲利普作身体复健，还得给他洗浴、灌肠、拆信、穿丝袜等。起初，两人的思维方式与价值观大相径庭，但是，随着了解的不断深入，他们成为了朋友。本片取材于真实事件，获2011年东京电影节最佳影片金麒麟奖，弗朗索瓦·克鲁塞与奥玛·赛分享影帝桂冠。
现代启示录,1979,1979-05-19,剧情 战争,202,83,英语,弗朗西斯·科波拉,约翰·米利厄斯,马丁·辛 马龙·白兰度 弗雷德里克·福雷斯特 阿尔伯特·海尔 劳伦斯·菲什伯恩 山姆·伯顿斯 罗伯特·杜瓦尔 格瓦斯·杜安·斯普拉德林 哈里森·福特,这就是终点...,越战期间，威拉德上尉受命执行一项危险任务，深入柬埔寨刺杀一位脱离建制的叛变上校——此人已在当地部落自封神明。
新世纪福音战士剧场版：Air / 真心为你,1997,1997-07-19,动画 科幻 剧情 奇幻,87,83,日语,庵野秀明,鹤卷和哉,绪方惠美 林原惠美 三石琴乃 宫村优子 立木文彦 长泽美树 子安武人 优希比吕 山口由里子,毁灭的命运亦是重生的喜悦。,《新世纪福音战士》系列第二部剧场版，于 1997 年 7 月 19 日在日本上映。全名：《新世纪福音战士剧场版：THE END OF EVANGELION》（日语：新世紀エヴァンゲリオン 劇場版 THE END OF EVANGELION - Air/まごころを、君に，英语：NEON GENESIS EVANGELION: THE END OF EVANGELION - AIR/SINCERELY YOURS）。剧情承接 TV 动画版第 24 集，包括了重新制作的第 25 、第 26 话。在这部剧场版中第 25 话的名字是 “AIR”（天空），而副标题是 “LOEV IS DESTRUCTIVE”（爱是一种伤害）；第 26 话的名字是 “YOUR SINCERELY”（真心为你），副标题是“ONE MORE FINAL: I NEED YOU”（再说最后一遍：我需要你）。剧场版的每一话都和电视版一样有一个 “EYE - CATCH” 镜头（即每集中间那个黑底白字的英文标题）。这部剧场版标志着整个旧世纪《新世纪福音战士》的终结。影片分成 “Air” 与 “真心为你” 两个部分。神秘的 EVA 零号机驾驶员绫波丽，在与碇元渡约定之时，来到了 NERV 底层中央教条的红色水池边。她的命运似乎就将在此结束。在危急时刻，葛城美里不但要完成加持良治交待的对“第二次浩劫”真相以及“人类补完计划”的探查工作，还要保护碇真嗣与明日香，以及防备 SEELE 对初号机与二号机的物理接触。出于对碇元渡的憎恨，赤木律子接受了 SEELE 引爆 MAGI 的提案，她能否成功 ？长期与 SEELE 共事的碇元度、冬月耕造、碇唯，为了防止人类“最终的悲剧”，而酝酿了的“人类补完计划”能否实现 ？尽在《新世纪福音战士》电影版第 2 部中解答。
牯岭街少年杀人事件,1991,1991-07-27,犯罪 剧情 爱情,237,83,汉语,杨德昌,鸿鸿,张震 杨静怡 张国柱 金燕玲 王琄 张翰 姜秀琼 赖梵耘 谭至刚,,这部由杨德昌执导的台湾电影杰作，被誉为当代影坛最受推崇与渴求的作品之一。影片以六十年代初的台湾为背景，改编自一起震动全岛的真实案件。这部兼具宏大格局与私密情感的巨作，以小说般的笔触与沉静的凝视，聚焦一位少年（张震的银幕首秀）从纯真逐渐无可挽回地滑向犯罪深渊的过程，并交织着躁动青春、摇滚乐与政治动荡的压抑时代底色。
青春猪头少年不会梦到怀梦美少女,2019,2019-06-15,动画 爱情 剧情 奇幻,90,83,日语,增井壮一,鸭志田一,石川界人 濑户麻沙美 水濑祈 东山奈央 种崎敦美 内田真礼 久保由利香 内田雄马 佐藤聪美,时间与记忆、我都一起带到未来,居住在天空与海洋辉映的城镇“藤泽”的梓川咲太，就读高中二年级。
GIVEN 被赠与的未来 剧场版,2020,2020-08-22,动画 剧情 音乐 爱情,59,83,日语,山口光,绫奈由仁子,江口拓也 中泽匡智 矢野奖吾 内田雄马 浅沼晋太郎,想要在你身边继续歌唱,高中生上山立夏热爱演奏吉他，与春树和秋彦合组一个小乐队。某个午休，他意外帮佐藤真冬修好吉他弦后，被真冬拜托教吉他，而后又在听到真冬的歌声后邀请他加入乐队。立夏在相处的过程中渐渐喜欢上真冬，真冬有一个彼此互相喜欢并支持的青梅竹马，但那个人却自杀了，因那个人喜欢吉他，真冬才一直很想学。那个人没有做到的事，没有坚持的陪伴，立夏都帮他实现了，真冬也开始慢慢喜欢上立夏。另外一对CP春树和秋彦，春树一直默默喜欢着秋彦，为他留着长发，但秋彦却与极具音乐才华的小提琴家雨月同居在一起。动画影集以高中生的真冬与立夏两人间悲伤恬淡的爱情为主轴，首部剧场版则为大人组三人的春树、秋彦、雨月，炽热的三角恋拉开序幕。
从天而降,2019,2019-12-24,喜剧 剧情 音乐,112,83,西班牙语,Pepe Bojórquez,Alfredo Felix-Diaz,奥马尔·查帕罗 安娜·克劳迪娅·塔兰孔 Stephanie Cayo Lupita Sandoval Yare Santana 安赫丽卡·玛丽娅 Manuel 'Flaco' Ibáñez Alejandro Gasque Juan Alberto Villareal,,墨西哥传奇人物佩德罗·因凡特（Pedro Infante）在地球上又获得了一次机会，可以为自己与女性的交往赎罪，并在一个模仿者的身体里赢得天堂.
乔西的虎与鱼,2020,2021-06-11,动画 剧情 爱情,98,83,日语,田村耕太郎,桑村沙耶香,中川大志 清原果耶 宫本侑芽 兴津和幸 琳恩 松寺千惠美 尾花宽治 盛山晋太郎 内田夕夜,Together they can fly.,专攻海洋生物学的恒夫，为了实现自己能够亲眼看一下只生活在墨西哥的梦幻鱼群的梦想，日夜不停地在进行着兼职打工。一天恒夫偶然遇见一个女孩坐在轮椅上，失控从斜坡上冲下来。得到了大学生恒夫救了这个女孩。这个女孩叫乔西，自幼便一直坐在轮椅上，她的祖母千津一直照顾乔西，和她相依为命。祖母千津向恒夫介绍了一份兼职工作。这份工作的内容就是听从乔西的要求，并想办法满足她。乔西活在自我世界里，可以遨游在自己感兴趣的绘画和书籍的海洋中。然而，她不善与他人交流且十分固执。乔希对恒夫非常刻薄，而恒夫也没有在意乔西是个残疾人，直率地回应她……
光荣之路,1957,1957-12-20,战争 剧情,87,83,英语,斯坦利·库布里克,汉弗莱·科布,柯克·道格拉斯 拉尔夫·米克尔 阿道夫·门吉欧 乔治·麦克雷迪 韦恩·莫里斯 理查德·安德森 乔·托克尔 克里斯蒂安·库布里克 Jerry Hausner,一将功成万骨枯,斯坦利·库布里克执导，堪称影史最具震撼力的反战电影之一。柯克·道格拉斯以炽烈演技诠释第一次世界大战期间一位法国上校的形象——当他的士兵因未能完成不可能的任务而被控怯战时，他毅然与军队高层的冷酷权威展开正面对抗。这部以精湛摄影呈现的沉郁之作，精准剖解了军事机器的荒谬本质与非人性化机制（这一主题将持续贯穿库布里克的创作生涯）。从压抑的战壕对峙到扣人心弦的法庭高潮，直至摧人心魄的结局场景，全片以这位传奇导演标志性的精准掌控力层层推进，铸就了这部不朽杰作。[标准收藏公司]
城市之光,1931,1931-03-07,喜剧 剧情 爱情,87,83,英语,查理·卓别林,哈里·克罗克,查理·卓别林 弗吉尼亚·切里尔 弗洛伦斯·李 哈里·迈尔斯 阿尔·欧内斯特·加西亚 汉克·曼恩 阿尔伯特·奥斯汀 埃迪·贝克 亨利·伯格曼,真爱盲目。,这部查理·卓别林最受珍爱的作品，亦是其流浪汉形象的终极篇章。在这部无声影片中，身兼编剧、导演与主演的卓别林达到了悲喜交融的新境界：可爱的流浪汉爱上街头卖花的失明少女（弗吉尼亚·切瑞尔诠释出魔幻般的纯真），却被女孩误认为百万富翁。尽管这部大萧条时期的轰动之作诞生于有声时代来临之后，卓别林仍毅然坚守对默片艺术表现力的热爱。最终成就了他个人艺术的巅峰，亦加冕为默片喜剧的不朽丰碑。
夜与雾,1956,1956-01-29,纪录 历史,32,83,法语,阿伦·雷乃,让·凯罗尔,Michel Bouquet Reinhard Heydrich Heinrich Himmler 阿道夫·希特勒 Julius Streicher,,1956年导演阿伦•雷乃用摄影机带领观众重回奥斯维辛。当年纳粹集中营的旧址上已是一片祥和美丽的野外风光。然而时间倒回到1933年纳粹党掌权之时，整个城市被阴霾笼罩——大片修建起来的集中营房排列整齐，大量犹太人被抓进集中营开始接受非人的折磨和侮辱。这里对人种进行分级，在皮肤上纹上编号，在衣服上缝制等级的徽章。疾病，饥饿，劳役使集中营尸体遍地。1942年希莱姆到访，奉行“破坏”政策，集中营难民进入更加悲惨的境遇，被药品公司买下用作实验。1945年，集中营人数倍增后已不堪负荷，成堆的尸体被推土机推入大坑掩埋......
七号房的礼物,2019,2020-10-15,剧情,132,83,土耳其语,Mehmet Ada Öztekin,Kubilay Tat,Aras Bulut Iynemli 妮莎·索菲亚·阿克松古尔 İlker Aksum Mesut Akusta Yıldıray Şahinler Yurdaer Okur Sarp Akkaya Deniz Baysal Deniz Celiloğlu,,梅莫（阿拉斯·布鲁特·伊涅姆利 Aras Bulut Iynemli 饰）虽然生得人高马大，但却只有相当于6岁孩童一般的智慧，他带着女儿奥瓦（妮莎·索菲亚·阿克松古尔 Nisa Sofiya Aksongur 饰），同奶奶法蒂玛（塞利尔·托扬·乌伊萨尔 Celile Toyon Uysal 饰）生活在一起，日子虽然过得紧巴巴的，但一家人能够团聚就是最大的快乐。  哪知道某日祸从天降，连一只蚂蚁都不愿意踩死的梅莫，竟然背负上了莫须有的杀人罪名，被关进了七号牢房中，单纯的梅莫并不知道自己即将面临怎样悲惨的命运。在监狱里，梅莫很快就和他的狱友们成为了朋友，梅莫开朗乐观的性格感染了周围的每一个人，给他们带来了快乐和希望，为了回报梅莫，这些曾经“穷凶极恶”的罪人们决定用他们的性命为筹码，来实现梅莫一个希冀已久的愿望。
萤火之森,2011,2011-09-17,爱情 动画 奇幻,44,83,日语,大森贵弘,,泽田泉 田谷隼 佐仓绫音 内山昂辉 辻亲八 山本兼平 町田政则 内田爱美 后藤弘树,我已经等不到夏天了,某年夏天，6岁小女孩竹川萤来到爷爷家度假，她闯进了传说住满妖怪的山神森林。正当她因为迷路而焦急万分的时候，一个戴着狐狸面具的大男孩出现在她面前，并引领着萤找到回家的路。虽然萤分外感激，可是男孩却禁止她碰触自己的身体，原来这名叫银的男孩并非人类，他一旦被人类碰触就会烟消云散。在此后的日子里，萤和银成为好朋友，他们走遍了森林的每一个角落玩耍。日复一日，年复一年，每到夏天的时候萤就会如约来到森林和好朋友见面。她遵守着和银的约定，无论如何也不碰触银的身体。随着年龄的增长，萤和银对彼此的情感都悄悄发生了变化，他们共同期待相聚的日子，共同期待拥抱对方。本片根据绿川幸的原作改编。
狮子王,1994,1995-07-15,动画 家庭 剧情 冒险,89,83,英语,罗布·明科夫,罗杰·艾勒斯,马修·布罗德里克 莫伊拉·凯利 内森·莱恩 欧内斯特·萨贝拉 詹姆斯·厄尔·琼斯 杰瑞米·艾恩斯 罗伯特·吉尔劳姆 罗温·艾金森 乔纳森·泰勒·托马斯,最伟大的冒险，莫过于在生命的轮回中找到属于自己的位置。,辛巴是荣耀王国的小王子，他的父亲穆法沙是一个威严的国王。然而叔叔刀疤却对穆法沙的王位觊觎已久。要想坐上王位，刀疤必须除去小王子。于是刀疤利用种种借口让辛巴外出，然后伺机大开杀戒，无奈辛巴被穆法沙及时来救。在反复的算计下，穆法沙惨死在刀疤手下。刀疤一方面别有用心地劝辛巴离开，一方面派人将他赶尽杀绝。辛巴逃亡中遇到了机智的丁满和善良的彭彭，他们抚养辛巴长成雄壮的大狮子，鼓励他回去森林复国。在接下来一场复国救民的斗争中，辛巴真正长成一个坚强的男子汉，领会了责任的真谛。
洞,1960,1960-03-18,剧情 惊悚 犯罪,132,83,法语,雅克·贝克,何塞·乔凡尼,Michel Constantin Jean Keraudy Philippe Leroy Raymond Meunier Marc Michel Jean-Paul Coquelin André Bervil Eddy Rasimi Philippe Dumat,Poor Gaspard...,在巴黎的一间牢房里，五名囚犯用尽全部的坚韧与智慧，试图通过精心挖掘的隧道重获自由。根据若泽·乔瓦尼的小说改编，雅克·贝克的这部影片在诗意的人文关怀与紧绷得令人窒息的危险氛围间取得了精妙的平衡。[标准收藏]
海上钢琴师,1998,2019-11-09,剧情 音乐,170,82,意大利语,朱塞佩·托纳多雷,亚历山德罗·巴里科,蒂姆·罗斯 普路特·泰勒·文斯 梅兰尼·蒂埃里 比尔·努恩 加布里埃尔·拉维亚 克兰伦斯·威廉姆斯三世 彼得·沃恩 尼尔·奥布赖恩 阿尔贝托·巴斯克斯,这是一个关于一个无所不能的男人的史诗故事……唯独无法平凡。,男主角1900（人名）是一个被人遗弃在蒸气船上的孤儿，被船上一位好心的烧炉工收养，然而好人不得好报，烧炉工在一次意外中死亡，只有8岁大的1900又再度成为了孤儿。过人的天赋使他无师自通成了一名钢琴大师，但宿命也令他天然地对红尘俗世深怀戒意，他从不敢离船上岸去，只因纽约无际的高楼和川流不息的人群令他迷失自我。纵使后来遇上了一位一见钟情的少女，他思量再三后，还是放弃了上岸寻找初恋情人的冲动...
防弹少年团世界巡回演唱会：在首尔爱自己,2019,2019-01-26,音乐 纪录,113,82,朝鲜语,Son Sung-deuk,,RM Jin SUGA j-hope Jimin 金泰亨 田柾国,,"在 BTS 世界巡回演唱会 ""Love Yourself ""期间于首尔奥林匹克体育场拍摄，以庆祝这个全球男孩组合的七名成员及其前所未有的国际现象。"
黑客帝国,1999,2000-01-14,动作 科幻,136,82,英语,拉娜·沃卓斯基,莉莉·沃卓斯基,基努·里维斯 劳伦斯·菲什伯恩 凯瑞-安·莫斯 雨果·维文 格洛丽亚·福斯特 乔·潘托里亚诺 马库斯·钟 朱利安·艾伦 马特·多兰,欢迎来到现实世界,不久的将来，网络黑客尼奥对这个看似正常的现实世界产生了怀疑。他结识了黑客崔妮蒂，并见到了黑客组织的首领墨菲斯。墨菲斯告诉他，现实世界其实是由一个名叫“母体”的计算机人工智能系统控制，人们就像他们饲养的动物，没有自由和思想，而尼奥就是能够拯救人类的救世主。可是，救赎之路从来都不会一帆风顺，到底哪里才是真实的世界？如何才能打败那些超人一样的特勤？尼奥是不是人类的希望？这是黑客的帝国，程序和代码欢迎大家的到来。
比莉·艾利什：模糊世界,2021,2021-02-26,纪录 音乐,140,82,英语,R. J. Cutler,,比莉·艾利什 菲尼亚斯·奥康奈尔 Maggie Baird Patrick O'Connell Claudia Sulewski Zoe Donahoe Brandon 'Q' Adams 卡洛斯·洛佩斯·埃斯特拉达 贾斯汀·比伯,,熟悉的歌声响起，从小到大的她的影像出现，聚焦这个尚未满19岁的年轻歌手的崛起、她那些改变了自己和许多人人生的音乐、她台前幕后的生活。
云上情歌,2020,2020-10-09,音乐 剧情 爱情,121,82,英语,卡拉·霍尔顿,贾斯汀·贝尔杜尼,芬·奥尔格斯 塞布丽娜·卡彭特 麦迪森·伊瑟曼 内芙·坎贝尔 托马斯·埃弗雷特·斯科特 里尔·莱尔·哈瓦瑞 莎莫·H·豪威尔 薇薇安·恩迪科特·道格拉斯 迪伦·埃弗雷特,Don't wait for tomorrow to live for today.,美国男孩扎克·索比赫14岁被诊断患有骨肉瘤(18岁去世)，多次手术和化疗并未遏制癌症发展，在得知自己只剩几个月寿命后，他创作了《云》这首歌，感谢自己身边的人和所经历的一切，乐观面对。
边境奇袭,2025,2025-02-28,动作 冒险 惊悚,85,82,西班牙语,Chava Cartas,José Rubén Escalante Méndez,Luis Alberti 诺伊·埃尔南德斯 Leonardo Alonso Luis Curiel Guillermo Nava David Calderón León Mayra Batalla 依斯菲尔 加那利 Ishbel Bautista,,一场人质营救行动带来了新的敌人，格雷罗上尉和他的精英士兵们必须应对残忍犯罪团伙的埋伏。
老男孩,2003,2003-11-21,剧情 惊悚 悬疑 动作,120,82,朝鲜语,朴赞郁,黄肇允,崔岷植 刘智泰 姜惠贞 金秉玉 池大汉 吴达洙 李胜欣 尹珍序 吴泰景,15年监禁……5天复仇,女儿生日那天，中年男子吴大修（崔岷植饰）在醉酒回家路上，突遭不明身份的人绑架失踪。就此，他毫无理由地被囚禁在一个神秘的私人监狱中。寻死未果的吴大修，每天看电视，三餐吃煎饺。通过电视，他得知妻子已遭杀害，女儿下落不明，自己更被怀疑为凶手。就此，吴大修开始锻炼身体，决心复仇，并在牢中度过漫长的15年...
单向乐队：这就是我们,2013,2013-08-30,纪录 音乐,92,82,英语,Morgan Spurlock,,哈里·斯泰尔斯 泽恩·马利克 Niall Horan Louis Tomlinson Liam Payne Simon Cowell 马丁·斯科塞斯 克里斯·洛克 Jon Shone,Experience their lives on the road,继贾斯汀-比伯、凯蒂-佩瑞之后，英国当红偶像团体“单向乐队”(One Direction)也将拥有自己的3D音乐会纪录片，索尼公司今天宣布这部名为《单向乐队》(One Direction)的3D纪录电影将于2013年8月30日上映，索尼旗下三星影业(TriStar Pictures)将负责发行。
复仇者联盟4：终局之战,2019,2019-04-24,冒险 科幻 动作,181,82,英语,比尔·曼特罗,拉里·利伯,小罗伯特·唐尼 克里斯·埃文斯 马克·鲁法洛 克里斯·海姆斯沃斯 斯嘉丽·约翰逊 杰瑞米·雷纳 乔什·布洛林 唐·钱德尔 保罗·路德,逆转无限 不惜一切代价,几近绝望的复仇者们在惊奇队长的帮助下找到灭霸归隐之处，却得知六颗无限宝石均被销毁，希望彻底破灭。五年后，迷失在量子领域的蚁人意外回到现实世界，他的出现为幸存的复仇者们点燃了希望。与美国队长冰释前嫌的托尼找到了穿越时空的方法，星散各地的超级英雄再度集结，他们将分别穿越不同的时代去搜集无限宝石。与此同此，平行宇宙的灭霸察觉了他们的计划。这是一场注定要载入史册的终局之战，超级英雄们为了心中恪守的信念前仆后继……
一年中的生活,2020,2020-11-27,剧情 爱情,107,82,英语,Mitja Okorn,杰弗里·阿迪斯,贾登·史密斯 卡拉·迪瓦伊 小库珀·古丁 克里斯·德埃利亞 JT Neal Stony Blyden 彼得·麦克尼尔 罗伯特·菲茨杰拉德·迪格斯 尼娅·朗,,泰伦斯·霍华德(《嘻哈帝国》)确认加盟加盟新片[一年中的生活](Life In A Year，暂译)。该片将由Mitja Okorn执导，讲述一个17岁的男孩，在发现患有癌症的女朋友只剩下一年的生命后，决定在她还没离去的这一年给她一个完整的人生。贾登·史密斯、卡拉·迪瓦伊加盟主演，泰伦斯饰贾登的父亲。
复仇者联盟3：无限战争,2018,2018-05-11,冒险 动作 科幻,156,82,英语,乔·西蒙,吉姆·斯特林,小罗伯特·唐尼 克里斯·埃文斯 克里斯·海姆斯沃斯 乔什·布洛林 马克·鲁法洛 斯嘉丽·约翰逊 唐·钱德尔 本尼迪克特·康伯巴奇 汤姆·赫兰德,十年布局 巅峰一役,随着复仇者联盟及其盟友继续保护世界免受来自任何单一英雄难以承担的威胁，一个新的危险从宇宙的阴影中浮现——灭霸。作为一个星际恶名昭彰的暴君，他的目标是收集所有六颗无限宝石，这些宝石拥有难以想象的力量，并利用它们将扭曲的意志强加于现实的每一个角落。复仇者们为此奋斗的一切都指向了这一刻——地球和整个存在的命运从未如此不确定。
摇篮,2024,2024-08-23,剧情 家庭,123,82,英语,亚历克斯·肯德里克,斯蒂芬·肯德里克,Aspen Kennedy Wilson 普莉希拉·希勒 Cameron Arnett 凯伦·阿伯克龙比 T.C.斯托林斯 B.J. Arnett 肯  拜博 本杰明·查尔斯·沃森 乔纳森·埃文斯,Whoever wants the next generation the most will get them.,高中毕业后，以赛亚对未来没有任何规划，他受到激励，开始做出更好的人生决定。
为了萨玛,2019,2019-07-26,纪录 战争,96,82,英语,Waad al-Kateab,Edward Watts,Sama Al-Khateab Hamza Al-Khateab Waad al-Kateab,An intimate and epic journey into the female experience of war.,本片既是一段深入战争女性体验的私密旅程，也是一曲波澜壮阔的史诗。这部一位年轻母亲写给女儿的深情家书，以瓦德·卡提卜的镜头穿越叙利亚阿勒颇五年起义时光，记录她在战火蔓延中坠入爱河、缔结婚姻并诞下女儿萨玛的人生轨迹。在灾难性冲突愈演愈烈之际，她的摄像机捕捉到无数关于失去、欢笑与生存的震撼片段，而瓦德本人则深陷两难抉择——是否该为保护女儿生命逃离这座城市？离去意味着抛下她已付出巨大代价的自由抗争。
角斗士,2000,2000-08-12,动作 剧情 冒险,155,82,英语,大卫·弗兰佐尼,雷德利·斯科特,罗素·克劳 华金·菲尼克斯 康妮·尼尔森 奥利弗·里德 理查德·哈里斯 德里克·雅各比 杰曼·翰苏 大卫·斯科菲尔德 约翰·斯拉普内尔,英雄崛起。,马克西蒙斯是罗马帝国战功显赫，受人拥戴的大将军。老国王马库斯·奥利利乌斯对大将军赏识有加，有意加冕于他。老国王对将军这种超越亲情的宠爱自然招来太子康莫迪乌斯的妒忌与不安，太子伺机杀害父亲，抢先登上王位，并马上下令诛杀大将军一家。马克西蒙斯死里逃生躲过暴君的魔爪，可是他所有的家人都未能幸免于难，返回家园，他只看到满目疮痍的破败景象。走投无路的马克西蒙斯只能投身为奴，从昔日的大将军沦为一名角斗士，在血腥厮杀中苟且求生。凭借英勇的气魄和高超的武艺，马克西蒙斯渐渐脱颖而出，晋级到罗马的大角斗场。这一次，他的剑直指暴君康莫迪乌斯，失去亲人的痛苦，沦为奴隶的屈辱，在马克西蒙斯的内心燃起了熊熊怒火。
克劳斯：圣诞节的秘密,2019,2019-11-08,动画 家庭 喜剧 冒险,97,82,英语,塞尔吉奥·巴勃罗斯,Jim Mahoney,杰森·薛兹曼 J·K·西蒙斯 拉什达·琼斯 琼·库萨克 Norm Macdonald 威尔·萨索 塞尔吉奥·巴勃罗斯 Mila Brener Neda Margrethe Labba,A true selfless act always sparks another.,贾斯帕（詹森·舒瓦兹曼饰）被认为是邮政学院最差的学生，他驻扎在北极圈内的一个冰冻岛屿上，那里的当地人之间几乎不交流，更不用说写信了。当贾斯帕准备放弃之时，他找到了自己的盟友阿尔娃（当地的一名教师，拉什达·琼斯饰），并发现了克劳斯（奥斯卡奖得主 J·K·西蒙斯饰），克劳斯是一个神秘的木匠，独自住在一个满是手工玩具的小屋里。这几段不可思议的友谊让斯密伦斯堡又重新充满了欢声笑语，创造出了新的故事，这里有慷慨的邻居、神奇的传说和小心翼翼挂在烟囱上的长袜。《克劳斯：圣诞节的秘密》是一部节日喜剧动画片，由《神偷奶爸》联合创剧人塞尔希奥·巴勃罗斯担任导演，由琼·库萨克、威尔·萨索和诺曼·麦克唐纳徳联袂主演。
绿皮书,2018,2019-03-01,剧情 喜剧 历史,130,82,英语,彼得·法雷利,布莱恩·海耶斯·库里,维果·莫特森 马赫沙拉·阿里 琳达·卡德里尼 塞巴斯蒂安·马尼斯科 迪米特·D·马里诺夫 迈克·哈顿 P·J·伯恩 约瑟夫·科尔特斯 Mary Agnes Nixon,世界上那么多孤独的人 因为他们都没有勇气迈出第一步,托尼（维果·莫腾森 Viggo Mortensen 饰）是一个吊儿郎当游手好闲的混混，在一家夜总会做侍者。这间夜总会因故要停业几个月，可托尼所要支付的房租和生活费不会因此取消，所以他的当务之急是去寻找另一份工作来填补这几个月的空缺。在这个节骨眼上，一位名叫唐雪莉（马赫沙拉·阿里 Mahershala Ali 饰）的黑人钢琴家提出雇佣托尼。唐雪莉即将开始为期八个星期的南下巡回演出，可是，那个时候南方对黑人的歧视非常的严重，于是托尼便成为了唐雪莉的司机兼保镖。一路上，两人迥异的性格使得他们之间产生了很多的矛盾，与此同时，唐雪莉在南方所遭受的种种不公平的对待也让托尼对种族歧视感到深恶痛绝。
天地玄黄,1992,1993-11-19,纪录,97,82,英语,罗恩·弗里克,吉纳维芙·尼古拉斯,帕特里克·迪桑托,A world beyond words.,我们是谁？从哪里来？又将归往何处？这些问题和我们的生存息息相关，但却很少有人能够给出准确的答案。历时14个月，穿越24个国家，导演罗恩·弗里克（Ron Fricke）用镜头向我们展示了大自然能够拥有的最壮阔最绚丽的景致——从远古到现在，从猿猴到人类，从荒无人烟的沙漠到震撼人心的宗教活动现场，从广袤天地带来的感动到婴孩单纯的笑脸给予的幸福，我们会发现，很多时候，我们并不能意识到，这美好的一切正时时刻刻的发生在我们身边。全片没有台词，片名Baraka在古伊斯兰语中代表祝福，这也是导演拍摄此片的初衷，祝福与我们共同存在在这颗蔚蓝地球上的一切。
拯救大兵瑞恩,1998,1998-11-13,战争 剧情 历史,169,82,英语,史蒂文·斯皮尔伯格,罗伯特·罗达特,汤姆·汉克斯 汤姆·塞兹摩尔 爱德华·伯恩斯 巴里·佩珀 亚当·戈德堡 范·迪塞尔 吉奥瓦尼·瑞比西 杰瑞米·戴维斯 马特·达蒙,任务是拯救一个人,二战诺曼底登陆战中，约翰·米勒上尉率领一支小分队深入战区，奉命寻找二等兵詹姆斯·瑞恩并将其送回美国母亲身边——这位母亲已在这场战争中失去了另外三个儿子。
男孩、鼹鼠、狐狸和马,2022,2022-12-02,动画 家庭 剧情 冒险,35,82,英语,Peter Baynton,Charlie Mackesy,Jude Coward Nicoll 汤姆·霍兰德尔 伊德瑞斯·艾尔巴 加布里埃尔·伯恩,一次寻找家的旅行。,查理·麦克西的同名绘本改编的手绘动画，关于善良、友谊、勇气和希望，通过一段辛酸而真挚的旅程，讲述了一个男孩、一只鼹鼠、一只狐狸和一匹马，四个孤独的灵魂在寻找家的过程中结伴而行，并在彼此身上找到了自己存在的意义。
我想吃掉你的胰脏,2018,2019-01-18,动画 剧情 爱情,109,82,日语,牛岛新一郎,住野夜,高杉真宙 琳恩 藤井幸代 内田雄马 福岛润 田中敦子 三木真一郎 和久井映见 Nanami Atsugi,我想进入你的世界，活在你的心里 。,“没有名字的我，没有未来的她” 对他人毫无兴趣，总是独自一人读书的高中生“我”。这样的“我”有一天，偶然捡到一册写着《共病文库》的文库本。那是，天真烂漫的班上人气王·山内樱良私下记录的日记本。里面记载着她身患胰脏的疾病，已经时日无多……。隐藏自己的疾病度过日常的樱良，与知晓其秘密的“我”。— 两人的距离，还没有名字。
狼的孩子雨和雪,2012,2012-07-21,动画 家庭 剧情 奇幻,117,82,日语,细田守,奥寺佐渡子,黑木华 西井幸人 宫崎葵 大泽隆夫 大野百花 加部亚门 平冈拓真 林原惠美 中村正,Love wildly.,在某国立大学念书的花（宫崎葵 配音）与偶然来校旁听的男子（大泽隆夫 配音）坠入爱河，即使对方是一名狼人，她也义无反顾投入对方怀抱。此后的岁月里，花先后生下女儿小雪和儿子小雨。谁知厄运突然降临，温柔的丈夫撒手人寰。柔弱而坚强的花竭尽全力抚养两个孩子长大，吃穿用度，衣食住行 ，无一不牵扯她的心思。而子女狼人的身份也迫使他们离开繁华大都市，前往宁静的山野乡村求生。他们在一栋古旧的民房内落脚，小雪顽劣张扬，小雨纤细内敛，姐弟俩以狼的身姿穿行于深山密林，享受着前所未有的快乐与自由。在此期间，以韭崎爷爷（菅原文太 配音）为代表的村民也给花一家带来无微不至的关怀。小雪和小雨渐渐长大，他们也终于迎来决定身份和前路的重要时刻……
五尺天涯,2019,2019-10-18,爱情 剧情,116,82,英语,贾斯汀·贝尔杜尼,米琪·多特里,海莉·卢·理查森 科尔·斯普劳斯 莫伊塞斯·阿里亚斯 金博利·赫伯特·格雷戈里 帕敏德·纳格拉 克莱尔·弗兰妮 Cynthia Evans 加里·威克斯 Sophia Bernard,"When life keeps you apart, fight for every inch.",17岁女孩Stella和男孩Will身患囊肿性纤维化疾病，他们在医院治疗的过程中相识相爱，两人必须抓紧每分每秒活着的时间。他们的爱情能够战胜疾病和死亡吗？
自己去看,1985,1985-07-09,剧情 战争,136,82,俄语,Elem Klimov,Ales Adamovich,阿列克谢·叶夫根耶维奇·克拉夫琴科 Olga Mironova Liubomiras Laucevičius Vladas Bagdonas Jüri Lumiste Viktors Lorencs Kazimir Rabetsky Yevgeni Tilicheyev Aleksandr Berda,The cruelest side of war.,这是一部很特殊的战争题材电影，它真实地描写了德占区人民的悲惨遭遇和场面，以及人们面对突如其来的灾难的恐惧，反映了战争的真实面目。它既不同于《斯大林格勒保卫战》、《攻占柏林》这些正面战场的血肉横飞、排山倒海、摧枯拉朽，也不同与《这里的黎明静悄悄》、《星》所描写的局部战斗中体现的平凡悲壮，更不是战地浪漫曲，而是降临在平民百姓头上血淋淋的残酷。影片的事件和恐怖场面远超过任何一部描写德军集中营的电影，令人毛骨悚然，提醒胆小和心软者慎看。
安逸人生,1962,1962-12-05,剧情 喜剧 冒险,105,82,意大利语,迪诺·里西,鲁杰罗·马卡里,维托里奥·加斯曼 让-路易斯·特林提格南特 凯瑟琳·斯巴克 Claudio Gora Luciana Angiolillo Linda Sini Franca Polesello Bruna Simionato Lilly Darelli,,1962年的夏天，罗伯托和布鲁诺结伴去托斯卡纳地区游玩，这两人的性格年龄都大相径庭。罗伯托是个羞涩内向的学生，而布鲁诺则是个精力旺盛、反复无常的中年人。在旅途中两人慢慢熟悉了解，布鲁诺成功人士和上流社会的派头让罗伯托心生艳羡，但同时他也看到了布鲁诺空虚、肤浅和不快乐的另一面。
无耻混蛋,2009,2010-10-14,剧情 惊悚 战争,153,82,英语,昆汀·塔伦蒂诺,,布拉德·皮特 梅拉尼·罗兰 克里斯托弗·瓦尔兹 伊莱.罗斯 迈克尔·法斯宾德 黛安·克鲁格 丹尼尔·布鲁赫 蒂尔·施威格 吉迪恩·伯克哈德,一场可耻的，喧闹刺激的复仇之旅,故事分五章进行。二战中德占法国，德军上校汉斯（克里斯托弗·瓦尔兹 Christoph Waltz 饰）号称“犹太猎人”，在一次屠犹行动中，少女苏珊娜（梅勒尼·劳伦特 Mélanie Laurent 饰）侥幸逃脱。与此同时，八名美国犹太士兵在中尉奥尔多（布拉德·皮特 饰） 的带领下潜入德占法国刺杀德国军人，其行动神出鬼没，手法残忍，对德军造成相当威胁，被称为“杂种”。三年后苏珊娜来到巴黎继承了姑母的电影院，结识了德国战斗英雄，电影《国家荣耀》的主演弗里德里克（丹尼尔·布鲁赫 Daniel Brühl 饰）。对苏珊娜一见钟情的弗里德里克说服德国宣传部长约瑟夫·戈培尔（西尔维斯特·格洛斯 Sylvester Groth 饰）在苏珊娜的影院首映《国家荣耀》，希特勒（马丁·乌特克 Martin Wuttke 饰）本人也将出席。苏珊娜决定借放映之机烧毁影院；而在德国间谍女演员布里奇特（戴安娜·克鲁格 Diane Kruger 饰）的安排下，英美联合的刺杀行动“奇诺”也将在首映当晚行动……
BLACKPINK：照亮天空,2020,2020-10-14,纪录 音乐,79,82,朝鲜语,卡罗琳·萨,,金智秀 金珍妮 朴彩英 Lisa 朴洪俊,The rise of a global phenomena.,打破纪录的韩国女子团体 BLACKPINK 讲述她们的故事：不仅分享了为实现梦想而努力奋斗的人生旅程，还诉说了迅速走红背后所经受的试炼。
迈克尔·杰克逊：颤栗,1983,1983-11-14,恐怖 惊悚 音乐,14,82,英语,约翰·兰迪斯,迈克尔·杰克逊,迈克尔·杰克逊 Ola Ray 文森特·普莱斯 Cynthia Garris 米克·加里斯 Hanala Sagal Forrest J. Ackerman Reed Armstrong Rick Baker,,黑人女青年（欧拉·蕾 Ola Ray 饰）跟男友（迈克尔·杰克逊 Michael Jackson 饰）因为汽车没油了走在回家的路上，男友像她示爱，女青年欣然接受，但是男青年向她透露自己跟常人不一样。正当女青年在犯迷糊之时男友已经趁着月光变身成了狼人，关键时刻镜头一转才发现真实的情况是这只是女青年和男友正在看的恐怖片。女青年因为害怕决定要早走，男友追上了她，解释一番过后两个嬉笑着回家。但是真正的危险正在发生，当他们路过一片墓地时，恐怖的食人尸都从地底下爬了出来……
泰勒·斯威夫特：“举世盛名”巡回演唱会,2018,2018-12-31,音乐,125,82,英语,保罗·达格代尔,泰勒·斯威夫特,泰勒·斯威夫特 查莉XCX 卡米拉·卡贝洛 David Cook 阿莫斯·海勒 埃利奥特·伍德福德 杰斯林·戈尔曼 卡米拉·马歇尔 马特·比林斯利,在名誉的废墟之上，她第一次触摸到了真实的生命。,您已读过头条，听过传闻，而现在她将用红唇唱出真相。泰勒·斯威夫特将赠予全世界观众近距离观赏“泰勒·斯威夫特的名誉体育场巡回演唱会”在美国最后一场表演的机会，该巡回演唱会是美国历史以来销售额最高的巡演，现在仅在 Netflix 上放映！这部传奇的演唱会电影将展示火焰特技、烟花、数个场景以及 63 英尺的眼镜蛇卡林。《泰勒·斯威夫特的名誉体育场巡回演唱会》将从 12 月 31 日起在 Netflix 上面向全球上线，您可以随处观看这场销售一空并追高清囊括 6 万人的表演——无论是在家庭聚会上，东区的酒吧里，还是在沙发上和猫一起看。无论如何，这都将是一个最佳的新年夜计划。你准备好了吗？
妈咪,2014,2014-09-19,剧情,138,82,法语,泽维尔·多兰,,Anne Dorval Suzanne Clément Antoine Olivier Pilon Patrick Huard Alexandre Goyette Michèle Lituac Viviane Pacal 娜塔莉·哈默尔-罗伊 伊莎贝尔·内利斯,Loving people doesn't save them.,单亲妈妈戴安（安妮·杜尔瓦勒 Anne Dorval 饰）大大咧咧，抽烟喝酒满口脏话，有着一颗不服输的心。她独自抚养患有多动症、常做出暴力行为的儿子斯蒂夫（安托万-奥利弗·波尼安 Antoine-Olivier Pilon 饰），母子关系游走在爆炸的边缘。戴安担心斯蒂夫惹是生非，斯蒂夫迫切想表达对妈妈的爱。新邻居凯拉（苏珊娜·克莱蒙 Suzanne Clément 饰）适时出现，这位患有失语症的高中女教师充当了母子的缓冲阀，让三个人都开始看到平衡和希望。然而斯蒂夫以前暴力行为带来的后果正在发酵，戴安需要支付一大笔赔偿金。她决定出卖自己的幸福并且做出一个痛苦决定：将儿子送回医院接受治疗......
福音战士新剧场版：终,2021,2025-10-31,动画 动作 科幻 剧情,154,82,日语,庵野秀明,中山胜一,绪方惠美 宫村优子 坂本真绫 林原惠美 三石琴乃 山口由里子 关智一 岩永哲哉 岩男润子,再见了，所有的福音战士。,葛城美里和她的反“NERV”组织WILLE到达因为地球核心化而呈赤红色的巴黎。船员从旗舰奇迹号上降落到一个密闭塔，他们只有720秒的时间来复原城市。此时多架“NERV”组织的福音战士出现，真希波驾驶福音战士8号机·改加以拦截。同时，碇真嗣、明日香和绫波零在日本附近徘徊。
砂之女,1964,1964-02-15,剧情 惊悚,123,82,日语,安部公房,敕使河原宏,冈田英次 岸田今日子 伊藤弘子 三井弘次,Haunting. Erotic. Unforgettable.,一个昆虫学家（冈田英次 饰）在沙漠做野外考察，却不慎错过归程班车，被困在一个沙漠中的小村子里。他落脚在一个寡妇（岸田今日子 饰）家，被招待之后发现通往外界的路已经被封住。他慢慢观察村子的各种古怪，比如全部村民每到夜晚都要出动铲沙，以免居住的房屋被沙子埋掉，所有的水都受到管制，实行配给制使用等。收留他的寡妇开始用身体诱惑他，试图和他重组一个家庭，他几次三番尝试逃走都以失败告终，只好表面上虚与委蛇，进入村子定期劳动、享受配给的生活模式，但他内心始终在做逃走的打算。一日，寡妇突发急病，被医生诊断为意外怀孕，大家手忙脚乱带她去送医，男人终于有了千载难逢的逃走机会……
泰勒·斯威夫特：时代巡回演唱会,2023,2023-12-31,音乐,169,82,英语,萨姆·伦奇,,泰勒·斯威夫特 迈克·梅多斯 马克斯·伯恩斯坦 保罗·西多蒂 阿莫斯·海勒 马特·比林斯利 卡琳娜·德皮亚诺 梅兰妮·尼玛 卡米拉·马歇尔,It's been a long time coming.,体验由独一无二的泰勒·斯威夫特带来的、令人叹为观止的“时代巡回演唱会”。  泰勒·斯威夫特：时代巡回演唱会》（英语：Taylor Swift: The Eras Tour[a]）是一部于2023年上映的演唱会电影，为美国创作歌手泰勒·斯威夫特的时代巡回演唱会的电影版本。电影由萨姆·伦奇执导，斯威夫特担任制片人，并由AMC电影院和Cinemark电影院定档于2023年10月13日上映。  电影全程拍摄于巡演2023年8月3日至5日在洛杉矶SoFi体育场举办的三场演唱会，同时本片也因为并非电影和电视制片人联盟成员制作公司参与的电影因此得以在2023年好莱坞劳资纠纷罢工期间得以进行制作。在与好莱坞主要电影与流媒体公司就发行协议方面谈判破裂后，斯威夫特与AMC电影院达成了发行本电影的协议，随后亦与Cinemark电影院达成发行协议。电影自宣布以来便获得了极大的关注度和电影票需求，部分电影公司因电影的突然宣布而宣布紧急将其计划于10月13日上映的电影进行改档调整，同时电影以预售首日3700万票房打破了多项美国电影首日预售记录，并于2023年10月5日预售达到1亿美元，成为史上票房最高的演唱会电影。
致命魔术,2006,2006-10-17,剧情 悬疑 科幻,130,82,英语,克里斯托弗·诺兰,克里斯托弗·普里斯特,休·杰克曼 克里斯蒂安·贝尔 迈克尔·凯恩 塞尔坎·卡约格鲁 丽贝卡·豪尔 斯嘉丽·约翰逊 Samantha Mahurin 大卫·鲍伊 安迪·瑟金斯,千万别眨眼,19世纪末，人们对科学文明的认知还不太清楚，于是，安吉尔和伯登凭借魔术，成为了伦敦城内的神奇人物。安吉尔出身贵族，魔术手段华丽丰富，是富人圈子里的表演常客。而伯登即使出身平平，争强好胜的心智和充满创造力的魔术技巧，却也令他有了名气。两人自小便是要好的伙伴，然而，现在魔术界二人各有领地，并且都有野心想成为顶级魔术师，一番明争暗斗如箭在弦上。伯登掌握了精彩的分身术，叫座又叫好。而安吉尔见情势不妙，搬来科学家助阵——他发明的交流电有无穷魔力，保证让观众目瞪口呆。二人出招接招，一来一往，争斗在剧烈升级，友谊和道德都被抛诸脑后，一场血案在悄悄酝酿。
控方证人,1957,2025-11-28,剧情 悬疑 犯罪,116,82,英语,比利·怀尔德,阿加莎 克里斯蒂,泰隆·鲍华 玛琳·黛德丽 查尔斯·劳顿 爱尔莎·兰切斯特 约翰·威廉姆斯 亨利·丹尼尔 伊恩·沃尔夫 托林·撒切尔 诺玛·瓦尔登,我们时代最激动人心的娱乐盛宴！,本片改编自阿加莎·克里斯蒂同名小说。  伦敦著名刑案辩护律师韦菲爵士接受了心脏病治疗，但是身体依旧虚弱，第一天回家休养，护士一直严厉监督他服药，并杜绝烟酒。管家为了便于上楼，还专门为他修了电梯。但是，种种关心照顾，对于这位桀骜不驯、牙尖嘴利的大律师根本不起作用，反倒是一纸诉状令他倍感兴奋。律师梅休和当事人沃尔登门拜访，请他出山打官司。原来，沃尔结识了富婆，两人相见甚欢，虽然仆人对他发明的打蛋器充满鄙夷，但是富婆却对他充满爱意，甚至为他修改了遗嘱，把8万英镑留给了他。然而，富婆却惨遭毒手。于是，沃尔成为警方的头号嫌疑犯。他的唯一证人是妻子克里斯汀，然而后者登门时的冷漠与淡定，令韦菲爵士怀疑这其中另有隐情。在扑朔迷离的案件背后，隐藏着一个个环环相扣、不可告人的秘密……
闪灵,1980,2026-01-30,恐怖 惊悚,119,82,英语,斯坦利·库布里克,斯蒂芬·金,杰克·尼科尔森 谢莉·杜瓦尔 丹尼·劳埃德 斯加特曼·克罗索斯 巴瑞·尼尔森 菲利普·斯通 乔·托克尔 安妮·杰克逊 托尼·伯顿,现代恐怖小说的杰作。,杰克是一个作家。一个冬天，他得到了一个看管山顶酒店的差事。这正合杰克的意思，他正好可以有一个幽静的地方写作。于是杰克带着妻儿搬进了酒店。冬天大雪封路，山顶酒店只有杰克一家三口。从他们一搬进来，杰克的妻子温蒂就发现这里气氛诡异，杰克的儿子丹尼经常看到一些他不认识的人，但这里除了他们一家别无他人。而杰克除了一整天闷头写作外，脾气亦变得越来越古怪。直到有一天，温蒂发现丈夫这些天来一直写就只有一句话：杰克发疯了！
黑暗正义联盟：天启星战争,2020,2020-05-05,动画 动作 冒险 奇幻,90,82,英语,Mairghread Scott,Bernie Wrightson,马特·瑞安 杰里·奥康奈尔 泰莎·法蜜嘉 杰森·奥玛拉 罗莎里奥·道森 Stuart Allan 丽贝卡·罗梅恩 雷恩·威爾森 托尼·托德,The war to end all wars.,在星际暴君达克赛德（Darkseid）摧毁正义联盟（Justice League）后，地球被毁灭了，这场战争是由DC超级英雄发动的。现在，正义联盟、少年泰坦、自杀小队和其他各色各样的好堡垒必须重新集结，制定战略，并将战争带到黑暗世界，以拯救地球及其幸存居民。
穿靴子的猫2,2022,2022-12-23,动画 冒险 奇幻 喜剧 家庭,103,82,英语,汤米·斯威德洛,乔尔·克劳福德,安东尼奥·班德拉斯 萨尔玛·海耶克 哈维尔 吉伦 瓦格纳·马拉 弗洛伦丝·皮尤 奥利维娅·科尔曼 雷·温斯顿 萨姆森·卡约 约翰·穆拉尼,Say hola to his little friends.,时隔11年，臭屁自大又爱卖萌的猫大侠回来了！如今的猫大侠（安东尼奥·班德拉斯 配音），依旧幽默潇洒又不拘小节、数次“花式送命”后，九条命如今只剩一条，于是不得不请求自己的老搭档兼“宿敌”——迷人的软爪妞（萨尔玛·海耶克 配音）来施以援手来恢复自己的九条生命。
星球大战4：新希望,1977,1977-05-25,冒险 动作 科幻,121,82,英语,乔治·卢卡斯,,马克·哈米尔 哈里森·福特 凯丽·费雪 彼得·库欣 亚历克·吉尼斯 安东尼·丹尼尔斯 肯尼·贝克 彼得·梅休 大卫·鲍罗斯,很久很久以前，在遥远的银河系……,很久以前，在一个遥远的银河系……莱娅公主被邪恶的帝国势力挟为人质，企图镇压反抗银河帝国的起义军。卢克·天行者与汉·索罗船长携手可爱的机器人搭档R2-D2和C-3PO，共同踏上拯救美丽公主、恢复银河系正义的征程。[20世纪福克斯]
鬼灭之刃剧场版：无限列车篇,2020,2020-10-16,动画 动作 奇幻,117,82,日语,外崎春雄,,花江夏树 鬼头明里 下野纮 松冈祯丞 日野聪 樱井孝宏 小西克幸 早见沙织 铃村健一,挥舞此刀，断绝梦魇,炭治郎等人完成蝴蝶屋的训练，下一个目的地是开往黑暗的无限列车。以多人行踪不明的这辆列车为舞台，炭治郎带着祢豆子与善逸、伊之助一行人，与鬼杀队最强剑士〝柱〞其中之一炎柱炼狱杏寿郎会合，新的任务即将开始！
禁闭岛,2010,2010-02-19,剧情 惊悚 悬疑,138,82,英语,马丁·斯科塞斯,丹尼斯·勒翰,莱昂纳多·迪卡普里奥 马克·鲁法洛 本·金斯利 马克斯·冯·西多 米歇尔·威廉姆斯 艾米莉·莫迪默 帕特里夏·克拉克森 杰基·厄尔·哈利 泰德·拉文,有些地方永远不会让你走。,故事发生于波士顿海湾的一座与世隔绝的小岛上，66名精神病罪犯被关押于此，传言岛上正在进行种种人体实验。重重戒备之下，一个杀害了三个亲生孩子的女犯雷切尔，竟诡异失踪。联邦执法官泰德·丹尼尔和搭档查克奉命上岛调查此事。而泰德此行前来还有一个隐秘的目的——寻找让妻子 葬身火海的凶手。故事遵循这条线索展开，寻找失踪之谜、访问医院工作人员与病人、地毯式搜查……泰德查遍全岛，意外发现岛上多出一份神秘档案：第67号病人的 ！岛上所有秘密无不纠结于这个多出来的人。但究竟谁是67号？
狼行者,2020,2020-10-04,动画 家庭 冒险 奇幻,102,82,英语,Tomm Moore,Ross Stewart,霍纳·妮芙茜 Eva Whittaker 肖恩·宾 西蒙·迈克伯尼 Tommy Tiernan 玛丽亚·道尔·肯尼迪 乔·肯尼 John Morton Nora Twomey,Be fierce. Be wild. Be free.,在一个充满迷信与魔法的时代，年轻的见习猎人罗宾·古德费洛跟随父亲前往爱尔兰，奉命消灭最后一群野狼。在城墙外的禁忌之地探险时，罗宾结识了无拘无束的女孩梅芙——她来自一个神秘部落，传说其族人能在夜晚化身为狼。在寻找梅芙失踪母亲的过程中，罗宾逐渐揭开了惊人的秘密，她不仅更深地卷入狼行者的奇幻世界，更可能变成父亲奉命摧毁的存在。
寻梦环游记,2017,2017-11-22,家庭 动画 音乐 冒险,105,82,英语,李·昂克里奇,Matthew Aldrich,安东尼·冈萨雷斯 盖尔·加西亚·伯纳尔 本杰明·布拉特 阿兰娜·乌巴赫 芮妮·维克多 海梅·卡米尔 阿方索·阿劳 Herbert Siguenza Gabriel Iglesias,在爱的记忆消失前 请记住我,尽管家族世代对音乐有着令人费解的禁令，米格尔仍梦想成为偶像埃内斯托·德拉克里兹那样杰出的音乐家。急于证明自己的才华，米格尔因一连串神秘事件而误入绚丽多彩的亡灵之地。途中，他遇到了迷人的捣蛋鬼埃克托，两人携手踏上非凡旅程，揭晓米格尔家族历史背后尘封的真相。[迪士尼/皮克斯]
相助,2011,2012-04-23,剧情,146,82,英语,塔特·泰勒,Kathryn Stockett,艾玛·斯通 维奥拉·戴维斯 布莱丝·达拉斯·霍华德 奥克塔维亚·斯宾瑟 杰西卡·查斯坦 阿娜·欧蕾利 艾莉森·詹尼 安娜·坎普 Eleanor Henry,从一句悄悄话开始改变,上世纪60年代，在密西西比州，黑佣艾比里恩（维奥拉•戴维斯 Viola Davis 饰）勤勤恳恳照顾女主人的女儿，后者因产后抑郁症只顾与闺蜜贪欢。密西西比大学毕业生斯基特（艾玛•斯通 Emma Stone 饰）在报社负责家庭主妇信箱，并由此开始黑佣的生存状态。其中，希利（布莱丝•达拉斯•霍华德 Bryce Dallas Howard 饰）无疑是反面教材，她态度傲慢，对黑佣米妮（奥克塔维亚•斯宾瑟 Octavia Spencer 饰）抱有偏见，并力主黑佣不能与主人共用厕所。最终因不堪受辱，米妮愤然离去，并以牙还牙，假借道歉之机让她蒙羞。斯基特开始采访艾比里恩和米妮，希望了解黑佣的生存状态，并为自己的新书积累素材。与此同时，马丁路德金领导的平权运动正在如火如荼地开展，而斯基特所在的密西西比州正是斗争的前沿，因为黑人遭射杀的血案，种族隔离开始，一场肤色之争在所难免……
血战钢锯岭,2016,2016-12-08,剧情 历史 战争,139,82,英语,梅尔·吉布森,罗伯特·申坎,安德鲁·加菲尔德 萨姆·沃辛顿 文斯·沃恩 泰莉莎·帕尔墨 卢克·布雷西 雨果·维文 瑞切尔·格里菲斯 瑞安·科尔 理查德·劳斯伯格,夭矫慕清颜 野村出少年 行伍多龃龉 矢志不为迁 百死身未远 侠骨锻烽烟 黄沙葬焦骨 孰叹孰疯癫,故事改编自二战上等兵军医戴斯蒙德·道斯的真实经历，他因为在冲绳岛战役中勇救75人生命而被授予美国国会荣誉勋章，同时也是首位获此荣誉的在战场上拒绝杀戮的医疗兵。
被解救的姜戈,2012,2013-05-12,剧情 西部,163,82,英语,昆汀·塔伦蒂诺,,杰米·福克斯 克里斯托弗·瓦尔兹 莱昂纳多·迪卡普里奥 凯丽·华盛顿 塞缪尔·杰克逊 沃尔顿·戈金斯 丹尼斯·克里斯托弗 詹姆斯·瑞马尔 大卫·斯廷,生命、自由与复仇的追求。,姜戈是一名奴隶，他与前主人间那段饱受虐待的过往，让他最终与德裔赏金猎人金·舒尔茨医生狭路相逢。舒尔茨正在追踪杀人如麻的布里特尔兄弟，而只有姜戈能带他找到这帮悬赏目标。行事不循常规的舒尔茨赎下了姜戈，并承诺抓住布里特尔兄弟后——无论死活——便给予他自由。
挽救计划,2026,2026-03-20,科幻 冒险,157,82,英语,菲尔·洛德,克里斯托弗·米勒,瑞恩·高斯林 詹姆斯·奥尔蒂斯 桑德拉·惠勒 莱昂内尔·博伊斯 米拉娜·薇恩翠 肯·兰格 普里亚·坎萨拉 米娅·索特里乌 安内尔·奥拉耶,相信奇迹会发生。,太阳即将熄灭，地球命悬一线，对太空一窍不通的中学老师瑞恩（瑞恩·高斯林 饰）竟成为全人类的希望。被迫成为宇航员的他，踏上有去无回的太空孤旅。他能否力挽狂澜，为人类带来新的黎明？
神秘博士：博士之日,2013,2013-11-23,科幻 冒险,75,82,英语,Nick Hurran,史蒂文·莫法特,马特·史密斯 大卫·田纳特 约翰·赫特 珍娜·科尔曼 比莉·派佩 William Hartnell 帕特里克·特劳顿 Jon Pertwee Tom Baker,神秘博士五十周年特别篇,被列入世界吉尼斯纪录的最长科幻系列电视剧《神秘博士》将迎来第50周年的播放纪念。为了庆祝这部长寿电视剧的半百生日，英国广播公司BBC电视台制作了《神秘博士》特辑，不仅将在英国电视台和电影院同步播映，还将首次以3D形式与观众见面。
小姐,2016,2016-06-01,惊悚 剧情 爱情,145,82,朝鲜语,朴赞郁,萨拉·沃特斯,金敏喜 金泰梨 河正宇 赵震雄 金海淑 文素利 李龙女 郭恩珍 李东辉,一只章鱼哥，两双剪刀脚,故事背景设定在1930年代日本占领时期的朝鲜。新人女仆淑熙受雇服侍日本贵族秀子，后者与专横的舅舅居住在一座偏僻的乡间大宅中。然而女仆怀揣秘密：她实为一名扒手，受假冒日本伯爵的骗子招募，企图助其引诱小姐私奔，夺取财产后将秀子关进疯人院。计划似乎顺利进行，直到淑熙与秀子之间萌生了意料之外的情愫。
桃色公寓,1960,2016-04-17,喜剧 剧情 爱情,125,82,英语,比利·怀尔德,I. A. L. 戴蒙德,杰克·莱蒙 雪莉·麦克雷恩 弗莱德·麦克莫瑞 雷·沃尔斯顿 杰克·克鲁申 大卫·刘易斯 奥佩·霍利迪 琼·肖丽 Naomi Stevens,就电影而言，从未有过这样的作品——论笑料、论爱情，还是论其他任何方面！,C. C. Baxter是纽约一个大公司的小职员，他的单身公寓经常被公司的高层们用去当作幽会的场所，Baxter也因此获得不少升迁的机会。Baxter暗恋着公司的电梯女郎Fran Kubelik，这天他终于鼓起勇气约了她晚上一起去看一出戏剧。然而Baxter等了一晚却未见Fran的踪影，原来Fran是公司的高管有妇之夫Jeffery Sheldrake的地下情人，那晚他们还在Baxter的公寓幽会。Jeffery信誓旦旦向Fran表示，他将和他的妻子离婚然后和她名正言顺地在一起。Fran相信了，然而几个星期后她又从Jeffery的上一任情人知晓了Jeffery所说的不过是个谎言。另一方面，在一个夜里，当Baxter回到他家的时候，意外地发现Fran竟倒在他的床上，并且服了很多安眠药企图自杀......  本片获1960年奥斯卡十项提名，赢得包括最佳导演、最佳影片在内的五项大奖。
我的母亲有话说,2019,2019-12-26,喜剧,111,82,葡萄牙语,Susana Garcia,Fil Braz,Paulo Gustavo Mariana Xavier Rodrigo Pandolfo Herson Capri Samantha Schmütz Alexandra Richter Patrícya Travassos Malu Valle Stella Maria Rodrigues,,Dona Hermínia will have to rediscover and reinvent herself because her children are forming new families. This supermom will have to deal with a new life scenario: Marcelina is pregnant and Juliano is getting married.
发条橙,1971,1971-12-19,科幻 犯罪,137,82,英语,斯坦利·库布里克,安东尼·伯吉斯,马尔科姆·麦克道威尔 帕特里克·马吉 卡罗尔·杜瑞 迈克尔·贝茨 沃伦·克拉克 詹姆斯·马库斯 迈克尔·塔恩 米里亚姆·卡林 阿德琳妮·柯瑞,一个主要兴趣是强奸、极度暴力和贝多芬的青年的冒险。,阿利斯是一位无恶不作的少年，他的特殊喜好是边听贝多芬的交响曲边奸淫女性，某次他进入一所别墅抢劫一番后，打残了该别墅的主人——一名小说家，并用特殊喜好蹂躏了其妻子。后来因为杀了一名单身女子，阿利斯入狱并接受了特殊的人格治疗，出狱后，他对淫乐之事产生彻底的厌倦。但当阿利斯回到家时，周围人群没改变对他的旧看法，在种种歧视的重压下，他跑到郊外一所别墅想喘口气，不想这所别墅正是他以前抢劫过的小说家的那所。而作为反政府组织首领的该小说家为了达到某种目的，软禁了阿利斯。当这件事暴露小说家被捕时，其手下为了对抗政府，扬言要把阿利斯恢复原来的性情，完全不理一旁的阿利斯大叫“我完全好了”。
宇宙小子大电影,2019,2019-08-26,电视电影 动画 家庭 冒险 奇幻,90,82,英语,瑞贝卡·舒格,Ben Levin,Zach Callison Deedee Magno Hall Estelle 米凯拉·迪茨 Sarah Stiles Tom Scharpling 乌佐·阿杜巴 Shelby Rabara Jennifer Paz,The true kinda love.,讲述史蒂文以为他保护地球的日子结束了，但新的反派来到沙滩市，史蒂文平静美丽的日子也完了，他遇到了人生中最大的挑战。
记忆碎片,2000,2001-03-16,悬疑 惊悚,113,82,英语,克里斯托弗·诺兰,,盖·皮尔斯 凯瑞-安·莫斯 乔·潘托里亚诺 小马克·布恩 拉什·费加 乔雅·福克斯 斯蒂芬·托布罗斯基 哈里特·桑塞姆·哈里斯 托马斯·列侬,有些记忆在被忘掉了时是最好的。,警方不予受理后，伦纳德·谢尔比执意追查强奸杀害妻子的凶手。然而，一种罕见且无法治愈的失忆症，使他踏上复仇之路难上加难。
偷自行车的人,1948,1948-11-24,剧情,93,82,意大利语,维托里奥·德西卡,切萨雷·扎瓦蒂尼,朗培尔托·马齐奥拉尼 恩佐·斯泰奥拉 莉安拉·卡雷尔 吉诺·萨尔塔梅伦达 Vittorio Antonucci Giulio Chiari Elena Altieri Carlo Jachino Michele Sakara,他们想要审查的那部影片！,这部荣获奥斯卡奖的维托里奥·德西卡作品，被全球影坛誉为有史以来最伟大的电影之一，界定了电影史上的一个时代。在战后贫困的罗马，一个男人得到了一份能为其绝望家庭带来救赎希望的新工作，然而开工第一天，他工作必需的自行车便遭窃。他带着年幼的儿子，踏上了寻找窃贼的征程。结构简朴而人性洞察深刻，本片凝聚了意大利新现实主义运动的最大优点：情感上的澄澈、社会意义上的正直，以及残酷的诚实。
我在雨中等你,2019,2019-08-09,剧情 爱情,109,82,英语,西蒙·柯蒂斯,加斯·斯坦,凯文·科斯特纳 米洛·文提米利亞 阿曼达·塞弗里德 瑞安·基拉·阿姆斯特朗 Lily Dodsworth-Evans 伊恩·莱克 马丁·唐文 凯西·贝克 McKinley Belcher III,Meet the dog who will show the world how to be human.,影片改编自Garth Stein所著同名畅销小说，聚焦一只名叫恩佐的狗狗，和他的主人——职业赛车手Denny Swift，恩佐跟着Denny学会了很多生活哲学。
对一个不容怀疑的公民的调查,1970,1970-02-12,剧情 惊悚,111,82,意大利语,Elio Petri,乌戈·皮罗,吉安·玛丽亚·沃隆特 Florinda Bolkan Gianni Santuccio Orazio Orlando Sergio Tramonti Arturo Dominici Aldo Rendine Massimo Foschi Aleka Paizi,,这位极具挑衅性的意大利电影导演埃利奥·佩特里在国际上最受赞誉的作品，便是这部荣获奥斯卡奖、令人震撼且直击人心的杰出惊悚片。在讲述一位罗马警探调查一桩令人发指的罪行——而凶手正是他自己——这一卡夫卡式故事时，佩特里巧妙维系了荒诞与写实间的平衡。影片既是对人物的深刻剖析，亦是对1960年代末至70年代初意大利政府高压镇压的尖锐评论。佩特里对超现实官僚体系的动态描摹，呈现出一幅反常又愉悦的受控混乱图景。[标准收藏]
非常嫌疑犯,1995,1995-08-16,剧情 犯罪 惊悚,96,82,英语,布莱恩·辛格,克里斯托弗·麦夸里,史蒂芬·鲍德温 加布里埃尔·伯恩 本尼西奥·德尔·托罗 凯文·波拉克 凯文·史派西 查兹·帕尔明特瑞 皮特·波斯尔思韦特 苏茜·爱米斯 吉安卡罗·埃斯波西托,五个罪犯， 一条线， 没有巧合！,美国加州的圣佩雷罗港一艘货轮爆炸，死亡27人，9000万美元失踪。事故发生以后，联邦调查局探员白基奇在医院等待昏迷不醒的幸存者；海关特派员大卫（查兹•帕明特里 饰）则对另外一名拿到特赦令的幸存者金特（凯文•史派西 饰）进行了审问。金特供认，在事故中丧生的基顿（加布里埃尔•伯恩 饰）、法特（本尼西奥•德托罗 饰）、麦曼诺（斯蒂芬•鲍尔文 饰）和杜学尼（凯文•波拉克 饰），以及他本人，六个月前被警察局作为卡车抢劫案的疑犯带到警局过了一夜，五人因此结成了一个犯罪团伙，狼狈为奸……
异形,1979,2016-04-16,恐怖 科幻,117,82,英语,丹·欧班农,雷德利·斯科特,汤姆·斯凯里特 西格妮·韦弗 维罗尼卡·卡维特 哈里·迪恩·斯坦顿 约翰·赫特 伊恩·霍姆 亚非特·科托 博拉吉·巴迪乔 海伦·霍顿,在遥远的太空 无人能听到你的尖叫,未来的世界，人类已能轻松穿梭于星际之间，在太空中展开商业活动。“诺斯特罗莫”是在太空活动的众多星际商业运输船之一。一次，它完成任务满载太空矿石返航地球时，突然收到了一组奇怪的信号，由于这可能是求救信号，飞船接到指令前往信号源地进行搜救。经过一段飞行后，飞船终于抵达信号源发出的地方。船员们发现此处果然有一艘坠毁的飞船，只是，经过一番搜索，他们发现该船的船员们都早已死亡，化为化石。此时，留在“诺斯特罗莫”号的第三指挥官蕾普莉已经破译出该信号并不是求救信号，而是警告信号！队员的生死搏斗开始了！
东京物语,1953,1953-11-03,剧情,136,82,日语,小津安二郎,野田高梧,笠智众 东山千荣子 原节子 杉村春子 山村聪 三宅邦子 香川京子 东野英治郎 中村伸郎,只要生命延续，父母与子女间的关系就会带来无尽的欢乐与不尽的哀愁。,一部对人类本质与世间别离的深刻感怀之作，是电影巨匠小津安二郎导演生涯的至高杰作。以战后繁忙的东京为背景，讲述一对老夫妇前往探望成年子女的旅程，以导演一贯的细腻笔触与敏锐的社会观察，描摹出家庭生活中丰富而复杂的景象。笠智众与原节子等小津班底的动人演绎，使影片深入拓展了导演一以贯之的代际隔阂主题，无疑成就了电影史上最伟大的杰作之一。
第七封印,1957,1957-02-16,奇幻 剧情,96,82,瑞典语,英格玛·伯格曼,,甘纳尔·布耶恩施特兰德 本特·埃克罗特 尼尔斯·波普 马克斯·冯·西多 比比·安德森 英加·吉尔 莫德·菲松 英加·兰德格雷 古内尔·林德布洛姆,关于死亡挑战的故事。,十字军东征归来的骑士精疲力竭，发现中世纪瑞典正被瘟疫笼罩。当披着斗篷的死神突然现身时，骑士向他发起了象棋对决的挑战。随着这场命运棋局的推进，骑士与随从在绝望的社会中邂逅了形形色色的边缘人。导演英格玛·伯格曼以此展开对信仰本质与死亡折磨的深邃追问。作为当时最具影响力的电影之一，本片不仅是人类探寻意义的震撼寓言，更是一部凝练的视觉诗篇。[标准收藏公司]
无间道风云,2006,2006-10-05,剧情 惊悚 犯罪,151,82,英语,马丁·斯科塞斯,威廉·莫纳汉,莱昂纳多·迪卡普里奥 马特·达蒙 杰克·尼科尔森 马克·沃尔伯格 马丁·辛 雷·温斯顿 维拉·法米加 安东尼·安德森 亚历克·鲍德温,警察还是罪犯。当你面对一把上膛的枪时，这二者又有何区别？,这部由马丁·斯科塞斯执导的硬派犯罪剧情片，将我们带入两名警察的人生：科林·沙利文（马特·达蒙 饰）精明而野心勃勃，看似在麻省州警精英特别调查组中拥有快速晋升通道，该部门的首要目标是势力庞大的爱尔兰黑帮头目弗兰克·卡斯特罗（杰克·尼科尔森 饰）。比利·科斯蒂根（莱昂纳多·迪卡普里奥 饰）熟知街头法则且强悍坚韧，却因被指暴力倾向而失去警徽，最终重回南波士顿的混乱街头，并被招募加入卡斯特罗的团伙。然而两人皆隐藏着真实身份，当他们在对立阵营中展开行动时，被迫卷入一场生死攸关的致命猫鼠游戏。[华纳兄弟]
心灵捕手,1997,1997-12-05,剧情,126,82,英语,格斯·范桑特,本·阿弗莱克,马特·达蒙 罗宾·威廉姆斯 本·阿弗莱克 斯特兰·斯卡斯加德 明妮·德里弗 卡西·阿弗莱克 科尔·豪瑟 维克·萨海 约翰·米顿,第70届奥斯卡金像奖 最佳原创剧本,麻省理工学院的数学教授蓝波在席上公布了一道困难的数学题，却被年轻的清洁工威尔（马特·戴蒙 饰）解了出来。可是威尔却是个问题少年，成天和好朋友查克（本·阿弗莱特 饰）等人四处闲逛，打架滋事。当蓝波找到这个天才的时候，他正因为打架袭警被法庭宣判送进看守所。蓝波向法官求情保释，才使他免于牢狱之灾。蓝波为了让威尔找到自己的人生目标，不浪费他的数学天赋，请了很多心理学专家为威尔做辅导，但是威尔十分抗拒，专家们都束手无策。无计可施之下，蓝波求助于他大学的好友，心理学教授尚恩（罗宾·威廉姆斯 饰），希望能够帮助威尔打开心房。经过蓝波和尚恩的不懈努力，威尔渐渐敞开心胸，而好友查克的一席话，更是让他豁然开朗。
朝花夕誓：于离别之朝束起约定之花,2018,2019-02-02,动画 奇幻 剧情,115,82,日语,冈田麿里,,石见舞菜香 入野自由 樱井优辉 茅野爱衣 梶裕贵 细谷佳正 佐藤利奈 日笠阳子 泽城美雪,爱上他人，便是孤独的开始,在世界的尽头，住着一群被称为“离别一族”的古老民族：他们拥有着长寿之血和永生不老的面容。在一场外族入侵的战役中，离别一族惨遭灭族，15岁的玛奇亚虽然侥幸逃生，却彻底和朋友失去了联系。孤身一人的她在残骸中拾到了一个普通人家的遗孤，并决定收养它。然而随着时间的流逝，玛奇亚必须要学会如何做一个母亲，经历人间的生离死别，并在朝代的更迭中守护“离别一族”最后的信仰…
疤面煞星,1983,1983-12-09,动作 犯罪 剧情,170,82,英语,布莱恩·德·帕尔玛,奥利弗·斯通,阿尔·帕西诺 史蒂文·鲍尔 米歇尔·菲佛 玛丽·伊丽莎白·马斯特兰托尼奥 罗伯特·洛吉亚 米里亚姆·科隆 F·默里·亚伯拉罕 保罗·谢纳尔 哈里斯·于林,世界是你的...,古巴难民青年托尼（阿尔•帕西诺 Al Pacino 饰）逃难来到了美国的迈阿密，成了一个典型的天不怕、地不怕的美国街头小混混。托尼在当地的一个毒枭手下干活，因其心狠手辣、胆大心细，十分出色地帮老大完成了几件任务而迅速受到赏识，成为毒枭的第一得力助手。然而托尼并没有就此满足，他先是从委内瑞拉的毒枭那里接下了大单子，接着将自己的眼中钉一颗颗除去，势力不断扩大。当他的老大感受到威胁时已经太晚了，托尼将老大干掉然后一统了迈阿密毒品市场的天下。托尼得势后他的性格开始变得疑神疑鬼，对周围的人甚至至亲的家人、好兄弟都充满怀疑。疑心使他逐渐走上了不归路！
Top Gun: Maverick,2022,2022-05-27,动作 剧情,131,82,英语,吉姆·卡什,杰克·埃普斯,汤姆·克鲁斯 方·基默 迈尔斯·特勒 詹妮弗·康纳利 巴希尔·萨拉赫丁 乔恩·哈姆 查尔斯·帕内尔 莫妮卡·巴巴罗 刘易斯·普尔曼,壮志凌云2：独行侠,壮志凌云2：独行侠 作为海军顶尖飞行员服役30多年后，皮特·米切尔（代号：“独行侠”）（汤姆·克鲁斯 饰演）决定打破体制的限制，成为一名试飞员接受更大的挑战。当他接到命令，为一项高难度特殊任务训练一群“高空利剑”项目的毕业生时，他遇到了已故的好友兼雷达截获官，代号“笨鹅”的尼克·布拉德肖中尉之子布莱德利·布拉德肖中尉（代号：“公鸡”）。  面对不确定的未来和难以释怀的心魔，独行侠必须战胜内心深处的恐惧。因此，他参与了一项需要巨大牺牲才能完成的任务
楚门的世界,1998,2024-09-09,喜剧 剧情,103,82,英语,彼得·威尔,安德鲁·尼科尔,金·凯瑞 劳拉·琳妮 诺亚·艾默里奇 娜塔莎·麦克艾霍恩 霍兰德·泰勒 艾德·哈里斯 保罗·吉亚玛提 布赖恩·戴拉特 彼得·克劳斯,如果再也不能见到你，祝你早安午安晚安。,二十九年前，一名男婴被奥姆尼康电视公司收养，从此成为全球最受欢迎的电视节目的主人公。他的名字叫楚门·伯班克。[派拉蒙影业]
无知的声音,2005,2005-01-28,剧情 战争,120,82,西班牙语,Luis Mandoki,Oscar Orlando Torres,Carlos Padilla Xuna Primus 蕾奥娜·维埃拉 José María Yázpik Gustavo Muñoz Ofelia Medina 丹尼尔·希门尼斯·卡乔 杰苏斯·欧乔阿 Jorge Angel Toriello,,20世纪80年代伊始，位于中美洲北部的小国萨尔瓦多爆发长达12年的内战。政府军和游击队连年激战，人民流离失所，国家破败不堪。11岁的男孩恰瓦（Carlos Padilla 饰）和母亲、姊妹生活在一起，他的父亲背井离乡，杳无音信。家中的生活困苦不堪，死亡也随时威胁着他们。本该在学堂求学的恰瓦，却被迫成为了一名端着冲锋枪的娃娃兵。从此，死神成为这群懵懂孩童最亲密最恐怖的同行者……
鹬,2016,2016-06-17,家庭 动画,6,82,英语,Alan Barillaro,,,,皮克斯2016动画长片《海底总动员2》的前贴片，讲述了一只饥饿的小矶鹬，努力克服恐水症，到海浪肆虐的沙滩上觅食的故事。原来成长就是要抛去曾经的视角，才能看到最美的未来
迷魂记,1958,2019-04-13,悬疑 爱情 惊悚,128,81,英语,阿尔弗雷德·希区柯克,布瓦洛-纳尔瑟雅克,詹姆斯·斯图尔特 金·诺瓦克 芭芭拉·贝尔·戈迪斯 汤姆·赫尔莫 亨利·琼斯 雷蒙德·贝利 艾伦·科比 康斯坦丁·谢恩 李·帕特里克,阿尔弗雷德·希区柯克将你卷入恐怖与紧张的漩涡之中！,这部惊悚悬疑片编织出一张令人晕眩的错位身份、激情与谋杀的巨网：患有恐高症的侦探从海湾救起一位神秘金发女郎后，陷入层层迷局。
20世纪少女,2022,2022-10-06,爱情 剧情,119,81,朝鲜语,方宥力,,金裕贞 边佑锡 朴柾佑 卢允瑞 金成京 郑锡勇 尹伊莱 全惠媛 金努林,A first love pov story.,1999年，一名少女为了大犯花痴的好友而密切关注学校里的一个男生，结果却展开了自己的爱情故事。
熔炉,2011,2011-09-22,剧情,123,81,朝鲜语,黄东赫,孔枝泳,孔刘 郑裕美 金贤秀 郑仁瑞 白承焕 张光 金周灵 金民尚 林贤成,那个令人恐惧的真相，被隐藏得太久了。,本片取材于2005年光州一所聋哑障碍人学校的真实事件，改编自韩国作家孔枝泳的同名小说。
终结者2：审判日,1991,2000-05-18,动作 惊悚 科幻,137,81,英语,詹姆斯·卡梅隆,盖尔·安妮·赫德,阿诺德·施瓦辛格 琳达·汉密尔顿 爱德华·弗朗 罗伯特·帕特里克 阿尔·伯恩 乔·莫顿 埃帕莎·默克森 卡斯图洛·格拉 丹尼·库克西,这绝非针对个人。,上一部中，超级电脑“天网”阻止人类抵抗领袖约翰·康纳诞生的行动失败，时隔13年后，在“审判日”到来之前，“天网”派出了更加先进的生化机器人T-1000（罗伯特·帕特里克 饰）从公元2029年回到洛杉矶追杀已经长大的约翰，与此同时，约翰也派出了机器人T-800（阿诺· 施瓦辛格 饰）回去保护年幼的自己。
卡萨布兰卡,1943,1943-07-07,剧情 爱情,102,81,英语,迈克尔·柯蒂斯,菲利普·G·爱泼斯坦,亨弗莱·鲍嘉 英格丽·褒曼 保罗·亨瑞德 克劳德·雷恩斯 康拉德·维特 悉尼·格林斯特里特 彼得·洛尔 S·Z·萨考尔 玛德琳·勒博,他们在卡萨布兰卡和命运有个约会,二战期间，卡萨布兰卡是欧洲逃往美国的必经之地，那里鱼龙混杂，局势紧张。里克（亨佛莱•鲍嘉 Humphrey Bogart 饰）是一个神秘的商人，他在卡萨布兰卡开了一家人气很旺的夜总会，并拥有两张宝贵的通行证。一天，反纳粹人士维克多和妻子伊尔莎（英格丽•褒曼 Ingrid Bergman 饰）来到夜总会，原来他们正在逃避纳粹的追捕。碰巧的是，里克发现，伊尔莎竟然是他的旧日情人。那段爱曾经刻骨铭心，却因为一个误会而终止。而当误会消解时，伊尔莎和里克的感情还是不可避免的重燃了。里克手上的两张通行证能帮助维克多度过难关，但这样一来，伊尔莎是决定留下，还是离去，他们的爱情在政治和伦理的推波逐流中走向何方。
寻子遇仙记,1921,1928-04-29,喜剧 剧情,68,81,英语,查理·卓别林,,查理·卓别林 杰基·库根 卡尔·米勒 埃德娜·普维恩斯 阿尔伯特·奥斯汀 比尤拉 波因斯 内莉·布莱·贝克 亨利·伯格曼 爱德华·利比,六卷欢乐。,当查理·卓别林决定突破短片形式、创作其首部长片时，他已是国际巨星。本片不仅展现了卓别林职业生涯的转折点——证明了自己是一位严肃的电影导演，它本身亦是默片时代一部极具感染力的杰作。片中，他再次扮演那可爱的流浪汉角色，这次他收养了一个从街头救下的孤儿。卓别林与库根在这部情感与滑稽绝妙融合的作品中缔造了一对奇迹般的搭档。正如影片开场的字幕卡所言，这是“一部带笑——或许，也带泪的电影”。
红胡子,1965,1965-04-03,剧情,185,81,日语,黑泽明,山本周五郎,三船敏郎 加山雄三 山崎努 团令子 桑野美雪 香川京子 江原达怡 二木照美 根岸明美,生活的关键是什么——是权力、声望还是内心的平静？,黑泽明执导这部歌颂人性光辉的经典之作，影片围绕一位傲慢的年轻医生与仁厚的诊所院长之间跌宕起伏的羁绊展开。三船敏郎在他与黑泽明合作的最后一部作品中，以极具力量的表演诠释了这位威严而富有同理心的院长形象，引导其学生走向成熟，教会那位愤世嫉俗的实习医生珍视贫困患者的生命。黑泽明精准捕捉了19世纪日本的时代风貌与人文气息，将时间、地域与情感交织成一幅引人入胜的画卷。[标准收藏]
何以为家,2018,2019-04-29,剧情,126,81,阿拉伯语,娜丁·拉巴基,Khaled Mouzanar,赞恩·阿尔·拉菲亚 约丹诺斯·希费罗 博鲁瓦蒂夫·特雷杰·班科尔 Kawsar Al Haddad Fadi Kamel Yousef Cedra Izzam Alaa Chouchnieh Elias Khoury 娜丁·拉巴基,我要控告我的父母 因为他们生下了我,法庭上，十二岁的男孩赞恩向法官状告他的亲生父母，原因是，他们给了他生命。是什么样的经历让一个孩子做出如此不可思议的举动？故事中，赞恩的父母在无力抚养和教育的状况下依然不停生育，作为家中的长子赞恩，弱小的肩膀承担了无数生活的重压。当妹妹被强行卖给商贩为妻时，赞恩愤怒离家，之后遇到一对没有合法身份的母子，相互扶持勉强生活。然而生活并没有眷顾赞恩，重重磨难迫使他做出了令人震惊的举动……
黑帮悍将,1993,1993-02-05,犯罪 剧情 惊悚,190,81,英语,泰勒·哈克福德,Floyd Mutrux,达米安·查帕 杰西·博雷戈 本杰明·布拉特 恩里克·卡斯蒂略 Victor Rivers 德尔罗伊·林多 汤姆·托尔斯 卡洛斯·卡拉斯科 Teddy Wilson,An epic story of three brothers. Bound by blood. Divided by fate. Driven by destiny.,影片以诗人吉米·圣地亚哥·巴卡的真实生活经历为基础，重点讲述了帕科和克鲁兹的同父异母兄弟，以及他们的两个种族表兄米科。影片于1972年开拍，因为这三人是洛杉矶东部一个叫“瓦托斯机车”的团伙的成员，故事的重点是暴力犯罪和毒品的影响如何改变他们的生活。
假面,1966,1966-10-18,剧情,85,81,瑞典语,英格玛·伯格曼,,比比·安德森 丽芙·乌曼 玛格丽塔·克罗克 甘纳尔·布耶恩施特兰德 约根·林德斯特伦,英格玛·伯格曼最具个人特色与独创性的电影作品。,步入六十年代中期，英格玛·伯格曼早已在银幕上凝结了诸多影史难忘的画面。但凭借这部突破之作，他将视觉诗意推向了全新境界。丽芙·乌曼献出其为伯格曼演绎的首个传奇角色，饰演一位莫名失语的舞台演员；同样令人着迷的比比·安德松则是聒噪的年轻护士，在偏远海岛小屋中照料她。两人在孤寂相处中，经历了一场神秘的精神与情感置换。凭借惊人的表演层次感，以及斯文·尼克维斯特用强烈对比与柔光打造的摄影，这部极具影响力的影片成为一部洞察深刻、如梦似幻的心理学深度之作。
中央车站,1998,1998-04-03,剧情,110,81,葡萄牙语,沃尔特·塞勒斯,若昂·伊曼纽尔·卡内罗,费尔兰德·蒙特纳哥 文尼西斯•狄•奥利维拉 玛丽亚·苏亚雷斯·佩拉 奥顿·巴斯托斯 Otávio Augusto 马修斯·纳克加勒 卡约·容凯拉 斯特拉 弗雷塔斯 Maria Menezes,在希望与孤独之间，两条生命交汇，重塑自我,里约热内卢的中央车站，朵拉在这里帮人写信。但她会把看不顺眼的信统统撕掉不寄，甚至公开读信里的内容取乐。朵拉生活拮据，年纪不小却还未嫁，或许在她内心，人与人之间的真情根本就不值得信赖。 小男孩约书亚的出现令她开始了一段重新认识人生的旅程——约书亚很想见到远方素未谋面的父亲，不断写信给他。男孩母亲意外的车祸让朵拉决定陪伴约书亚前往东北部寻找父亲。在约书亚眼中，即使父亲很陌生，却总是骄傲地谈起父亲。而朵拉，也同样有着一段和父亲的痛苦往事。在约书亚寻父的过程中，朵拉因为往事而冰冻的内心慢慢回暖。
雨中曲,1952,1981-05-15,喜剧 爱情,103,81,英语,阿多夫·格林,贝蒂·康登,吉恩·凯利 唐纳德·奥康纳 黛比·雷诺斯 简·哈根 米勒德·米切尔 赛德·查里斯 道格拉斯·福利 丽塔·莫雷诺 梅·克拉克,多么美妙的感觉！,一家默片制作公司及其演员团队在向有声时代艰难转型。
沙丘2,2024,2024-03-08,科幻 冒险,166,81,英语,丹尼斯·维伦纽瓦,弗兰克·赫伯特,提莫西·查拉梅 赞达亚·科尔曼 丽贝卡·弗格森 哈维尔·巴登 乔什·布洛林 奥斯汀·巴特勒 弗洛伦丝·皮尤 戴夫·巴蒂斯塔 克里斯托弗·沃肯,战士万岁。,《沙丘2》承接第一部剧情，讲述保罗·厄崔迪（提莫西·查拉梅 Timothée Chalamet 饰）被帕迪沙皇帝和哈克南人联手灭族后，在厄拉科斯星球遇到弗雷曼女战士契妮（赞达亚 Zendaya 饰）以及加入弗雷曼人后展开的传奇旅程。保罗与让他家破人亡的阴谋家们开战，同时面临着一生所爱与已知宇宙命运的两难选择。
我的英雄学院：英雄崛起,2019,2019-12-20,动画 动作 奇幻 冒险,104,81,日语,Kohei Horikoshi,长崎健司,山下大辉 冈本信彦 井上芳雄 今田美樱 寺崎裕香 黑泽朋世 梶裕贵 石川界人 佐仓绫音,"When There's Nothing to be gained, Rising to the challenge at those times, is surely the mark... OF A TRUE HERO!",新剧场版由原著作者堀越耕平担任总监修/角色原案，将展开原创故事。堀越耕平表示该剧场版在某种意义上是原作的最终回。
出租车司机,1976,2014-06-20,犯罪 剧情,113,81,英语,马丁·斯科塞斯,保罗·施拉德,罗伯特·德尼罗 朱迪·福斯特 斯碧尔·谢波德 哈威·凯特尔 彼得·博伊尔 伦纳德·哈里斯 艾伯特·布鲁克斯 戴安娜·阿伯特 弗兰克·阿杜,“你在跟我说话吗？”,这部马丁·斯科塞斯1976年的杰作，讲述了一位精神濒临崩溃的纽约出租车司机，为解救一名未成年妓女而走上暴力之路的过于真实的故事。
多哥,2019,2019-12-20,冒险 家庭,113,81,英语,埃里克森·科里,汤姆·弗林,威廉·达福 朱丽安·尼科尔森 克里斯多佛·海尔达 理查德·多默 阿德里安·多瓦尔 玛德琳·威金斯 麦克尔·格雷耶斯 妮维·尼尔森 尼古拉·尼古拉耶夫,不为人知的真实故事,聚焦1925年雪橇手和雪橇犬齐心协力为拯救阿拉斯加州诺姆市孩子的性命而奔波于血清接力路上的事件，被称为“Great Race of Mercy”。本片将登陆迪士尼自家流媒体，2019年推出。  1924年年底，诺姆市一个2岁小孩生病，医生诊断其患有扁桃体炎，这种疾病通常不会有生命危险，然而这个小孩成为例外，接下来很多孩子都被诊断患上了扁桃体炎，有几个不幸离世，医生最终确认这种病症是白喉。当时有一种疫苗能够用来对付白喉，然后诺姆市的疫苗全部过期，新疫苗在港口关闭前却未能送达，来年6月波罗的海才会解冻，也没有公路直通诺姆市、没有飞机，唯一运输货物的通道是邮路，然而冬天只有雪橇犬能够通行。卫生局决定使用两组雪橇犬接力运输，20个雪橇手和150只雪橇犬必须日夜兼程，经过河流，跨过平原，穿过森林，穿越冰冻的阿拉斯加邮路。最近的疫苗所在地为南纳，距离诺姆市1085公里，一般情况下狗拉雪橇需要费时25日，而他们只花了5天半就成功完成接力，拯救了多名孩子的性命。  本片主角Togo是挪威赶雪橇高手Leonhard Seppala(达福饰)使用的其中一只领头犬，因机智、卓越的领导力和敏锐的直觉备受称赞。Seppala被委任传送这场接力中最危险的一段，从诺姆到奴拉托接收那批免疫血清，在零下30度、七级以上强风的环境下成功完成了任务。之后南极探险家Roald Amundsen为Togo颁发了一枚金牌。  比约恩饰演一名接力人员，在途中背叛了Seppala。
小丑,2019,2019-10-04,犯罪 惊悚 剧情,122,81,英语,托德·菲利普斯,比尔·芬格,华金·菲尼克斯 罗伯特·德尼罗 莎姬·贝兹 弗兰西丝·康罗伊 布莱特·卡伦 谢伊·惠格姆 比尔·坎普 格伦·弗莱什勒 利·吉尔,摆出一张笑脸吧,亚瑟·弗兰克是一个依靠扮演小丑赚取营生的普通人，患有精神疾病的他和母亲一同住在哥谭市的一座公寓里，幻想成为脱口秀演员的亚瑟为了这个目标而努力的生活着，但是现实却屡次击败他的梦想，亚瑟渐渐地变得越来越癫狂，某天在地铁上，亚瑟为了自保杀害了几名嘲笑他的人，同时，一个疯狂的想法在亚瑟心灵萌发……  在看似和平的哥谭市，即将发生翻天覆地的巨变。
Palmer,2021,2021-01-28,剧情,110,81,英语,费舍尔·史蒂文斯,Cheryl Guerriero,贾斯汀·汀布莱克 莱德·艾伦 朱诺·坦普尔 艾丽莎·温赖特 琼·斯奎布 迪恩·温特斯 维恩·埃维雷特 杰西·博伊德 查明·李,Family is who you make it.,在坐牢12年后，前高中橄榄球明星埃迪·帕尔默回到了家乡，开始全新的生活。他和来自一个麻烦家庭的弃儿山姆建立了一种意想不到的联系，但埃迪的过去威胁到他的新生活和家庭。
哪吒之魔童闹海,2025,2025-01-29,动画 奇幻 冒险,144,81,汉语,饺子,,吕艳婷 囧森瑟夫 瀚墨 陈浩 绿绮 张珈铭 杨卫 王德顺 雨辰,Witness a hero reborn.,天劫之后，哪吒、敖丙的灵魂虽保住了，但肉身很快会魂飞魄散。太乙真人打算用七色宝莲给二人重塑肉身。但是在重塑肉身的过程中却遇到重重困难，哪吒、敖丙的命运将走向何方？ 申公豹放出被囚的四龙王，东海龙王敖光表示“我若出战，就让陈塘关鸡犬不留”，哪吒为了守卫陈塘关将与四海龙王大打出手。
少年的你,2019,2019-10-25,剧情 犯罪 爱情,138,81,汉语,曾国祥,玖月晞,周冬雨 易烊千玺 尹昉 黄觉 吴越 周也 张艺凡 刘然 张歆怡,你保护世界，我保护你,一场高考前夕的校园意外，改变了两个少年的命运。陈念 性格内向，是学校里的优等生，努力复习、考上好大学是高三的她唯一的念头。同班同学的意外坠楼牵扯出一连串不为人知的故事，陈念也被一点点卷入其中…在她最孤独的时刻，一个叫小北 的少年闯入了她的世界…大多数人的18岁都是明媚、快乐的，而他们却在18岁这个夏天提前尝到了成人世界的漠然。一场秘而不宣的“战斗”正在上演，他们将一起守护少年的尊严  。
奇爱博士,1964,2024-04-18,喜剧 战争,95,81,英语,斯坦利·库布里克,彼得·乔治,彼得·塞勒斯 乔治·坎贝尔·斯科特 斯特林·海登 基南·怀恩 小路易斯·林德利 彼得·布尔 詹姆斯·厄尔·琼斯 特蕾西·里德 杰克·克里利,这部热线悬疑喜剧。,斯坦利·库布里克对冷战焦虑的痛苦式幽默诠释，是好莱坞有史以来对人类愚行最尖锐的讽刺之一。千面戏骨彼得·塞勒斯一人分饰三个截然不同的角色：皇家空军上校莱昂内尔·曼德雷克——怯懦地试图阻止一位精神失常的美军将军下令对苏联发动核袭击；优柔寡断且始终惊愕的美国总统默金·马夫利，不得不将噩耗告知苏联总理；以及片名所指的奇爱博士本人，那位身坐轮椅、有着纳粹过往的总统顾问。在几乎所有难以想象的场景中发掘出荒诞笑料，本片是一部颠覆性杰作，正式宣告库布里克成为无与伦比的风格大师与漆黑讽刺家。[标准收藏]
姥姥的外孙,2024,2024-08-17,剧情,127,81,泰语,帕特·波尼蒂帕特,汤萨蓬·逖提拿坎,普提蓬·阿萨拉塔纳功 乌莎·西姆库姆 三亚·库纳康 莎琳雷特·托马斯 邦沙敦·宗威拉克 彤达婉·奔提维此弓 当蓬·欧阿披叻 西玛瓦理·塔利吉 Wattana Subpakit,真金“唤”真情,出身泰国华人家庭的无业年轻人阿安（马群耀 饰）看到堂妹因照顾病重的爷爷而继承房产后，也对身患绝症的姥姥（乌萨·萨梅坎姆 饰）动了心思，计划复刻堂妹的“致富之路”获取百万遗产。但面对同样“努力”的舅舅们和挑剔毒舌的姥姥，阿安这条争当全职孝孙的“啃姥致富”之路似乎没有他预想的那么顺利……
永远的车神,2010,2011-06-02,纪录,106,81,英语,阿西夫·卡帕迪亚,Manish Pandey,Ayrton Senna Alain Prost 弗兰克·威廉姆斯 Ron Dennis Viviane Senna Milton da Silva Neyde Senna 杰基·斯图亚特 Sid Watkins,No fear. No limits. No equal.,影片讲述了巴西传奇车手埃尔顿·赛纳传奇的一生。一级方程式车手赛纳在其职业生涯中参加了161场大奖赛、41次冠军、65次排头位、三次一级方程式大奖赛年度总冠军，以其勇敢、智慧，奔驰在赛场上10年，创造出了不平凡的成绩，成为当代世界最优秀的赛车手，被誉为“赛车王子”……不幸的是， 1994年5月1日在圣马力诺的伊莫拉赛道上撞车身亡，年仅34岁。
全金属外壳,1987,1987-06-26,剧情 战争,117,81,英语,斯坦利·库布里克,古斯塔夫·哈斯福德,马修·莫迪恩 亚当·鲍德温 文森特·多诺费奥 罗纳德·李·埃尔梅 多里安·哈伍德 凯文·梅杰·霍华德 阿利斯·霍华德 艾德·奥罗斯 约翰·特里,在越南，风不是吹来的，而是吸来的。,"越战期间，加入海军陆战队的一群年轻人被剃了光头，并分配寝位，负责训练他们的上校时常羞辱他们，还给他们取难听的外号，“傻瓜比尔""由于是胖子，动作老是出错，因此成为最经常被上校修理的人。班长“小丑""耐心照顾他。但傻瓜比尔再次的失误，令上校愤怒地惩罚全队，伙伴们终于忍无可忍，将傻瓜比尔痛揍了一顿。之后，傻瓜比尔开始对枪自言自语，他发挥了射击的才华，连上校也赞赏他终于可以成为伟大的“杀人机器""，就在出发前往越战战场的那晚，傻瓜比尔在他的 M14装满“全金属外壳子弹""，一枪打死上校，然后自己也含枪自杀。 　　选择编入新闻组的小丑，被长官派去前线采访，小丑看见年轻的士兵们已经麻木，在越共尸体旁饮酒、一面笑一面在直升机上扫射逃走的村民。他随众巡视，误入未扫荡的地区，大家遭到狙击手埋伏，牺牲了好几位同伴后，他们终于确定狙击手藏身的建筑物，小丑落单时忽然发现狙击手，对方原来是个非常年轻的少女！随他而来的摄影员开枪救了他，少女在地上痛苦的挣扎，一名士兵要大家离开，任那少女在此地腐朽。在少女的“杀了我""的哀求中，小丑终于拿起，扣下扳机……"
落水狗,1992,1992-10-23,犯罪 惊悚,99,81,英语,昆汀·塔伦蒂诺,,哈威·凯特尔 蒂姆·罗斯 迈克尔·马德森 克里斯·佩恩 史蒂夫·布西密 劳伦斯·蒂尔尼 兰迪·布鲁克斯 柯克·巴尔茨 爱德华·邦克,凡人皆有得意时。,昆汀·塔伦蒂诺的邪典经典处女作，讲述了一桩珠宝劫案出了差错的故事。
咒术回战0,2021,2025-04-03,动画 动作 奇幻,104,81,日语,朴性厚,濑古浩司,绪方惠美 花泽香菜 中村悠一 樱井孝宏 小松未可子 内山昂辉 关智一 岩田光央 黑田崇矢,爱是一种扭曲的诅咒。,乙骨忧太是一个高中生，他正面临着一个严重的问题，青梅竹马理香变成了一个咒灵，不会让他一个人呆着。由于理香不是普通的咒灵，他的困境被咒术高专的老师五条悟注意到了。五条说服忧太入学，但他赶得及吗？
我的朋友们,1975,1975-10-24,喜剧,140,81,意大利语,皮耶罗·德·贝尔纳迪,莱昂纳多·本韦努蒂,Ugo Tognazzi 加斯通·莫辛 菲利浦·诺瓦雷 Duilio Del Prete 阿道夫·切利 Bernard Blier Marisa Traversi 米莱娜·武科蒂奇 Franca Tamantini,"They played together, they drank together, they whorekistand together and when the semiwattle was in crispation, they had a boobchik of a time!",内基（酒吧老板）、佩罗齐（记者）、梅兰德里（建筑师）和马斯切蒂（一个破碎的贵族）住在佛罗伦萨。他们从最年轻的时候就成了朋友，每一个空闲的时候，他们都会一起组织复杂而可怕的笑话，或者只是在托斯卡纳游荡。其中一次疯狂的旅行最终会在像萨萨洛里教授这样的军方管理的医院里结束。梅兰德里爱上了他的妻子，从丈夫那里抢走了她，这让萨萨洛里自己很高兴。这段关系不会持续下去，但教授成了朋友团队中的第五个成员，笑话变得更加复杂和有力……
地球之盐,2014,2014-09-27,纪录,110,81,法语,朱利安诺·里贝罗·萨尔加多,维姆·文德斯,塞巴斯蒂昂·萨尔加多 维姆·文德斯 朱利安诺·里贝罗·萨尔加多 Hugo Barbier 莱利亚·瓦尼克·萨尔加多 Jacques Barthélémy Régis Muller João Pessoa Mattos Leny Wanick Mattos,萨尔加多的凝视,在过去的四十年里，摄影师塞巴斯蒂昂·萨尔加多游历各大洲，追随变迁中的人类足迹。他见证了近代历史上一些重大事件：国际冲突、饥荒与逃亡。如今，他正投身于一个宏大的摄影项目，探索原始地域、野生动植物以及壮丽景观，以此致敬地球之美。
机器人总动员,2008,2008-06-22,动画 家庭 科幻,98,81,英语,安德鲁·斯坦顿,吉姆·里尔登,本·贝尔特 艾丽莎·奈特 杰夫·格尔林 佛莱德·威拉特 约翰·拉岑伯格 凯茜·纳基麦 西格妮·韦弗 洛瑞·艾伦 鲍伯·伯根,一个超越“平凡”的冒险,公元 2700 年，人类文明高度发展，却因污染和生活垃圾大量增加使得地球不再适于人类居住。地球人被迫乘坐飞船离开故乡，进行一次漫长无边的宇宙之旅。临行前他们委托 Buynlarge 的公司对地球垃圾进行清理，该公司开发了名为 WALL·E（地球废品分装员的缩写）的机器人担当此重任。 这些机器人按照程序日复一日、年复一年辛勤工作，但随着时间的流逝和恶劣环境的侵蚀，WALL·E 们接连损坏、停止运动。最后只有一个仍在进行这项似乎永无止境的工作。经历了漫长的岁月，它开始拥有了自己的意识。它喜欢将收集来的宝贝小心翼翼藏起，喜欢收工后看看几百年前的歌舞片，此外还有一只蟑螂朋友作伴。直到有一天，一艘来自宇宙的飞船打破了它一成不变的生活…
奇迹男孩,2017,2018-01-19,家庭 剧情,113,81,英语,斯蒂芬·乔博斯基,R.J. Palacio,雅各布·特伦布莱 朱莉娅·罗伯茨 欧文·威尔逊 伊莎贝拉·维多维奇 诺亚·尤佩 米莉·戴维斯 布莱斯·盖萨尔 曼迪·帕廷金 丹妮尔·罗斯·罗素,Who gives you the courage to face the world?,10 岁的奥古斯特天生脸部畸形，此前一直在家中和妈妈自学。这是他第一天上公共学校，他不寻常的外表让他成为同学讨论的焦点。终日受到嘲笑和排斥的奥古斯特尽自己最大的努力在这残忍的环境中生存，就连好不容易交到的新朋友也似乎不太值得信任。当班上的恶霸 Julian 将他锁定为霸凌目标后，奥古斯特萌生了退学的念头。但就在此时，一个善良又美丽的女同学与他交好，帮助他走出困难。前路漫漫，奥古斯特必须向周遭的人证明，与他善良、聪敏、勇敢的心灵相比，外表一点也不重要。
八部半,1963,1963-02-14,剧情,138,81,意大利语,费德里科·费里尼,恩尼奥·弗拉亚诺,马切洛·马斯楚安尼 克劳迪娅·卡汀娜 阿努克·艾梅 Sandra Milo Rossella Falk 芭芭拉·斯蒂尔 玛德琳·勒博 Caterina Boratto Eddra Gale,一幅超越人类思维边界的画作——因为从未有人以如此独特的方式思考过它！,"马斯楚安尼饰演的导演圭多·安塞尔米，其新片计划与个人生活同时陷入崩解之境。费德里科·费里尼的《八部半》将个体艺术危机转化为宏伟的电影史诗，堪称影史最杰出的""关于电影的电影""之一。影片早期暂定名《美丽的混乱》，恰如其分地概括了这部杰作的特质：它是一场流光溢彩的梦境、一次马戏狂欢、一出视觉魔术。[标准收藏公司]"
囚徒,2013,2013-09-20,剧情 惊悚 犯罪,153,81,英语,丹尼斯·维伦纽瓦,亚伦·格兹考斯基,休·杰克曼 杰克·吉伦哈尔 维奥拉·戴维斯 玛丽亚·贝罗 泰伦斯·霍华德 梅丽莎·里奥 保罗·达诺 迪兰·明奈特 佐伊 索罗,每一刻都至关重要。,为了自己孩子的性命你会做到哪一步？凯勒.多佛 面对的是每个父母最恐惧的恶梦。他六岁的女儿安娜和小玩伴祖儿一起失踪了。唯一的线索是早前停在他家附近的一辆休闲车。在调查中，警探洛基 逮捕了这辆车的车主亚历克斯.琼斯，但因为缺乏证据而不得不放了他。 想到自己的孩子身处险境，急疯了的多佛决定靠自己。这位绝望的父亲决定不顾一切找到失踪的小女生们，但在找寻女儿的过程中，他渐渐迷失了自己，从而引出一个问题：寻求正义是不是可以超越法治？
"“The Shorts” by Aldo, Giovanni and Giacomo",1996,1996-03-29,喜剧,130,81,意大利语,Arturo Brachetti,,Aldo Baglio Giacomo Poretti Giovanni Storti 玛丽娜·马西罗尼,,"I Corti (""Shorts"") by Aldo, Giovanni & Giacomo was the first stage show of the comedy trio, with the participation of Marina Massironi. It was recorded live at the Teatro Nuovo in Ferrara on 28 and 29 March 1996. Produced by Agidi, with the theatre direction of Arturo Brachetti."
燃烧女子的肖像,2019,2019-09-18,剧情 爱情,120,81,法语,瑟琳·席安玛,,诺米·梅兰特 阿黛拉·哈内尔 卢安娜·巴杰拉米 瓦莱丽亚·戈利诺 Christel Baras Armande Boulanger Guy Delamarche Clément Bouyssou,Don't regret. Remember.,在十八世纪奢华浪漫的背景下，画家与她的模特之间，激情悄然酝酿，直至两人共同营造一个能容其短暂盛放的天地。本片出自当代法国影坛最受瞩目的作者导演之一——瑟琳·席安玛之手。玛丽安受秘密委派，来到一座与世隔绝的海边庄园，她必须通过暗中观察，为抗拒包办婚姻的埃洛伊兹画成一幅婚礼肖像。在精妙的张力中展开的，是一场持久目光的交汇。两位女性逐渐以醉人的亲密，熟知了彼此的举止、表情与身体，最终缔结了一段颠覆性的创作同盟，以及一场炽热的爱恋。怀抱着一种几乎超越时空的渴望，本片深掘了在一个没有男性的世界里，当女性可以自由共同生活、彼此凝视时，所迸发的情感与艺术可能。
焦土之城,2010,2010-09-17,剧情 战争 悬疑,130,81,法语,丹尼斯·维伦纽瓦,瓦莱丽·博格朗-相宾,卢巴纳·阿兹巴尔 梅丽莎·德索蒙斯-波林 马克西姆·高德特 雷米·吉拉德 艾伦·奥特曼 阿卜杜勒加福尔·埃拉齐兹 Dominique Briand Frédéric Paquet Ahmad Massad,搜寻由母亲的意愿而展开,双胞胎姐弟珍妮（梅丽莎·德索蒙斯-波林 Mélissa Désormeaux-Poulin 饰）跟西蒙（马克西姆·高德特 Maxim Gaudette 饰）收到过世的母亲娜瓦尔（卢布娜·阿扎宝 Lubna Azabal 饰）的遗嘱，可当宣读完内容之后，两姐弟却一时难以接受这样的遗嘱：一份是写给他们从未蒙面的父亲；一份是写给她的第三个孩子——他们更是不知道这个哥哥的存在。影片巧妙的游走在两个不同的时空：母亲终其一生苦苦寻觅自己的长子；姐弟遵循母亲的遗嘱前往中东寻找他们的父亲与兄长。可越是穷其究竟，他们面对的越是理不清的头绪跟令人震惊的真相。本片改编自加拿大著名法语作家瓦基迪·穆阿瓦德的同名剧作。导演丹尼斯·维伦纽瓦荣获第83届奥斯卡金像奖最佳外语片提名。
黑色五叶草：魔法帝之剑,2023,2023-06-16,动画 奇幻 动作 冒险,113,81,日语,种村绫隆,Johnny Onda,梶原岳人 岛崎信长 诹访部顺一 优木加奈 关俊彦 森川智之 大冢芳忠 泽城美雪 高桥文哉,When the legend revives... The kingdom will fall.,这部电影将由原著漫画作者田畠裕基担任监制，讲述原作中并未透露的魔法帝的故事。在一个魔法主宰万物的世界里，生来就没有魔法的男孩亚斯塔立志成为“魔法帝”，以克服逆境，证明自己的力量，并遵守与朋友们的约定。
德州巴黎,1984,2024-07-28,剧情,147,81,英语,维姆·文德斯,基特·卡森,哈里·迪恩·斯坦顿 娜塔莎·金斯基 迪恩·斯托克韦尔 Hunter Carson Aurore Clément Bernhard Wicki Sam Berry Claresie Mobley Viva,梦想启航之地。心碎疗愈之所。重拾碎片之处。,德国新电影先驱维姆·文德斯将他敏锐的风景观察力投向美国西南部，创作出这部由普利策奖获奖剧作家萨姆·谢泼德编剧、感人至深的角色研究。影片追踪沉默寡言的神秘流浪汉特拉维斯（演技精湛的哈利·迪恩·斯坦顿通 饰，他的面孔本身就是一片风景）试图与寄居洛杉矶弟弟家的幼子以及失踪的妻子重建联系。从这简单的设定出发，文德斯与谢泼德对男性气质的准则与美国家庭神话进行了有力的论述，同时也展开了一场对峡谷与霓虹构成的广阔而破碎世界的精致视觉探索。
困在时间里的父亲,2020,2021-06-18,剧情,97,81,英语,弗洛里安·泽勒,克里斯托弗·汉普顿,安东尼·霍普金斯 奥利维娅·科尔曼 马克·加蒂斯 奥利维亚·威廉姆斯 伊莫珍·波茨 卢夫斯·塞维尔 阿耶莎·霍尔德 Roman Zeller,,安东尼现年八十岁，性情淘气，倔强地独自生活，屡屡拒绝女儿安妮苦心为他安排的各种看护。然而安妮也逐渐力不从心——她无法再每日探望，而父亲对现实的感知正逐渐瓦解。随着记忆的潮汐涨落，安东尼还能抓住多少关于自我与过去的痕迹？当父亲依然在眼前呼吸存活，安妮又该如何面对这份正在逝去的亲情？
地球公民,2005,2005-09-24,纪录,95,81,英语,Shaun Monson,,华金·菲尼克斯,《地球公民》是由Shaun Monson自编自导的记录片，杰昆·菲尼克斯、Maggie Q等参与演出。该片从宠物，食物，衣物，娱乐，科学五个部分系统全面地揭露了当今人类是如何大规模地屠杀和虐待动物的故事。,本片从包括肉食、鱼、蛋类和奶制品等的畜牧业，包括皮革和皮草等的服装，包括马戏团、体育、动物园等的娱乐动物，伴侣动物，试验动物等全面地揭露了当今人类是如何大规模地屠杀和虐待动物。影片让观众看到，我们这个星球已经成为了一个巨大的屠宰场，人类已经堕落到何等残忍和无知的境地而不自觉。对于动物来说，地球如同地狱。
狩猎,2012,2012-09-24,剧情,115,81,丹麦语,托马斯·温特伯格,托比亚斯·林德霍尔姆,麦斯·米科尔森 托马斯·博·拉森 安妮卡·韦德科普 拉丝·弗格斯托姆 苏西 沃尔德 安妮·路易丝·哈辛 拉尔斯·兰特 亚历山德拉·拉帕波特 塞巴斯蒂安·布尔·萨宁,谎言正在传播。,刚刚和妻子离婚的卢卡斯目前在一家托儿所工作，心地善良个性温和的他很快就受到了同事和孩子们的喜爱，其中，一个名叫卡拉的早熟女孩对卢卡斯尤为的亲近。面对女孩幼稚 而单纯的示好，卢卡斯只能婉转的拒绝，可令他没有想到的是，这一举动将他的生活推向了风口浪尖。
潜行者,1979,1979-05-25,科幻 剧情,163,81,俄语,安德烈·塔可夫斯基,阿尔卡季·斯特鲁加茨基,阿丽莎·弗莱因德利希 亚历山大·凯丹诺夫斯基 阿纳托利·索洛尼琴 尼古拉·格林科 Natalya Abramova Faime Jurno Evgeniy Kostin Raimo Rendi Vladimir Zamanskiy,没必要说话。你必须......集中精神，回忆你所有的前世。当一个人想起过去时，他会变得更善良。,安德烈·塔可夫斯基在苏联时期的最后一部作品，是一次穿越神秘后末日景观的形而上学旅程，亦是一场独一无二的精妙观影体验。受雇的向导——“潜行者”——带领一位作家和一位教授深入“区”的核心地带，这个长期封闭的灾难禁区中，三人最终逼近了传说中的“房间”：一个据称能实现人内心深处最隐秘愿望的地方。改编自阿尔卡季与鲍里斯·斯特鲁加茨基兄弟的科幻小说，塔可夫斯基以丰富的物质细节和有机的氛围感，构建出一个沉浸式的世界。作为一则宗教寓言、对当时政治焦虑的反思，亦或是对电影本身的冥想——本片通过展开多重可能的意涵，将观众全然包围。[标准收藏]
两杆大烟枪,1998,1998-08-28,喜剧 犯罪,105,81,英语,盖·里奇,,维尼·琼斯 杰森·弗莱明 德克斯特·弗莱彻 尼克·莫兰 杰森·斯坦森 史蒂文·麦金托什 尼古拉斯·罗 尼克·马克 查尔斯·福布斯,到处都是罪犯的耻辱。,艾迪（尼克·莫伦）思维敏捷，是个玩牌高手。在三个好友的支持下，艾迪携巨资参加了黑社会的高额赌局，不想落入圈套，欠下50万的赌债。为了还清赌债，艾迪和朋友们绞尽脑汁，最终算计到一群毒贩身上，并为打劫购买了两杆老式烟枪。不想这群不安分的毒贩，正惦念着他们毒品供应商的钱，并在同一天实施了打劫。在毒贩们费劲周折，把毒品供应商熨的整整齐齐的钱款拿到手后，艾迪他们幸运的坐享其成。可是他们不知道，这看似简单的抢劫案背后，更有厉害的角色参与其中。他们手里的两杆破烟枪也隐藏着不少故事。在无知与莽撞中置身漩涡的他们能侥幸脱身么？笑料迭出的偶发事件里，穿插着小人物与大人物的辛酸幽默。
辉夜姬物语,2013,2014-06-02,动画 剧情 奇幻,137,81,日语,高畑勋,坂口理子,朝仓亚纪 地井武男 宫本信子 高良健吾 高畑淳子 田畑智子 立川志之辅 上川隆也 伊集院光,公主的罪与罚,一位老竹匠与妻子在发光的竹茎中发现微小女婴，她迅速长成秀丽的少女。这位神秘的年轻公主令所有遇见她的人着迷——但最终必须直面其命运，承担罪责的惩罚。[Gkids]
双重赔偿,1944,1944-07-06,犯罪 惊悚,107,81,英语,比利·怀尔德,詹姆斯·马勒汉·凯恩,弗莱德·麦克莫瑞 芭芭拉·斯坦威克 爱德华·罗宾逊 波特·霍尔 Jean Heather Tom Powers Byron Barr Richard Gaines Fortunio Bonanova,这是一见钟情，也是一场致命的邂逅！,可曾有过如此犀利的台词对白？可曾有过芭芭拉·斯坦威克这般摄人心魄的蛇蝎美人？可曾见过1940年代洛杉矶如此魅惑而腐朽的容颜？导演比利·怀尔德与编剧雷蒙德·钱德勒携手，将詹姆斯·M·凯恩的通俗小说化作黑色电影宿命论的终极典范，凭此跻身好莱坞顶级导演之列。当油滑的保险销售员沃尔特·内夫踏进家庭主妇菲利斯·迪特里希森奢华的宅邸，本意推销保险的他，却卷入了远比保单危险的致命阴谋。爱德华·G·罗宾逊抢尽风头的配角演出，加上摄影师约翰·F·塞茨精心雕琢的光影构图，共同造就这部影史最令人酣畅淋漓的黑色经典，树立了后世所有黑色电影难以逾越的标尺。[标准收藏]
心灵奇旅,2020,2020-12-25,动画 家庭 剧情 音乐 奇幻,101,81,英语,皮特·多克特,肯普·鲍尔斯,杰米·福克斯 蒂娜·菲 格雷厄姆·沃克 瑞秋·豪斯 艾莉丝·布拉加 理查德·阿约德 菲利西亚·拉斯海德 唐尼尔·罗林斯 阿米尔-卡利布·汤普森,如果有个地方能改变命运，你是否愿意一键重启人生？,乔·加德纳是一位中学乐队老师，他获得了毕生难逢的机会——在纽约最好的爵士俱乐部演奏。但一次小小的失误将他从纽约街头带到了一个奇幻之境“生之来处”。这是一个新生灵魂在前往地球之前获得个性、怪癖和兴趣的地方。决心重返自己生活的乔，与一个名叫22的早熟灵魂结成了伙伴。22始终无法理解人类生活的吸引力。当乔拼命试图向22展示生命的精彩之处时，他或许也将发现一些关于生命最重要问题的答案。
请以你的名字呼唤我,2017,2017-11-24,爱情 剧情,132,81,英语,卢卡·瓜达尼诺,André Aciman,艾米·汉莫 提莫西·查拉梅 迈克尔·斯图巴 阿蜜拉·卡萨 Esther Garrel Victoire du Bois Vanda Capriolo 安东尼奥·里莫尔迪 Elena Bucci,请以你的名字呼唤我 我亦将如此,在八十年代的意大利里维埃拉，每年夏天，十七岁的少年埃利奥都会跟家人在这里。今年，和他们共享假日时光的，还有来自美国的奥利弗，高大英俊热情开朗的奥利弗很快就获得了埃利奥一家人的喜爱。随着时间的推移，埃利奥和奥利弗之间渐渐产生了致命的吸引力，但性别和年龄的桎梏让他们迟迟无法跨出那关键的一步，与此同时，单纯善良的少女马奇娅也向埃利奥奉献着自己的感情和身体。最终，汹涌的激情冲破了埃利奥和奥利弗之间的防线，两人开始了一段注定不会有结果的恋情。
扎克·施奈德版正义联盟,2021,2021-05-03,动作 冒险 奇幻,242,81,英语,扎克·施奈德,克里斯·特里奥,本·阿弗莱克 亨利·卡维尔 盖尔·加朵 雷·费舍尔 杰森·莫玛 埃兹拉·米勒 塞伦·希德 艾米·亚当斯 威廉·达福,正义再次集结,为了确保超人没有白白牺牲，蝙蝠侠和神奇女侠计划招募一支超人类团队来保护世界。这项任务比布鲁斯的设想要困难得多，因为每个新人都必须面对并跨越自己过去的心魔，团结起来，最终形成前所未有的联盟，否则就无法阻止从荒原狼、狄萨德和达克赛德毁灭地球。
暖暖内含光,2004,2024-04-18,科幻 剧情 爱情,108,81,英语,米歇尔·贡德里,查尔斯·考夫曼,金·凯瑞 凯特·温斯莱特 克斯汀·邓斯特 马克·鲁法洛 伊利亚·伍德 汤姆·威尔金森 简·亚当斯 戴维·克罗斯 迪尔德丽·奥康奈尔,我已经忘了过去对你的感觉,乔尔震惊地发现女友克莱门汀竟将他们激烈感情的记忆全部删除。绝望之下，他联系了该技术的发明者霍华德博士，要求将克莱门汀从自己记忆中抹去。然而随着记忆逐渐消失，乔尔开始重新发现对克莱门汀的爱。
大都会,1927,2011-06-18,剧情 科幻,153,81,德语,弗里茨·朗,特娅·冯·哈堡,Gustav Fröhlich Brigitte Helm Alfred Abel 鲁道夫·克莱因-罗格 西奥多·卢斯 Fritz Rasp Erwin Biswanger Heinrich George Fritz Alberti,只有通过心灵的桥梁，双手与头脑之间才能达成真正的理解。,这部1927年的鸿篇巨制或许堪称默片时代的巅峰成就，弗里茨·朗将二十年代通俗小说狂热的叙事节奏，与自身对人性幽暗面的深刻洞察熔铸一体。
机动奥特曼：崛起,2024,2024-06-14,动画 科幻 家庭 动作,117,81,英语,Shannon Tindle,Marc Haimes,克里斯托弗·肖恩 渡边戈登 富田谭玲 基内·扬 Julia Harriman Rob Fukuzaki Frank Buckley 弗朗克西斯·周 Robert Yasumura,Big hero. Bigger responsibility.,一名明星运动员不情愿地回到家乡，接替父亲继承奥特曼的衣钵，保护东京免遭巨大怪兽的破坏，成为一名传奇英雄。
猫猫的奇幻漂流,2024,2025-02-28,动画 冒险 奇幻 家庭,85,81,拉脱维亚语,金兹·兹巴洛迪斯,马蒂斯·卡扎,,只要有猫在，就没什么好怕的！,这是一段关于友谊与生存的动人篇章，将独立动画的创作雄心与想象力推至令人惊叹的高度。这部荣获奥斯卡奖、风靡全球的作品，讲述了一只勇敢的猫在家园被大洪水摧毁后的故事。它与一只水豚、一只狐猴、一只小鸟和一只小狗结伴，共同驾驶小船寻找陆地。在这颗已然化为水世界的星球上，它们必须凭借信任、勇气与智慧渡过重重险境。凭借开源软件与小团队协作，富有远见的独立动画师金茨·齐尔巴洛迪斯营造了一场绝妙的感官之旅，深刻沉思了环境的脆弱与社群精神的真谛。
奇迹少女 纽约篇,2020,2020-09-26,动画 家庭 电视电影 动作 冒险,61,81,法语,托马斯·阿斯特鲁克,Matthieu Choquet,Anouck Hautbois Benjamin Bollen Antoine Tomé Fily Keita Céline Melloul Alan Aubert-Carlin Fanny Bloc Alexandre Nguyen Marie Nonnenmacher,New city. Same duty.,马丽娜是住在现代法国的巴黎少女，因为一次善举获得神秘老人的认可，得到了能变身为超级英雄奇迹少女的力量。同样获得变身能力的还有马丽娜的同班同学艾俊，他是知名设计师之子，因家庭过度保护长期在家自学，第一天上学却阴错阳差使马丽娜误会其恶作剧。双方在不知道对方真实身份的情况下，以奇迹少女及黑猫罗尔之名义拯救被黑化的巴黎市民，而艾俊对马丽娜澄清恶作剧一事后，艾俊温文的风度使得马丽娜开始想和他交朋友，一见艾俊便手足无措，但是艾俊却崇拜上智勇双全的奇迹少女，以黑猫黑尔的身份几度示爱，都被心有所属的马丽娜拒绝。两人面临的挑战除了爱情问题，还有在巴黎制造混乱的邪恶反派。
真人快打传奇：蝎子的复仇,2020,2020-04-12,动画 动作 奇幻,80,81,英语,Ethan Spaulding,Jeremy Adams,帕特里克·塞茨 Jordan Rodrigues 詹妮弗·卡朋特 乔尔·麦克哈尔 艾克·阿玛迪 史蒂夫·布鲁姆 阿特·巴特勒 达林·德保罗 罗宾·阿特金·唐斯,Extreme violence. Bad language. And a bloody good time.,聚焦了异世界和地球之间的千载难逢的比赛，这场比赛将最终决定地球和人类所有的公民的命运。地球保护者雷电必须聚集其领域最伟大的战士，以从邪恶的尚宗手上保卫地球，从而结束所有战斗。
白蛇2：青蛇劫起,2021,2021-07-23,动画 奇幻 动作 冒险,131,81,汉语,黄家康,大毛,唐小喜 张福正 魏超 赵铭洲 郑小璞 宋旭晨 邱秋 张碧玉 马程,Dependence arises from the previous life.,南宋末年，小白为救许仙水漫金山，终被法海压在雷峰塔下。小青则意外被法海打入诡异的修罗城幻境。几次危机中小青被神秘蒙面少年所救，小青带着出去救出小白的执念历经劫难与成长，同蒙面少年一起寻找离开的办法。
花样年华,2000,2025-02-14,剧情 爱情,99,81,Cantonese,王家卫,刘以鬯,张曼玉 梁朝伟 萧炳林 潘迪华 雷震 张同祖 陈万雷 顾锦华 钱似莺,感受这份炽热，让激情持续燃烧，任感官尽情迸发。,一九六二年的香港：周慕云与苏丽珍在同一天搬进相邻的公寓。他们的相遇起初保持着得体与疏离——直到发现各自配偶的秘密，一种亲密的情愫悄然滋生。王家卫的本片既含蓄典雅又视觉绚烂，精湛地勾勒出浪漫渴望与易逝的瞬间。在悸动的配乐、以及杜可风与李屏宾极致抽象的摄影美学中，这部电影成为过去二十年影坛的重要风格标杆，亦是王家卫璀璨生涯的一座里程碑。[标准收藏]
从海底出击,1981,1981-09-17,剧情 历史 战争,200,81,德语,沃尔夫冈·彼得森,洛塔尔·G·布赫海姆,尤尔根·普罗奇诺 赫贝特·格勒内梅厄 克劳斯·温纳曼 胡贝图斯·本施 马丁·塞梅洛格 伯恩德·陶伯 艾尔文·莱德 马丁·梅 海茵茨 ·霍尼格,在陆地上，他们梦想成为英雄。在海底，他们祈祷成为幸存者。,1942年，德国潜艇舰队深陷所谓的“大西洋战役”，旨在袭扰并摧毁英国航运。然而，随着驱逐舰级护航力量的加强，德国U型潜艇开始遭受重创。本片讲述了一艘U型潜艇船员的故事，聚焦这些潜艇兵如何保持军人职业素养，执行近乎不可能的任务，同时始终试图理解并服从他们所效忠的政府意识形态。
怒火青春,1995,1995-05-31,剧情,98,81,法语,马蒂厄·卡索维茨,,文森特·卡塞尔 休伯特·孔德 萨伊德·塔格马奥 阿卜杜勒·艾哈迈德·吉利 索罗 Joseph Momo 赫洛伊斯·劳特 Rywka Wajsbrot 奥尔加·阿布雷戈,"How far you fall doesn't matter, it's how you land…",影片以1993年在巴黎18区发生的一起警察暴力的真实事件为背景：一名警察在巡逻期间枪杀了一名17岁的扎伊尔少年Makomé M'Bowolé。而在影片当中，巴黎街头，一群反政府青年。纠纷由其中一人被警察殴打重伤而起，众人怀恨在心。文兹（文森特·卡塞尔 Vincent Cassel饰）弄到一把真枪，决心还以颜色。他们的仇恨与愤怒随处可见，这场与警察之间的大规模冲突，一触即发。混战中，文兹被警察开枪打死，他的同党也颤抖着对准了警察的头，枪声响起……无论是警察还是街头混混，每个人都失去了控制。这青春期里的不安与躁动，就像失控的怒火一般，无人幸免。 导演马修·卡索维茨荣获第48届戛纳电影节(1995)主竞赛单元最佳导演奖。
圣母街上的大人物,1958,1958-07-26,喜剧 犯罪,106,81,意大利语,马里奥·莫尼切利,富里奥·斯卡佩利,维托里奥·加斯曼 Renato Salvatori Memmo Carotenuto Rossana Rory Carla Gravina 克劳迪娅·卡汀娜 马切洛·马斯楚安尼 Totò Carlo Pisacane,The Story of a Perfect Crime ... Perfectly Hilarious!,这是《男人的争斗》（Rififi）的搞笑版。两个小偷带领一群小混混进行一个宏伟的偷盗计划。他们打算从一处公寓挖一个地道，进入附近一家商店，结果地道挖进了公寓的另一个房间，这只是一个小差错。反正这群笨贼该犯的错全犯了，而那个要偷的保险箱似乎唾手可得，但他们就是没本事得手。
热情如火,1959,2016-04-16,喜剧 爱情 犯罪,120,81,英语,比利·怀尔德,I. A. L. 戴蒙德,托尼·柯蒂斯 杰克·莱蒙 玛丽莲·梦露 George Raft Pat O'Brien Joe E. Brown Nehemiah Persoff 琼·肖丽 Billy Gray,这部电影简直火爆到无法用言语形容！,作为影史最受喜爱的电影之一，比利·怀尔德这部炙手可热的杰作为好莱坞喜剧树立了新标杆。芝加哥乐手乔与杰瑞（托尼·柯蒂斯与杰克·莱蒙贡献了里程碑式的表演）目睹一场黑帮屠杀后，男扮女装混入一支前往迈阿密的女子乐队仓皇逃逸。乐队主唱“蜜糖”凯恩（玛丽莲·梦露正值其致命魅力的巅峰）的魅力使他们陷入越来越夸张的谎言漩涡：乔伪装成百万富翁追求她，而杰瑞的女性身份竟与一位亿万富翁订下婚约。凭借怀尔德与I·A·L·戴蒙德精心打磨的犀利剧本，以及演员间精准碰撞的化学反应，本片至今仍保持着数十年前首次震撼观众时那种令人陶醉的诙谐与鲜活。
你给的仇恨,2018,2018-10-19,犯罪 剧情,132,81,英语,小乔治·蒂尔曼,Angie Thomas,阿曼德拉·斯坦伯格 雷吉娜·赫尔 罗素·霍恩斯比 K·J·阿帕 科曼 安东尼·麦凯 阿尔吉·史密斯 拉马尔·约翰逊 伊萨·雷,Two worlds. One voice. No going back.,斯塔尔·卡特不停地在两个世界之间切换：她所居住的贫穷、以黑人为主的社区，与她所就读的富裕、以白人为主的预科学校。这两个世界之间脆弱的平衡，在她亲眼目睹童年挚友卡里尔被一名警察开枪射杀后彻底崩塌。如今，面对来自社区各方的压力，她必须找到自己的声音，为正义挺身而出。[20世纪福克斯]
看不见的客人,2017,2017-09-15,剧情 悬疑 惊悚,107,81,西班牙语,奥里奥尔·保罗,,马里奥·卡萨斯 阿娜·瓦格纳 何塞·科罗纳多 巴巴拉·莱涅 弗兰塞斯克·奥雷利亚 帕科·图斯 大卫·塞尔瓦斯 伊尼戈·加斯特西 San Yélamos,"Every story has two sides. The truth, only one.",艾德里安（马里奥·卡萨斯 Mario Casas 饰）经营着一间科技公司，事业蒸蒸日上，家中有美丽贤惠的妻子和活泼可爱的女儿，事业家庭双丰收的他是旁人羡慕的对象。然而，野心勃勃的艾德里安并未珍惜眼前来之不易的生活，一直以来，他和一位名叫劳拉（芭芭拉·蓝妮 Bárbara Lennie 饰）的女摄影师保持着肉体关系。某日幽会过后，两人驱车离开别墅，却在路上发生了车祸，为了掩盖事件的真相，两人决定将在车祸中死去的青年丹尼尔联同他的车一起沉入湖底。之后，劳拉遇见了一位善良的老人，老人将劳拉坏掉的车拉回家中修理，然而，令劳拉没有想到的是，这位老人，竟然就是丹尼尔的父亲。
野草莓,1957,1957-12-26,剧情,91,81,瑞典语,英格玛·伯格曼,,维克多·斯约斯特洛姆 比比·安德森 英格丽德·图林 甘纳尔·布耶恩施特兰德 朱兰·金达尔 福克·桑德奎斯特 比约恩·比耶尔夫文斯坦 奈玛·维夫斯特兰德 古内尔·布罗斯特勒姆,,为接受荣誉学位踏上旅程的伊萨克·博格教授——由资深电影人兼演员维克多·斯约斯特洛姆精湛演绎——被迫直面过往，与自身缺陷和解，并坦然接受生命终将逝去的必然。通过回溯与幻想、梦境与梦魇的交织，本片戏剧化地呈现了一位老者非凡的自我发现之旅。这部充满标志性意象、富含人性关怀的杰作，是英格玛·伯格曼最受赞誉、最具影响力的电影之一。[标准收藏公司]
还有明天,2023,2025-03-08,剧情 喜剧 历史,118,81,意大利语,保拉·科泰莱西,富里奥·安德烈奥蒂,保拉·科泰莱西 瓦莱里奥·马斯坦德雷亚 罗马纳·马乔拉·韦尔加诺 埃马努埃拉·法内利 乔治·科兰杰利 维尼西奥·马尔基奥尼 阿莱西娅·巴雷拉 弗朗切斯科·森托拉姆 拉斐尔·瓦诺利,,1946年5月的罗马被二战留下的贫困、街头游荡的盟军民兵，以及6月2日至3日的国体公投所激发的变革愿望撕裂。女主角迪莉娅是虐待狂伊万诺的妻子，也是三个孩子的母亲，其中包括十几岁的玛塞拉。在处理家庭事务的间隙，她照顾闷闷不乐的岳父奥托里诺，偶尔还要去城里的一些商店打工。这个女人在这艰难的生活中也有几个盟友：爱她的机械师尼诺；玛丽莎，一位机智乐观的朋友；还有威廉，想要帮助她的非裔美国士兵。迪莉娅的生活被玛塞拉与朱利奥的订婚打乱。朱利奥来自一个富裕的家庭，他们的收入主要源于经营的酒吧。然而迪莉娅很快意识到，若红事确定，她的女儿将走向与她相似的痛苦婚姻。因此，在威廉的帮助下，她设法炸毁了准女婿的酒吧，迫使他们家离开罗马。尽管马塞拉陷入绝望，但迪莉娅知道她做了正确的事。在邮寄给她的第一张选民卡的鼓励下，她决心反击。6月2日，决定国家命运的时刻到来。迪莉娅想要参加，并找借口逃离丈夫，但岳父却突然去世。好在这并未阻碍她作为女性第一次参与投票。可她丢失的选民卡却接二连三被丈夫和绝望中的女儿找到。她必须在其中周旋，确保能为自己、孩子和国家的未来做出正确的选择。
哈利·波特与死亡圣器（下）,2011,2011-08-04,冒险 奇幻,130,81,英语,大卫·叶茨,J·K·罗琳,丹尼尔·雷德克里夫 艾玛·沃森 鲁伯特·格林特 拉尔夫·费因斯 艾伦·瑞克曼 迈克尔·甘本 沃维克·戴维斯 海伦娜·伯翰·卡特 塞伦·希德,一切终将结束,在这部史诗终章的第二部分，魔法世界正邪双方的对决升级为全面战争。危机已达空前高度，无人能保证安全。然而，当哈利·波特逐步逼近与伏地魔的终极对决时，他可能被迫作出最后的牺牲。一切在此终结。[华纳兄弟影业]
用心棒,1961,1961-04-25,剧情 惊悚,110,81,日语,黑泽明,菊岛隆三,三船敏郎 仲代达矢 司叶子 山田五十铃 加东大介 河津清三郎 志村乔 太刀川宽 夏木阳介,杀一人或百人...终归只上一次绞架,无与伦比的三船敏郎在黑泽明这部视觉震撼、充满黑色幽默的影片中担纲主演。为扫清一座被恐怖笼罩的村庄里的腐败势力，足智多谋的浪人武士三十郎巧妙利用两个邪恶家族间的势力争斗，将局势导向对自己有利的方向。本片先后被塞尔吉奥·莱奥内与沃尔特·希尔翻拍，这部酣畅淋漓的类型颠覆之作，至今仍是影史上最具影响力且娱乐性极强的经典之一。[标准收藏公司]
家门之外,2021,2021-11-24,动画 家庭,7,81,英语,Natalie Nourigat,,,,做家长很难，尤其是一只年幼浣熊有好奇心时，他的家长努力确保大家的安全。在华特迪士尼动画制作室的短片《家门之外》中，这只年轻的浣熊学会以开放的心态生活，即使潜伏着危险。
彗星美人,1950,1950-11-09,剧情,138,81,英语,约瑟夫·L·曼凯维奇,,贝蒂·戴维斯 安妮·巴克斯特 乔治·桑德斯 塞莱斯特·霍尔姆 加里·梅里尔 休·马洛 塞尔玛·里特 格雷戈里·拉托夫 玛丽莲·梦露,这一切都关乎女性……以及她们身边的男性！,在约瑟夫·L·曼凯维茨这部犀利机智与妙语连珠的好莱坞经典中，舞台后方才是真实戏剧上演之处。一夜，玛戈·钱宁在化妆间接待了一位不速之客——她最狂热的崇拜者，那位羞怯而天真的伊芙·哈灵顿。然而当伊芙逐渐渗透进玛戈的生活，这位百老汇传奇很快意识到，这位所谓的仰慕者正企图利用她与身边所有人——包括乔治·桑德斯饰演的毒舌评论家——作为自己迈向星途的垫脚石。凭借曼凯维茨如手术刀般锋利的对白与执导，以及戴维斯凭此片重振并定义其演艺生涯的难忘表演，这部荣获多项奥斯卡奖的影片，成为影史对演艺界残酷法则最精妙绝伦的无情剖析。
HOMECOMING: A film by Beyoncé,2019,2019-04-17,纪录 音乐,137,81,英语,碧昂丝,,碧昂丝 Jay-Z 凯莉·罗兰 Michelle Williams Solange 布鲁·艾薇·卡特 Rumi Carter Sir Carter Tina Knowles,,碧昂丝柯契拉(Coachella)音乐节纪录片[归家：碧昂丝作品](Homecoming: A Film By Beyoncé，暂译)首曝繁体中字预告！该片将记录碧昂丝在柯契拉(Coachella)音乐节的台前幕后。影片将于4月17日登陆Netflix
血色将至,2007,2008-06-14,剧情,158,81,英语,保罗·托马斯·安德森,厄普顿·辛克莱,丹尼尔·戴-刘易斯 保罗·达诺 凯文·J·奥康纳 塞伦·希德 Dillon Freasier Hope Elizabeth Reeves Colleen Foy Barry Del Sherman David Willis,21世纪最好的电影。,当丹尼尔·普莱恩维尤得知西部有个小镇正涌出石油如海的隐秘消息后，便带着儿子H.W.前往尘沙蔽日的小波士顿碰运气。在这片贫瘠土地上，唯一的喧腾围绕着魅力非凡的牧师以利·桑迪所主持的圣滚教教堂。普莱恩维尤父子虽幸运地挖出了油井，但随着财富喷涌，冲突亦日益加剧——爱、希望、信仰、野心、社区纽带，甚至父子亲情，所有人性价值都在腐败、欺骗与石油洪流的冲刷下面临崩解。
街角的商店,1940,1940-01-12,喜剧 剧情 爱情,99,81,英语,恩斯特·刘别谦,萨姆森·拉斐尔森,玛格丽特·苏拉文 詹姆斯·斯图尔特 弗兰克·摩根 约瑟夫·希尔德克劳特 萨拉·哈登 费利克斯·布雷萨特 威廉·特雷西 伊内兹·考特尼 莎拉·爱德华兹,每个曾守候“盲约”的女孩或小伙子。,一家礼品店的两名店员在工作中水火不容，却浑然不知彼此正是对方那位渐生情愫的匿名笔友。
大战争,1959,1959-10-28,喜剧 战争 剧情,137,81,意大利语,马里奥·莫尼切利,富里奥·斯卡佩利,维托里奥·加斯曼 阿尔贝托·索尔迪 西尔瓦娜·曼加诺 Folco Lulli Bernard Blier Romolo Valli Vittorio Sanipoli Nicola Arigliano Mario Valdemarin,The great battle spectacle of our time!,两个意大利士兵被卷入第一次世界大战，他们很想逃脱战争的阴霾，想了很多办法，但是现实无情，总是把他们推到荒唐而危险的境况中。在一次次偷懒成功后，他们却目睹着一次次战友们血肉模糊的战场惨状。终于一个亡故战友的妻子令两人的思想有了变化，在一次对敌行动被俘后两人被处死，但他们的长官却还以为他们照旧做了逃兵。
山椒大夫,1954,1954-03-31,剧情,124,81,日语,沟口健二,吉田喜重,田中绢代 Yoshiaki Hanayagi 香川京子 进藤英太郎 菅井一郎 Bontarō Miake 小园蓉子 浪花千荣子 Kikue Mōri,没有怜悯之心，人便与野兽无异。,当一位理想主义的官员违抗了当权的封建领主，他便遭流放，其妻儿只能自谋生路，并最终被恶毒的奴隶贩子强行拆散。在沟口健二璀璨夺目的执导下，这个经典的日本故事成为了电影史上最伟大的杰作之一，它是一部纪念碑式的、充满同理心的史诗，深刻表达了人类在邪恶面前的坚韧精神。[标准收藏]
婚姻生活,1974,1974-10-28,剧情 爱情,169,81,瑞典语,英格玛·伯格曼,,丽芙·乌曼 厄兰·约瑟夫森 比比·安德森 简·马尔姆斯 古内尔·林德布洛姆 温彻·福斯 贝蒂尔·诺斯特伦 安妮塔·沃尔 罗萨娜·马里亚诺,,玛丽是律师，约翰是精神学讲师，二人结婚十余载，最初像一对恩爱的中产夫妻，与互相折磨的另一对夫妻成强烈对比。但后来他们自己的婚姻也出现了危机，各自分开发展。当他们再见面时，两人都惊异于对方的从容自信。
活着,1994,1994-09-30,剧情 爱情 战争,132,81,汉语,余华,张艺谋,葛优 巩俐 牛犇 郭涛 姜武 倪大红 刘天池 张璐 董飞,,富少福贵（葛优 饰）嗜赌成性，妻子家珍（巩俐 饰）屡劝无果后带着女儿凤霞离开了他。当夜，福贵输光所有家产气死父亲，被迫靠变卖母亲首饰租间破屋过活。一年后，家珍手拉凤霞怀抱刚出世的儿子有庆回到家中，福贵痛改前非，开始靠演皮影戏过起安份守己的日子。但好景不常，内战时期，福贵被国民党抓去当劳工，一番辗转终回到家乡与一家人团圆后，凤霞因病变成哑巴，而在后来的大跃进和文革中，他虽获某些小福，逆境却也一直与他如影相随。
紫罗兰永恒花园外传：永远与自动手记人偶,2019,2020-01-10,剧情 奇幻 动画,91,81,日语,藤田春香,晓佳奈,石川由依 寿美菜子 悠木碧 内山昂辉 子安武人 远藤绫 茅原实里 户松遥 田所梓,我生活一片荒芜，唯一的珍宝，或许只有...,作为“战争机器”长大的女主人公薇尔莉特·伊芙加登，在战争中失去双臂，并与收养她的少佐分离，在装上义肢后，成为邮政公司一名从事代写书信工作的 “自动手记人偶”。在车马缓慢、只能以信件传递感情的年代里，“自动手记人偶”通过与委托人接触交流，代写书信，以优美准确的文字传递着人们最为真挚的感情。外传的故事中，薇尔莉特·伊芙加登接到了一桩特殊的委托工作……
蓦然回首,2024,2024-10-26,动画 剧情,75,81,日语,押山清高,,河合优实 吉田美月喜 齐藤阳一郎 冈幸太 牧红叶 吉桥航也 宫岛岳史 高桥大辅 Jun Ito,Manga drew them together. Life made them best friends.,藤野是一名小学四年级学生，她在校报上连载的四格漫画专栏获得了同学们的一致好评。然而某天她的老师却突然告诉她，逃学的京本想在报纸上刊登自己的漫画。两个女孩对漫画的共同热情让她们走到了一起，直到有一天，某件事的发生打破了这一切，一个令人揪心的成长故事就此展开。
怪形,1982,1982-06-25,恐怖 悬疑 科幻,109,81,英语,约翰·卡朋特,小约翰·W·坎贝尔,库尔特·拉塞尔 威尔福德·布里姆利 T·K·卡特 大卫·克伦侬 基思·大卫 理查德·戴萨特 查尔斯·哈拉汉 彼得·马洛尼 理查德·马苏尔,随时随地。任何人。,1982年冬天，挪威科考队的一架直升机突然打破了南极大陆的平静，直升机疯狂的追逐一只雪橇犬，最后坠毁在美国科考营地的附近。美国科考队员对挪威考察队近期人员骤减的情况有所耳闻，于是飞行员麦克（Kurt Russell 饰）与众人赶赴挪威营地，结果看到的是一地破败中四处散落着奇怪的尸体，并有证据表明挪威人得到了某种冰封状态中的生物。医生布莱尔（Wilford Brimley 饰）研究了尸体的变异却无法破解成因。当晚，犬笼中的狗遭到袭击并发生了变异，一种不可知的生物正在这孤寂的南极大陆威胁着科考队员们的生命……
龙猫,1988,2018-12-14,奇幻 动画 家庭,86,81,日语,宫崎骏,,日高范子 坂本千夏 高木均 糸井重里 岛本须美 北林谷荣 雨笠利幸 丸山优子 广濑正志,让我们去见龙猫吧,小月的母亲生病住院了，父亲带着她与四岁的妹妹小梅到乡间的居住。她们对那里的环境都感到十分新奇，也发现了很多有趣的事情。她们遇到了很多小精灵，她们来到属于她们的环境中，看到了她们世界中很多的奇怪事物，更与一只大大胖胖的龙猫成为了朋友。龙猫与小精灵们利用他们的神奇力量，为小月与妹妹带来了很多神奇的景观，令她们大开眼界。
天堂的孩子,1945,1945-03-22,剧情 爱情,190,81,法语,马塞尔·卡尔内,雅克·普雷维尔,Arletty Jean-Louis Barrault Pierre Brasseur Marcel Herrand María Casares Louis Salou Pierre Renoir Jane Marken Gaston Modot,终于来了！这部备受赞誉的法国电影。,这部被公认为法国影史瑰宝的杰作，将诗意现实主义推向了至臻之境。影片以灵动的笔触描绘十九世纪巴黎剧场风月界，在二战期间拍摄完成。故事围绕一位神秘女子展开，她被四个基于历史原型创作的男人所爱慕：一位演员、一名罪犯、一位伯爵，以及最令人心碎的角色——用浸透世代渴慕的表演撼动心灵的哑剧艺人。导演马塞尔·卡尔内与编剧雅克·普莱维尔以敏锐的洞察与戏剧激情，重现了这个充斥着江湖骗子与贵族、盗贼与名伶、掮客与先知的浮世绘。
M就是凶手,1931,1931-05-11,剧情 惊悚 犯罪,110,81,德语,弗里茨·朗,特娅·冯·哈堡,彼得·洛尔 艾伦·维德曼 英奇·兰奇特 奥托·维尔尼克 西奥多·卢斯 古斯塔夫·格伦德根斯 弗里德里希·格纳斯 弗里茨·奥德玛 保罗·坎普,谁是凶手？,柏林这些天连续发生了多起小女孩失踪事件，最后发现这些孩子都无一例外惨遭毒手。这个专门以小女孩为目标的凶手令到柏林城内人人惊恐，家长都不敢让自己的孩子外出玩耍；警察们更是在社会压力下全部出动，然而却一无所获；连黑道都感到压力了，因为警察们一天到晚找他们麻烦，大大影响了他们 的生意。于是黑白两道同时展开了抓拿凶手行动。 最终人们还是从一位卖气球的盲人小贩处获得线索，他曾经卖过气球给于凶手一同前来的小女孩，他根据凶手的口哨声认出了此人经常来买气球。聪明的小贩在凶手背后写了个字母“M”，于是警查们开始追寻这个凶手“M”（彼得•洛 Peter Lorre 饰）。
天佑鲍比,2009,2009-02-27,剧情 历史 电视电影,89,81,英语,拉塞尔·穆卡希,凯蒂·福特,西格妮·韦弗 亨利·车尔尼 瑞安·凯利 奥斯汀·尼科尔斯 卡莉·施罗德 斯科特·贝利 丽贝卡·路易丝·米勒 香农·伊根 Susan Ruttan,She loves everything about her son...except who he is.,本片根据真人真事改编。Bobby（瑞恩·凯利 Ryan Kelley 饰）是一个善良、虔诚的少年，有爱他的家人。但在他向家人坦白自己的性倾向后一切改变了。母亲Mary（西格妮·韦弗 Sigourney Weaver 饰）认为同性恋会下地狱的训诫，想尽办法矫正儿子。而Bobby的痛苦与日俱增。在满20岁生日前Bobby认识了开朗青年David，可Mary拒绝接受，并以有一个同性恋儿子为耻。Bobby伤心的离开家最后选择死亡来结束内心的折磨。他的死彻底唤醒了家人，尤其是Mary，她在无尽的悔恨中开始接触同性恋人群，参加PFLAG小组，与神职人员探讨圣经解释。在翻阅儿子的日记后，她开始直面自己认同儿子。失去儿子的母亲在倾盆大雨中失声痛哭，雨水和泪水将固执、偏见和不理解洗刷得一干二净。Mary此后将毕生投入到同志维权事业中，帮助那些和Bobby一样的少年。
精英部队,2007,2008-06-14,剧情 动作 犯罪,115,81,葡萄牙语,何塞·帕迪里亚,路易斯·爱德华多·苏亚雷斯,瓦格纳·马拉 安德烈·拉米罗 卡约·容凯拉 米尔黑·考塔兹 费尔南达·马查多 玛丽亚·里贝罗 法比奥·拉戈 埃里克·奥利维拉 马塞洛·埃斯科尔,在里约的街上只有精英才能生存,时1997年，教皇即将来此视察，高层要求纳斯西蒙（Wagner Moura 饰）所率领的这支精英部队在最短时间内肃清贫民窟内的毒品链。厌倦刀光血影的纳斯西蒙将心思放在了妻子和尚未出世的婴儿身上，他将任务交给了两个热血且充满理想的年青人——内图（Caio Junqueira 饰）和马提阿斯（André Ramiro 饰）。他们俩都不满警察队伍的腐败，决心在精英部队中大展身手……
三块广告牌,2017,2018-03-02,犯罪 剧情,115,81,英语,马丁·麦克唐纳,,弗兰西斯·麦克多蒙德 伍迪·哈里森 山姆·洛克威尔 艾比·考尼什 卢卡斯·赫奇斯 热利科·伊万内克 卡莱伯·兰德里·琼斯 克拉克·彼得斯 萨玛拉·维文,,本片是奥斯卡奖提名者马丁·麦克唐纳执导的一部黑色喜剧犯罪剧情片。在女儿遇害案悬置数月仍未破获后，米尔德丽德·海斯采取了一项大胆之举：她租下通往小镇路上的三块广告牌，牌上直指当地德高望重的警察局长比尔·威洛比的尖锐标语掀起轩然大波。而当威洛比麾下警员杰森·迪克森——一个沉迷酒精与暴力的不成熟妈宝男——卷入冲突后，米尔德丽德与埃宾镇执法部门之间的对抗愈演愈烈。[福克斯探照灯影业]
神秘博士：博士之时,2013,2013-12-25,剧情 科幻 电视电影,60,81,英语,Jamie Payne,史蒂文·莫法特,马特·史密斯 珍娜·科尔曼 彼得·卡帕尔蒂 凯伦·吉兰 奥拉·布雷迪 凯万·诺瓦克 尼古拉斯·布里格斯 丹·斯塔基 莎拉·路易斯·麦迪逊,A change is going to come...,宇宙中最邪恶的物种都被一条神秘的消息吸引来到一座宁静的星球小镇：圣诞。博士和他的朋友们必须要破解出这条信息，因为博士的命运与整个宇宙的命运都握在其中。
轮回,2011,2012-08-22,纪录,102,81,英语,罗恩·弗里克,马克·马吉德森,Ni Made Megahadi Pratiwi Puti Sri Candra Dewi Putu Dinda Pratika Marcos Luna Hiroshi Ishiguro Olivier De Sagazan Ladyboys of Cascade Bar Kikumaru Crisanto Neire,轮回,《轮回》是一场跨越25个国家的视觉之旅，Ron Fricke花费了5年之间捕捉每种文化中令人震撼的场面，试图建立人类与自然的桥梁。影片的名字“Samsara”来自藏语，Frricke希望借此诠释其独特的视觉风格。全片使用70mm胶片拍摄，才得以保证影像如此细腻丰富的质感 。Samsara是藏语，又叫做依业轮回，是表示生命流转循环的意思。编剧罗恩·弗里克和Mark Magidson用精彩的画面诠释了这一个深奥的词汇。揭示了大自然与我们生活的微妙关系。本片是曾以《天地玄黄》带来无言震撼的导演Ron Fricke时隔20年之后再出的新作。
一条狗的使命2,2019,2019-05-17,家庭 冒险 剧情,108,81,英语,W·布鲁斯·卡梅隆,Gail Mancuso,玛格·海尔根伯格 贝蒂·吉尔平 刘宪华 凯瑟琳·普雷斯科特 丹尼斯·奎德 乔什·盖德 艾比·莱德·弗特森 Emma Volk Ian Chen,一次新的旅程,小狗贝利延续使命，在主人伊森的嘱托下，通过不断的生命轮回， 执着守护伊森的孙女CJ，将伊森对孙女的爱与陪伴，当做最重要的使命和意义，最终帮助CJ收获幸福，再次回到主人伊森身边。
杀人回忆,2003,2003-04-25,犯罪 剧情 惊悚,131,81,朝鲜语,奉俊昊,沈成宝,宋康昊 金相庆 金雷夏 宋在浩 边熙峰 高瑞熙 柳泰浩 朴努植 朴海日,他们中最坏的会永远留给你...,在其突破性的第二部作品中，奉俊昊以颠覆性的手法引爆了警察类型片的传统桎梏，带来了震撼且超越类型的成果。影片基于1980年代撼动韩国乡村社区的一连串真实连环杀人案改编，韩国电影标志性人物宋康昊饰演当地警官，他不得不与一位老练的首尔侦探联手调查此案——两人由此踏上一段长达数年、充满挫败与煎熬的艰苦历程，逐渐被推向存在的边缘。奉俊昊将扣人心弦的刑侦过程与军权统治下日常生活的荒诞社会图景生动结合，打造了一次深入黑暗的萦心之旅：它始于黑色喜剧的讽刺，终于与深渊那场灵魂破碎的遭遇。
新神榜：哪吒重生,2021,2021-02-06,动画 奇幻 动作,116,81,汉语,赵霁,陆西星,杨天翔 张赫 宣晓鸣 李诗萌 Keer Zhu 凌振赫 刘若班 张遥函 郭浩然,Rebirth of a hero,三千年前，天下动荡，人神共遇大劫，不想哪吒的一缕魂魄逃脱天罗地网，世世转世投胎，这一世与东海市酷爱机车的热血青年李云祥人神共生。然而龙族对哪吒恩怨并未善罢甘休，有着哪吒元神的李云祥，亦无法逃脱被龙族赶尽杀绝的宿命。东海危在旦夕，李云祥是否能够与哪吒元神并肩作战，成为抵抗龙族的英雄？东海市的子民能否得到拯救？
2001太空漫游,1968,2016-04-22,科幻 悬疑 冒险,149,81,英语,斯坦利·库布里克,亚瑟·克拉克,凯尔·杜拉 加里·洛克伍德 威廉·西尔维斯特 道格拉斯·雷恩 丹尼尔·里希特 伦纳德·罗西特 玛格丽特·提扎克 罗伯特·比蒂 肖恩·沙利文,终极之旅。,本片是一次通向未来的倒计时，一张指引人类命运的地图，一场对无限的求索。库布里克为开启这场未来之旅，先回溯至我们史前的猿类祖先时期，随即跨越数千年（通过电影史上一次极具震撼的跳接）来到已被殖民的太空，最终将宇航员鲍曼（凯尔·杜拉 饰）送入未知的星际领域，乃至可能抵达不朽之境。“打开分离舱门，哈尔。”让这场无与伦比、充满敬畏与奥秘的旅程就此启程。[华纳兄弟]
我對你電影版：S先生的報仇,2020,2020-01-17,家庭 奇幻,64,81,意大利语,Luigi Calagna,Sofia Scalia,Sofia Scalia Luigi Calagna Antonella Carone 米歇尔·萨沃亚 Giustina Buonomo Maria Protomastro Fernando Di Virgilio Paolo Di Caprio,,"A young couple who makes popular YouTube videos for children sets out to win an award, but an evil mastermind stands in the way of their success."
与神同行2：因与缘,2018,2018-08-01,动作 冒险 奇幻 惊悚,141,81,朝鲜语,金容华,,河正宇 朱智勋 金香起 马东锡 金东旭 李政宰 赵汉哲 林元熙 南一祐,Unveiling millennium-old secrets.,三位阴间使者江林（河正宇 饰）、解怨脉（朱智勋 饰）、德春（金香起 饰）即将带领第49位「贵人」金秀鸿（金东旭 饰）进行地狱审判，他们同时发现人间有一位家神（马东锡 饰），试图把早该阳寿已尽的老人强留人间。阴间使者为了带走该名老人，开始与家神展开激烈决斗，而在这个过程之中，三位阴间使者千年以前的前世之谜也将被一一揭开…
灿烂人生,2003,2003-06-22,剧情 历史 爱情,367,81,意大利语,斯特凡诺·鲁利,桑德罗·佩特拉利亚,路易吉·洛·卡肖 阿莱西奥·博尼 阿德里娅娜·阿斯蒂 索尼娅·贝加马斯科 法布里西奥·纪福尼 玛雅·珊萨 瓦伦蒂娜·卡内卢蒂 杰丝敏·特丽卡 安德里亚·蒂多纳,The Possibilities Were Endless...,这部跨越四十载（从动荡的1960年代直至当代）的澎湃史诗，跟随一对意大利兄弟穿越意大利近代史上最跌宕起伏的历史事件。[米拉麦克斯]
紫心之恋,2022,2022-07-29,爱情 剧情,122,80,英语,伊丽莎白·艾伦·罗森鲍姆,Kyle Jarrow,索菲亚·卡尔森 尼古拉斯·加利齐纳 约翰·哈伦·金 乔森·雅各布 安东尼·伊波利托 林登·阿什比 Kat Cunning 尼古拉斯·迪韦奈 斯科特·德克特,,梦想成为音乐人的女孩和即将出征的海军陆战队员出于各自的需要同意形婚，但一场悲剧很快令他们虚假的关系变得真实起来。
象人,1980,1980-10-10,剧情 历史,124,80,英语,大卫·林奇,克里斯托弗·德沃尔,安东尼·霍普金斯 约翰·赫特 安妮·班克罗夫特 约翰·吉尔古德 温迪·希勒 弗雷迪·琼斯 迈克尔·埃尔菲克 汉娜·戈登 海伦·瑞安,一个关于勇气与人性尊严的真实故事。,象人（约翰•赫特 John Hurt 饰）是一个天生的畸形症患者，他的脸长得就像大象的脸，因此而得名。象人一直被利欲昏心的马戏团老板利用，带到世界各地去巡回演出，受尽了非人的虐待。象人所经受的遭遇社会名流们都会感到不可思议，然而乐观坚强的象人却承担了下来。
傲慢与偏见,2005,2005-09-16,剧情 爱情,129,80,英语,乔·赖特,简·奥斯汀,凯拉·奈特莉 马修·麦克费登 布兰达·布莱斯 裴淳华 凯瑞·穆里根 吉娜·马隆 妲露拉·莱莉 唐纳德·萨瑟兰 西蒙·伍兹,有时你最不愿与之相处的人，偏偏是你生命中不可或缺的存在。,根据简·奥斯汀同名小说改编。伊丽莎白·班纳特(凯拉·奈特丽 饰)出身于小地主家庭，有四个姐妹，母亲班纳特太太整天操心着为女儿物色称心如意的丈夫。新来的邻居宾格来先生和他的朋友达西（马修·麦克菲迪恩 饰）打破了她们一家人单调的乡村生活。宾格来和伊丽莎白的姐姐简·班纳特互生情愫；达西对善良聪明的伊丽莎白产生了好感，而伊丽莎白却对达西不可一世的傲慢心存偏见，不接受他的感情。然而，世事难料，宾格来和简·班纳特因为误会，关系危在旦夕；达西的种种作为，展示了性格中和伊丽莎白相同的善良一面，逐渐赢得了伊丽莎白的好感。两对有情人能否终成眷属？班纳特姐妹们能否得到自己想要的生活？
为美好的世界献上祝福！红传说,2019,2019-08-30,动画 冒险 喜剧 奇幻,90,80,日语,金崎贵臣,晓夏目,福岛润 高桥李依 雨宫天 茅野爱衣 堀江由衣 丰崎爱生 渡边明乃 高桥广树 能登麻美子,We will definitely return alive. Go back to that place.,本应由于交通事故（!?）导致人生轻易闭幕的游戏迷家里蹲·佐藤和真，事出偶然地带着女神·阿库娅转生到了异世界。“在如同RPG游戏一样的异世界，享受憧憬已久的冒险者生活！目标是勇者！”像这样兴奋了还没多久，转生而来的和真就尽是遇到倒霉的事情。 麻烦制造机废柴女神·阿库娅，重度中二病魔法使·惠惠，妄想停不下来的女骑士·达克妮丝，和真与空有高超能力值却无比残念的这3人组队，欠下一屁股债，涉嫌颠覆国家罪而遭到审判，讨伐魔王军干部，偶尔还会死一死……  这样的某一天，突然跑来的红魔族少女·悠悠的一句爆炸性发言，让和真等人当场石化。“我想要和真先生的孩子！”问明原因，原来惠惠和悠悠的故乡“红魔之里” 目前正濒临灭亡的危机。追在出发前去拯救村落的悠悠后面，和真等人向着红魔之里出发，但——！？向和真小队袭来的最大危机！平凡的冒险者和真度过的异世界生活，未来究竟会怎样！？
特殊的一天,1977,1977-08-11,剧情 爱情,106,80,意大利语,Ettore Scola,鲁杰罗·马卡里,索菲亚·罗兰 马切洛·马斯楚安尼 约翰·弗农 Françoise Berd Patrizia Basso Tiziano De Persio Maurizio Di Paolantonio Antonio Garibaldi Vittorio Guerrieri,A special film about two special people.,特殊的一天是指1938年5月6日，这天希特勒与墨索里尼在罗马进行所谓的“高峰会议”，整个罗马城里的电台日夜都在鼓吹法西斯的威力和成就，罗马全体居民都放假一天来到广场集合听讲话。中年妇女安东尼泰是个本分的家庭妇女，这天她因照顾孩子操忙家务而没有去参加集会，因而认识了新来的邻居，一个电台播音员。两人从不认识到互相攀谈，发展到激情和肉体交欢，都在短短一天内。就在他们分别后的晚上，播音员被法西斯带走，而安东尼泰则似乎重新找回了生活的激情。
杀死比尔：整个血腥事件,2011,2011-03-27,动作 犯罪,253,80,英语,昆汀·塔伦蒂诺,乌玛·瑟曼,乌玛·瑟曼 刘玉玲 薇薇卡·福克斯 迈克尔·马德森 达丽尔·汉纳 大卫·卡拉丁 朱莉·德雷福斯 栗山千明 千叶真一,昆汀·塔伦蒂诺执导的第四部电影作品。未经删减，未分级，完整呈现。,昆汀·塔伦蒂诺的本片将第一卷与第二卷合二为一，呈现出一部未分级的完整史诗——完全以导演原本意图呈现，并包含一段前所未见的新动画片段。乌玛·瑟曼饰演“新娘”，她在婚礼排练时遭前老板兼情人比尔伏击，头部中枪，未出生的孩子被夺走，人被弃之不顾。为复仇，她必须先猎杀“致命毒蛇暗杀小队”剩余的四名成员，最后再与比尔本人对决。
罗生门,1950,1950-08-26,犯罪 剧情 悬疑,88,80,日语,黑泽明,芥川龙之介,三船敏郎 京町子 志村乔 森雅之 千秋实 上田吉二郎 本间文子 加东大介,丈夫，妻子……还是强盗？,这部引人入胜的心理惊悚片探讨真相的本质与正义的意义，被广泛视为影史最伟大的作品之一。四名当事人对一名男子的被杀及其妻子遭强奸的事件给出了截然不同的说法，导演黑泽明以极具冲击力的影像和巧妙的闪回手法呈现这段罗生门。这部雄辩的杰作在国际影坛引起轰动，革新了电影语言，并将日本电影——以及一位气场十足的新星，名为三船敏郎——带向了西方世界。[标准收藏]
蜗牛回忆录,2024,2025-09-05,动画 剧情 喜剧,95,80,英语,亚当·艾略特,,莎拉·斯努克 柯蒂·斯密特-麦菲 杰基·韦佛 玛格达·苏班斯基 多米尼克·皮诺 托尼·阿姆斯特朗 保罗·卡普西斯 艾瑞克·巴纳 Bernie Clifford,"Life can only be understood backwards, but we have to live it forwards.",来自奥斯卡获奖动画师亚当·艾略特，这部苦乐参半的回忆录讲述了一位名叫格蕾丝·普德尔的忧郁女人的故事——她收集蜗牛、爱情小说和豚鼠。
福尔摩斯二世,1924,1924-04-17,动作 喜剧 悬疑,45,80,英语,巴斯特·基頓,克莱德·布鲁克曼,巴斯特·基頓 Kathryn McGuire Joe Keaton Erwin Connelly Ward Crane Doris Deane Christine Francis 乔治·戴维斯 Kewpie Morgan,每一帧画面都充满了笑点！,影片的男主角基顿（巴斯特·基顿 Buster Keaton 饰）是一名乡村影院电影放映师，他喜欢阅读侦探类的书籍，经常幻想自己就是一名像福尔摩一样的大侦探。一天，他把价值一元的巧克力糖谎称四元送给女友凯莎琳（Kathryn McGuire 饰），不料被情敌趁机陷害，说基 顿偷了别人的手表拿去当才有钱买巧克力。凯莎琳相信了谗言，遂将基顿赶出门外，并取消了二人之间的婚约。基顿查访之后，发现情敌才是偷表典当的家伙，但却苦无证据洗清冤情。某日，基顿在放映电影时，发现银幕上的故事竟和他的遭遇同出一辙，而且人物也雷同，唯一不同的是电影中的故事发生在一个上流家庭而已。基顿边放映电影边沉溺在电影之中，于是走出放映室，从观众席走入银幕之中逮捕情敌罪犯。可是进入银幕后的基顿却四处碰壁，一筹莫展．随着场景的变化，银幕上的映象不断从幻想变成事实……
驯龙高手：归家,2019,2019-12-03,动画 奇幻 冒险 家庭,21,80,英语,蒂姆·约翰逊,乔纳森·格罗夫,杰伊·巴鲁切尔 亚美莉卡·费雷拉 克雷格·弗格森 Madalyn Gonzalez 克里斯托弗·明茨-普拉斯 Liam Ferguson 扎卡里·珀尔曼 杰拉德·巴特勒 Justin Rupple,,故事发生在小嗝嗝与没牙仔分开的五年之后，博克岛一年一度的亲衣节又到了，然而随着小嗝嗝的孩子们的长大，对龙与人曾经那段真挚而深刻的友谊只能通过父母的言语来了解，不免产生了质疑，小嗝嗝为防止孩子们对龙的误解，又能想出怎样的妙招呢？
黎明墙,2017,2018-03-11,纪录 冒险,101,80,英语,Peter Mortimer,Josh Lowell,汤米·考德威尔 John Branch Kevin Jorgeson Beth Rodden Becca Pietsch,,讲述两名男子徒手征服“世界最难攀登绝壁”黎明墙的经历，热血沸腾鼓舞人心[并不简单] 2015年1月，Tommy Caldwell和Kevin Jorgeson开始攀登，两人在陡峭的垂直悬崖上生活了数周，引发了全球媒体的狂热关注。对Caldwell来说，这不仅仅是一次攀登，也是证明自己的强大之处的机会：22岁时，Caldwell被吉尔吉斯斯坦叛军挟持为人质，不久后他在一次事故中失去食指。两人耗时将近20天，成功登顶加利福利亚约塞米蒂国家公园的埃尔卡皮坦山，创下了徒手攀上黎明墙的世界纪录。  在此之前，两人花费了6年的时间规划路线，于2010和2011年两次尝试攀爬，均以失败告终。1958年首次有人征服黎明墙，目前约有100多条攀登路线，但从未有人徒手登顶。奥巴马也曾在两人成功后表示祝贺，称“一切皆有可能”。
隐藏人物,2016,2017-06-16,剧情 历史,127,80,英语,西奥多·梅尔菲,艾莉森·施罗德,塔拉吉·P·汉森 奥克塔维亚·斯宾瑟 加奈儿·梦奈 凯文·科斯特纳 克斯汀·邓斯特 吉姆·帕森斯 马赫沙拉·阿里 格伦·鲍威尔 阿丽亚娜·尼尔,在你所做的任务背后，认识你不认识的女人。,影片讲述1962年，汉森饰演的非裔美国数学家与斯宾瑟和梦奈两位“同事”组成智囊团，为宇航员约翰·格伦成功绕地球轨道飞行做出贡献。
雄狮,2016,2017-06-23,剧情,118,80,英语,加斯·戴维斯,卢克·戴维斯,戴夫·帕特尔 鲁妮·玛拉 大卫·文翰 妮可·基德曼 阿布舍克·巴蒂 迪维安·拉德瓦 朴雅卡·鲍斯 迪普提·纳瓦尔 坦尼什塔·查特吉,The search begins,萨罗 和妹妹、哥哥以及母亲过着相依为命的生活，虽然贫穷艰辛，但一家人在一起相互扶持，日子过得依然温暖而又充满了欢乐。一次偶然中，萨罗同哥哥在火车站走散了，误打误撞之中，萨罗登上了一列开往加尔各答的火车，在那里，萨罗成为了露宿街头的流浪儿，并最终被送进了收容所。
甜蜜的生活,1960,1960-02-05,喜剧 剧情,174,80,意大利语,费德里科·费里尼,图里奥·皮内利,马切洛·马斯楚安尼 安妮塔·艾克伯格 阿努克·艾梅 伊冯·弗奴克丝 玛加莉·诺埃尔 阿兰·居尼 安尼巴莱·宁基 瓦尔特·圣泰索 瓦莱里娅·钱戈蒂尼,今日全球热议的电影！,作为史上最受欢迎的意大利导演之票房巅峰作，此片一举将费德里科·费里尼推向国际主流视野——讽刺的是，它恰恰通过尖锐批判明星文化而达成此成就。影片审视罗马奢华光鲜阶层诱人生活方式下的黑暗底色，跟随一位声名狼藉的八卦记者，记录其在聚光灯边缘奔波忙碌的一周。这部尖刻的影像不仅是对当代欧洲日益深化的堕落风气的犀利评论，更精准预言了社会将对八卦与名声产生何等病态的追逐。[标准收藏公司]
与神同行：罪与罚,2017,2017-12-20,动作 冒险 剧情 奇幻 惊悚,139,80,朝鲜语,金容华,,河正宇 车太贤 朱智勋 金香起 李政宰 金东旭 芮秀贞 吴达洙 林元熙,Fate continues even after death.,阴间有法，所有亡者在死后的49天内都要经过七次审判——分别在杀人狱、懒惰狱、欺骗狱、不义狱、背叛狱、暴力狱、天伦狱中进行，只有通过了七次审判宣告无罪的亡者，才有获得新生的机会。消防员金子洪在一场火灾当中为了救一名女孩而不幸牺牲。地狱使者解怨脉和德春出现在了金子洪的面前。尽管金子洪无法相信自己的死亡，却被德春一脸严肃地告知自己既是亡者、又是贵人。在通往地狱的入口，金子洪遇到了在初军门等着自己的另一位使者江林。他掌管着解怨脉和德春两位使者，同时也将在子洪即将接受的七次审判中为子洪进行辩护...
被遗忘的人们,1950,1950-12-09,剧情 犯罪,82,80,西班牙语,路易斯·布努埃尔,路易斯·德拉维加,Estela Inda Miguel Inclán Alfonso Mejía Roberto Cobo Alma Delia Fuentes Francisco Jambrina Jesús García Navarro Efraín Arauz Sergio Virel,,一群少年犯在墨西哥城臭名昭著的贫民窟中过着暴力的生活，其中年轻的佩德罗（Pedro）的道德观逐渐被其他人腐蚀和摧毁。
窃听风暴,2006,2006-03-23,剧情 惊悚,137,80,德语,弗洛里安·亨克尔·冯·多纳斯马尔克,,玛蒂娜·戈黛特 乌尔里希·穆埃 塞巴斯蒂安·科赫 乌尔里希·图库尔 托马斯·席尔梅 汉斯-尤韦·鲍尔 沃克马·克莱纳特 马蒂亚斯·布伦纳 查理·哈纳,柏林墙没倒的时候，东德的秘密警察听过了你的秘密,一部政治惊悚片，亦是一曲人性剧，本片的故事始于1984年的东柏林，时值柏林墙倒塌与“公开性”政策实施五年前，并最终将我们带至1991年已然统一的德国。影片刻画了东德全权秘密警察机构史塔西麾下的精锐军官——格尔德·维泽勒上尉逐渐醒悟的过程。[索尼影业经典]
一封关于父亲的信,2008,2008-10-31,纪录 犯罪,94,80,英语,Kurt Kuenne,,Kurt Kuenne Andrew Bagby David Bagby Kathleen Bagby Shirley Turner Zachary Andrew Turner Heather Arnold Jon Atkinson Bob Bagby,,本片是一部极具个人色彩的纪录片，深情而强烈地讲述了柯特挚友被谋杀的案件，以及随后发生的、令人难以置信的法律与情感疯狂。[Oscilloscope Pictures]
奥本海默,2023,2023-08-30,剧情 历史,181,80,英语,克里斯托弗·诺兰,,基利安·墨菲 艾米莉·布朗特 马特·达蒙 小罗伯特·唐尼 弗洛伦丝·皮尤 乔什·哈奈特 卡西·阿弗莱克 拉米·马雷克 肯尼思·布拉纳,世界永远改变。,亲临这部震撼全球的现象级巨制。克里斯托弗·诺兰编剧并执导的本片带领观众深入物理学家J·罗伯特·奥本海默（基里安·墨菲 饰）的内心世界，他在曼哈顿计划中的开创性工作催生了世界上第一颗原子弹。这场无与伦比的银幕盛宴汇聚全明星阵容，包括艾米莉·布朗特、奥斯卡奖得主马特·达蒙、奥斯卡奖提名者小罗伯特·唐尼、奥斯卡奖提名者弗洛伦丝·皮尤、乔什·哈奈特，以及奥斯卡奖得主凯西·阿弗莱克、拉米·马雷克与肯尼思·布拉纳。[环球影业]
出租车司机,2017,2017-08-02,动作 剧情 历史,137,80,朝鲜语,张勋,严宥娜,宋康昊 托马斯·克莱舒曼 柳海真 柳俊烈 朴赫权 崔奎华 车顺裴 申淡秀 柳圣贤,"Based on true events, an untold story of a taxi driver.",《出租车司机》讲述了搭载德国记者尤尔根·欣茨佩特（托马斯·克莱彻曼 饰），偶然来到光州的出租车司机金四福（宋康昊 饰）身上发生的故事。
第二个妈妈,2015,2024-04-22,剧情,112,80,葡萄牙语,Anna Muylaert,,Regina Casé Camila Márdila Karine Teles Lourenço Mutarelli Michel Joelsas Helena Albergaria Bete Dorgam Luis Miranda Theo Werneck,,现代圣保罗，勤劳的住家女佣瓦尔对照顾富裕雇主全家起居毫无怨言——从烹饪清洁，到充当他们从襁褓带大的青春期儿子的代母亲。但当瓦尔久未谋面的女儿杰西卡突然出现，这栋宅邸里心照不宣却根深蒂固的阶级壁垒骤然崩塌。自信、聪慧且野心勃勃的杰西卡拒绝接受楼上/楼下的既定秩序，不仅考验着人际关系与忠诚，更迫使所有人重新审视“家”的真正含义。[Oscilloscope Pictures]
布达佩斯大饭店,2014,2014-03-07,喜剧 剧情,100,80,英语,韦斯·安德森,雨果·吉尼斯,拉尔夫·费因斯 F·默里·亚伯拉罕 马修·阿马立克 阿德里安·布罗迪 威廉·达福 杰夫·高布伦 哈威·凯特尔 裘德·洛 比尔·默瑞,D夫人巨额财产谋杀案，围绕其猝死的最骇人听闻事件！,韦斯·安德森以其冷峻机锋与视觉奇想，在两次世界大战之间旧世浮华的欧洲舞台上，铺陈开这场精致的冒险轶事。在奢华非凡的布达佩斯大饭店中，礼宾员古斯塔沃先生与他的年轻门生零因卷入一起无价文艺复兴画作失窃案与巨额家族遗产争夺战而建立起坚不可摧的羁绊——而此时整个大陆正被政局动荡所吞噬。这部精心雕琢的作品既是酣畅淋漓的流浪汉传奇，亦是对逝去世界之辉煌与友谊的深情颂歌。[标准收藏]
乱,1985,1985-06-01,动作 剧情 历史,160,80,日语,黑泽明,小国英雄,仲代达矢 寺尾聪 根津甚八 隆大介 原田美枝子 宫崎美子 野村武司 井川比佐志 池畑慎之介,在这个疯狂的世界里，唯有疯狂者才保持着清醒。,电影大师黑泽明将莎士比亚的《李尔王》重构为一部以十六世纪日本为背景的史诗巨作。这部气势恢宏的晚年杰作，以磅礴的叙事透视战争的虚妄，刻画了一个家族在背叛、贪婪与权力欲望重压之下逐渐崩毁的悲剧图景。[标准收藏]
K-Pop 猎魔女团,2025,2025-06-20,奇幻 音乐 喜剧 动画,96,80,英语,麦琪·康,克里斯·阿佩尔汉斯,赵雅顿 梅·洪 柳智英 安孝燮 金允珍 郑肯 李炳宪 金大贤 Joel Kim Booster,他们歌唱，他们舞蹈，他们与恶魔战斗。,Kpop 超级明星鲁米、米拉和佐伊如果不是在座无虚席的体育场举办演唱会，就是在利用自己的秘密身份 — 强悍的恶魔猎人 — 保护粉丝们免受无处不在的超自然威胁。她们必须共同面对迄今为止最强大的敌人：一支魅力难挡、由恶魔伪装的男团组合。
华尔街之狼,2013,2013-12-25,犯罪 剧情 喜剧,180,80,英语,马丁·斯科塞斯,特伦斯·温特,莱昂纳多·迪卡普里奥 乔纳·希尔 玛格特·罗比 马修·麦康纳 凯尔·钱德勒 罗伯·莱纳 乔·博恩瑟 乔恩·费儒 让·杜雅尔丹,赚取。消费。派对。,在危机四伏的投资界，掌管史崔顿·奥克蒙公司的乔丹·贝尔福特生活侈靡、实力雄厚。1987年，22岁的乔丹进入罗斯柴尔德公司，从接线员做起，在高级经纪人马克指点下，进入了股票经纪人充满毒品和欲望的世界，半年后因“黑色星期一”，乔丹转投靠贩卖“便士股票”的小公司，凭借巧舌如簧获得成功，与邻居唐尼和一班朋友另立门户，游走在灰色地带获利颇丰，获称“华尔街之狼”，然而，FBI已经开始留意他。
莫扎特传,1984,1984-09-19,历史 音乐 剧情,160,80,英语,米洛斯·福尔曼,彼得·谢弗,F·默里·亚伯拉罕 湯姆·哈斯 Elizabeth Berridge 西蒙·卡洛 Roy Dotrice Christine Ebersole 杰弗里·琼斯 Charles Kay 肯尼·贝克,那个男人... 那段音乐... 那场疯狂... 那桩谋杀... 那部电影。,影片呈现了天才莫扎特（汤姆·休斯克 饰）与心怀嫉妒的宫廷作曲家萨列里（F·莫里·亚伯拉罕 饰）之间的较量——后者可能正是摧毁莫扎特事业并缩短其生命的推手。
相信我：被诱拐的丽莎·麦克维,2018,2018-09-30,剧情 电视电影 犯罪,87,80,英语,Jim Donovan,克里斯蒂娜·威尔士,凯蒂·道格拉斯 大卫·詹姆斯·艾略特 罗西夫·萨瑟兰 阿曼达·阿库里 克里斯·欧文斯 Bruno Verdoni Megan Fahlenbock Leo Petrus Jamie Robinson,,一名17岁的少女在她计划自杀的当晚被绑架，她必须为活下去而战斗。她设法说服袭击者放过她，在经过26小时后等来了生机。但当她回家时，除了一名怀疑凶手为连环杀手的侦探外，没有人相信她的故事。
吉尔莫·德尔·托罗的匹诺曹,2022,2022-11-09,动画 奇幻 冒险 剧情,117,80,英语,吉尔莫·德尔·托罗,马克·古斯塔夫森,伊万·麦克格雷格 大卫·布拉德利 格雷戈里·曼因 伯恩·戈曼 朗·普尔曼 约翰·特托罗 菲恩·伍法德 凯特·布兰切特 蒂姆·布雷克·尼尔森,爱会给你生命。,奥斯卡金像奖获奖电影制作人吉尔莫·德尔·托罗对卡洛·科洛迪的经典故事进行了改编：一个牵线木偶神奇地有了生命，为悲伤的木雕师杰佩托带来慰藉。这部异想天开的定格动画电影由吉尔莫·德尔·托罗和马克·古斯塔夫森执导。为了在世界上找到自己的位置，匹诺曹开始了捣蛋、叛逆的冒险之旅。
我的名字叫可汗,2010,2010-02-10,剧情 爱情,165,80,印地语,Shibani Bathija,Karan Johar,沙鲁克·汗 卡卓儿 Arjan Aujla Jimmy Shergill Sonya Jehan Zarina Wahab 阿达什·古拉夫 塔奈·切赫达 Yuvan Makar,"An Ordinary Man, An Extraordinary Journey... FOR LOVE.",信奉伊斯兰教的里兹瓦·罕（沙鲁克·罕 Shahrukh Khan 饰）从小患有阿斯伯格综合症，母亲去世后，他追随弟弟扎克尔（吉米·舍尔吉勒 Jimmy Shergill 饰）的脚步从印度孟买移民美国旧金山。里兹瓦在帮哥哥的化妆品公司推销美容产品时认识了经营发廊的单身母亲曼迪娅（卡卓尔 Kajol 饰）。里兹瓦不顾哥哥的反对执意与印度教的曼迪娅结为夫妇，一家人和谐美满。9.11恐怖袭击的发生使美国国内掀起了反对、歧视穆斯林教徒的风潮，里兹瓦与曼迪娅的发廊被迫关张，而曼迪娅的独子山姆（Yuvaan Makaar 饰）更是在一场由种族歧视引发的少年争斗中意外身亡。悲愤的曼迪娅将愤怒发泄在了里兹瓦的穆斯林姓氏“罕”上，说只有里兹瓦告诉美国人民及美国总统他的姓氏并非与恐怖分子相关，才会与他再次相见。就这样，执着的里兹瓦踏上了艰难的觐见总统之途……
切肤之痛,2018,2018-08-29,剧情,100,80,意大利语,Alessio Cremonini,Lisa Nur Sultan,Alessandro Borghi Max Tortora 杰丝敏·特丽卡 Milvia Marigliano Elisa Casavecchia Aurora Casavecchia Mauro Conte Walter Nestola Davide Petrucci,The last seven days of Stefano Cucchi,刚刚结束的第75届威尼斯电影节(2018)地平线单元开幕片，真实事件改编，电影主人公的原型是意大利青年StefanoCucchi，2009年10月15日，他因携带毒品被警方逮捕，但是在被捕后短短六天的时间里，他的健康状况急剧恶化，并于当月22日死于监狱中。StefanoCucchi的死因至今是个谜，而他的家人仍然没有放弃寻找真相......
"Veinteañera, divorciada y fantástica",2020,2020-02-14,喜剧,93,80,西班牙语,Noé Santillán-López,José Alberto López,Paulina Goto Jesús Zavala Vadhir Derbez 纳塔利娅·特列斯 艾拉.贝登 Ana Gonzalez Bello Juan Carlos Barreto Claudio Roca,,"Regina, our young protagonist, always dreamed of getting married. And she did it - but the dream lasted much less than she thought and now she has to face life in a very funny way as a divorcee."
黄昏双镖客,1965,1965-12-18,西部,132,80,意大利语,赛尔乔·莱昂内,卢西亚诺·文森佐尼,克林特·伊斯特伍德 李·范·克里夫 吉安·玛丽亚·沃隆特 路易吉·皮斯蒂利 克劳斯·金斯基 约瑟夫·艾格 Panos Papadopulos Mara Krupp 贝尼托·斯特凡内利,没有名字的人回来了…黑衣人正在等待…一个行走的武器库：解围、攻击和杀戮！,Indio（吉昂·马利亚·沃隆特 Gian Maria Volonté 饰）是一个穷凶极恶的通缉犯，他伙同他的团伙屡次作案，他有一个怀表，每次大开杀戒之前都会看一看表，表上有一个女人的照片。赏金猎人Manco（克林特·伊斯特伍德 Clint Eastwood 饰）正在追捕Indio，而另外一个赏金猎人Colonel Douglas Mortimer （李·范·克里夫 Lee Van Cleef 饰）也在追捕同样的目标。两人一开始都看对方不顺眼，后来才决定一起追捕Indio。两人得知Indio准备去抢劫银行，于是定下计谋，让Mortimer加入Indio的团队，之后再和Manco来个里应外合。后来两人不慎被Indio所抓获。到底Manco和Mortimer能否除掉Indio，而Indio怀表里那个女人又和Mortimer有何联系？
四百击,1959,1959-06-03,剧情,99,80,法语,弗朗索瓦·特吕弗,,让-皮埃尔·莱奥 克莱尔·莫里埃 阿尔伯特·雷米 乔治·弗拉芒特 帕特里克·奥菲 Robert Beauvais 伊冯娜·克劳迪 皮埃尔·雷普 盖伊·德康布尔,天使的面孔，地狱的暴力之心。,特吕弗的半自传体作品，探讨了一个13岁男孩的生活和内心世界。安托万（让-皮埃尔•利奥德 Jean-Pierre Léaud 饰）处于成长的叛逆期，却没有得到良好的成长土壤。他面对着僵化保守的学校教育制度、四分五裂的家庭坏境和残酷冰冷的社会面相，无论如何都找不到出路。他逃课，见到母亲和他人偷情，跟老师谎称母亲去世，谎言被揭穿后，他离家出走，彻夜不归，并为了归还偷走的打印机而被警察当场抓住，带去了少管中心，但他还是在大家不留神的时候逃走了。安托万拼命往外跑，身后警笛鸣起，迷惘的安托万一直朝着大海奔跑……
晚春,1949,1949-09-13,剧情,108,80,日语,小津安二郎,广津和郎,笠智众 原节子 月丘梦路 杉村春子 青木放屁 宇佐美淳 三宅邦子 三岛雅夫 坪内美子,,作为小津安二郎最具感染力的家庭肖像之一，本片讲述了丧偶的父亲深感必须为钟爱的独生女安排婚事的故事。小津御用演员笠智众与原节子以精湛演技，诠释了这部关于战后日本爱与失落的隽永诗篇。作品中渗透的微妙张力历久弥新，正是其创作者足以跻身影史殿堂级大师之列的有力印证。[标准收藏公司]
骗中骗,1973,1973-12-25,喜剧 犯罪 剧情,129,80,英语,乔治·罗伊·希尔,大卫·沙德·沃德,保罗·纽曼 罗伯特·雷德福 罗伯特·阿奇博尔德·肖 查尔斯·德宁 雷·沃尔斯顿 艾琳·布伦南 海尔德·高德 约翰·赫弗南 达娜·埃尔卡,...all it takes is a little confidence.,1936年9月的芝加哥，一名年轻的骗子为给遇害的搭档复仇，与一位骗术大师联手，设局从一名犯罪头目银行家手中赢取巨额财富。
梦之安魂曲,2000,2000-10-06,犯罪 剧情,102,80,英语,达伦·阿罗诺夫斯基,小休伯特·塞尔比,艾伦·伯斯汀 杰瑞德·莱托 詹妮弗·康纳利 马龙·韦恩斯 克里斯托弗·麦克唐纳 路易丝·拉瑟 玛西娅·让·库尔茨 珍妮特·萨尔诺 苏珊娜·谢泼德,救命啊！我快要崩溃了。,哈瑞和玛丽安彼此相爱，梦想着开个服装店，梦想着有个美好的明天。然而他们都离不开毒品，并想着以销毒赚得第一桶金。哈瑞的母亲是个彻底的电视迷，最大的梦想是上电视，为此不顾年迈吞食减肥药。由于药品里的毒品成分，她渐渐上了瘾。哈瑞的朋友狄龙同样是个瘾君子，为了挣大钱加入了黑社会。为了梦想，他们努力着，却一步步深陷毒品难以自拔。
罗马，不设防的城市,1945,1945-10-08,剧情 战争,104,80,意大利语,罗伯托·罗西里尼,塞尔吉奥·阿米代,Aldo Fabrizi 马塞洛·帕格利罗 Harry Feist Anna Magnani Maria Michi Francesco Grandjacquet Vito Annichiarico Ákos Tolnay Joop van Hulzen,我们的战斗才刚刚开始。,二次大战结束前夕，占领罗马的德军仍大肆搜捕游击队。遭到追捕的地下党员工程师曼发弟逃出来，又在平娜的帮助下见到了唐 皮得罗神父，请神父将一笔巨款交给游击队。德军包围了平娜家，向逮捕曼发弟，神父镇静的应付德军，德军只抓走了平娜就要嫁给的工人弗兰西斯科，并杀死了平娜。曼发弟与绝处逢生的弗兰西斯克继续在城内活动。由于曼发弟的女友告密，曼发弟和神父被捕，他们都在敌人的酷刑和枪弹下英勇牺牲... ...
博·伯翰：隔离在家,2021,2021-07-22,喜剧 剧情,87,80,英语,博·伯翰,,博·伯翰,Look Who’s Inside Again,这部喜剧特辑由博·伯翰在隔离期间创作、拍摄和表演，他通过新歌和新的见解讲述了不寻常的一年。
纽伦堡大审判,1961,1961-12-19,剧情 历史,191,80,英语,Stanley Kramer,艾比·曼,斯宾塞·屈塞 理查德·威德马克 马克西米连·谢尔 伯顿·兰开斯特 玛琳·黛德丽 朱迪·加兰 蒙哥马利·克利夫特 威廉·夏特纳 维尔纳·克莱姆佩勒,The event the world will never forget.,由斯潘塞．特蕾西、理查德．威德马克等联合主演的本片是一部群星戏。讲述二战后在纽伦堡提审德国纳粹计划的法律关系者，三个被告提审的原因是给犹太人施行断种手术。担任主审判长的是美国人赫鲁特，他主张其中两个被告无罪；而德国司法部长亚林克竟对此事保持沉默，但检查官罗森上校却激烈的指责被告，因此三个人展开激烈的辩论。审讯继续进行下去。而美国的高级官员们希望能在审判中获提德国所犯罪行的良好证明，因此对审判施以极大的压力，但赫鲁特坚守法律的正义立场，给予了最公正的判决。在宣布判决结果时，只有亚林对赫鲁特审判长的态度表示赞赏。这部电影是社会派制作人斯坦利．克雷默将赫鲁特审判长的回忆录搬上银幕，拍摄而成的，以突出的演技来表现伦理与伦理间的纠缠关系。此片获得最佳男主角金像奖及最佳改编剧本奖。
爱莉安娜·格兰德：嗨，我爱你,2020,2020-12-21,音乐 纪录,97,80,英语,保罗·达格代尔,,爱莉安娜·格兰德 Scott Nicholson Brian Nicholson Joesar Alva Cory Graves Bong Buño Igor Faria Darrion Gallegos Nekai Johnson,,爱莉安娜·格兰德登上伦敦的舞台，奉上“甜到翻世界巡回演唱会”，并分享了她在排练和巡演中的幕后生活。
与我为邻,2018,2018-06-29,纪录,95,80,英语,Morgan Neville,,Margaret Whitmer Tom Junod Joanne Rogers Jim Rogers Max King Hedda Sharapan Betty Seamans Junlei Li Joe Negri,A little kindness makes a world of difference.,本片近距离审视了美国最受欢迎的邻居：弗雷德·罗杰斯先生。这部情感真挚而动人的电影，为我们呈现了一位我们自以为熟悉的人物形象，带领我们超越他那件标志性的拉链毛衣与幻想国度，走进一位富有创造力的天才的内心——他以悲悯与无限的想象力，启迪了一代又一代的孩子。
Love Hurts,2002,2002-11-08,剧情 爱情,104,80,西班牙语,Fernando Sariñana,Carolina Rivera,路易斯·费尔南多·佩尼亚 玛莎·希加瑞达 希梅納·萨里尼亚纳 Alfonso Herrera 阿曼多·埃尔南德斯 Andrea Damián Karla Alvarado Pedro Damián Zaide Silvia Gutiérrez,Who says money isn't important?,Family and friends try to sabotage the budding romance between a young upper class girl and a humble student.
哈利·波特与阿兹卡班的囚徒,2004,2004-09-10,冒险 奇幻,141,80,英语,阿方索·卡隆,J·K·罗琳,丹尼尔·雷德克里夫 鲁伯特·格林特 艾玛·沃森 罗彼·考特拉尼 迈克尔·甘本 加里·奥德曼 大卫·休里斯 蒂莫西·斯波 艾伦·瑞克曼,每件事都将改变,在本片中，哈利、罗恩与赫敏已成长为少年，返回霍格沃茨魔法学校开启第三年的学习。这一年，他们被迫直面越狱逃跑的囚犯小天狼星布莱克——一个对哈利构成巨大威胁的人。哈利和他的朋友们在这一年里学习如何驯服半马半鹰的鹰头马身有翼兽、击退会变形的博格特，并掌握占卜学的技艺。他们还造访了巫师村落霍格莫德村，以及号称全英最阴森的尖叫棚屋。除了这些新奇的体验，哈利还必须战胜吸食灵魂的摄魂怪的威胁，智斗危险的狼人，并最终弄清小天狼星布莱克与他自己以及他父母之间的真相。在与挚友的并肩作战中，哈利掌握了高深的魔法，跨越了时间的界限，从而改变了不止一个人的命运。[华纳兄弟]
恐惧的代价,1953,2021-09-17,剧情 惊悚 冒险,131,80,法语,Henri-Georges Clouzot,Georges Arnaud,Yves Montand Charles Vanel Peter van Eyck Folco Lulli Véra Clouzot Antonio Centa Jo Dest Darío Moreno William Tubbs,‘Dynamic’ ‘Tremendous’ ‘Shattering’,在一座污秽不堪的南美石油小镇，四名走投无路的男子签下一项自杀式任务：驾驶装载硝化甘油的卡车，穿越一条危机四伏的险峻山路。他们将这易爆货物运往远方熊熊燃烧的油井，沿途每一次颠簸震荡都在考验着他们的勇气、情谊与神经。由此诞生的是一部镌刻在胶片史上最伟大的惊悚片之一——由法国传奇悬念大师亨利-乔治·克鲁佐打造的这段令人屏息的紧张之旅。[标准收藏]
雨月物语,1953,1953-03-26,奇幻 剧情 悬疑,96,80,日语,沟口健二,吉田喜重,京町子 水户光子 田中绢代 森雅之 小泽荣太郎 Sugisaku Aoyama Mitsusaburō Ramon 香川良介 上田吉二郎,,战国时代，琵琶湖附近的一个小山村里住着源十郎（森雅之饰）和妻子宫木（田中绢代饰），还有妹夫藤兵卫（小泽荣饰）、妹妹阿滨（水户光子）。他们以开小瓷窑、烧制瓷器为生，战乱中，源十郎想趁着战乱发一笔横财，而藤兵卫则想着成为一名武士，出人头地。 二人带着烧制好的上好瓷器离开家乡去市镇变卖，果然赚到一大笔钱，源十郎甚至碰上了一位美若天仙的贵族小姐若狭（京町子饰），雨云之欢，乐不思蜀。一天晚归的源十郎被一僧人告知是否遇见什么不干净的东西……。而藤兵卫也如愿以偿地成为了武士，撞大运碰上美事，好不威风，但他居然在寻欢之时遇见了妻子……，骇人的事实摆在了他们的面前。
极速车王,2019,2020-08-07,剧情 动作 历史,152,80,英语,詹姆斯·曼戈尔德,约翰-亨利·巴特沃斯,马特·达蒙 克里斯蒂安·贝尔 乔·博恩瑟 凯特瑞娜·巴菲 乔什·卢卡斯 诺亚·尤佩 崔西·莱茨 雷莫·吉罗内 雷·麦金农,超极限90天打造世界级赛车 24小时魔鬼赛程 挑战勒芒赛道,基于真实故事，聚焦由汽车设计师卡罗尔·谢尔比带领的一队美国工程师、设计师，以及他旗下的英国车手肯·迈尔斯，亨利·福特二世要求谢尔比打造一辆全新的赛车，希望能在 1966 年的勒芒世界锦标赛上打败长期占主导地位的法拉利。最终福特 GT40 在勒芒 24 小时耐力赛中成功击败法拉利，并蝉联了 1967 和 1968 年的冠军。
怦然心动,2010,2010-08-06,爱情 剧情,90,80,英语,罗伯·莱纳,温德林·范·德拉宁,玛德琳·卡罗尔 卡兰·麦克奥利菲 丽贝卡·德·莫奈 安东尼·爱德华兹 约翰·马奥尼 佩内洛普·安·米勒 艾丹·奎因 凯文·韦斯曼 摩根·莉莉,你永远不会忘记自己的初恋,布莱斯全家搬到小镇，邻家女孩朱丽前来帮忙。她对他一见钟情，心愿是获得他的吻。两人是同班同学，她一直想方设法接近他，但是他避之不及。她喜欢爬在高高的梧桐树上看风景。但因为施工，树被要被砍掉，她誓死捍卫，希望他并肩作战，但是他退缩了。她的事迹上了报纸，外公对她颇有好感，令他十分困惑。她凭借鸡下蛋的项目获得了科技展第一名，成了全场焦点，令他黯然失色。她把自家鸡蛋送给他，他听家人怀疑她家鸡蛋不卫生，便偷偷把鸡蛋丢掉。她得知真相，很伤心，两人关系跌入冰点。她跟家人诉说，引发争吵。原来父亲一直攒钱照顾傻弟弟，所以生活拮据。她理解了父母，自己动手，还得到了他外公的鼎力相助。他向她道歉，但是并未解决问题。他开始关注她。鸡蛋风波未平，家庭晚宴与午餐男孩评选又把两人扯在了一起……
忠犬八公的故事,2009,2009-06-08,剧情 家庭,93,80,英语,莱塞·霍尔斯道姆,斯蒂芬·P·林赛,理查·基尔 琼·艾伦 莎拉露瑪 田川洋行 埃里克·阿瓦里 罗比·萨布莱特 达文尼亚·麦克法登 杰森·亚历山大 凯文·德科斯特,"A true story of faith, devotion and undying love.",八公 是一条谜一样的犬，因为没有人知道它从哪里来。教授帕克 在小镇的火车站拣到一只走失的小狗，冥冥中似乎注定小狗和帕克教授有着某种缘分，帕克一抱起这只小狗就再也放不下来，最终，帕克对小狗八公的疼爱感化了起初极力反对养狗的妻子卡特。八公在帕克的呵护下慢慢长大，帕克上班时八公会一直把他送到车站，下班时八公也会早早便爬在车站等候，八公的忠诚让小镇的人家对它更加疼爱。有一天，八公在帕克要上班时表现异常，居然玩起了以往从来不会的捡球游戏，八公的表现让帕克非常满意，可是就是在那天，帕克因病去世。帕克的妻子、女儿安迪 及女婿迈克尔 怀着无比沉痛的心情埋葬了帕克，可是不明就里的八公却依然每天傍晚五点准时守候在小站的门前，等待着主人归来……
史酷比！亲吻乐团收妖记,2015,2015-07-09,家庭 动画 喜剧 悬疑,79,80,英语,Kevin Shinick,Spike Brandt,弗兰克·维尔克 Mindy Cohn 马修·利拉德 格蕾·德里斯勒 Gene Simmons Paul Stanley Eric Singer 加里·马歇尔 Doc McGhee,,史酷比和朋友们以及史上最富有传奇色彩的摇滚乐队之一的亲吻乐团即将在这个全新的世界展开惊心动魄的大冒险！史酷比一行人进入了属于亲吻乐团的主题公园，这个主题公园以惊悚恐怖元素为主，让游人感受不一样的鬼屋之旅。然而他们在公园里发现了一系列奇怪的事情，在亲吻乐团的帮助下，他们了解到全身深红色的女巫企图从另一个平行宇宙中召唤可怕的黑暗力量用来摧毁地球，幸运的是邪恶又可怕的计划被史酷比他们的到来彻底打乱了。但是史酷比一行人以及亲吻乐团能否成功拯救地球呢？
美国丽人,1999,1999-09-15,剧情,122,80,英语,萨姆·门德斯,艾伦·鲍尔,凯文·史派西 安妮特·贝宁 索拉·伯奇 韦斯·本特利 梅纳·苏瓦里 彼得·加拉格尔 艾莉森·詹尼 克里斯·库珀 斯科特·巴库拉,... look closer,被禁忌的欲望所激荡，莱斯特·伯纳姆（凯文·史派西 饰）决定打破自己循规蹈矩的生活。这些改变与其说是中年危机，不如说是青春期的再次苏醒。他活得越恣意，就越快活——这让妻子卡罗琳（安妮特·贝宁 饰）和女儿简（索拉·伯奇 饰）愈发恼火，尤其是当他将炽热的目光投向简的朋友、妖娆的安吉拉（米娜·苏瓦丽 饰）时。[Dreamworks SKG]
电话谋杀案,1954,1954-05-29,惊悚 犯罪,105,80,英语,阿尔弗雷德·希区柯克,弗雷德里克·梅杰·波尔·诺特,雷·米兰德 格蕾丝·凯利 罗伯特·卡明斯 约翰·威廉姆斯 安东尼·道森 Leo Britt 帕特里克·艾伦 George Leigh George Alderson,这是她一直在等的那个男人……还是一直在等她的那个男人？,汤尼（雷·米兰德 Ray Milland饰）和玛戈（格蕾丝·凯利 Grace Kelly 饰）是貌合神离的一对夫妻。汤尼常常为了他的事业和爱好，把娇妻忘在一边，二人感情亮出红灯。而生活寂寥的玛戈和作家马克不可避免的擦出爱之火花，他们约会、通信，不料竟被汤尼发现。汤尼没有声张，只是写了一封匿名信给妻子以示警告。然而现在马克竟然造访家中，为了一雪耻辱，加之图谋等到妻子玛戈的丰厚财产，汤尼暗生毒计。 汤尼向旧时同学列斯开出了一千英镑的价钱，让其参与他布下的一整套严密杀人计划。这套计划有设计精妙的凶手不在场证据，电话、钥匙，窗帘，统统成为这个阴谋的道具设置。然而计划终究赶不上变化，列斯不但得不到赏金，还要赔上自己的性命。而汤尼却也急中生了智……
艾拉：战争之女,2017,2017-10-27,剧情 战争 历史,124,80,土耳其语,Can Ulkay,Yiğit Güralp,İsmail Hacıoğlu 金設 Çetin Tekindor Ali Atay Murat Yildirim Taner Birsel Altan Erkekli Meral Çetinkaya Damla Sönmez,,讲述1950年赴朝鲜参战的一名土耳其军官与一名韩国孤儿之间的感人故事
巴黎在燃烧,1991,1991-03-13,纪录,78,80,英语,Jennie Livingston,,Pepper LaBeija Octavia St. Laurent Venus Xtravaganza Dorian Corey Willi Ninja Paris Dupree Freddie Pendavis Sol Williams Pendavis Junior LaBeija,Having a ball… Wish you were here,时装舞从何而来？“甩眼色”又究竟是什么意思？这部里程碑式的纪录片通过纽约哈林区非裔与拉丁裔变装舞会文化的视角，生动捕捉了1980年代的时代剪影。历时七年制作完成的本片以亲密视角记录了相互竞争的时尚“舞团”——从争夺奖杯的激烈角逐，到舞团之母在充斥着恐同、跨性别恐惧、种族歧视、艾滋病与贫困的世界中维系生存。片中汇聚传奇时装舞者、变装皇后与跨性别女性——包括威利·忍者、佩珀·拉贝贾、多里安·科里和维纳斯·艾克斯塔瓦甘萨。影片以鲜活影像记录这一切，颂扬律动的欢愉、言语的力量与社群的凝聚力。[标准收藏]
洛可兄弟,1960,1960-10-07,剧情 爱情,178,80,意大利语,卢基诺·维斯康蒂,苏索·切基·达米科,阿兰·德龙 Renato Salvatori Annie Girardot Katina Paxinou Alessandra Panaro 斯皮罗斯·福卡斯 克劳迪娅·卡汀娜 Max Cartier Corrado Pani,其现实主义风格大胆无畏，其震撼效果令人惊叹，其宏大视野令人屏息。,卢基诺·维斯康蒂的史诗巨作，讲述一个贫困家庭在欲望与贪婪的撕裂下分崩离析的故事。
艾维奇的真实故事,2017,2017-10-26,音乐 纪录,97,80,英语,Levan Tsikurishvili,,艾维奇 David Guetta Tiësto 迈克·艾因齐格 Nile Rodgers Wyclef Jean 克里斯·马汀 埃洛·布莱克 贝拉克·奥巴马,,《艾维奇的真实故事》讲述了艾维奇的内心故事，从内部记录了其丰富的个人和家庭故事及幕后花絮镜头。导演莱万·齐库里什维利（Levan Tsikurishvili）和艾维奇共事四年有余，记录了他的诸多经历和想法。
天才少女,2017,2017-04-07,剧情 喜剧,101,80,英语,马克·韦伯,汤姆·弗林,克里斯·埃文斯 麦肯娜·格瑞丝 琳赛·邓肯 珍妮·斯蕾特 奥克塔维亚·斯宾瑟 格伦·帕默尔 约翰·芬恩 Kelly Collins Lintz 乔·克里斯特,天才的礼物,《天才少女》是由马克·伟布导演及Tom Flynn编剧的一部2017年美国剧情片，由克里斯·埃文斯、麦肯娜·格瑞丝 、琳赛·邓肯、珍妮·斯蕾特和奥塔薇亚·史班森主演。剧情围绕着7岁的天才女孩陷于她的舅舅与外婆的监护权之争。
杀死一只知更鸟,1962,1962-12-25,剧情,129,80,英语,罗伯特·穆里根,哈珀·李,格利高里·派克 玛丽·巴德姆 菲利普·奥尔福德 约翰·梅格纳 弗兰克·奥弗顿 布洛克·彼得斯 罗斯玛丽·墨菲 鲁斯·怀特 埃斯特尔·埃文斯,A father must expose his children to a small town's outraged passions… and can only protect them with his love.,在美国大萧条时期的南方，律师阿提克斯·芬奇为一名遭受不公正强奸指控的黑人男子辩护，同时亦保护着自己的孩子免受偏见侵蚀。影片通过孩子们的眼睛，见证父亲如何在充满种族偏见的法庭与社会中坚守正义与良知，成为一部关于勇气、尊严与成长的永恒经典。该片改编自哈珀·李的同名普利策奖小说，深刻影响了数代人对平等与公正的理解。
房间,2015,2015-10-16,剧情 惊悚,118,80,英语,爱玛·多诺霍,伦尼·阿伯拉罕森,布丽·拉尔森 雅各布·特伦布莱 琼·艾伦 肖恩·布里吉格斯 汤姆·麦卡穆斯 威廉·H·梅西 卡斯·安瓦尔 阿曼达·布鲁格尔 温迪·克鲁森,Love knows no boundaries,影片讲述了五岁男孩杰克的非凡故事。他性格活泼，由挚爱且无私的母亲悉心照料。如同所有伟大的母亲，妈妈倾尽全力守护杰克的快乐与安全，以温暖和慈爱哺育他，陪他游戏、讲故事，践行着平凡母子间的日常。然而，他们的生活却远非寻常——二人被困于一个仅十英尺乘十英尺、被母亲委婉称为“房间”的封闭空间。妈妈在“房间”里为杰克构筑了完整的天地，并拼尽一切确保即使在这险恶环境中，杰克仍能度过充实而有意义的人生。但随着杰克对处境的好奇日渐增长，妈妈的坚韧也逼近极限，他们策划了一场危险的逃脱计划。最终，二人不得不直面可能比囚禁更令人畏惧的存在：现实世界。[A24]
海洋之歌,2014,2016-08-12,家庭 动画 奇幻,94,80,英语,Tomm Moore,Will Collins,David Rawle 布莱丹·格里森 Lisa Hannigan 菲奧娜拉·弗拉納根 Lucy O'Connell 乔·肯尼 帕特·肖特 Colm Ó'Snodaigh Liam Hourican,Let the song of the sea sway your heart...,本和他的小妹妹西尔莎——最后一位“海豹童”，踏上了一段穿越古老传说与魔法逐渐消失世界的奇幻旅程，只为重返他们海边的家园。[GKIDS]
阿拉伯的劳伦斯,1962,2013-04-21,冒险 历史 战争,227,80,英语,大卫·里恩,迈克尔·威尔逊,彼得·奥图尔 亚历克·吉尼斯 奥玛·沙里夫 安东尼·奎恩 杰克·霍金斯 何塞·费雷尔 安东尼·奎尔 克劳德·雷恩斯 阿瑟·肯尼迪,一切皆未注定。,大卫·里恩1962年的史诗巨制。彼得·奥图尔在此献上了影史中最震撼人心的银幕首秀之一，其饰演的传奇人物劳伦斯在广袤沙漠中交织着理想主义与身份迷失的壮阔篇章，至今仍闪耀着不朽的光芒。
黑神驹,2020,2020-11-27,剧情,110,80,英语,Ashley Avis,Anna Sewell,凯特·温斯莱特 麦肯基·弗依 伊恩·格雷 Calam Lynch 克莱尔·弗兰妮 Fern Deacon David Sherwood Bjorn Steinbach 帕特里克·莱斯特,Find your way home.,影片由阿什利·阿维斯自编自导，故事基于安娜·休厄尔1877年完成的同名畅销小说改编。原小说以“黑神驹”的视角进行第一人称表达，描绘出一部属于“黑神驹”的自传体回忆录。影片将着重描绘17岁女孩乔(弗依饰)与“黑神驹”(温斯莱特配音)间深厚的情感纽带，是“黑神驹”使乔走出了父母离世的精神创伤。
博·伯瀚：制造快乐,2016,2016-06-03,喜剧 音乐,60,80,英语,博·伯翰,Christopher Storer,博·伯翰 劳伦·斯卡法莉娅,Are you happy?,博·伯翰 (Bo Burnham) 在他令人眼花缭乱的全新单口喜剧特辑中探讨了生、死、性、虚伪、精神疾病和品客薯片罐头。
"Toto, Peppino, and the Hussy",1956,1956-08-23,喜剧 爱情,101,80,意大利语,Nicola Manzari,Camillo Mastrocinque,Totò 佩皮诺·德·菲利波 Dorian Gray Teddy Reno Vittoria Crispo Mario Castellani Nino Manfredi Linda Sini Salvo Libassi,,"Antonio, Peppino and Lucia are three brothers who live in the country near Naples. Lucia's son, Gianni, goes to Naples to study medicine, but there he knows a ballet dancer. They fall in love and, when she goes to Milan, Gianni follows her. Informed of this and afraid that their nephew will stop studying, the three Caponi brothers leave for Milan to persuade Gianni to come back and continue studying and abandon the ""Malafemmina"" (bad girl)."
三傻大闹宝莱坞,2009,2009-12-25,剧情 喜剧,171,80,印地语,拉吉库马尔·希拉尼,阿希贾特·乔希,阿米尔·汗 马达范 R 沙尔曼·乔什 卡琳娜·卡普 博曼·伊拉尼 奥米·瓦依达 莫娜·辛哈 拉胡尔·库马尔 帕里卡沙特.萨赫尼,Aal Izz Well!,本片根据印度畅销书作家奇坦·巴哈特（Chetan Bhagat）的处女作小说《五点人》（Five Point Someone）改编而成。法兰、拉杜与兰乔是皇家工程学院的学生，三人共居一室，结为好友。在以严格著称的学院里，兰乔是个非常与众不同的学生，他不死记硬背，甚至还公然顶撞校长“病毒”，质疑他的教学方法。他不仅鼓动法兰与拉杜去勇敢追寻理想，还劝说校长的二女儿碧雅离开满眼铜臭的未婚夫。兰乔的特立独行引起了模范学生“消音器”的不满，他约定十年后再与兰乔一决高下，看哪种生活方式更能取得成功。本片获孟买电影博览奖最佳影片、最佳导演、最佳配角（波曼·伊拉尼）、最佳剧本等六项大奖，并获国际印度电影协会最佳影片、最佳导演、最佳剧情、最佳摄影等十六项大奖。
巴里·林登,1975,1975-12-18,剧情 爱情 战争 历史,184,80,英语,斯坦利·库布里克,威廉·梅克比斯·萨克雷,瑞安·奥尼尔 玛丽莎·贝伦森 帕特里克·马吉 哈迪·克鲁格 史蒂文·伯科夫 盖伊·汉密尔顿 玛丽·基恩 戴安娜·科尔纳 默里·梅尔文,最终，雷德蒙·巴里成为了一名绅士——而这正是他的悲剧所在。,斯坦利·库布里克以其耀眼的视觉呈现，改编威廉·梅克比斯·萨克雷的小说，将历史剧情片的传统规则纳入自己的意志之下，勾勒出一幅冷酷贵族阶层的画卷。影片以流浪汉小说式的细腻笔触，记述了无可救药的骗子巴里·林登的冒险生涯——他从爱尔兰农场投机发迹，辗转七年战争的沙场，直至跻身上流社会的华丽沙龙。为了这部职业生涯中工艺最显奢华的影片，库布里克以开创性的摄影技术、华美的服饰与场景设计，重现了那个时代的颓靡表象与繁复社会法则，唤醒了十八世纪绘画的光影与肌理。这些探索也为影片赢得了奥斯卡奖项。最终成就的是一部杰作：它以冷嘲而凌厉的笔调，描绘了一个正在消逝的世界，其浮华之下掩盖的，是核心处空洞的道德底色。[标准收藏公司]
赌城风云,1995,1995-11-22,犯罪 剧情,179,80,英语,马丁·斯科塞斯,尼古拉斯·皮莱吉,罗伯特·德尼罗 莎朗·斯通 乔·佩西 詹姆斯·伍兹 唐纳德·杰伊·里克尔斯 艾伦·金 凯文·波拉克 L·Q·琼斯 迪克·史莫勒斯,没有人永远站在顶端。,萨姆·“埃斯”·罗思坦（罗伯特·德尼罗 Robert De Niro 饰）抱着“赌博是一桩需要认真对待的事业”这个信念经营这一家拉斯维加斯的赌场。这个信念使他的赌场生意兴隆，而也让他成为富四一方的大亨。但是自从他娶了妓女出身的金姬（莎朗·斯通 Sharon Stone 饰）后，一切都发生了改变。金姬是个贪得无厌，嗜好酒和毒品的美丽女人，对前男友旧情不忘甚至给他送钱；黑社会老大派来保护萨姆的尼基（乔·佩西 Joe Pesci 饰）总是触犯法律，被警方禁止踏足赌场，还不量力要当老板；萨姆开除了不负责任的雇员却得罪了当地的官员；更糟糕的是，萨姆和昔日的合作伙伴间的摩擦加剧。所有的一切，都使萨姆心神不宁……
纸人,2012,2012-11-02,动画 家庭 爱情 喜剧 奇幻,7,80,英语,John Kahrs,Kendelle Hoyer,John Kahrs 凯莉·华格伦 Jeff Turley Jack Goldenberg,第85届奥斯卡金像奖最佳动画短片,《Paperman》由前皮克斯员工，首次做导演的John Kahrs拍摄。影片结合了手绘动画和CG电脑动画，并获得第85届奥斯卡最佳动画短片奖。故事发生在20世纪90年代的纽约，一天早晨，一个在上班途中的男人无意间在地铁站偶遇一名美丽女子，女子意外地在男人的文件上留下一个鲜红唇印。唇印和女子一起深深地印在了男人的心里。本以为这只是一面之缘，但无精打采的男人很快发现这个美丽的女子竟然出现在他办公室街对面的那幢大楼里。女子随时会离开，男人知道必须做点什么引起女子的注意。办公桌上的一摞纸突然让他有感而发，男人开始了吸引对面女子注意力的努力。 凭借一颗真心，和想留住女子的决心，男人最终会不会成功引起对方的注意？他究竟使用了什么方式呢？
复仇者联盟,2012,2012-05-05,科幻 动作 冒险,142,80,英语,乔斯·韦登,杰克·柯比,小罗伯特·唐尼 克里斯·埃文斯 马克·鲁法洛 克里斯·海姆斯沃斯 斯嘉丽·约翰逊 杰瑞米·雷纳 汤姆·希德勒斯顿 克拉克·格雷格 寇碧·史莫德斯,群侠集结 终极一战,一股突如其来的强大邪恶势力对地球造成致命威胁，没有任何一个超级英雄能够单独抵挡。长期致力于保护全球安危的神盾局感到措手不及，其指挥官尼克·弗瑞意识到他必须创建一个“史上最强”的联盟组织， 云集各方超级英雄一起发威，才能拯救世界于水深火热，抵御黑暗势力的侵袭。于是由六大超级英雄——“钢铁侠”、“雷神” 、“美国队长”、“绿巨人” 、“黑寡妇”和“鹰眼”组成的 “复仇者联盟”应运而生。他们各显神通，团结一心，终于战胜了邪恶势力，保证了地球的安全。
El mesero,2021,2021-07-15,喜剧,86,80,西班牙语,Raúl Martínez,Alberto Bremer,Vadhir Derbez Bárbara López Arturo Barba Emiliano Zurita Ignacia Allamand Gustavo Sánchez Parra Memo Villegas Sabine Moussier Rodrigo Bello,,A waiter pretends to be an important businessman in order to reach the upper class through his entrepreneurial dreams.
乔乔的异想世界,2019,2020-07-31,喜剧 战争 剧情,108,80,英语,塔伊加·维迪提,克里斯汀·卢恩斯,罗曼·格里芬·戴维斯 托马辛·麦肯齐 斯嘉丽·约翰逊 塔伊加·维迪提 山姆·洛克威尔 蕾蓓尔·威尔森 阿尔菲·艾伦 斯戴芬·莫昌特 阿奇·耶茨,An anti-hate satire.,二战时期，男孩乔乔(戴维斯)和母亲(斯嘉丽)生活在纳粹德国统治下，他不知道母亲在家中藏着一个犹太女孩(麦肯齐)，而母亲秘密为抵抗军工作。乔乔渴望加入希特勒青年团，他脑内出了一个颠覆版的希特勒，这个希特勒有魅力、傻傻的、天真可爱，是他的朋友，帮助他应付生活中的困境。
卡比利亚之夜,1957,1957-10-03,剧情,110,80,意大利语,费德里科·费里尼,恩尼奥·弗拉亚诺,朱丽叶塔·马西纳 François Périer Franca Marzi Amedeo Nazzari Aldo Silvani Dorian Gray Ennio Girolami Mario Passante Franco Balducci,这是一个关于一位被背叛却永不屈服的罗马街头女孩的故事。,妓女卡比利亚一直梦想和自己的爱人过上甜蜜安稳的日子。然而，单纯善良的她在一开始就被男友骗光了钱，并被推入河中，差点丧命。即使遭遇如此羞辱，她还是对爱情充满希望。一次，她在街上偶遇一个刚和女友吵架的男演员，被他邀请 回家过夜。正当她受宠若惊、满心欢喜之际，男演员的女友上门求和，这让卡比利亚再次伤心欲绝。不久，她又在剧场遭遇到一位英俊男子的疯狂追求，起初她有点不自信，但最终还是接受了这位男子的求婚，并变卖所有家产，准备与未婚夫共赴美好新生活。然而，在途中她的未婚夫居然也露出骗子的本性，抢走了她的钱，并差点害死她。一无所有的卡比利亚疯狂痛哭，悲伤欲绝。她独自晃悠在路上，一群活泼的男女从身边经过，他们快乐地边走边唱，欢乐氛围让灰心的卡比利亚受到感染，她的脸上又露出了招牌式的笑容。
老爷车,2008,2008-12-12,剧情,116,80,英语,尼克·申克,克林特·伊斯特伍德,克林特·伊斯特伍德 克里斯托弗·卡利 比·王 安蕾·荷 布莱恩·黑利 杰拉尔丁·休斯 德瑞玛·沃克 布莱恩·豪威 约翰·卡罗尔·林奇,从我的草坪上滚开。,曾参加过朝鲜战争的福特车厂退休老工人沃尔特•科瓦尔斯基（克林特•伊斯特伍德 Clint Eastwood 饰）在妻子去世后独自居住在密歇根州小城的低收入亚洲移民区。邻居是个苗族大家庭，其中一对兄妹引起了沃尔特的注意。姐姐苏（安蕾•荷 Ahney Her 饰）幽默善谈，逐步与固执又有点种族主义的老沃尔特成为了朋友；沉默寡言的弟弟涛（比•王 Bee Vang 饰）则被自己的远房表兄强迫加入当地的苗族黑帮，第一次行动就被指派去偷沃尔特视为珍宝的1972年福特老爷车。偷车不成，涛被家人强迫，给沃尔特打工赎罪，却没曾想与沃尔特建立了深厚的友谊。而当地的苗族帮派却不肯就此罢手，为了苏与涛的安全和社区的安宁，老战士沃尔特该如何行动呢？
1917,2019,2020-08-07,战争 历史,119,80,英语,萨姆·门德斯,克里斯蒂·威尔逊-凯恩斯,乔治·麦凯 迪恩-查尔斯·查普曼 马克·斯特朗 安德鲁·斯科特 理查德·麦登 克莱尔·迪比尔克 科林·费尔斯 本尼迪克特·康伯巴奇 丹尼尔·梅斯,一镜到底 身临其战,1917 年，第一次世界大战进入最激烈之际，两个年仅 16 岁的英国士兵接到的命令，需立即赶往死亡前线，向那里的将军传达一个“立刻停止进攻”讯息。 时间只有八小时，武器弹药有限，无人知晓前方敌况：死亡寂静之地、布满尸体的铁丝网、突入其来的敌军、随时毙命的危险境况……这一次两个少年为救 1600 个人的性命，不完成，毋宁死！
如纸人生,2021,2021-03-12,剧情,96,80,土耳其语,Can Ulkay,Ercan Mehmet Erdem,察合台·乌鲁索伊 Emir Ali Doğrul 艾利森 艾瑞克 Turgay Tanülkü 塞伦·奥兹图尔克 Tomris Çetinel Enver Aktay,,讲述伊斯坦布尔的一个贫穷老街区，有一位受人爱戴的家伙，迈赫·迈特，他经营着这个街区的废物仓库，同时，他也会帮助身边每一个需要帮助的人，特别是无家可归的儿童，因为他就是其中一个。一天，迈赫·迈特偶遇一个8岁的男孩，出现在他最好伴侣冈萨雷斯的废纸袋里。此时他的心里有想和父母团聚的冲动，但是他没意识到已经对这个孩子产生了依恋。
至爱梵高·星空之谜,2017,2017-10-06,动画 剧情 历史,95,80,英语,休·韦尔奇曼,DK 韦尔什曼,道格拉斯·布斯 罗伯特·古拉奇克 埃莉诺·汤姆林森 海伦·麦克洛瑞 西尔莎·罗南 克里斯·奥多德 约翰·塞申斯 杰罗姆·弗林 艾丹·特纳,"The truth is, we cannot speak other than by our paintings.",2015年是梵高的125年诞辰，为了纪念梵高，英国著名的电影工作室BreakThru Films(曾获得奥斯卡奖)和Trademark Films从2012年开始筹拍一部名叫《Loving Vincent》的动画电影，通过动画师手绘的120幅梵高画作，试图探索梵高的精神世界与死亡之谜。
太极旗飘扬,2004,2004-02-05,动作 冒险 剧情 历史 战争,148,80,朝鲜语,姜帝圭,金相敦,张东健 元斌 李恩珠 龚亨镇 李英兰 张民好 赵胤熙 安吉江 朴吉秀,一个国家，一个家庭…被战争分割。,李镇泰是生活在汉城的一个修鞋匠，一家人的生计就从修补鞋子的费用维持。虽然物质并不富裕，这却是一个十分温馨完整的家庭。妻子李英顺和母亲开一间面馆，平日还要照顾下面的弟妹，弟弟李镇锡是家中所有的希望，如今正在高中读书，考上大学是他的梦想，更是哥哥镇泰的寄托所在。然而随着1950年朝鲜战争突然爆发，平静的生活很快被打乱。战火蔓延汉城，镇泰决定带着家人到大邱去生活，躲避战乱。但在中途，他们却被强行征入军队，押上了开往洛东江前线的列车。从此一家人四分五裂。而在战场上的镇泰只剩下一个愿望：不顾一切用生命保护弟弟，当听说只要获得国家勋章就可以让弟弟免役时，他便疯子般冲在战斗最前沿。然而残酷的战场加上弄人的命运，他们的生命轨迹发生了无可避免的改变。
模仿游戏,2014,2015-07-21,历史 剧情 惊悚 战争,113,80,英语,莫腾·泰杜姆,格拉汉姆·摩尔,本尼迪克特·康伯巴奇 凯拉·奈特莉 马修·古迪 罗里·金尼尔 艾伦·里奇 马修·比尔德 查尔斯·丹斯 马克·斯特朗 詹姆斯·诺斯科特,The true enigma was the man who cracked the code.,根据Andrew Hodges所写的传记《艾伦·图灵》（Alan Turing: The Enigma）改编。艾伦·图灵是英国数学家、逻辑学家，二战中曾协助军方破解德国的著名密码系统Enigma，对盟军取得了二战的胜利有一定的帮助。图灵对于人工智能的发展有诸多贡献，著名的图灵机模型为现代计算机的逻辑工作方式奠定了基础。图灵是著名的同性恋之一，并因为其同性恋倾向而遭到迫害，使得他的职业生涯尽毁。1952年，他的同性伴侣协同一名同谋一起闯进了图灵的房子实施盗窃。图灵为此而报警。但是警方的调查结果使得他被控以“明显的猥亵和性颠倒行为”。他没有申辩，并被定罪。在著名的公审后，他被给予了两个选择：坐牢或荷尔蒙疗法。他选择了荷尔蒙注射，并持续了一年。在这段时间里，药物产生了包括乳房不断发育的副作用。1954年，图灵因食用浸过氰化物溶液的苹果死亡。很多人相信他是自杀。但是他的母亲极力争论他的死是意外，因为他在实验室里不小心堆放了很多化学物品。
圣女贞德蒙难记,1928,1928-10-25,剧情 历史,110,80,法语,卡尔·西奥多·德莱叶,Joseph Delteil,Maria Falconetti Eugène Silvain André Berley Maurice Schutz Antonin Artaud 米歇尔·西蒙 Jean d'Yd Louis Ravet Armand Lurville,一部永垂不朽的银幕经典！,灵性的狂喜与体制的伪善，在这部默片时代最超然的杰作之一中，以极为鲜明生动的方式呈现出来。影片记录了圣女贞德受审直至被处决前最后时日的历程，丹麦电影大师卡尔·西奥多·德莱叶以惊人的临场感刻画了她的煎熬。他运用一系列电影技法——表现主义打光、相互连通的布景、令人心碎的特写镜头——将观众浸入她的主观体验之中。奠定德莱叶此番大胆形式探索的，是蕾妮·法尔康内蒂传奇般的表演：她那受尽煎熬的面容，同时传递出殉道的痛苦与狂喜。
天气之子,2019,2019-11-01,动画 剧情 奇幻 爱情,111,80,日语,新海诚,,醍醐虎汰朗 森七菜 本田翼 吉柳咲良 平泉成 倍赏千惠子 小栗旬 梶裕贵 岛本须美,这是只有我和她知道的，关于世界秘密的故事,影片发生在天气错乱、阴雨连绵的时代。离家出走、独自上京闯荡的少年森岛帆高，遇到了同样生存艰难的少女天野阳菜。两人在大城市中相互依赖，并萌生情愫。拥有超能力的“100%晴天女孩”阳菜，为了重现晴天而离奇失踪。但对于帆高而言，哪怕与世界为敌，他也一定要找回阳菜。
无人知晓,2004,2004-08-07,剧情,141,80,日语,是枝裕和,,柳乐优弥 北浦爱 木村飞影 清水萌萌子 韩英恵 江原由希子 加濑亮 串田和美 冈元夕纪子,Did mom really abandon us?,故事发生在东京，讲述了一群孩子组成临时家庭、在都市丛林中艰难求生的特殊故事。[IFC Films]
战国英豪,1958,1958-12-28,剧情 动作 冒险,139,80,日语,黑泽明,菊岛隆三,三船敏郎 千秋实 藤原釜足 上原美佐 藤田进 志村乔 泽村育夫 三井弘次 笈川武夫,如何对待他人的善意，全在于你个人的选择。,在日本封建时代，在一场血腥的氏族战争中，两个懦弱而贪婪的农民，一个战败军队的士兵，偶然发现了一个神秘人，这个神秘人将他们带到了一个隐藏在深山中的堡垒。
变形金刚：起源,2024,2024-09-27,动画 科幻 冒险 家庭,104,80,英语,安德鲁·巴勒,加布里埃尔·法拉利,克里斯·海姆斯沃斯 布莱恩·泰里·亨利 斯嘉丽·约翰逊 科甘-迈克尔·凯 乔恩·哈姆 史蒂夫·布西密 劳伦斯·菲什伯恩 凡妮莎·利果里 乔恩·贝利,见证起源,影片将时间线拨回赛博坦时期，生活在赛博坦星球的擎天柱（克里斯·海姆斯沃斯 Chris Hemsworth 配音）与威震天（布莱恩·泰里·亨利 Brian Tyree Henry 配音）才20岁出头，是情同手足的朋友，此时他们还是没有变形能力的机器人，讲述他们如何从手足变为死敌的起源故事。
宾果：晨光之王,2017,2017-08-24,喜剧 剧情,113,80,葡萄牙语,Daniel Rezende,Luiz Bolognesi,Vladimir Brichta Leandra Leal 泰娜·毛勒 Ana Lúcia Torre Augusto Madeira Cauã Martins Emanuelle Araújo Pedro Bial Domingos Montagner,Clowning around can cost your soul,电影改编自真实事件，讲述的是一个带着面具的男人背后的故事。奥古斯托(Vladimir Brichta饰)是位在聚光灯下找寻立足之处的艺术家，踏上了母亲的艺术道路。他的母亲是位活跃在50年代的舞台艺术家。不遗余力地寻求观众的掌声，他找到了赢得观众喜爱的机会，就是成为了80年代的儿童节目最受欢迎的小丑电视主持人。  　　换上小丑装后，奥古斯托获得了史无前例的成功。但由于合同条款禁止他泄露自己的真实身份，他成了一个匿名的名人。奥古斯托变成了带给全国儿童欢乐的小丑，但却没有给自己儿子加布里埃尔（Cauã Martins饰）带来快乐。在儿子加布里埃尔眼里，父亲是个追求名气疏远自己的人。全片充满幽默和讽刺，夸张地展现了80年代巴西电视后台世界。该片讲述了一个男人找寻自己艺术价值的超现实故事以及他人格的堕落。
公民凯恩,1941,1941-05-06,悬疑 剧情,119,80,英语,奥逊·威尔斯,赫尔曼·雅各布·曼凯维奇,奥逊·威尔斯 约瑟夫·科顿 多萝西·科明戈 雷·柯林斯 乔治·库卢里斯 艾格尼丝·摩尔黑德 保罗·斯图尔特 鲁斯·沃里克 厄斯金·桑福德,有人称他为英雄……也有人称他为恶棍。,在影史最耀眼的处女作中，时年二十五岁的编导演全才奥逊·威尔斯将有声时代的电影语言熔铸成首部真正意义上的现代电影。影片通过报业巨头查尔斯·福斯特·凯恩（原型为威廉·伦道夫·赫斯特）流星般崛起又骤坠的人生轨迹，不仅淋漓尽致地勾勒出美国式狂傲的经典肖像，更释放出汹涌的风格革新洪流——从拼图式的叙事结构到格雷格·托兰德震撼的深焦摄影——使得本片在穿越代际时光后，始终焕发着令每一代新观众为之震撼的鲜活力量。[标准收藏]
机器人之梦,2023,2024-06-08,动画 剧情 喜剧 科幻,102,80,西班牙语,巴勃罗·贝尔赫,,伊万·拉班达 阿尔伯特·特里佛·塞加拉 拉法·卡尔沃 何塞·加西亚·托斯 何塞·路易斯·梅地亚维拉 格雷西拉·莫利纳 埃斯特·索兰斯,Experience a once-in-a-lifetime friendship beyond your wildest dreams,一只狗住在曼哈顿，它厌倦了独处。某日，它决定为自己制造一个机器人作伴。它们的友谊日益深厚，随着80年代纽约的节奏，终成彼此不可或缺的存在。一个夏夜，狗怀着巨大的悲伤，被迫将机器人遗弃在海滩。它们还能再相见吗？
爱你，西蒙,2018,2018-03-16,喜剧 剧情 爱情,110,80,英语,格里格·伯兰蒂,Becky Albertalli,尼克·罗宾森 詹妮弗·加纳 乔什·杜哈明 凯瑟琳·兰福德 亚历山德拉·希普 洛根·米勒 凯南·朗斯代尔 小豪尔赫·兰登伯格 塔丽莎·贝特曼,Everyone deserves a great love story.,每个人都值得拥有一个伟大的爱情故事。但是对一个17岁的高中生「西蒙」来说这一切却是件超复杂的事：第一、没有人知道他是同性恋；第二、他也搞不清楚自己爱上跟他一样有同样困扰的不具名网友到底是何方神圣？？？为了解决这两个大麻烦，西蒙展开一段爆笑又吓人的解答过程，但他没料到的是，最后得到的答案却从此改变了自己的人生。
猎鹿人,1978,1978-12-08,剧情 战争,183,80,英语,迈克尔·西米诺,Deric Washburn,罗伯特·德尼罗 克里斯托弗·沃肯 约翰·卡扎尔 约翰·萨维奇 梅丽尔·斯特里普 乔治·杜兹达扎 鲁坦亚·阿尔达 Pierre Segui 艾米·赖特,One of the most important and powerful films of all time!,本片追踪了一群钢铁工人伙伴——从宾夕法尼亚州的熔炉到阿勒格尼山脉清凉的猎场，再到越南致命的战争熔炉。罗伯特·德尼罗出色地饰演了迈克尔，这群人天生的领袖。本片是一部关于友谊与勇气的灼热戏剧——以及在艰难困苦中这些品质将经历怎样的考验。[环球影业]
猫鼠游戏,2002,2003-04-11,剧情 犯罪,141,80,英语,史蒂文·斯皮尔伯格,杰夫·内桑森,莱昂纳多·迪卡普里奥 汤姆·汉克斯 克里斯托弗·沃肯 马丁·辛 纳塔莉·贝伊 艾米·亚当斯 詹姆斯·布洛林 布莱恩·豪威 弗兰克·约翰·休斯,瞒天过海 逍遥法外 天网恢恢 疏而不漏,弗兰克（莱昂纳多·迪卡普里奥 Leonardo DiCaprio饰）是FBI有史以来年龄最小的通缉犯。他的犯罪手段神通广大，伪装身份的能力超乎常人，全美各地几乎都留下他的犯罪足迹。乔装医生、律师、飞行员，统统都是他曾经的身份。当然，弗兰克凭着这个“本领”，骗取了高达几百万的金额。活得逍遥快乐的弗兰克这次又成功伪造了一份学历证明，去医院做起了大夫。弗兰克不但在这里认识了护士布雷达（艾米·亚当斯 Amy Adams饰），二人擦出爱火花，还通过布雷达的父亲得到了一份检察官助理的优差。然而，这只是暴风雨前夕——一双眼睛已经盯住了弗兰克，誓要把他绳之于法不可。这就是FBI探员卡尔（汤姆·汉克斯 Tom Hanks饰）。在研究追捕弗兰克的过程中，卡尔领教到这个犯罪天才的过人智商。他屡次被弗兰克这个黄毛小子捉弄，心里又恨又不得不佩服。每当弗兰克有惊无险地从他的精心布局中逃脱时，这个猫鼠游戏显得有趣起来……
绝境盟约,2023,2023-12-15,剧情 历史,144,80,西班牙语,J·A·巴亚纳,海梅·马克斯,恩佐·沃格林西奇 奥古斯丁·帕尔德拉 马蒂亚斯·雷卡尔特 埃斯特万·比格利亚尔迪 迭戈·维格齐 费尔南多·孔蒂吉亚尼·加西亚 埃斯特万·库库里茨卡 弗朗西斯科·罗梅罗 拉斐尔·费德曼,Based on a remarkable true story.,改编自帕布罗·维尔西（Pablo Vierci）依真实事件撰写而成的小说，背景设定在1972 年，讲述了乌拉圭空军 571 班机将一支橄榄球队送往智利途中，在安第斯山脉的冰川上坠机。45 名乘客中只有 29 人在事故中幸存下来，在身处世界上最恶劣的环境之一，他们被迫采取极端方式求生。
淘金记,1925,2025-06-26,冒险 喜剧 剧情,95,80,英语,查理·卓别林,,查理·卓别林 麦克·斯温 汤姆·默里 亨利·伯格曼 马尔科姆·韦特 乔治亚·黑尔 Jack Adams Frank Aderias Leona Aderias,全球最令人捧腹的爆笑大片！,查理·卓别林的喜剧杰作——描绘了在克朗代克追寻财富的淘金者与浪漫邂逅（美丽的乔治亚·海尔）的故事——永远奠定了卓别林及其“流浪汉”形象的标志性地位。影片部分取景于内华达山脉，包含“面包卷之舞”与“煮皮鞋大餐”等传世笑料，本片是一部令人暖心欢笑的永恒之作。此特别版收录了卓别林最终修订的1942年版本（导演为此版添加了新配乐与旁白），以及全新修复的1925年原始默片。[标准收藏]
黑白魔女库伊拉,2021,2021-06-06,喜剧 犯罪 冒险,134,80,英语,克雷格·吉勒斯佩,多萝西·史密斯,艾玛·斯通 艾玛·汤普森 乔尔·弗莱 保罗·沃尔特·豪瑟 约翰·麦克雷 艾米丽·比查姆 马克·斯特朗 凯万·诺瓦克 柯比·豪威尔-巴蒂斯特,你好呀 这个残酷的世界,影片改编自道迪·史密斯的小说，故事设定在20世纪70年代朋克摇滚革命时期的伦敦，讲述了一个名叫黛伊拉（艾玛·斯通 饰）的年轻骗子的故事。黛伊拉是一个聪明又有创意的女孩，她决心用自己的设计让自己出名。她和一对欣赏她的恶作剧嗜好的小偷交上了朋友，并能够一起在伦敦的街道上建立自己的生活。有一天，黛伊拉的时尚品味吸引了冯·赫尔曼男爵夫人（艾玛·汤普森 饰）的眼球，她是一位时尚界的传奇人物，拥有毁灭性的时尚和可怕的高雅，但他们的关系引发了一系列事件，导致黛伊拉去拥抱她的邪恶一面，成为了兼具疯狂、时尚和报复心的库伊拉。
爱在黎明破晓前,1995,1995-01-27,剧情 爱情,105,80,英语,理查德·林克莱特,金·克里桑,伊桑·霍克 朱莉·德尔佩 安德里亚·埃克特 汉诺·波西尔 卡尔·布鲁克施瓦格 特克斯·鲁比诺威茨 埃尔尼·曼戈尔德 多米尼克·卡斯特尔 海蒙·玛丽亚·巴汀格,你一生中最浪漫的时刻只能在黎明前结束吗？,美国青年杰西（伊桑·霍克 饰）在火车上偶遇了法国女学生塞琳娜（朱莉·德尔佩 饰），两人在火车上交谈甚欢。当火车到达维也纳时，杰西盛情邀请塞琳娜一起在维也纳游览一番，即使杰西翌日便要坐飞机离开。与杰西一见钟情的塞琳娜接受了杰西的邀请。
天空之城,1986,1992-05-01,冒险 奇幻 动画 动作 家庭,125,80,日语,宫崎骏,,横泽启子 田中真弓 寺田农 初井言荣 常田富士男 永井一郎 丝博 鹫尾真知子 神山卓三,邂逅美好,古老帝国拉普达是一座漂浮在空中的巨大的机器岛，传说那里已经无人居住，蕴藏着巨大的财富。因此，无论军方还是海盗，都在找寻着这座传说中的飞行岛。矿工巴鲁这天偶遇拉普达继承人希达，两人一见如故。因为希达身上有找寻拉普达帝国的重要物件飞行石，军方和海盗两帮人马都在追杀希达。巴鲁带着希达一起逃亡，最终都没有逃出军方的手中，希达被军队掳走了。为救朋友，巴鲁只能选择与海盗合作。巴鲁与海盗成功救出了希达，同时，他们也发现了军方的邪恶计划。为了阻止军方邪恶计划的实施，他们和海盗一起踏上了寻找拉普达之旅。
杀死比尔,2003,2003-10-10,动作 犯罪,111,80,英语,昆汀·塔伦蒂诺,乌玛·瑟曼,乌玛·瑟曼 刘玉玲 薇薇卡·福克斯 达丽尔·汉纳 大卫·卡拉丁 迈克尔·马德森 朱莉·德雷福斯 栗山千明 千叶真一,新娘来了。,这是一部令人眼花缭乱，绝对能带给您感官刺激的动作电影。一个新娘（乌玛•瑟曼Uma Thurman饰）在自己的婚礼上遭到了暗杀，婚礼瞬间变成了一片狼籍的红色。幸运的是，新娘并没有就此消失，而是在四年后苏醒过来，并且接受了高强度的各种各样的武术训练，开始踏上了自己的复仇之路，在世界各地寻找给自己带来灾难的人。当然，她也遇到了许多阻碍。日本杀手（刘玉玲饰）就是其中之一。这场红色的复仇之路究竟伸向何处，又有多曲折呢？
心跳瞬间,2017,2017-06-01,动画 喜剧 爱情,4,80,英语,Beth David,Esteban Bravo,Nick Ainsworth Kelly Donohue,The Heart Wants What The Heart Wants,宁静祥和的校园，红色卷发男孩仓皇跑进画面中，他手足无措，钻入草丛。稍后才发现，原来他看到了自己心爱之人——一个有着黑色头发的男孩。黑发男孩左手拿着一本书在阅读，右手淡定自若抛着苹果，阳光下的他英俊帅气。红发男孩躲在树后，一脸的痴迷与神往。他不小心弄出了声响，连忙藏在树后，躁动的心则砰砰直跳。难以置信的是，他那颗痴迷的心竟然跳脱体外，直直朝着心上人儿飞去。红发男孩羞臊无比，他追了上去，想方设法要阻止满怀爱意的心，他多么怕遭到对方的拒绝啊！怕得要命！
谜一样的双眼,2009,2009-09-25,悬疑 惊悚 剧情,129,80,西班牙语,胡安·何塞·坎帕内利亚,爱德华多·萨切里,里卡多·达林 索莱达·维拉米尔 巴勃罗·拉戈 哈维尔·戈迪诺 吉列尔莫·弗兰切拉 卡拉·奎沃多 Bárbara Palladino Alejandro Abelenda 马里奥·阿拉尔孔,An unsolved crime. A love story. An unwritten ending.,本杰明·艾斯玻希多（里卡杜·达林 Ricardo Darín 饰）是一名退休的检察官，几十年的司法工作经验让他积攒下诸多素材，而多年前一起奸杀案始终让他念念不忘，他希望将其付梓出版，了却心愿。25年前，23岁的美丽女教师莉莉安娜·科洛托（Carla Quevedo 饰）和银行职员里杜卡·莫拉莱斯（帕博罗·拉格 Pablo Rago 饰）相识相恋，然而就在两人已谈婚论嫁之际，莉莉安娜在公寓被人残忍强暴并杀害。是时司法腐败，为求尽快结案，本杰明的同事甚至随便找个外来移民顶罪。也许是为莉莉安娜死亡现场所震撼，本杰明执着地展开调查，从此卷入这桩扑朔迷离的爱恨疑案之中……本片荣获2010年第82届奥斯卡金像奖最佳外语片奖；2009年哈瓦那电影节观众奖、最佳男主角奖（Ricardo Darín）、最佳导演奖、最佳音乐奖、评审团特别奖。
玩具总动员,1995,1995-11-22,家庭 喜剧 动画 冒险,81,80,英语,约翰·拉塞特,亚力克·索科洛,汤姆·汉克斯 蒂姆·艾伦 唐纳德·杰伊·里克尔斯 吉姆·法尼 华莱士‧肖恩 约翰·拉岑伯格 安妮·波茨 约翰·莫里斯 埃里克·冯·德滕,坚持下去 喜剧将无限延伸,在胡迪的带领下，安迪的玩具们一直在他的房间里快乐地生活着，直到安迪的生日将巴斯光年带入这个大家庭。由于害怕自己在安迪心中的地位被取代，胡迪对这位新成员心存忌惮并密谋排挤。然而当各种意外将巴斯和胡迪与主人分离后，这对冤家逐渐学会了搁置分歧、携手共渡难关。[皮克斯]
红菱艳,1948,1948-09-06,剧情 爱情,133,80,英语,埃默里克·普雷斯伯格,迈克尔·鲍威尔,Anton Walbrook Marius Goring Moira Shearer Robert Helpmann Léonide Massine Albert Bassermann Ludmilla Tchérina Esmond Knight Jean Short,她跳了，她必须跳下去……在她两个挚爱之间！,本片的女主角佩姬是爱舞如命的人。当舞蹈团团莱蒙托夫问她为什么要跳舞时，她的回答是：“就像你为什么活着”。她把自己生命的激情倾注在芭蕾舞剧《红菱艳》的排练之中，结果她的演出大为成功。后来她和作曲家朱利安坠入情网。于是她陷入了爱情与事业的冲突之中，莱蒙托夫认为：”没有一位伟大的舞蹈演员可以去享受常人的爱情“。但是他说服不了佩姬。佩姬离开了舞蹈团并结了婚。但是后来一种强大的诱惑使佩姬决心重返舞台，致使朱利安拂袖而去。走上舞台之后，佩姬忽然想到那个穿红舞鞋跳到生命终点的姑娘，感到不寒而栗，她感到不能失去爱情和丈夫。她猛地冲出剧院去追赶即将离去的丈夫，结果被迎面而来的火车轧死……
侏罗纪公园,1993,1993-06-11,冒险 科幻,127,80,英语,迈克尔·克莱顿,史蒂文·斯皮尔伯格,山姆·尼尔 劳拉·邓恩 杰夫·高布伦 理查德·阿滕伯勒 鲍勃·佩克 马丁·费雷罗 黄荣亮 约瑟夫·梅泽罗 阿丽亚娜·理查兹,一场跨越六千五百万年的冒险之旅。,哈蒙德立志要建立一个非同寻常的公园：恐龙将是这个公园的主角。他把众多科学家收归旗下，利用琥珀里面困住的远古蚊子体内的血液，提取出恐龙的基因信息，利用这些信息培育繁殖恐龙。结果如愿以偿，他把怒布拉岛建立成了一个恐龙公园，坚信可以从中赚取大钱。然而，科学家们则忧心忡忡。不幸的事情果然发生了。虽然公园有电脑系统管理，但却因为被员工破坏而造成了无法挽救的失控：所有的恐龙逃出了控制区，人们纷纷逃窜却逃不过恐龙的魔爪。恐龙自相残杀，人们亦死难无数，最后幸存者寥寥，只得四人逃出生天。怒布拉岛上空弥漫着恐怖的气息。
西北偏北,1959,2009-06-16,惊悚 冒险,137,80,英语,阿尔弗雷德·希区柯克,恩斯特·莱赫曼,加里·格兰特 爱娃·玛丽·森特 詹姆斯·梅森 洁茜·罗伊丝·兰迪斯 里奥·G·卡罗尔 约瑟芬·哈钦森 菲利普·奥伯 马丁·兰道 亚当·威廉姆斯,这是一场致命的“抓人游戏”，而加里·格兰特就是那个“被抓的人”！,一位时运不济的纽约广告主管被外国间谍误认为政府特工，为寻求生路被迫展开横跨美国的逃亡之旅。
三个男人一只脚,1997,1997-12-27,喜剧,100,80,意大利语,Massimo Venier,Giacomo Poretti,Aldo Baglio Giovanni Storti Giacomo Poretti 玛丽娜·马西罗尼 Carlo Croccolo Maria Pia Casilio Luciana Littizzetto Gaetano Amato Margherita Antonelli,"WANTED: A Leg, Dead or Alive",三个有姻亲关系的男人阿多，阿尼和阿莫同时为脾气暴躁，性格独断的岳父做事。阿多和阿尼以结婚数年，阿莫则将与三姐妹中最小的妹妹结婚。  　　某天，岳父要他们三个从米兰运送一位美国雕塑家的作品：一条腿到南部老家，送抵时刚好举行阿莫与小女儿的婚礼。炎炎夏日里，三个男人便带着这条价值不斐的腿与岳父心爱的狗一路南下。  　　这三个性格不同却具阿Q精神的男人，就在吵闹妥协中一路往南，旅途中遭遇一连串事件。弄丢了狗，搞掉了腿，还遇上一位美丽的女孩，女孩丰富了他们的旅程，却也和即将结婚的阿莫发生感情。行程一再拖延，暴躁的岳父不断的以大哥大吹促，三个男人只能害怕的拼命撒谎，和企图弥补。  　　岳父，婚礼在等着他们，而他们却在旅程中发现生活的新意义，他们要如何结束这趟旅程呢？
重庆森林,1994,1994-07-14,剧情 喜剧 爱情,103,80,Cantonese,王家卫,,林青霞 金城武 梁朝伟 王菲 周嘉玲 陈锦泉 关莉娜 梁辰 Zhiming Huang,不知道从什么时候开始，在什么东西上面都有个日期。秋刀鱼会过期、肉罐头会过期，连保鲜纸都会过期！我开始怀疑，在这个世界上，还有什么东西是不会过期的？,编号为223的警察失恋后患上失恋综合症，在与金发女杀手擦肩而过又离奇相遇并有了一晚温情后，原本以为包括“爱情”在内的所有东西都有保质期的他意外地迎来心灵的短暂温暖。可是，他们的爱情还是结束了。快餐店新来的女招待阿菲爱上了时常光顾快餐店的编号为633的警察，因拆了他的女友留在快餐店给他的“分手” 信，阿菲知晓了他的心情，偷拿到他的钥匙趁他不在时常潜入他家，一边梦游一边悄悄地改变他的生活，终在被他撞见时令其感受到情感的回归。然而，这才是他们爱情的开始。
异形2,1986,1986-07-18,动作 惊悚 科幻,154,80,英语,詹姆斯·卡梅隆,罗纳德·舒塞特,西格妮·韦弗 凯莉·赫恩 迈克尔·比恩 保罗·雷瑟 兰斯·亨利克森 比尔·帕克斯顿 威廉·霍普 詹妮特·戈德斯坦恩 阿尔·马修斯,这次是战争。,在这部承接《异形》剧情的动作续集中，西格妮·韦弗回归饰演蕾普莉——人类首次遭遇异形怪物后的唯一幸存者。她关于异形及其船员命运的陈述起初备受质疑，直到LV-426殖民星球上的居民神秘失踪，促使她加入一支奉命前往调查的高科技殖民陆战队。
波西米亚狂想曲,2018,2019-03-22,音乐 历史 剧情,131,80,英语,安东尼·麦卡滕,布莱恩·辛格,拉米·马雷克 格威利姆·李 本·哈迪 约瑟夫·梅泽罗 露西·博因顿 艾丹·吉伦 艾伦·里奇 汤姆·霍兰德尔 麦克·梅尔斯,Fearless lives forever.,本片是对皇后乐队、传奇主唱弗雷迪·莫库里以及他们音乐的致敬盛宴，这是一段充满爱、痛苦、接纳和音乐的旅程。弗雷迪·莫库里曾是希思罗机场的一名普通搬运工，对音乐满腔热血的他，与布莱恩·梅、罗杰·泰勒、约 翰·迪肯组成皇后乐队。这个殿堂级乐队的从无到有，从疏离到重聚，从低谷到巅峰，仿佛就是弗雷迪一生的缩影。
飞屋环游记,2009,2009-08-04,动画 喜剧 家庭 冒险,96,80,英语,皮特·多克特,鲍勃·彼得森,爱德华·阿斯纳 克里斯托弗·普卢默 乔丹·长井 鲍勃·彼得森 德尔罗伊·林多 杰罗姆·兰夫特 约翰·拉岑伯格 大卫·卡耶 埃利·多克特,与你一起 展翼高飞,小男孩卡尔（Carl Fredricksen）怀揣着对于冒险的热爱偶遇假小子艾丽（Ellie），而艾丽把整个屋子当成一艘大飞船游戏居然使他对这个女孩子有些着迷，相同的爱好最终使两个人成为了一生的爱侣。他们有一个梦想，那就是有朝一日要去南美洲的“仙境瀑布”探险，但直到艾丽去世，这个梦想也未能实现。终于有一天，曾经专卖气球的老人卡尔居然用五颜六色的气球拽着他的房子飞上了天空，他决定要去实现他们未曾实现的梦想。令卡尔始料不及的是，门廊居然搭上了一个自称是“荒野开拓者”的小男孩小罗（Russell），小罗的喋喋不休让卡尔对这个小胖墩格外讨厌。一老一少在飞行中经过了千难万险终于看到了传说中的“仙境瀑布”，在相处过程中卡尔发现小罗其实是个惹人怜爱的孩子。在步行穿越一座森林时，他们遇到了不会飞的大鸟凯文（Kevin）和一只会说话的狗狗逗逗（Dug），让老人惊讶的是他们还遇到了他少年的崇拜偶像——探险家查尔斯·蒙兹（Charles Muntz），而且他发现蒙兹居然是一个为达目的不择手段的坏人。这时，老人离自己的梦想之地只有一步之遥…
安德烈·卢布廖夫,1966,1966-12-16,剧情 历史,183,80,俄语,安德烈·塔可夫斯基,安德烈·康查洛夫斯基,阿纳托利·索洛尼琴 Ivan Lapikov 尼古拉·格林科 Nikolai Sergeyev Irma Raush 尼古拉·彼得洛维奇·布尔利亚耶夫 尤里·肖 Yuriy Nikulin Rolan Bykov,智慧愈多，忧愁愈深。,15世纪初，鞑靼人的铁蹄践踏着大公割据的俄罗斯大地，黎民百姓在大公的暴政下水深火热，圣像画家安德烈·鲁勃廖夫就生活在这样的年代。在大公的邀请下，鲁勃廖夫前往莫斯科为教堂作画。但在创作的过程中，鲁勃廖夫却对圣像内容产生了巨大的质疑，这种矛盾的心态使他联想到现今俄罗斯民众经 受的磨难与自己为贵族服务的事实，最终，他毅然离开教堂回到了原先的修道院。 不久，鲁勃廖夫被迫再度回到莫斯科进行圣像创作，但这次他却亲临了所有俄罗斯人的苦难。大公的弟弟勾结鞑靼人篡位谋反，弗拉基米尔城的居民被无辜残杀，教堂在战火中摧毁，画家的眼中全是地狱的景象……鲁勃廖夫再次陷入艺术与现实反差的困境，他又回到安德洛尼科夫修道院，将自己完全封闭，拒绝继续作画。 经过多年的反抗征战，鞑靼人的军队终于被赶出俄罗斯的大地。1423年，大公第三次邀请鲁勃廖夫到莫斯科作画，在一个铸钟少年的感染下，鲁勃廖夫最终完成了《三位一体》的传世名作。
猜火车,1996,1996-02-23,剧情 犯罪,94,80,英语,丹尼·博伊尔,欧文·威尔士,伊万·麦克格雷格 艾文·布莱纳 约翰尼·李·米勒 凯文·麦克基德 罗伯特·卡莱尔 凯莉·麦克唐纳 彼得·穆兰 詹姆斯·科斯莫斯 艾琳·尼古拉斯,Choose life.,如一剂直击1990年代英国电影心脏的肾上腺素，这部改编自欧文·威尔士小说的黑色幽默作品，是导演丹尼·博伊尔、制片人安德鲁·麦克唐纳与编剧约翰·霍奇的重要突破。凭借通电般的能量与风格化的胆识，本片跃动穿梭于苏格兰海洛因成瘾者马克·雷顿（伊万·麦克格雷格 饰）的生活与时代——他与一群格格不入的伙伴一起，时而沉溺毒海，时而惹上麻烦，时而尝试清醒，时而又重蹈覆辙，一切只为逃离现代生存的平庸。影片以电子乐、摇滚与英伦流行金曲组成的标志性原声带为节奏，进行着动态剪辑，这部独立电影现象之作，选择了生命全部丑陋、美丽、骇人又振奋的面貌。[标准收藏]
自由之声,2023,2023-07-04,动作 剧情,131,80,英语,Alejandro Monteverde,Rod Barr,吉姆·卡维泽 米拉·索维诺 比尔·坎普 杰拉尔多·塔拉塞纳 库尔特·富勒 何塞·祖尼加 埃杜瓦多·维拉斯蒂吉 斯科特·黑兹 耶西卡·博罗托·佩里曼,Fight for the light. Silence the darkness.,联邦探员蒂姆·巴拉德在把一个小男孩从残忍的儿童拐卖犯罪中解救出来之后，得知男孩的姐姐同样被拐，他决定冒险前去营救，但政府无法派兵到他国领土救援。时间紧迫，蒂姆辞去工作，深入哥伦比亚丛林以身犯险，誓要把女孩从生不如死的命运中解救出来。
碧血金沙,1948,1948-01-15,冒险 剧情 西部,126,80,英语,约翰·休斯顿,B·特拉文,亨弗莱·鲍嘉 沃尔特·休斯顿 蒂姆·霍尔特 布鲁斯·贝内特 巴顿·麦克莱恩 阿方索·贝多亚 阿图罗·索托·兰格尔 曼努埃尔·唐德 何塞·托维,他们离宝藏越近，离法律的束缚就越远。,在墨西哥谋生的两名美国人弗雷德·多布斯与鲍勃·柯廷，说服一位老淘金客带领他们前往马德雷山脉挖掘金矿。
小野猫与斗牛犬,2019,2019-01-18,动画 家庭 剧情,9,80,英语,Rosana Sullivan,,,,一边是好斗独立的流浪小猫，另一边是凶猛的斗牛犬，两只动物之间看似不可能的联系，让他们与彼此一起，首次经历了友谊。
热辣奇多的诞生,2023,2023-03-11,剧情 历史,98,80,英语,伊娃·朗格里亚,Linda Yvette Chavez,杰西·加西亚 安妮·冈萨雷斯 埃米利奥·里维拉 凡妮莎·马丁内斯 丹尼斯·海斯伯特 托尼·夏尔赫布 帕皮·塞尔纳 鲍比·索托 吉米·冈萨雷斯,The flavor you know. The story you don't.,本片讲述了乐事菲多利公司清洁工理查德·蒙塔涅斯的故事。他弘扬墨西哥裔美国人传统，将热辣奇多打造成一种标志性的零食。
地球上的星星,2007,2007-12-21,剧情,162,80,印地语,阿莫尔·古普特,阿米尔·汗,达席尔·萨法瑞 阿米尔·汗 提斯卡·乔普拉 维品·沙尔马 塔奈·切赫达 Sachet Engineer 吉里贾·奥克 Shankar Sachdev Rajgopal Iyer,Every child is special.,对于8岁的男孩伊夏 来说，世界是充满了惊奇和快乐的万花筒，他正在用一切他能够想到的方式和这个陌生的世界进行着交流，同时也充分的享受着大地万物慷慨的赠与。可是，这样的伊夏却是成年人眼中的问题儿童，他的成绩不好，在班上的排名靠后， 脑子里还充满了各种匪夷所思的鬼点子，在又一次闯下大祸后，忍无可忍的父母将他送往了寄宿学校...
爱的曝光,2008,2008-11-29,动作 喜剧 剧情 爱情,237,80,日语,园子温,,西岛隆弘 满岛光 安藤樱 渡边真起子 渡部笃郎 清水优 尾上寛之 永冈佑 广泽草,,这部长达近四个小时的电影讲述了一个根据真人真事改编的究极纯爱故事。角田优生长在虔诚的基督徒家庭。母亲早逝，优和当神父的父亲哲过着平淡而幸福的生活。优憧憬着有朝一日能遇到理想中的女性——和母亲气质相似的“玛丽亚”。某天，美艳奔放的薰闯入了这对父子的生活。虽然身为神职人员，但哲深深迷上了薰。当薰不辞而别之后，哲好像变了一个人似的，成了一个不讲理的老头，要求儿子每天忏悔。优只好胡乱瞎编些东西来搪塞，然而其中有一件是真的——他曾经偷拍女孩的裙底风光。哲听说此事后大发雷霆，骂儿子是变态，而优反而更加热衷于这一行为了。这天，优和一道偷拍的伙伴们打赌输了，被迫男扮女装在街头搭讪女孩子。他遇到了被一群小流氓纠缠的洋子。优对洋子一见钟情，那正是他朝思暮想的“玛丽亚”女郎。而洋子也爱上了优假扮的神秘女孩“佐素梨”。不久后，哲和薰重逢，两人结了婚，而薰带来的“拖油瓶”竟然就是洋子。从此，优的生活陷入了混乱。洋子倾心于“佐素梨”，却十分讨厌优，她对女装的优甜甜蜜蜜，对作为哥哥的优则冷淡无比。烦恼不堪的优只得通过偷拍来发泄情绪。与此同时，有个叫“零教会”的神秘新兴宗教团体开始流行，信徒越来越多。不知为何，“零教会”的教祖古池寻机接近优和他的家人。古池还把优偷拍的癖好告诉了洋子，让洋子越发疏远他了。接着，哲和薰也好像被洗了脑，对优不再信任。优不堪忍受，只得离家出走。过了一段时间，他回到家里，却发现父母和妹妹都失踪了。这一定是小池和“零教会”搞得鬼！优展开了属于他的战斗……
秋日奏鸣曲,1978,1978-10-08,剧情,93,80,瑞典语,英格玛·伯格曼,,英格丽·褒曼 丽芙·乌曼 莱娜·尼曼 埃里克·比约克 玛丽安·阿米诺夫 阿恩·邦-汉森 甘纳尔·布耶恩施特兰德 厄兰·约瑟夫森 Georg Løkkeberg,,夏洛特（英格丽褒曼）是某乐团杰出的钢琴演奏员，她的女儿伊娃（丽芙乌尔曼）是一名在农村社区工作的牧师的妻子，两人之间有一道深深的感情鸿沟，七年来不曾有过任何交流。  丈夫去世后，夏洛特主动打破沉默来看望伊娃，两人都试着友好相处，却不免又将往事重提。伊娃怨恨夏洛特没在她童年时给予她足够的爱护，只把重心放在自己的事业和另一个有高度残疾、只能发不清晰的音来与人交流的女儿海琳（莱娜尼曼）身上。而夏洛特因为海琳与伊娃住在一起，加上丈夫的去世给自己造成很大打击，也是心情闷闷紧锁眉头。
镜子,1975,1975-03-07,剧情 历史,108,80,俄语,安德烈·塔可夫斯基,阿尔谢尼·塔可夫斯基,玛格丽塔·捷列霍娃 伊格纳特·丹尼尔采夫 Larisa Tarkovskaya 阿拉·基米多娃 阿纳托利·索洛尼琴 尼古拉·格林科 塔玛拉·奥戈罗德尼科娃 尤里·肖 奥列格·扬科夫斯基,,安德烈·塔可夫斯基（《潜行者》导演）这部对20世纪俄国历史的深沉沉思，是一次穿越时光与记忆回廊的幽微之旅——它既是影像谱写的诗篇，亦是半梦半醒的幻象，更是一部电影作品。在由不同胶片与新闻素材交织而成的丰富拼贴中，一位垂死诗人的回忆在我们眼前闪现，他的梦境与童年场景、战时岁月、婚姻生活交融，皆浸透着催眠般的神秘力量。因叙事结构隐晦，影片上映之初曾遭苏联评论界普遍冷遇，但此后它已跻身导演最著名、最具影响力的作品之列，成为一位艺术家将内心深处思绪与情感自精神直抵银幕的惊人个人宣言。[标准收藏]
百万美元宝贝,2004,2004-12-15,剧情,132,80,英语,克林特·伊斯特伍德,保罗·哈吉斯,克林特·伊斯特伍德 希拉里·斯万克 摩根·弗里曼 杰伊·巴鲁切尔 麦克·柯尔特 露西娅 瑞科尔 布莱恩·弗朗西斯·奥伯恩 安东尼·麦凯 玛戈·马丁代尔,沉默之外，是过往。梦想之外，是悸动。希望之外，是回忆。旅途之外，是挚爱。,两名退休拳击手在洛杉矶经营一家拳馆，当一位怀揣拳击梦想的女性突然出现、渴望登上拳台时，他们的平静生活就此被打破。
椿三十郎,1962,1962-01-01,剧情 动作 喜剧,96,80,日语,黑泽明,山本周五郎,三船敏郎 仲代达矢 小林桂树 加山雄三 团令子 志村乔 藤原釜足 入江隆子 清水将夫,你剑法不错，但真正的利刃从不轻易出鞘！,三船敏郎以跋扈的姿态与凌厉的咆哮，在黑泽明这部节奏精妙、构图绝伦的影片中演绎出令人叫绝的喜剧效果。作为《用心棒》的诙谐姊妹篇，厌倦世故的武士椿三十郎协助一群天真的年轻武士肃清氏族内部的恶势力，在此过程中彻底颠覆了他们心中“正统”武士的形象。相比前作，此片风格更显内敛却同样酣畅淋漓，这位经典角色的再度登场，本身已是一部独立成章的杰作。[标准收藏]
钢铁巨人,1999,1999-08-06,动画 科幻 家庭 剧情,86,80,英语,布拉德·伯德,Tim McCanlies,詹妮弗·安妮斯顿 小哈里·康尼克 范·迪塞尔 詹姆斯·甘蒙 克洛里斯·利奇曼 克里斯托弗·麦克唐纳 约翰·马奥尼 艾力·马伦斯奥 迈克尔·埃米特·沃尔什,It came from outer space!,1950年代，一个巨型金属机器坠落在缅因州，令镇民惊恐。然而，这个机器人却与名叫霍加斯的九岁男孩成为了朋友。男孩必须保护它，使其免受镇民的偏见以及一心要摧毁机器人的政府特工的威胁。
海豚湾,2009,2009-07-31,纪录,92,80,英语,路易·西霍尤斯,马克·门罗,海顿·潘妮蒂尔 Joe Chisholm Mandy-Rae Cruikshank Charles Hambleton Simon Hutchins Kirk Krack 伊莎贝尔·卢卡斯 Richard O'Barry Roger Payne,Shallow Water. Deep Secret.,在这部扣人心弦的生态惊悚片中，一支由潜水员、活动家与特效专家组成的精英团队潜入日本一处秘密海湾，旨在揭露历史上最触目惊心且超乎想象的反自然罪行之一。[Roadside Attractions]
侧耳倾听,1995,1995-07-15,动画 剧情 家庭,111,79,日语,近藤喜文,宫崎骏,本名阳子 高桥一生 立花隆 室井滋 高山南 饭冢雅弓 山下容莉枝 小林桂树 井上直久,有了喜欢的人。,正在读初三的月岛雯是一个喜欢看书的女孩，她每次都能在借书卡上看到一个叫天泽圣司名字，因此她对这个人充满了好奇。 雯一直喜欢写诗，有一天她跟好友夕子在讨论写诗的事，夕子告诉雯自己收到了情书，但事实上夕子已有了喜欢的人。更没有想到的是，夕子喜欢的杉村喜欢的是雯，雯一时间感到十分困惑。 雯无意中来到了一个小店，原来店主是圣司的爷爷。认识了圣司之后，听到了圣司对自己理想的追求之后，也激发了雯对自己理想的追求之念。当圣司离开了到意大利学习做小提琴时，雯决定要专心写作。当雯完成了作品之后，她发现原来自己高估了自己，就这样她选择继续考高中，这时她非常想念圣司。 一天凌晨，她站到窗边，突然看到了一个熟悉的身影……
第六感,1999,1999-08-06,悬疑 惊悚 剧情,103,79,英语,M·奈特·沙马兰,,布鲁斯·威利斯 海利·乔·奥斯蒙 托妮·科莱特 奥利维亚·威廉姆斯 唐尼·沃尔伯格 特拉沃·摩根 米莎·巴顿 Angelica Page Greg Wood,不是每一份礼物都是祝福。,麦克（布鲁斯·威利斯 饰）是著名儿童心理学家，却也有始终未能治愈的患者，甚至因此遭到枪杀，这名少年随后也饮枪自毙。这给麦克带来很大心理阴影，一年后他找到另一个症状很像这名患者的男孩柯尔（海利·乔·奥斯蒙 饰），并耐心的做起了他的医生。柯尔并不容易接近，但麦克还是慢慢赢得 了他的信任，得知了柯尔的秘密。原来柯尔有着灵异的第六感，可以看到鬼魂。虽然这令人感到难以置信，但麦克在证实了事情的真相后还是帮助柯尔接受了这个事实。  　　可是就在问题即将得到解决的时候，麦克却在柯尔的引导下，发现了一个更令人震惊的秘密……
老无所依,2007,2008-06-16,犯罪 惊悚 西部,122,79,英语,伊桑·科恩,乔尔·科恩,哈维尔·巴登 汤米·李·琼斯 乔什·布洛林 伍迪·哈里森 凯莉·麦克唐纳 加瑞特·迪拉胡特 泰丝·哈珀 巴里·科尔宾 斯蒂芬·鲁特,世上没有不留痕迹的逃脱。,在科恩兄弟对科马克·麦卡锡小说的强力改编中，一场关乎赌局与宿命的致命角逐于1980年代初荒凉的西得克萨斯展开。当一位退休焊工兼越战老兵偶然发现毒品交易演变成沙漠屠杀后遗留的两百万美元，他随即被一位倦怠的警长与一名精神变态的杀手在平原上追踪，引发一连串冷酷无情的暴力漩涡。本片荣获四项奥斯卡奖——包括最佳影片与巴登令人难忘的最佳男配角奖——这部冷峻的边境黑色电影，通过命运每一次残酷的反讽转折，将紧张感与存在主义焦虑推向极致。
风之谷,1984,2003-12-19,冒险 动画 奇幻,117,79,日语,宫崎骏,,岛本须美 永井一郎 纳谷悟朗 松田洋治 榊原良子 家弓家正 京田尚子 辻村真人 富永美伊奈,少女的爱恋，唤来了奇迹……,1000年后的枯人们，并不是生活在天堂里，而看上去美丽的景象，其实是危机四伏。在人类自我毁灭的浩劫后，以菌类为主的腐海森林，散发着有毒的气体，逐渐的侵蚀着人类的居住区，而生活在腐海中的王虫群，更是可以在瞬间毁灭辛苦建立起来的新的家园的恐怖生物。疲惫于战争的人群经历了艰难困苦，总算找到个可以暂时安居的地方，那里由于风的力量而没有受到腐海的侵袭，这个美丽的家园就是风之谷。风之谷是个不受腐海波及的地方，人们生活的很快乐，可是有野心的多米吉亚人，不惜发动战争，利用王虫荷母打击风之谷，在一个黑暗艰苦的时期，展开白鸟之翼的娜伍丝嘉，将会面临怎样的危机以及成长，将会怎样对待敌意和战争，最重要的是，背负着族人的期待，面对着疯狂的王虫，纤弱的身躯，是否能够承担起保护自己家园的重任？
一一,2000,2017-07-28,剧情,173,79,汉语,杨德昌,,吴念真 尾形一成 金燕玲 李凯莉 张洋洋 陈希圣 柯素云 陶传正 萧淑慎,我们从未重复度过同一天。,已故台湾电影大师杨德昌执导的非凡之作，在国际上广受赞誉。影片以一场婚礼开始，以一场葬礼结束，跟随台北一个中产阶级家庭度过了一年的时光。无论是记述中年父亲NJ与旧情人试探性的情感波动，还是早熟的小儿子洋洋用他心爱的相机试图捕捉现实的努力，导演都以充满慈悲的明晰感，为每一帧精美的画面注入了深意。这部温暖、辽阔而迷人的亲密史诗，无疑是二十一世纪无可争议的杰作之一。
阿基拉,1988,1998-11-30,动画 科幻 动作,124,79,日语,大友克洋,桥本伊藏,岩田光央 佐佐木望 小山茉美 石田太郎 铃木瑞穗 玄田哲章 北村弘一 渊崎有里子 大仓正章,新东京即将爆发！,1988年7月，关东地区使用新型炸弹进行爆破，第三次世界大战即刻爆发。31年后，人类从一片废墟中重建都市，东京湾上建立了巨大城市——新东京。世界仿佛要恢复到以前的繁荣。2019年的一个夜晚，新东京郊外的封闭高速公路上，暴走族团体正在公路上飙车。带头的少年，是一名叫做金田的职业高中学生。突然，街上出现了一位奇怪的矮个男子，暴走族少年铁雄为躲避车祸连人带车飞出公路。正当金田要拿那位男子问罪之时，军队驾驶直升飞机赶到将那位矮个男子与铁雄一起收押。铁雄进入了一个陌生的地方，这里似乎在从事超能力的研究，而金田则在盘算如何营救铁雄。二人都不知道，他们的未来因为神秘力量——阿基拉已经开始了巨大的变化。
勇敢的心,1995,2017-04-18,动作 剧情 历史 战争,177,79,英语,梅尔·吉布森,兰道尔·华莱士,梅尔·吉布森 凯瑟琳·麦克马克 苏菲·玛索 帕特里克·麦高汉 安古斯·麦克菲登 布莱丹·格里森 詹姆斯·罗宾逊 詹姆斯·科斯莫斯 肖恩·麦金利,每个人都会死，但并非每个人都真正活过,威廉·华莱士童年时，其父、苏格兰民族英雄马索·华莱士在与英军的斗争中牺牲，他开始接受父亲好友的指导，学习苏格兰文化和武术。青年华莱士（梅尔·吉布森 饰）学成回到故乡，向美丽的少女梅伦求婚，不想梅伦被英军抢去且遭杀害。在广大村民“英雄之后”的呼声中，华莱士率众揭竿起义，并与苏格兰贵族罗伯结成联盟，但不久他发现，苏格兰贵族考虑的只是自身的利益。英王为缓和局势，派伊莎贝拉（苏菲·玛索 饰）前去和华莱士谈判，由于英王只想收买华莱士，根本不顾苏格兰人民的自由和平等，谈判失败，但这一切并不为伊莎贝拉所知。伊莎贝拉归国后发现事情真相，且知晓英王正策划阴招，忙送信给华莱士，而两人的爱情，也在战争与阴谋中悄然滋生。
词语,1955,1955-01-09,剧情,125,79,丹麦语,卡尔·西奥多·德莱叶,卡伊·蒙克,Henrik Malberg Birgitte Federspiel Emil Hass Christensen Preben Lerdorff Rye Cay Kristiansen Ejner Federspiel Gerda Nielsen Sylvia Eckhausen Ann Elisabeth Groth,今日传奇。,故事发生在丹麦一个宗教氛围极浓的村子里，农夫波根有三个儿子，大儿子对宗教持怀疑态度，性情叛逆；小儿子居然与不同信仰的女孩谈恋爱，而影片的主角、三兄弟中的老二相信自己就是耶稣，被大家当成疯子，因为本来读神学的他在经历未婚妻离世后打击太大而成疯癫；但有一天老二开始“显灵”，让死人复活，自己的神智也开始恢复。
夜,1961,1961-01-24,剧情 爱情,122,79,意大利语,米开朗基罗•安东尼奥尼,恩尼奥·弗拉亚诺,马切洛·马斯楚安尼 珍妮·莫罗 Monica Vitti Bernhard Wicki Rosy Mazzacurati Maria Pia Luzi Guido A. Marsan Vittorio Bertolini Vincenzo Corbella,一种全新的电影类型……旨在引发你的思考与触动你的情感。,这是发生在米兰的一对夫妻的故事。Giovanni Pontano（马塞洛•马斯楚安尼 Marcello Mastroianni 饰）是一个有名的作家，他有一个美丽的妻子Lidia（让娜•莫罗 Jeanne Moreau 饰）。他们来到医院看望Giovanni身患重病的朋友Tommaso，Tommmso对Giovanni的新书暂不绝口，然而疾病给他带来的疼痛让他十分痛苦。Lidia无法忍受看着这样一个病人，先离开了，Giovanni却被一个女病人所引诱。Giovanni再次见到Lidia时，两人间的气氛显得十分异样。两人先是去参加了出版社举办的Giovanni的新书发布会，随后又受邀去参加一个晚会。在豪宅的晚会上，Giovanni和主人的女儿Valentina Gherardini（莫尼卡•维蒂 Monica Vitti 饰）打得火热，两人接吻的场面被Lidia看到了。随后Lidia也和另外一个男人跳起舞来......这对夫妻的婚姻将走向何方？
银翼杀手,1982,2016-04-22,科幻 剧情 惊悚,117,79,英语,雷德利·斯科特,菲利普·K·迪克,哈里森·福特 鲁格·豪尔 肖恩·杨 爱德华·詹姆斯·奥莫斯 迈克尔·埃米特·沃尔什 达丽尔·汉纳 威廉·桑德森 布莱恩·詹姆斯 乔·托克尔,人类制造了化身，现在是他的问题了。,在一个科技高度发达却因城市与社会凋敝而黯淡的未来，侦探瑞克·戴克奉命追捕叛逃的凶残复制人，同时被一位神秘女子吸引——她的秘密或许将侵蚀他的灵魂。
爱，简单,2014,2014-04-10,剧情 爱情,96,79,葡萄牙语,Daniel Ribeiro,,Ghilherme Lobo Fábio Audi Tess Amorim Lúcia Romano Eucir de Souza Selma Egrei Isabela Guasco Victor Filgueiras Pedro Carvalho,Not every love happens at first sight.,女孩吉瓦娜（Tess Amorim 饰）和男孩里奥（Ghilherme Lobo 饰）是最要好的朋友。里奥虽然双目失明，但内心一直渴望自立，不喜欢来自父母的过多保护。新来转校生加百列（Fabio Audi 饰）不小心闯入里奥的世界，也改变了里奥和吉瓦娜的相处习惯。里奥对爱上加百列患得患失，吉瓦娜对里奥的疏远伤心难过，而加百列懵懵懂懂的回应更让男孩女孩们的世界复杂起来......
特写,1990,1990-05-09,犯罪 剧情,98,79,波斯语,阿巴斯·基亚罗斯塔米,,Hossain Sabzian Monoochehr Ahankhah Mahrokh Ahankhah Abolfazl Ahankhah Mehrdad Ahankhah Nayer Mohseni Zonoozi Hossain Farazmand Ahmad Reza Moayed Mohseni Hooshang Shamaei,基于真实事件、真实地点和真实人物参与的实际情况。,国际影坛备受尊崇的伊朗导演阿巴斯·基亚罗斯塔米，在过去三十年间创造了最具独创性与超越性的电影诗篇，而本片正是他最大胆、最杰出的作品。这部纪实与虚构交融的杰作，以一桩轰动社会的真实事件——青年因冒充著名导演莫森·玛克玛尔巴夫涉嫌欺诈被捕——为基底，展开一场对电影本质、身份认同、艺术创造与生命存在的震撼的多维度审视。案件中所有真实人物在片中扮演自身，使得影片以其普世主题与迷人的叙事迷宫，引发了全球观众超越地域与文化的深切共情。[标准收藏]
记忆中的玛妮,2014,2014-07-19,动画 剧情 悬疑 家庭,102,79,日语,米林宏昌,Joan G. Robinson,高月彩良 有村架纯 松岛菜菜子 寺岛进 根岸季衣 森山良子 吉行和子 黑木瞳 森崎博之,答应我，我们永远保密。,边远而秀美的北海道札幌市，迎来了刚刚升入初中的12岁少女佐佐木杏奈（高月彩良 配音）。杏奈羞涩内敛，不善言辞，童年的悲伤经历令她深锁内心，与养母赖子（松岛菜菜子配音）有着厚厚的隔膜。暑期到来，为了治疗哮喘，她乘车投奔养母居住在札幌的亲戚大岩夫妇——爱讲鬼故事的清正（寺岛进配音）和心宽体胖的阿节阿姨（根岸季衣 配音）。大岩家坐落于毗邻海边的小村庄，在纯朴自然的环境里，附近湿地中央一栋古旧却散发着独特魅力的西式建筑引起了杏奈的注意。那栋建筑似曾相识，仿佛勾起了心底被时光之尘所层层覆盖的遥远的记忆。杏奈向村里人询问它的来历，却得知那里已经数十年不曾有人居住。在村中祭典的夜晚，杏奈和当地的初中生发生争执。心情低落的她逃离了人群，苦闷而抑郁的她独自登上小船，朝着湿地古屋划去，渴望找到一个无人的场所放声大哭。当船儿离对岸越来越近的时候，古屋内竟然亮起了灯光，接着从里面传来了女孩子的声音。杏奈张皇踉跄地上了岸，站在眼前的竟是一个金发碧眼、身着西式睡衣的美丽少女。她的名字叫玛妮（有村架纯配音），说着一口流利的日语。夜幕下玛妮赤裸着双脚，显得格外楚楚动人。年龄相仿的两个女孩，从一见面就对彼此有了好感，她们很快成为无话不说的好朋友。而就从这一天起，各种奇怪的经历也接连在杏奈的身边发生，穿越时空的舞会、森林中的告白、悬崖的神秘之夜……时间如同曼妙的旋律一般流淌，杏奈度过了如梦如幻的假期。而在这一过程中，她也无意间发现了玛妮的秘密……
迷墙,1982,1982-07-14,音乐 剧情,95,79,英语,艾伦·帕克,乔治·罗杰·沃特斯,Bob Geldof Christine Hargreaves James Laurenson Eleanor David Kevin McKeon 鲍勃·霍斯金斯 David Bingham Jenny Wright Alex McAvoy,The memories. The madness. The music... The movie.,本片用迷幻的影像和摇滚乐讲述了一个非典型乐队主唱的成长史。儿时，平克（鲍勃•吉尔道夫 Bob Geldof 饰）的父亲在二战中身亡，母亲与家庭医生关系暧昧，这让他幼小心灵备受创伤。在学校，他对呆板的填鸭教育深恶痛绝，时刻准备着绝地反击。成年后，他在泡吧时结识了风骚的舞女，并与之发生了关系。然而，性欲的满足感并没有维持太久，他就厌倦了这种不靠谱的感情，特别是他对于女人的怀疑和嫉妒达到了无以复加的地步，因此当对方再度示好投怀送抱的时候，他便歇斯底里地爆发了，仿佛要把全世界都砸碎了才算安心。在此期间，他还表达了强烈的反战情绪和愤世嫉俗的观念，在物质丰富的生活中，他的精神生活极度匮乏，在工业化大行其道的环境里，他还固守着梦想的断壁残垣……
星条红与皇室蓝,2023,2023-08-10,喜剧 爱情,118,79,英语,Matthew López,Casey McQuiston,泰勒·扎克哈尔·佩雷斯 尼古拉斯·加利齐纳 乌玛·瑟曼 小克利夫顿·克林斯 Rachel Hilson 莎拉·沙黑 艾丽·巴姆博 Thomas Flynn 斯蒂芬·弗莱,爱你想爱的人。这是最好的外交政策。,本片改编自《纽约时报》同名畅销书，故事围绕美国总统之子亚历克斯和英国王子亨利展开。亚历克斯和亨利的长期不和威胁到了美英两国的关系。当这对冤家被迫“实施阶段性休战”时，他们冰冷的关系开始解冻，他们之间的摩擦也引发了比他们预想中更深刻的关系。
如此美好的一天,2012,2012-08-24,动画 喜剧,62,79,英语,Don Hertzfeldt,,Don Hertzfeldt Sara Cushman,,在这部由唐·赫茨菲尔德动画短片三部曲改编的新长片电影中，比尔竭力拼凑自己破碎心灵的世界。
马戏团,1928,1928-01-06,喜剧 爱情 剧情,72,79,英语,查理·卓别林,,查理·卓别林 阿尔·欧内斯特·加西亚 梅尔娜·肯尼迪 哈里·克罗克 乔治·戴维斯 亨利·伯格曼 蒂尼·桑福德 约翰·兰德 史蒂夫·墨菲,马戏团来啦！,在默片时代的收官之作中，查理·卓别林沉醉于马戏艺术，向启发其精湛滑稽表演的杂技艺人和默剧演员致敬。片中，卓别林饰演的流浪汉被误认为扒手，逃入一个巡回马戏团的表演场，很快成为剧团明星，并爱上了剧团的无鞍骑手。尽管拍摄过程众所周知的坎坷，这部笑料密集的喜剧仍位列卓别林最佳作品之一，归功于其职业生涯中一些最大胆的场面设计——包括与狮子的惊险接触，以及满载猴子走钢丝的高潮段落。本片于1969年经卓别林重新配乐后再次上映，这场喧闹的高空钢丝表演，展现了默片时代最受欢迎的喜剧大师在其幽默力量的巅峰状态。
宇宙恋曲,2022,2022-10-27,爱情 剧情 音乐,126,79,葡萄牙语,Diego Freitas,Ana Reber,亨利·扎格 Giulia Be João Miguel 奥顿·巴斯托斯 Leo Bahia Rita Assemany Denise Del Vecchio Isabel Fillardis Viviane Araújo,,在等待肾脏移植时，年轻的钢琴师与医生建立起意料之外的情谊，并获得了实现音乐梦想的勇气。
Spider-Man: No Way Home,2021,2021-12-17,动作 冒险 科幻,148,79,英语,斯坦·李,史蒂夫·迪特科,汤姆·赫兰德 赞达亚·科尔曼 本尼迪克特·康伯巴奇 雅各布·贝塔隆 乔恩·费儒 杰米·福克斯 威廉·达福 阿尔弗雷德·莫里纳 王汉斌,多元宇宙开启,在费了九牛二虎之力好不容易打败了神秘客之后，蜘蛛侠彼得·帕克（汤姆·赫兰德 Tom Holland 饰）却被濒死之际的神秘客揭露了真实身份。随后主流媒体对超能力者滥用权力造成普通平民生活无数困扰的行为大加挞伐，一时间彼得的生活乱作一团，甚至影响到了 MJ（赞达亚 Zendaya 饰）和好朋友内德（雅各布·巴特朗 Jacob Batalon 饰）的生活。备受困扰的彼得找到了奇异博士（本尼迪克特·康伯巴奇 Benedict Cumberbatch 饰），希望对方施展一条能够让世人忘记他真实身份的咒语。谁知乱中出错，这条咒语将其他宇宙中认识彼得·帕克的人陆续带来，其中包括章鱼博士、绿魔、沙人等其他蜘蛛侠的死对头。担心这些“对手”回到各自宇宙后迎来灭亡的命运，彼得决定拯救他们，却无意中带来让他无法承受的因果……
为奴十二年,2013,2013-10-18,剧情 历史,134,79,英语,史蒂夫·麦奎因,所罗门·诺萨普,切瓦特·埃加福 迈克尔·法斯宾德 露皮塔·尼永奥 本尼迪克特·康伯巴奇 保罗·达诺 莎拉·保罗森 阿德佩罗·奥杜耶 斯科特·麦克纳里 保罗·吉亚玛提,The extraordinary true story of Solomon Northup.,本片改编自一个关于生存与自由的惊人真实故事。内战前的美国，来自纽约州北部的自由黑人所罗门·诺瑟普遭绑架并被贩卖为奴。在暴戾奴隶主具象化的残酷折磨与偶然降临的善意之间，所罗门不仅为生存挣扎，更为捍卫尊严而抗争。在长达十二载永难忘怀的苦难历程中，一次与加拿大废奴主义者的际遇，将永远改变他的命运。[20世纪福克斯探照灯影业]
泯灭天使,1962,1964-10-01,喜剧 剧情 奇幻,93,79,西班牙语,路易斯·布努埃尔,路易斯·德拉维加,Silvia Pinal Jacqueline Andere 克劳迪奥·布鲁克 Enrique Rambal José Baviera Augusto Benedico Luis Beristáin Antonio Bravo César del Campo,上流社会的堕落！,本片是布努艾尔与墨西哥女演员希尔维亚·比那尔（Silvia Pinal）合作，由比那尔的丈夫古斯塔沃·阿拉特里斯特（Gustavo Alatriste）出资制片的三部曲中的第二部。故事从一场盛大的晚宴开始。诺比尔夫妇在家款待朋友，可正当客人驾到之时，厨师和仆人却突然离去，只有管家胡里奥（克劳迪奥·布鲁克 Claudio Brook 饰）留下。宴席过后众宾客在起居室欣赏来宾之一演奏钢琴，但结束后竟无人打算离去。众人和衣在屋中睡下，清早醒来发现依然无人能够离开，只要一走到门口，便心生留意。一行人神秘被困数天，屋外的人也无法进入。被饥饿、干渴、疲乏和恐惧笼罩的这些上层社会男女们开始不顾身份地位地争吵、哭泣、动粗，甚至威胁要杀掉主人，破除“魔咒”……
死囚越狱,1956,1956-11-11,剧情 惊悚,101,79,法语,罗伯特·布列松,安德烈·德维尼,François Leterrier Charles Le Clainche Maurice Beerblock Roland Monod Jacques Ertaud Jean Paul Delhumeau Roger Treherne Jean Philippe Delamarre Jacques Oerlemans,罗伯特·布列松的获奖电影。,本片取材于真人真事。故事讲述被判死刑的男主人公弗朗西斯(弗朗索瓦·莱特瑞尔 François Leterrier饰)在临刑前的几个小时内，如何成功越狱地扣人心弦的故事。为逃脱纳粹监狱，弗朗西斯策划了一场天衣无缝的逃亡计划。为确保计划万无一失，他不仅做足越狱准备，还在仅有的洗漱空挡，多次跟隔壁囚室的狱友联络，试图找到共同实施计划的同盟。可还没来得及他准备好一切时，就被判立刻执行死刑。最终他毅然带着年轻的囚犯男孩一起踏上了逃亡之路。极简的叙事结构，单一密闭的监狱空间，分秒必争的紧迫时间，罗伯特·布列松因本片荣获第10届戛纳电影节(1957)最佳导演奖。
夺魂索,1948,1948-09-25,惊悚 犯罪 剧情,80,79,英语,阿尔弗雷德·希区柯克,亚瑟·劳伦斯,詹姆斯·斯图尔特 约翰·达尔 法利·格兰杰 塞德里克·哈德威克 康斯坦斯·科利尔 道格拉斯·迪克 伊迪丝·埃文森 迪克·霍根 琼·钱德勒,它始于一声尖叫……终于一声枪响！,博兰顿和菲利普都是哈佛的高才生，一天，都是同性恋的两人合谋杀害了同学戴维，并藏尸于一个大箱子中。或许是出于炫耀，他们做出了一个惊人的举动。那就是用装着戴维尸体的箱子当餐桌，邀请了戴维的父母、未婚妻、同学和茹伯特教授来赴宴。他们谎称戴维外出了，和客人们在戴维的“棺材”上进行着宴会。胆小的菲利普从宴会开始就开始坐立不安，但是博兰顿却不慌不忙，在客人中滔滔不绝。然而，聪明的茹伯特教授从博兰顿的谈话中渐渐察觉出事有蹊跷.
我们是贵族,2013,2013-03-28,喜剧,108,79,西班牙语,Gary Alazraki,Adrian Zurita,Gonzalo Vega Luis Gerardo Méndez 卡拉·索萨 Juan Pablo Gil Ianis Guerrero Mario Haddad 卡拉·索菲娅·加斯科恩 Alberto Zeni Francisco Aguirre,,这部电影讲述的是一位白手起家的有钱人和他三个游手好闲的子女的故事。这三个年轻人都是二十几岁，靠着老爸的钱过着奢侈的生活，因此老爸导演了一场骗局，让孩子们以为自己已经破产，并带着全家人搬到了一个低收入的贫民区。在那里，孩子们必须要做一件他们从未做过的事情：找到真正的工作。在大儿子哈维(Javi)哀叹自己的黑卡（美国运通信用卡）和黑莓手机(BlackBerry)被注销了以后，搞笑的情节随之展开。哈维找到了一份在墨西哥城混乱的大街上开迷你巴士的工作。人如其名的女儿芭比(Barbie)在一家风格粗俗的酒吧找到了一份女招待的工作。当芭比被告知酒吧的员工均分小费后，她呜咽着说：“可是我们又不是在古巴！”最小的儿子对佛教和瑜伽有所涉猎，他成为了最底层的资本家：一名银行柜员，他必须听命于一位性饥渴的女上司。
新·驯龙高手,2025,2025-06-13,奇幻 家庭 动作 冒险,126,79,英语,迪恩·德布洛斯,,梅森·泰晤士 妮可·帕克 杰拉德·巴特勒 尼克·弗罗斯特 加布里埃尔·豪尔 朱利安·丹尼森 布朗温·詹姆斯 哈里·特雷瓦尔温 默里·麦克阿瑟,The legend is real.,小嗝嗝（梅森·泰晤士 Mason Thames 饰 ）偶然间遭遇传说中的夜煞没牙仔，并由此与之建立深厚友谊，进而打破两大族群间的隔阂，携手寻求和平。
奇迹少女 龙女觉醒,2021,2025-09-30,动画 奇幻 动作 电视电影,54,79,法语,托马斯·阿斯特鲁克,Frédéric/que Engel Lenoir,Anouck Hautbois 吉纳维芙·杜昂 Benjamin Bollen Antoine Tomé Fabrice Lelyon Nicolas Justamon Bing Yin Fanny Bloc Marie Nonnenmacher,当巴黎的超级英雄遇见上海的神秘传说,在得知艾俊去上海后，马丽娜借着给舅公送生日礼物的机会也来到了上海。可刚到上海，马丽娜的手机、米可幻奇以及精灵宝奇都被偷走了！束手无策的她接受了一个名叫飞儿的女孩的帮助，殊不知就是飞儿偷走了她的东西。她们一起对抗贪财的钞票张，愤怒的他被黑魔蝶黑化了。原来黑魔蝶特意来上海抢夺魔法珠宝“普洛幻奇”。飞儿在普洛幻奇的加持下变身成为超级英雄“仁人”，可满脑子只为复仇的她违背了魔法超能力所要求的品质，导致普洛幻奇的守护者被黑化成为阎罗狮，就连黑魔蝶和黑猫罗尔都被他消灭了！只剩下失去搭档的奇迹少女和失意的仁人来对抗这个超强反派。她们能否解开彼此的心结？飞儿是否可以放下心中的仇恨成为称职的新英雄？
鳄鱼波鞋走天涯,1995,1995-04-21,剧情 家庭,97,79,英语,彼得·霍顿,罗伯特·库恩,约瑟夫·梅泽罗 布拉德·伦夫罗 安娜贝拉·西奥拉 戴安娜·斯卡维德 布鲁斯·戴维森 尼基·凯特 艾里克·伊根 蕾妮·汉弗莱 彼得·摩尔,The best cure for a disease is friendship.,故事发生在一个宁静的小镇里，德斯特（约瑟夫·梅泽罗 Joseph Mazzello 饰）和艾瑞克（布拉德·兰弗洛 Brad Renfro 饰）是一对毗邻而居的同龄人。一场医疗事故打破了德斯特的平静生活，由于医疗设备的污染，德斯特在输血的过程中感染了可怕的艾滋病。尽管不幸从天而降，并非谁的过错，但德斯特一家还是遭到了居民们的孤立和排挤。在大家眼里，艾瑞克是一个让人头疼的孩子，性格孤僻的他似乎和谁都处不好关系。某一日，隔着一道竹篱笆，艾瑞克和德斯特相遇了。性情相似的两人很快就结为了好友，艾瑞克想方设法的想要治好德斯特的病，在诸多治疗都以失败告终之后，艾瑞克毅然决然的带着德斯特踏上了求医之旅。 ©豆瓣
盗火线,1995,1995-12-15,犯罪 剧情 动作,170,79,英语,迈克尔·曼,,阿尔·帕西诺 罗伯特·德尼罗 方·基默 乔恩·沃伊特 汤姆·塞兹摩尔 戴安·维诺拉 艾米·布伦尼曼 艾什莉·贾德 麦凯尔泰·威廉逊,A Los Angeles crime saga.,文森特•汉纳是洛杉矶警局重案组的探长，工作积极投入，打击犯罪毫不手软，因此，家庭生活危机重重，目前的第三次婚姻也面临解体；尼尔•麦考利是职业匪徒，混迹江湖多年，做事干净利落，而且心狠手辣，不留后患，组织手下成功抢劫运钞车的案子，使他受到了警方的“特别关注”。一个偶然的机会，尼尔认识了平面设计师伊迪，两人一见钟情，再看到手下都有安定的家庭生活，尼尔也想把握自己的幸福，遂萌生退意。然而，在最后一次抢劫银行的行动中，因为叛徒的出卖，手下一死一伤，本已逃出的尼尔，带着伊迪在去机场的路上，得知了叛徒的消息，他决定替手下报仇，同时也和文森特•汉纳进行最后的较量……
卡里加里博士的小屋,1920,1920-02-27,剧情 恐怖 惊悚 犯罪,77,79,德语,罗伯特·维内,汉斯·雅诺维茨,Werner Krauss 康拉德·维特 Friedrich Fehér Lil Dagover Hans Heinrich von Twardowski Rudolf Lettinger Henri Peters-Arnolds 鲁道夫·克莱因-罗格 Hans Lanser-Rudolf,You must become Caligari!,德国小镇，面目狰狞的卡里加里博士（沃纳·克劳斯 Werner Krauss饰）终于获准表演催眠术。大学生弗朗西斯（弗里德里希·费赫尔 Friedrich Feher饰）和艾伦（汉斯·海因里希 Hans Heinrich von Twardowski饰）也来观看。疯狂的卡里加里博士向众人展示他是如何催眠和控制他的搭档凯撒（康拉德·韦特 Conrad Veidt饰），并向众人宣布：凯撒可以回答大家提出的所有问题。好奇的艾伦问道：我能活多久？病态的凯撒回答：活到明天凌晨。弗朗西斯并不相信，可艾伦却是满脸惊恐。随之，艾伦真的被杀害了。弗朗西斯把消息告诉了好朋友珍妮（丽尔·达戈沃 Lil Dagover饰）和她的医生父亲。他们展开了多方追捕，可惊人的秘密却丝丝入扣，到底谁才是真正的凶手？ 本片是世界电影史上被谈论得最多的影片之一，是德国表现主义电影的里程碑之作。影片以其怪诞的表现主义风格，成为以后西方恐怖片为之效仿的鼻祖。1958年本片在比利时布鲁塞尔由26个国家117位电影史家评选为“世界电影12佳作”的第12名。
大逃亡,1963,1963-07-04,冒险 剧情 战争,172,79,英语,约翰·斯特奇斯,Paul Brickhill,史蒂夫·麦奎因 詹姆斯·加纳 理查德·阿滕伯勒 詹姆斯·唐纳德 查尔斯·布朗森 唐纳德·普莱森斯 詹姆斯·柯本 Hannes Messemer David McCallum,Put a fence in front of these men... and they'll climb it!,这部史上最激动人心的冒险故事之一，以动作史诗的规格再现了二战期间一次真实的越狱行动——250名战俘试图通过地道从德国战俘营挣脱枷锁，影片详实刻画了行动的筹划、执行与后续波澜。史蒂夫·麦奎因凭借片中摩托车特技狂人的角色奠定其巨星地位，他与查尔斯·勃朗宁、詹姆斯·柯本、詹姆斯·加纳、唐纳德·普利森斯等全明星阵容携手对抗纳粹。约翰·斯特奇斯的精湛执导、埃尔默·伯恩斯坦朗朗上口的配乐，以及惊心动魄的特技场面，共同铸就这部影史最具观赏性的越狱电影，成为一曲献给平凡英雄之决心、情谊与勇气的激昂颂歌。[标准收藏]
叫我第一名,2008,2008-12-07,剧情,98,79,英语,彼得·维纳,托马斯·里克曼,詹姆斯·沃尔克 特里特·威廉斯 多米尼克·斯科特·凯 莎拉·德鲁 凯瑟琳·约克 乔·克里斯特 帕特里夏·希顿 约翰尼·帕卡尔 查尔斯·亨利·怀森,"24 schools turned him down, 1 gave him a chance… The unforgettable story of a teacher determined to make a difference.","BoBo（詹姆斯•沃克 James Wolk 饰）患有先天性的妥瑞氏症，这种严重的痉挛疾病，导致他无法控制地扭动脖子和发出奇怪的声音。而这种怪异的行为，更是让他从小不被周围的人理解，在学校里老师经常批评他，同学们更是对他冷嘲热讽，就连他的父亲也对他失望透顶。只有他的母亲一直是他的坚实臂弯，母亲的坚持与鼓励，让他能够在正常人的生活里艰难前行。然而面对这个不能理解他的世界，BoBo一直在痛苦的漩涡里挣扎。直到在一次全校大会上校长在众人面前巧妙的让大家了解了BoBo的真实情况，让他有了成为一名关爱学生的教师的坚定梦想，即使因为这个病症让BoBo在寻求教师梦想的道路上遭到众人怀疑，屡屡受挫，但他始终坚持着自己的这份梦想, 为了找到一个愿意接受自己的学校，不抛弃梦想，不放弃信念，默默的努力。而他曾经曲折的人生道路在他的坚持下也开始慢慢好转…"
攻壳机动队,1995,2025-05-17,动作 动画 科幻,83,79,日语,押井守,伊藤和典,田中敦子 大冢明夫 家弓家正 山寺宏一 仲野裕 大木民夫 玄田哲章 生木政寿 山内雅人,它已寻得声音……而今只欠一具躯壳。,公元2029年，未来世界是高科技与信息化的世界。人类生活水平的提高伴随着犯罪活动的高科技化，于是，专门镇压高科技犯罪的特殊部队——公安9课成立了。队长草薙素子，作为一位全身“义体化”的女警，带领公安9课不断展开行动。这次，公安9课帮助公安6课秘密解决了一位程序员外逃他国的麻烦琐事，又卷入传说中的黑客“傀儡师”的犯罪事件。当行动陷入僵局之际，傀儡师竟然不请自来，出现在公安9课！素子与她的战友们，不知不觉地被卷入了一场涉及政府的阴谋之中。
Tel chi el telùn,1999,1999-05-12,喜剧,120,79,意大利语,Arturo Brachetti,Giacomo Poretti,Aldo Baglio Giovanni Storti Giacomo Poretti 玛丽娜·马西罗尼,,A comedy show.
你们所有人的脸,2023,2024-04-23,剧情,115,79,法语,Jeanne Herry,,Birane Ba Leïla Bekhti Anne Benoît 达利·本萨拉赫 Élodie Bouchez Suliane Brahim Jean-Pierre Darroussin 阿黛尔·艾克萨勒霍布洛斯 吉尔·勒卢什,,加害人与受害者可以共处一室敞开心扉吗？教化和治愈可以同时进行吗？我们需要这种修复式司法吗？因为起诉哥哥强奸而众叛亲离的妹妹在哥哥出狱后要如何面对这一切呢？这是一次充满人文关怀却不煽情的的现代影像沉浸式体验，你不需要相信加害人能够与受害者共情，也不需要探讨加害人是否真正能有悔过之心，因为对受害者而言，就算是瞬间的和解也可以短暂放过自己，解铃还须系铃人，你已经学会了恨，接下来要学着怎样去爱了。
银河护卫队3,2023,2023-05-05,科幻 冒险 动作,150,79,英语,詹姆斯·古恩,史蒂夫·甘,克里斯·帕拉特 佐伊·索尔达娜 戴夫·巴蒂斯塔 凯伦·吉兰 庞·克莱门捷夫 范·迪塞尔 布莱德利·库珀 肖恩·古恩 楚克武迪·武吉,奏响最终绝唱 我们是银河护卫队,历经磨难与考验，银河护卫队总算暂时安顿下来。可就在某一天，不速之客亚当术士（威尔·保尔特 Will Poulter 饰）的闯入不仅打破了这里的安宁与祥和，更将一场生死危机带到这群好朋友中间。战斗中，火箭浣熊（布莱德利·库珀 Bradley Cooper 配音）身负重伤，奄奄一息。为了拯救好友的生命，星爵（克里斯·帕拉特 Chris Pratt 饰）和星云（戴夫·巴蒂斯塔 Dave Bautista 饰）、毁灭者（戴夫·巴蒂斯塔 Dave Bautista 饰）、螳螂女（庞·克莱门捷夫 Pom Klementieff 饰）、格鲁特（庞·克莱门捷夫 Pom Klementieff 饰）卡魔拉（佐伊·索尔达娜 Zoe Saldana 饰）前往创造了火箭的地方寻找拯救火箭浣熊的办法。然而在那个诡异的世界，他们意外发现了火箭浣熊不为人知的悲惨过往……
蝙蝠侠：黑暗骑士归来（下）,2013,2013-01-29,科幻 动作 动画 悬疑,76,79,英语,鲍勃·凯恩,杰伊·欧力瓦,彼得·韦勒 艾莉尔·温特 大卫·塞尔比 迈克尔·爱默生 马克·瓦利 格蕾·德里斯勒 弗兰克·维尔克 迪·布拉雷·贝克尔 迈克尔·麦基恩,Justice returns... vengeance returns... redemption comes to Gotham.,曾经罪恶横行的高谭市，自布鲁斯·韦恩决定以蝙蝠侠的身份归来后，仿佛终于发生了新的变化。变种人头目双面人被除掉，然而原变种人团伙摇身变成蝙蝠狂热者，以暴力的方式执行着对善恶之行的裁断。因此，蝙蝠侠的法外行为引起广泛争论，甚至惊动白宫，而高谭的新任探长对其存在颇有微词。正值美苏交恶的危机时刻，超人卷入战火，蝙蝠侠和这位昔日的战友因理念不同分道扬镳。在此期间，小丑高调复出，受邀参加某电视节目访问，实则暗藏新的阴谋。 为了阻止小丑的破坏，蝙蝠侠和新一代的罗宾突破重重阻隔，杀向对手……
东京教父,2003,2003-12-29,动画 剧情 喜剧,92,79,日语,今敏,信本敬子,冈本绫 梅垣义明 江守彻 兴梠里美 能登麻美子 槐柳二 寺濑今日子 小山力也 石丸博也,欢迎认识这个终极功能失调的家庭。,圣诞夜，退役自行车选手Gin，跨性别者花，离家出走的少女美由纪三人在东京的雪夜中无所事事。这是，他们发现垃圾堆中有一位哭泣的弃婴。孩子的襁褓中仅有一个酒吧的名片与照片。婴儿的父母身份成了谜团。花想收留孩子，并将孩子取名清子。但另外2人表示反对。于是三人开始了寻找清子的父母的旅程。圣诞夜幸福的气氛，伴随的却是怀中清子的哭泣。无家可归的三个人，开始为同样无家可归的清子找寻属于她的家。这一队流浪者，在一夜经历了诸多奇妙的事件。他们能找到清子的父母吗？
虎口脱险,1966,1966-12-08,喜剧 战争,132,79,法语,热拉尔·乌里,马塞尔·朱利安,布尔维尔 路易·德·菲奈斯 特里-托马斯 克劳迪奥·布鲁克 迈克·马歇尔 玛丽·杜布瓦 皮埃尔·贝尔坦 安德丽·帕里西 玛丽·马凯,,二战期间，英国一架飞机在执行轰炸任务中，被德军击中，几名英国士兵被迫跳伞逃生。他们约好在土耳其浴室见面，并用这次行动的代号“鸳鸯茶”作为接头暗号。他们分别降落在法国巴黎德军占领区的不同地点。大胡子中队长雷金纳德被动物园管理员所救。而另外两名士兵，也分别在油漆匠奥古斯德 （布尔维尔 饰）和乐队指挥斯塔尼斯拉斯（路易·德·费内斯 饰）的帮助下掩藏好了。即便德军展开了全城的搜索，油漆匠、指挥和中队长还是在浴室顺利地会面，几经辗转，英国士兵终于接上了头。几个原本并不认识的人，就这样结成了生死同盟，与敌人展开了斗智斗勇的生死游戏。同时，也闹出了不少温情的笑话。他们用微薄的力量对抗严酷德军，险相迭生，滑稽搞笑，为了逃出虎口，共同战斗。
夺宝奇兵：法柜奇兵,1981,1981-12-11,冒险 动作,115,79,英语,史蒂文·斯皮尔伯格,劳伦斯·卡斯丹,哈里森·福特 凯伦·阿兰 保罗·弗里曼 约翰·里斯-戴维斯 罗纳德·莱西 沃尔夫·卡赫勒 安东尼·希金斯 丹霍姆·艾略特 阿尔弗雷德·莫里纳,印第安纳·琼斯——《大白鲨》和《星球大战》主创打造的新英雄,印第安纳·琼斯（哈里森·福特 饰）将带你踏上惊险之旅，直面毒蛇、纳粹以及接连不断的惊人危机——这一切终以发现并开启神秘的约柜而达到高潮。
怪物,2023,2023-06-02,悬疑 惊悚 剧情,125,79,日语,是枝裕和,坂元裕二,安藤樱 黑川想矢 柊木阳太 永山瑛太 田中裕子 高畑充希 角田晃广 中村狮童 森冈龙,是...谁呀？,平静的湖畔小镇，疼爱儿子的单亲妈妈早织（安藤樱 饰）、为学生着想的爽直老师保利 （永山瑛太 饰）以及天真烂漫的孩子们本过着安稳的生活，却因为一次校园冲突，发酵酿成轩然大波，惹起社会与媒体的关注。当事态越见严重，竟在一个暴风雨的清晨，两个孩子双双失去了踪影…
怪物之子,2015,2015-07-11,动作 冒险 动画 剧情 家庭 奇幻,119,79,日语,细田守,,役所广司 宫崎葵 染谷将太 广濑铃 中川雅也 大泉洋 山路和弘 宫野真守 山口胜平,"In a world of beasts, he found a family.",《怪物之子》的世界里，在人类世界之外还有一个怪物生活的世界。而两者之间的交界处则是人间界的涉谷所在以及在怪物界名为“涉天街”的地方。故事讲述了某一日，孤身一人的少年误入怪物世界的少年遇到了同样孤身一人的怪物，两者相遇后开展的超出想象的冒险故事。少年成为了名为熊彻的怪物的弟子，同时获得了“九太”这个名字。也因此有网友笑言，应该给本片命名为“熊孩子”。
自由作家,2007,2007-04-04,犯罪 剧情,123,79,英语,理查德·拉格拉文斯,Erin Gruwell,希拉里·斯万克 帕特里克·登普西 斯科特·格伦 艾美达·斯丹顿 April Hernandez Castillo Mario Kristin Herrera Jaclyn Ngan Sergio Montalvo,Their story. Their world. Their future.,爱林（希拉里·斯万克 Hilary Swank饰）从事的第一份教育工作，就是在威尔逊学校一个糟糕透顶的班级里担任老师。这里有着给老师们带来噩梦的学生：他们虚度光阴，消磨时辰，把学校当成18岁之前的游乐场；更混乱的是，学生们来自社会里的不同种族和各类底层阶级，分帮结派互相斗殴。
天使爱美丽,2001,2001-04-25,喜剧 爱情,122,79,法语,让-皮埃尔·热内,纪尧姆·劳兰特,奥黛丽·塔图 马蒂厄·卡索维茨 吕菲斯 塞尔·梅林 贾梅尔·杜布兹 克洛蒂尔德·莫莱特 克莱尔·莫里埃 伊莎贝尔·南蒂 多米尼克·皮诺,一个人能永远改变你的人生,艾米莉（奥黛丽·塔图 Audrey Tautou 饰）有着别人看来不幸的童年——父亲给她做健康检查时，发现她心跳过快，便断定她患上心脏病，从此艾米莉与学校绝缘。随后因为一桩意外，母亲在她眼前突然死去。这一切都毫不影响艾米莉对生活的豁达乐观。1997年，戴安娜王妃的去世让她倍感人生的孤独脆弱，艾米莉从此开始了一系列助人计划，包括自闭忧郁的邻居老人，被老板刻薄的菜摊伙计、遗失了童年器物的旧房东、爱情失意的咖啡店同事。但她万万想不到，成人录象带商店店员尼诺（马修·卡索维 Mathieu Kassovitz 饰），竟成为她的棘手对象，艾米莉开始了令人哭笑不得的另类计划……
蜘蛛巢城,1957,1957-01-15,剧情 历史,110,79,日语,黑泽明,菊岛隆三,三船敏郎 山田五十铃 志村乔 久保明 太刀川宽 千秋实 佐佐木孝丸 清水元 高堂国典,,黑泽明执导，以鬼影幢幢、雾锁重林的日本战国时代为舞台，对莎士比亚笔下关于野心与背叛的经典悲剧《麦克白》进行了一次凌厉而震撼的改编。三船敏郎饰演在血雨中浴血攀升的悍将，献上了野兽般暴烈的表演；山田五十铃则化身其蛇蝎心肠的妻子，演技同样摄人心魄。影片将西方古典悲剧内核与能剧的形式美学相融合，在刀光剑影与血雾弥漫中，创造出令人永生难忘的银幕体验。[标准收藏公司]
将军号,1926,1926-12-25,动作 冒险 喜剧 战争 爱情,75,79,英语,巴斯特·基頓,克莱德·布鲁克曼,巴斯特·基頓 玛丽昂·麦克 Glen Cavender Jim Farley Frederick Vroom Frank Barnes Charles Henry Smith Joe Keaton Mike Donlin,"巴斯特驾驶""将军号""驶向满载欢笑的列车。",美国南北战争时期，北方联军劫走了南方的火车“将军号”。作为“将军号”司机的约翰尼·格雷，不但要抢回心爱的火车，更要夺回心爱女人的心……  　　最终，约翰尼冲入敌人防线，夺回将军号，救出了女友，并把追逐他们的火车“得克萨斯”号诱到洛克河一座木桥上，使其堕入河中。此举挽救了南方军队的战事。
基督山伯爵,2024,2024-06-28,冒险 动作 剧情,178,79,法语,马修·德拉波特,亚历山大·德·拉·巴特里耶,皮埃尔·尼内 巴斯蒂安·布永 阿娜伊斯·德穆斯蒂埃 罗兰·拉斐特 皮尔弗朗西斯科·法维诺 帕特里克·米勒 瓦西里·施奈德 Julien de Saint Jean 安娜玛丽亚·沃特鲁梅,"This is not vengeance, this is justice.",1815年，在马赛的城墙之内，埃德蒙·唐泰斯因一项他未曾犯下的罪行而被囚禁在坚固的伊夫堡监狱中。经历了十四年的监禁，他最终精心策划了逃脱，并开始了一场精心设计的复仇之旅。唐泰斯化身为多个身份，其中之一是“基督山伯爵”，他首先接近那些如今身居高位的敌人，以便更好地将他们击倒。但复仇的代价对灵魂来说是沉重的……
遇见你之前,2016,2016-06-03,剧情 爱情,110,79,英语,乔乔·莫伊斯,西娅·沙洛克,艾米莉亚·克拉克 山姆·克拉弗林 珍妮特·麦克蒂尔 查尔斯·丹斯 布兰登·科伊尔 珍娜·科尔曼 马修·路易斯 萨曼莎·斯皮罗 斯蒂芬·皮科克,Live boldly.,小露是一个年轻又活泼的小镇女孩，不久前突然被咖啡馆解雇，家境不好，学历不高的她，无奈之下只好接下一份需要细心与专业技巧的工作：成为一名四肢瘫痪病人的全职看护。到了病人家中，她才发现看护对象是一名因车祸导致全身瘫痪的年轻人威尔·特雷纳。威尔年轻英俊，博学富有，过去热爱旅行冒险，却因一场车祸而一蹶不振，变得自暴自弃又愤世嫉俗；生性乐观的小露向他展示生命的美好。为了让威尔重新展开笑颜，小露使出浑身解数，两人都得到宝贵的的意外收获，重新找到人生与心灵的归属。
达拉斯买家俱乐部,2013,2013-11-22,剧情 历史,117,79,英语,让-马克·瓦雷,克莱格·鲍登,马修·麦康纳 詹妮弗·加纳 杰瑞德·莱托 丹尼斯·奥黑尔 斯蒂夫·扎恩 迈克尔·奥尼尔 达拉斯·罗伯茨 格里芬·邓恩 凯文·兰金,Dare to live.,1986年美国达拉斯市，恐同的德州电工罗恩·伍德鲁夫（马修·麦康纳 Matthew McConaughey 饰）发现自己患上“同志病”——艾滋，生命只剩30天。他使用的AZT（叠氮胸苷）是当时美国药管局唯一批准面市的抗艾药物，但毒性极大。为了活下去，罗恩开始研究各种抗艾处方和替代疗法，甚至走私来自世界各地未经批准的药物。在医生萨克斯（詹妮弗·加纳 Jennifer Garner 饰）和异装癖同性恋雷蒙（杰瑞德·莱托 Jared Leto 饰）的帮助下，罗恩开始成立了一个叫做“达拉斯买家俱乐部”的地下组织，为艾滋病人提供更多“非常规疗法”，很多患病的男女同性恋亦求助于他。他的举动自然受到了药管局和药商的阻挠和施压。罗恩最终在1992年9月去世，离他被告知只剩30天可活已经过去了2557天。在这近7年时间里，他坚持不懈的与病魔、与药管局及制药商进行艰苦的斗争，享受真正活过的人生...... 本片根据真人真事改编，讲述一个绝症病人如何努力求生并拯救成千上万面临同样境遇的人的故事，提名金球奖剧情类最佳男主/男配以及获得大小29个奖项。
雁南飞,1957,1957-10-12,剧情 爱情 战争,97,79,俄语,米哈伊尔·卡拉托佐夫,维克多·罗佐夫,Tatyana Samoylova Aleksey Batalov Vasili Merkuryev Aleksandr Shvorin Svetlana Kharitonova Konstantin Kadochnikov Valentin Zubkov Antonina Bogdanova Boris Kokovkin,一个女孩执着追寻幸福的动人故事。,本部电影讲述身处硝烟弥漫的战争年代，一对热恋中男女青年的悲情爱情故事。薇罗尼卡（塔吉娅娜·萨莫依洛娃 Tatyana Samojlova饰）和鲍里斯（阿勒克塞·巴塔洛夫 Aleksey Batalov饰）本是沉浸在甜蜜热恋中的幸福情侣，可随着战争的爆发，这一切的美好即将破灭。鲍里斯参军，薇罗尼卡的父母在敌机的轰炸中双亡，悲痛欲绝的她只能寄宿在鲍里斯父亲的家中。鲍里斯的表弟趁机占有了她，薇罗尼卡受到众人指责。双重打击下的薇罗尼卡本想一死了之，可心中仍苦苦等待着鲍里斯的归来。当得知鲍里斯牺牲的消息后，薇罗尼卡彻底绝望了。战争结束，当所有人都在庆祝胜利的时候，薇罗尼卡也双手捧着鲜花来到广场上。这时，一行大雁在空中飞过，就像当初的美好时光一样。 本片一经问世，就轰动了整个世界影坛。《雁南飞》以其绝美的光影对比，绝佳的镜头运用，一举荣获1957年戛纳国际电影节金棕榈奖和1958年戛纳电影节摄影大奖。
乱世佳人,1939,2017-04-15,剧情 战争 爱情,233,79,英语,维克多·弗莱明,玛格丽特·米切尔,费雯·丽 克拉克·盖博 奥利维亚·玛丽·德·哈维兰 莱斯利·霍华德 哈蒂·麦克丹尼尔 托马斯·米切尔 芭芭拉·奥尼尔 伊芙琳·凯斯 安·卢瑟福,史上最伟大的浪漫传奇！,这部史诗巨制描绘了一位南方佳丽在美国内战与重建时期的命运浮沉。影片荣获八项奥斯卡金像奖，其中包括最佳影片奖。
德尔苏·乌扎拉,1975,1977-12-20,冒险 剧情,144,79,俄语,黑泽明,弗拉基米尔·阿尔谢尼耶夫,尤里·索洛明 马克西姆·蒙祖克 米哈伊尔·比奇科夫 B·霍鲁廖夫 弗拉基米尔·克雷梅纳 亚历山大·皮亚特科夫 斯韦特兰娜·丹尼尔琴科 德米特里·科尔希科夫 苏伊曼库尔·乔克莫罗夫,自然面前，人与兽皆受其支配。这里有敬畏，有挚爱，亦有虔诚。而世间存在着这样一位被称作……的人。,在风雪交加的寒冷高地大兴安岭，一群俄国探险科考队员在队长亚森尼耶夫（虞瑞•索罗民Yuri Solomin 饰）的带领下进驻这里，寻找附近的资源矿藏。这些远离家乡的队员，每到夜晚的时候，都会唱起思乡的歌曲表达各自的离愁别绪。正在此时，他们聆听到一阵悠扬的旋律，后来才发现有个当地的蒙古老猎手德尔苏•乌扎（马克西姆•门祖克 Maksim Munzuk 饰）拉常年驻扎此地。为了能够在陌生的地方不被野兽吞噬不走弯路，队长决定雇佣德尔苏•乌扎拉为向导，指引军队前行，后者欣然应允，并且帮助他们躲过了老虎的血盆大口，穿越了活埋死人的沙丘，在与自然的对抗与相处中，德尔苏•乌扎拉和科考队员慢慢地建立了跨文化的深厚情谊，他们对自然的认识也逐渐加深……
大红灯笼高高挂,1991,1991-12-18,剧情,125,79,汉语,张艺谋,苏童,巩俐 何赛飞 曹翠芬 孔琳 周琦 金淑媛 马精武 崔志刚 初晓,中国，一九二零年。一夫四妻，深宅旧事。,改编自苏童小说《妻妾成群》。大学刚读半年的颂莲（巩俐）被贪钱的母亲逼迫着嫁进陈家大院，成了老爷的第四房姨太。陈府有老规矩，姨太太们傍晚时分要站在自已的屋子前，等待下人送来的意味被老爷“临幸”的大红灯笼。
黑暗之心,1991,1991-11-27,纪录,96,79,英语,George Hickenlooper,Fax Bahr,弗朗西斯·科波拉 Eleanor Coppola 约翰·米利厄斯 乔治·卢卡斯 山姆·伯顿斯 阿尔伯特·海尔 弗雷德里克·福雷斯特 劳伦斯·菲什伯恩 Dean Tavoularis,The magic and madness of making Apocalypse Now,这部纪录片详尽记录了弗朗西斯·福特·科波拉的《现代启示录》（1979）在剧本、拍摄、预算和选角方面如何饱受非同寻常的困扰——几乎摧毁了这位著名导演的生活与职业生涯。
死亡笔记特别篇：幻影之神,2007,2007-08-31,电视电影 犯罪 剧情 奇幻 惊悚 动画,131,79,日语,荒木哲郎,井上敏树,宫野真守 中村狮童 山口胜平 平野绫 内田直哉 齐藤贵美子 藤原启治 内藤玲 松井菜樱子,,硫克的回忆录。  死神硫克将“死亡笔记”遗落人间，被人天才少年夜神月拾得。月用“死亡笔记”制裁了许多法律未能制裁到的罪犯，誓要创造一个理想中的世界。  国际刑警组织ICPO注意到了一连串的死亡事件，请来天才侦探L协助调查，与月斗智斗勇......
金氏漂流记,2009,2009-05-14,剧情 喜剧 爱情,119,79,朝鲜语,李海俊,,郑在泳 郑丽媛 梁美京 李相勋 张素妍 朴英徐 具教焕 Lee Kyung-joon 闵庆珍,"Once in a life time, There comes a moment that you live in HOPE.",金盛瑾（郑在泳 饰）因公司重组而失去了工作，同时债台高筑，妻子也离他而去，对人生彻底失望的金盛瑾爬上了汉江的大桥，纵身一跃……然而金盛瑾醒转过来之后，发现自己漂流到了汉江的江心小岛上，短暂的脱身努力失败后，金盛瑾在城市的边缘陷入了鲁宾孙一般的境地，回想起现代生活的局促忙碌，金盛瑾放弃了自杀的念头，开始依靠小岛上的各种废品过起了化外人生。与此同时，在城市高楼中，一位有自闭症的金小姐（郑丽媛 饰）恰巧用望远镜目睹了金盛瑾自杀的情形，这个一年中只在演习时窥探大街的女孩生活中自此闯入了一个外星人般的都市鲁宾孙。金小姐在夜晚时分进入对她来说危机四伏的街道，以便给金先生送出自己的信号，而金盛瑾则用沙滩上的大字来回应，这对儿奇妙的笔友慢慢维系着这份情谊，但是在纷乱的都市中，这段关系会走向何方呢？
邮差,1994,1994-09-22,喜剧 剧情 爱情,108,79,意大利语,迈克尔·雷德福,Antonio Skármeta,Massimo Troisi 菲利浦·诺瓦雷 玛丽亚·格拉齐亚·库奇诺塔 雷纳托·斯卡帕 Linda Moretti Mariano Rigillo Anna Bonaiuto Sergio Solli Carlo Di Maio,Dreams do come true.,在意大利海岸外的一座小岛上，一位年轻邮差的生活因开始为流亡诗人巴勃罗·聂鲁达送信而发生了改变。
大路,1954,1954-09-23,剧情,108,79,意大利语,费德里科·费里尼,图里奥·皮内利,朱丽叶塔·马西纳 安东尼·奎恩 理查德·巴塞哈特 Aldo Silvani Marcella Rovere Livia Venturini Pietro Ceccarelli Giovanna Galli Gustavo Giorgi,拍摄于意大利——故事发生地！,由于生活所迫，母亲把弱智女孩杰索米娜卖给了江湖艺人藏巴诺。在相处中，女孩却发现这个空有一身蛮力的家伙，根本不懂得照顾女人，他卖她只是为了让她做牛做马，在他演出的时候扮演小丑，平时给他做饭，陪她睡觉。这种粗暴蛮横的家伙，让她萌生逃离的念头，然而，几次出逃，均告失败。在一次观看高空走钢丝表演的时候，杰索米娜认识了绰号“傻瓜”的马戏团艺人——玛托，并且在他的引导下学会了演奏乐器。她非常感激，对这个男人产生了依恋。然而，但是藏巴诺的出现，再次打破了她的一切幻想，毁掉了来之不易的幸福……
在这世界的角落,2016,2016-11-12,剧情 动画 爱情 战争 历史,130,79,日语,片渊须直,,能年玲奈 细谷佳正 Natsuki Inaba Minori Omi 小野大辅 潘惠美 岩井七世 牛山茂 新谷真弓,Torn apart by war. Brought together by love.,小铃（能年玲奈 配音）是一个整日里慢慢腾腾迷迷糊糊的姑娘，最大的爱好就是画画。眼看着到了嫁人的年纪，在父母的安排下，小铃来到了吴市，嫁给了名为北条周作（细谷佳正 配音）的男子，成为了北条家的媳妇。
头脑特工队,2015,2015-10-08,动画 家庭 冒险 剧情 喜剧,95,79,英语,皮特·多克特,乔什·库利,艾米·波勒 菲利斯·史密斯 理查德·金德 比尔·哈德尔 刘易斯·布莱克 明迪·卡林 凯特琳·迪亚斯 戴安·琳恩 凯尔·麦克拉克兰,我们可能会悲伤，但我们也可以快乐。,可爱的小女孩莱莉（凯特林·迪亚斯 Kaitlyn Dias 配音）出生在明尼苏达州一个平凡的家庭中，从小她在父母的呵护下长大，脑海中保存着无数美好甜蜜的回忆。当然这些记忆还与几个莱莉未曾谋面的伙伴息息相关，他们就是人类的五种主要情绪：乐乐（艾米·波勒 Amy Poehl er 配音）、忧忧（菲利丝·史密斯 Phyllis Smith 配音）、怕怕（比尔·哈德尔 Bill Hader 配音）、厌厌（敏迪·卡灵 Mindy Kaling 配音）和怒怒（刘易斯·布莱克 Lewis Black 配音）。乐乐作为团队的领导，她协同其他伙伴致力于为小主人营造更多美好的珍贵回忆。某天，莱莉随同父母搬到了旧金山，肮脏逼仄的公寓、陌生的校园环境、逐渐失落的友情都让莱莉无所适从，她的负面情绪逐渐累积，内心美好的世界渐次崩塌。
一周,1920,1920-08-29,喜剧,19,79,No Language,爱德华·克莱因,巴斯特·基頓,巴斯特·基頓 Sybil Seely 乔·罗伯茨,两卷令人捧腹的欢乐片段，源自蜜月者的考验......,本部黑白短片讲述一对儿新婚燕尔的小夫妻，在一个星期里搭建他们的“便携式新房”的温馨小故事。九号礼拜一：他们开始按序号搭建这座“便携式新房”，可惜弄错了号码；十号礼拜二：七扭八歪极具后现代主义的新房初具规模；往后的几天里，在搭建屋内的过程中，更是发生了诸多意想不到的小插曲；十三号礼拜五，他们终于如期完成了房子的搭建，大摆筵席，可是突如其来的风波，又将如何上演，最后是否会是happy ending呢？
唐人街,1974,1974-06-20,犯罪 剧情 悬疑 惊悚,130,79,英语,罗曼·波兰斯基,罗伯特·汤,杰克·尼科尔森 菲·邓纳威 约翰·休斯顿 佩里·洛佩兹 约翰·希勒曼 黛安·拉德 罗曼·波兰斯基 罗伊·詹森 理查德·巴卡利安,你变得强硬。你变得温柔。你们彼此靠近。或许你们甚至会接近真相。,杰克·尼科尔森饰演私家侦探杰克·吉特斯，在战前烈日炙烤的南加州阴暗道德泥沼中谋生。受一位美艳社交名媛委托调查其丈夫的婚外情，吉特斯被卷入双重阴谋与致命欺骗的漩涡，揭开个人与政治丑闻交织的罗网——这一切在唐人街那个永生难忘的夜晚轰然交汇。[派拉蒙]
月球旅行记,1902,2012-06-19,历史 冒险 科幻,14,79,法语,乔治·梅里爱,儒勒·凡尔纳,乔治·梅里爱 Bleuette Bernon François Lallement Jehanne d'Alcy Henri Delannoy Victor André Brunnet Depierre Farjaut,The first science fiction film!,天文学院院长（乔治·梅里爱 Georges Méliès 饰）在一次会议上提出天马行空的月球旅行计划。他和另五名大胆的天文学家监制出了炮弹舱和大炮，并在军队的帮助下乘坐炮弹舱顺利登月。兴奋过后六名天文学家精疲力竭的在月球表面睡去，浑然不知许多星星悄然观察着他们熟睡的样貌。最后一场寒冷的降雪唤醒了他们。众人躲藏到地洞中却不慎用雨伞惊扰了月球人，于是一场慌乱的冒险开始了……  　　本片是科幻电影的开山之作，灵感来源于儒勒·凡尔纳的小说《从地球到月球》和H·G·威尔斯的小说《最早登上月球的人》。影片于1902年发行了黑白版和手绘彩版，全长约14分钟。后结局与彩版一度失传。1993年，受损严重的彩版拷贝被私人收藏家捐赠给西班牙巴塞罗那电影资料馆；2002年，结局“凯旋而归”在法国被重新发现。影片修复计划持续十余年。  　　2011年，影片的彩色完整修复版在戛纳电影节首映，以纪念梅里爱诞辰150周年，此时距离影片问世亦已过去109年。
浮士德,1926,1926-10-13,奇幻 剧情 恐怖,116,79,德语,F·W·茂瑙,汉斯·凯泽,Gösta Ekman Emil Jannings Camilla Horn Frida Richard William Dieterle Werner Fuetterer Yvette Guilbert Eric Barclay Hanna Ralph,诱惑者的低语。,帝和魔鬼梅菲斯特（爱米尔·强宁斯 Emil Jannings 饰）以浮士德的灵魂为赌注打赌，梅菲斯特坚称饱读诗书满腹经纶的大学士浮士德（格斯塔·埃克曼 Gösta Ekman 饰）会在欲望的引诱之下日渐堕落，而上帝则相信浮士德的理性终究会打败欲望。梅菲斯特化身成为一条黑狗来到了浮士德的身边，并且成为了随时随地满足他任何愿望的仆人。在梅菲斯特的带领下，浮士德返老还童成为了神采奕奕的青年，并且邂逅了单纯善良的玛格丽特（卡米拉·霍恩 Camilla Horn 饰），在梅菲斯特的作弄之下，玛格丽特坠入了爱河，却在意外之中误杀了自己的母亲，她的哥哥亦死在了浮士德的手中。绝望的玛格丽特最终因为杀死了自己的孩子而被关入了监狱之中，而浮士德的旅途却并未走到尽头。
不可饶恕,1992,2023-06-10,西部,130,79,英语,克林特·伊斯特伍德,大卫·韦伯,克林特·伊斯特伍德 吉恩·哈克曼 摩根·弗里曼 杰姆·沃尔福特 理查德·哈里斯 绍尔·鲁宾内克 弗兰西丝·费舍 安娜•汤姆森 大卫·穆奇,有些传奇永远不被遗忘。有些错误永远无法原谅。,在这部荣获奥斯卡奖的西部片中，伊斯特伍德与弗里曼饰演穷途末路的法外之徒，为获取怀俄明州偏远大威士忌镇几名复仇心切的妓女悬赏的赏金，他们最后一次拔枪上阵。
时空恋旅人,2013,2013-09-04,剧情 爱情 奇幻,123,79,英语,理查德·柯蒂斯,,多姆纳尔·格里森 瑞秋·麦克亚当斯 比尔·奈伊 汤姆·霍兰德尔 玛格特·罗比 莉迪亚·威尔逊 琳赛·邓肯 理查德·科德里 约书亚·麦圭尔,如果生命中的每一刻都有第二次机会呢？,21岁的时候，蒂姆·雷克（多姆纳尔·格里森 饰）突然得知自己有穿越时空的能力。在和往年一样不欢而散的年夜饭之后，蒂姆的爸爸（比尔·奈伊 饰）跟他坦诚布公：我们这个家族的男人，生来就有着穿越时空的神力。蒂姆虽然不能改变历史，但是他能够改变自己生命中发生过的和将要发生的一些小事，所以他决定运用自己的能力，让生活变得美好——说白了他是希望给自己找一个女朋友。然而，这并非像他想象中那么容易。蒂姆从康沃尔海岸搬到了伦敦，受训成为律师，在这里他终于遇上了一位漂亮但不那么自信的姑娘，名叫玛丽（瑞秋·麦克亚当斯 饰）。两人相爱了。然而一次“穿越”当中，蒂姆不小心改变的一件小事就像“蝴蝶效应”一样让他在将来生活中没有机会遇到玛丽。通过一次又一次的尝试，蒂姆一次又一次地和玛丽相遇，他终于赢得了她的心。
回忆积木小屋,2008,2008-08-10,动画,12,79,日语,Kunio Kato,Kenya Hirata,长泽雅美,第81届奥斯卡金像奖最佳动画短片,恍如世界末日一般，洪水席卷地球，世界变成一片汪洋，空旷而孤寂。一位老人孤独地生活在这个世上，或凭栏远眺，或看看电视消磨时光，几无可以交流之人。水位不断上涨，老人只能不断加盖房子，宛如摞积木一般，房子有如矗立在深海中的巨塔。在搬运家具时，老人的烟斗不慎掉落水中，更顺着层与层之间的通道掉落下去。烟斗有着他和老伴共同的回忆，老人决心潜水取回烟斗，但是这一举动似乎打开了记忆的闸门，往日的回忆不断涌现。老人无法自已，一层层向下沉去，寻找那些早已沉在海底的珍贵记忆……本片荣获2009年奥斯卡金像奖最佳动画短片奖。
星球大战6：绝地归来,1983,1983-05-25,冒险 动作 科幻,131,79,英语,乔治·卢卡斯,理查德·马昆德,马克·哈米尔 哈里森·福特 凯丽·费雪 比利·迪·威廉姆斯 安东尼·丹尼尔斯 彼得·梅休 塞巴斯蒂安·肖 伊恩·麦克迪阿梅德 弗兰克·奥兹,帝国崩塌……,银河帝国再度建造威力更强大、更坚不可破的“死星”，邪恶的势力又再一次威胁莱娅公主所领导的反抗军。莱娅公主等人前去援救被贾巴囚禁的索罗船长，却失败被贾巴捉住，最后在卢克·天行者的支持下，众人才成功逃出。卢克前往大师尤达的住所，即将离世的尤达告诉他一个令人震惊的事实：达斯·维德正是他的父亲！尽管如此，卢克仍重新加入反抗军的行列，并准备攻打帝国军新建的死星。此时，帝国皇帝达斯·西迪厄斯也正在新死星上，他设下了陷阱准备诱捕卢克。独闯虎穴的卢克无法抵御代表黑暗最高势力的西迪厄斯的西斯闪电，奄奄一息陷入绝境。身处一旁的达斯·维德眼见儿子即将死去，终于觉醒，为保护卢克而与皇帝同归于尽。安纳金·天行者终于恢复了善良的本性，在卢克“父亲！父亲！”呼唤声中，他释然地微笑着死去。
魔女,2018,2018-06-27,动作 悬疑 科幻,125,79,朝鲜语,朴勋政,,金多美 赵敏修 朴熙顺 崔宇植 高旻示 崔政宇 吴美熙 Lee Jung-hyoung 郑多恩,他们出现后，一切都变了。,10年前在一起奇怪的事故中独自生还的失忆少女子允，在一对老夫妇的抚养下长大。为了贴补家用，子允参加了某档电视节目，但让她没想到的是，就在节目播出后，开始有各种奇怪的人出现在她面前。
银河护卫队,2014,2014-10-10,动作 科幻 冒险,121,79,英语,詹姆斯·古恩,史蒂夫·甘,克里斯·帕拉特 佐伊·索尔达娜 戴夫·巴蒂斯塔 范·迪塞尔 布莱德利·库珀 李·佩斯 迈克尔·鲁克 凯伦·吉兰 杰曼·翰苏,当复仇者联盟在拯救地球 他们在拯救全宇宙,彼得·奎尔（克里斯·帕拉特 Chris Pratt 饰）是一个从小被劫持到外太空的地球人，在义父勇度（迈克尔·鲁克 Michael Rooker 饰）的培养下成了一个终极混混，自称“星爵”。一次行动中他偷了一块神秘球体，便成为了赏金猎人“火箭浣熊”（布莱德利·库珀 Bradley Cooper 配音）、树人格鲁特（范·迪塞尔 Vin Diesel 配音）的绑架目标，而神秘的卡魔拉（佐伊·索尔达娜 Zoe Saldana 饰）也对神秘球体势在必得。经过笑料百出的坎坷遭遇，星爵被迫和这三人，以及复仇心切的“毁灭者”德拉克斯（戴夫·巴蒂斯塔 Dave Bautista 饰）组成小分队逃避“指控者”罗南（李·佩斯 Lee Pace 饰）的追杀。然而这个神秘球体拥有无穷的力量，小分队必须团结一致对付罗南，才有可能解救整个银河系，银河护卫队由此诞生。
蓝白红三部曲之红,1994,1994-09-14,剧情 悬疑 爱情,99,79,法语,克日什托夫·基耶斯洛夫斯基,克日什托夫·皮耶谢维奇,伊莲娜·雅各布 让-路易斯·特林提格南特 弗雷德里克·费德 让-皮埃尔·洛里特 塞缪尔·勒比汉 马里恩·斯塔伦斯 特科·切里奥 伯纳德·埃斯卡隆 Jean Schlegel,命运的无形丝线。,克日什托夫·基耶斯洛夫斯基以宏大篇章为其《蓝白红三部曲》落下帷幕，在《红》中展开一场关于命运与偶然的炽热沉思。伊莲娜·雅各布饰演一位内心纯净却带着忧郁的日内瓦时装模特，她的人生轨迹与让-路易·特兰蒂尼昂饰演的愤世嫉俗的退休法官戏剧性地交汇。与此同时，仅隔数条街外，一场看似无关的嫉妒与背叛故事正在上演。本片以细腻笔触勾勒人与人之间意外的联结，堪称这位杰出导演在创作巅峰时期谱写的一曲辉煌终章。
愤怒的公牛,1980,1980-11-14,剧情 历史,129,79,英语,马丁·斯科塞斯,麦迪克·马丁,罗伯特·德尼罗 凯西·莫拉蒂 乔·佩西 弗兰克·文森特 尼古拉斯·科拉桑托 特雷萨·萨尔达娜 马里奥·加洛 弗兰克·阿多尼斯 约瑟夫·波诺,我不会为任何人低头。,通过这幅令人血脉喷张的自我毁灭式雄性气概肖像，马丁·斯科塞斯创造了现代电影中一部真正伟大且具远见的作品。罗伯特·德尼罗倾注其鲜血、汗水与蛮悍身躯，塑造了荣获奥斯卡奖的杰克·拉莫塔——这位来自布朗克斯的崛起中量级拳击手，其狂暴野心推动他在拳坛获得成功，但不受控的偏执与嫉妒却撕裂了他与身边所有人的关系，包括他的兄弟兼经纪人（乔·佩西 饰）以及美艳世故的妻子（凯西·莫拉蒂 饰）。塞尔玛·斯昆梅克获得奥斯卡奖的剪辑、迈克尔·查普曼极具触感的黑白摄影，以及弗兰克·沃纳匠心独运的音效设计，共同使本片成为一部多层次暴力（身体、情感、心理与精神）的独特而震撼的探索。[标准收藏]
奇迹创造者,1962,1962-05-23,剧情 历史,106,79,英语,阿瑟·希勒·佩恩,威廉·吉布森,安妮·班克罗夫特 Patty Duke Victor Jory Inga Swenson Andrew Prine Kathleen Comegys John Bliss Grant Code Michele Farr,An emotional earthquake!,影片讲述了安妮·沙利文奋力教导又盲又聋的海伦·凯勒学习沟通的故事。
泰坦尼克号,1997,1998-04-03,剧情 爱情,194,79,英语,詹姆斯·卡梅隆,,莱昂纳多·迪卡普里奥 凯特·温斯莱特 比利·赞恩 凯西·贝茨 弗兰西丝·费舍 格劳瑞亚·斯图尔特 比尔·帕克斯顿 伯纳德·希尔 大卫·华纳,世界上没有什么可以分开他们。,1912年4月10日，号称 “世界工业史上的奇迹”的豪华客轮泰坦尼克号开始了它完工后的首次商业航行，从英国的南安普顿出发驶往美国纽约。富家少女罗丝与母亲及未婚夫卡尔坐上了头等舱；另一边，放荡不羁的少年画家杰克也在码头的一场赌博中赢得了下等舱的船票。罗丝厌倦了上流社会虚伪的生活，不愿嫁给卡尔，打算投海自尽，被杰克救起。很快，美丽活泼的罗丝与英俊开朗的杰克相爱，杰克带罗丝参加下等舱的舞会、为她画像，二人的感情逐渐升温。1912年4月14日，星期天晚上，一个风平浪静的夜晚。泰坦尼克号撞上了冰山，“永不沉没的”泰坦尼克号面临沉船的命运，罗丝和杰克刚萌芽的爱情也将经历生死的考验。
龙珠超：布罗利,2018,2018-12-14,动作 科幻 动画,100,79,日语,鸟山明,长峰达也,野泽雅子 久川绫 堀川亮 古川登志夫 草尾毅 中尾隆圣 山寺宏一 森田成一 大友龙三郎,A new adventure to become the strongest begins.,本次剧场版就如同标题《龙珠超 布罗利》所要表达的一样，是关于只在以前的剧场版动画中登场过的布罗利和悟空他们之间的故事。不仅如此，这次的电影还涉及到了动画中没有描写的弗利萨军队与赛亚人之间的历史。  因为在当时的《龙珠Z 燃起来！！热战・烈战・超激战》等剧场版动画中作者鸟山明并没有参与制作过程，就在他差点就要忘记“布罗利”这一角色的时候，从负责人那里听闻了“布罗利”在日本乃至国外的人气都很高这一事情，所以就有了“要不这次的电影就讲述布罗利的故事吧？”这样的想法。而后鸟山明观看了当时的动画电影，在构想一番后有了“这次的故事会相当的有趣”这样的预感，便加入《龙珠超》的设定尝试性地编写了剧本。过程中，为了不让喜欢布罗利的粉丝失望，作者鸟山明在保留了布罗利过去的部分形象的同时，也加入了全新的一面，也使得“布罗利”这一角色更为充满魅力。
第三人,1949,1949-09-01,惊悚 悬疑,105,79,英语,卡罗尔·里德,格雷厄姆·格林,约瑟夫·科顿 阿莉达·瓦莉 特瑞沃·霍华德 奥逊·威尔斯 保罗·霍比格 恩斯特·杰曼 埃里希·庞托 齐格弗里德·布鲁尔 海德薇·布莱布特鲁,被男人追杀……受女人追捧！,低俗小说作家霍利·马丁斯来到阴影笼罩的战后维也纳，却发现自己竟开始调查一位老友——黑市投机者哈里·莱姆的神秘死亡。一段关于爱情、欺骗与谋杀的传奇由此展开。得益于约瑟夫·科顿、阿莉达·瓦利与奥逊·威尔斯的精湛表演，安东·卡拉斯那令人魂牵梦萦的齐特琴配乐，格雷厄姆·格林如刀锋般锐利的对白，以及罗伯特·克拉斯克对光影极具张力的运用，卡罗尔·里德执导的这部影片历经岁月洗礼，愈显其不朽地位。
徒手攀岩,2018,2019-09-06,纪录 冒险,100,79,英语,金国威,伊丽莎白·柴·瓦沙瑞莉,亚历克斯·霍诺德 汤米·考德威尔 金国威 桑尼·麦坎德利斯 Mikey Schaefer Cheyne Lempe Mark Synnott,无保护无辅助攀岩 3000英尺生死挑战,本片是一部震撼、直观且不加修饰的纪录片，真实记录了无保护攀岩者亚历克斯·霍诺尔德为实现毕生梦想所做的准备：在无绳索保护的情况下，攀登世界上最具标志性的岩壁——约塞米蒂国家公园高达914米（3000英尺）的埃尔卡皮坦峰。
花木兰,1998,1998-06-19,动画 家庭 冒险,88,79,英语,Barry Cook,Tony Bancroft,温明娜 艾迪·墨菲 黄荣亮 米盖尔·弗尔 哈维·菲尔斯坦 Freda Foh Shen June Foray 吴汉章 米里亚姆·玛格勒斯,逆境中绽放的花朵，才最是珍贵与美丽。,花木兰是家中的长女，性格爽朗率真，父母极力想帮女儿找到一个好归宿，可是多次努力未果。此时却收到了北方匈奴侵略的消息，朝廷召集各家各户的壮丁。木兰父亲也在名单之内，木兰不忍年迈残疾的父亲征战沙场，决定割掉长发，偷走父亲的盔甲，决定女扮男装代父从军。花家的祖先为了保护木兰，便派出了心地善良的木须从旁帮忙。从军的过程中，木兰凭着坚强意志，通过了一关又一关的艰苦训练，她的精神也感动了所有战友。就在战况告急的时候，她也被发现了女子的身份。她被遗留在雪地中，而最后也是她的及时出现，顺利协助大军击退了匈奴。
兰闺惊变,1962,1962-10-31,剧情 恐怖 惊悚,135,79,英语,Robert Aldrich,亨利·法雷尔,贝蒂·戴维斯 瓊·克勞馥 维克多·布鲁诺 韦斯利·艾迪 Julie Allred Anne Barton Marjorie Bennett Bert Freed Anna Lee,"Sister, sister, oh so fair, why is there blood all over your hair?",宝贝·珍妮·汉德森（贝蒂·戴维斯 Bette Davis 饰）曾是风靡一时的童星，整个汉德森家都依靠她的收入过活，这使她的性格变得日益扭曲和跋扈。比起珍妮，作为姐姐的布兰奇·汉德森（琼·克劳馥 Joan Crawford 饰）不过是一只不足挂齿的丑小鸭，不仅妹妹对自己视若无睹，就连父亲对她都大呼小叫态度恶劣，忍气吞声的布兰奇在心中埋下了仇恨的种子。成年后的姐妹两地位发生了逆转，珍妮的愚蠢和怪癖让她逐渐过气，而颇有姿色的布兰奇倒是在演艺圈获得了空前的成功，尽管布兰奇处处提携珍妮，但珍妮无法平衡内心的落差，总是想方设法和姐姐作对。
我仍在此,2024,2025-05-03,剧情 历史,138,79,葡萄牙语,马塞洛·鲁本斯·派瓦,沃尔特·塞勒斯,费尔南达·托雷斯 费尔兰德·蒙特纳哥 赛尔顿·梅罗 瓦伦蒂娜·伊尔扎奇 Maria Manoella 芭芭拉·卢斯 Gabriela Carneiro da Cunha 路易莎·科索夫斯基 Marjorie Estiano,"When a mother's courage defies tyranny, hope is reborn.",1971年，巴西：整个国家正深陷军事独裁统治的高压控制。当一个家庭的平静生活被恣意暴行无情击碎，一位母亲被迫踏上重塑自我的道路。影片改编自马塞洛·鲁本斯·派瓦的畅销回忆录。
舞台春秋,1952,1952-10-23,爱情 剧情 音乐,137,79,英语,查理·卓别林,,查理·卓别林 Claire Bloom 奈杰尔·布鲁斯 巴斯特·基頓 Sydney Chaplin 诺曼·劳埃德 Andre Eglevsky Melissa Hayden Marjorie Bennett,喜剧大师笑中带泪的巅峰之作！,查理·卓别林这部精湛刻画昔日杂耍明星迟暮岁月的动人戏剧，堪称这位编导大师最为深情之作。卓别林饰演的卡韦罗曾是备受爱戴的音乐喜剧演员，如今沦为蜗居伦敦小公寓的过气酒鬼。当他遇见楼下那位美丽而忧郁的芭蕾舞者时，人生终于透进一丝微光。这部悲喜交融的隽永之作，更特邀默片时代另一位喜剧巨匠巴斯特·基顿客串出演，成就影史唯一一次双星联袂的珍贵记录。影片创作时正值卓别林遭美国媒体与右翼势力围攻之际，导致本片在美国首映时几乎未能公开放映，如今却被视为其最具个人色彩的重要代表作。[标准收藏]
鬼妈妈,2009,2009-02-06,动画 家庭 奇幻,100,79,英语,亨利·塞利克,,达科塔·范宁 泰瑞·海切尔 詹妮弗·桑德斯 唐·弗兰奇 基思·大卫 约翰·霍奇曼 小罗伯特·贝利 伊恩·麦柯肖恩 Aankha Neal,Be careful what you wish for.,本片根据畅销小说改编而成。卡洛琳是一个充满好奇心的女孩，她在新家里发现了一扇神秘的门，通过那扇门，她进入了一个与现实平行的世界。表面看来，这个世界只是现实世界的镜像复制，其中的事物与现实里的几乎一模一样，但却充满了奇幻。在这里卡洛琳碰见了很多奇怪的人，包括她的“赝品母亲”，后者想将其永远留在这里。而卡洛琳必须依靠自己的机智、决心和勇气，才能重回现实，拯救自己的家庭。  10来岁的小女孩卡洛琳天生就有一颗好奇的心，凡事都喜欢问个究竟，不过她的父母却对她管教甚严，所以卡洛琳虽然有着打破砂锅问到底的精神，但也只能乖乖听父母的话。父母决定乔迁新居，搬到了新家的卡洛琳，来到了一个全新的环境里，这里大大的激发了她的好奇心。她开始对周围的邻居感到无比的新奇：有一个老头子，最大的乐趣就是整天在家里训练他自己的马戏团，这个马戏团可了不得，因为马戏团里的小丑，都是一只只可爱的小老鼠；除此之外，还有俩姐妹，整天的爱好就是你骂我，我骂你，生活还特别的古板。  玩了没多久，卡洛琳对这个新的居住环境渐渐的熟悉了，她开始觉得有些无聊。这时候，她又开始在家里找乐子玩，终于，让她发现了一个大秘密：客厅里，原来有一道她从来没有进去过的门！卡洛琳细心了数了数家里的房门，却在怀比送的娃娃的指引下，找到了一扇小门，这扇门究竟通往哪里呢？一天深夜里，卡洛琳鼓起勇气，打开了房门……  在房门背后的那个世界，有着和卡洛琳的世界相似的样子，还有一个自称为卡洛琳“另一个妈妈”、长着纽扣眼睛的家伙（或许她是个更完美的妈妈）。但事情渐渐变得越来越奇怪。原来，“另一个妈妈”是个可怕的怪物，她要做的是把卡洛琳永远的留在这个世界中，她绑架了卡洛琳真正的父母、甚至要为她缝上纽扣眼睛！在一只高傲的黑猫和三个鬼魂的帮助下，卡洛琳必须勇敢起来……
一次别离,2011,2011-03-15,剧情,123,79,波斯语,阿斯哈·法哈蒂,,蕾拉·哈塔米 佩曼·莫阿迪 萨瑞·巴亚特 萨日娜·法哈蒂 谢哈布·侯赛尼 基米亚·侯赛尼 阿里-阿斯加尔·沙赫巴吉 巴巴克·卡里米 梅里拉·扎雷,残酷的真相，甜蜜的谎言。,影片以当代伊朗为背景，讲述一段婚姻分崩离析的动人故事。西敏渴望与丈夫纳德、女儿特梅一同离开伊朗，在纳德因需照顾患阿尔茨海默症的父亲而拒绝离开后，西敏愤而提起离婚诉讼。离婚请求被驳回后，西敏搬回娘家，特梅却决定留在父亲身边。纳德在妻子离开后聘请年轻女工照顾父亲，期盼生活重归平静，然而当他发现女工竟对他隐瞒真相时，才惊觉自己面临的危机已远不止婚姻破碎这般简单。[索尼经典]
V字仇杀队,2006,2006-03-17,动作 惊悚 科幻,132,79,英语,詹姆斯·麦克泰格,莉莉·沃卓斯基,娜塔莉·波特曼 雨果·维文 斯蒂芬·瑞 斯蒂芬·弗莱 约翰·赫特 蒂姆·皮戈特-史密斯 鲁珀特·格雷夫斯 罗杰·阿拉姆 本·迈尔斯,人民不应该害怕政府，相反的政府才需要畏惧人民,未来的英国社会处于极权统治的高压下，不能容许同性恋者、异教徒等社会角色的存在，人民在黑暗政权下苟延残喘。  这晚，年轻女子艾薇身陷险境，幸得V相助。V是一个永远带着面具的神秘男子，拥有高智商和超凡战斗力。他摧毁了伦敦的标志性建筑，同时也点燃了反政府的熊熊烈火。 艾薇在和V深入接触后，不仅得知了V的神秘使命，还渐渐发现了自己的身世，这也注定了自己和V会是同一条阵线的人。
爱乐之城,2016,2017-02-14,喜剧 剧情 爱情,128,79,英语,达米恩·查泽雷,,瑞恩·高斯林 艾玛·斯通 约翰•传奇 罗丝玛丽·德薇特 芬恩·维特洛克 卡莉·埃尔南德斯 水野索诺亚 杰西卡·罗德 托马斯·埃弗雷特·斯科特,献给，那些追梦的人。,心怀演员梦想的米娅在试镜间隙为电影明星端送拿铁，而执着于爵士乐的塞巴斯汀则在昏暗酒吧靠弹奏钢琴曲勉强度日。然而当事业渐有起色，两人不得不做出抉择，这些决定逐渐磨损着他们如薄纱般的恋情，那些曾奋力彼此守护的梦想，此刻却可能将彼此撕裂。
恶魔,1955,1955-01-29,惊悚 悬疑,114,79,法语,Henri-Georges Clouzot,布瓦洛-纳尔瑟雅克,Véra Clouzot Simone Signoret Paul Meurisse Charles Vanel Jean Brochard Pierre Larquey 米歇尔·塞侯 Yves-Marie Maurin Georges Poujouly,"See it, be amazed at it, but...BE QUIET ABOUT IT!",德拉萨尔寄宿学校里，女教师克里斯蒂娜和丈夫、校长米歇尔·德拉萨尔感情不偕，德拉萨尔对待他妻子也很粗暴。克里斯蒂娜经过长时间考虑，决定摆脱丈夫，在另一个教师、女友尼古尔的劝说下，她们决定实施一个谋杀计划……
小鞋子,1997,1999-01-22,剧情 家庭,89,79,波斯语,马吉德·马吉迪,,Amir Farrokh Hashemian Bahare Seddiqi Nafise Jafar-Mohammadi 礼萨·纳吉 Fereshte Sarabandi Kamal Mirkarimi Behzad Rafi Dariush Mokhtari Mohammad-Hasan Hosseinian,A Little Secret... Their Biggest Adventure!,家境贫寒的男孩Ali（Amir Farrokh Hashemian）帮妹妹Zahra（Bahare Seddiqi）取修补好的鞋子时，不慎将鞋子弄丢，为了不被父（Mohammad Amir Naji）、母（Fereshte Sarabandi ）责罚，他央求Zahra暂时保密，说两人可以替换着穿他的鞋子上学，并答应一定会帮她买双新鞋子。Ali原本指望用他和父亲进城打工挣的钱帮Zahra买双新鞋，父亲的意外受伤打消了他的美梦。看到全市长跑比赛季军的奖品是一双运动鞋时，Ali决定参加比赛，但是他错过了报名日期。几经哀求，老师（Dariush Mokhtari ）破例让实力出众的Ali参加了比赛。比赛场上，Ali不断提醒自己，一定要得第三名！
哈利·波特与魔法石,2001,2002-01-26,冒险 奇幻,152,79,英语,克里斯·哥伦布,J·K·罗琳,丹尼尔·雷德克里夫 鲁伯特·格林特 艾玛·沃森 理查德·哈里斯 汤姆·费尔顿 艾伦·瑞克曼 罗彼·考特拉尼 玛吉·史密斯 理查德·格里菲斯,魔法永恒,哈利·波特是一个孤儿，从小寄养在姨妈家，受尽欺凌。但就在哈利11岁生日的时候，他意外收到了霍格沃茨学院的入学通知书。哈利从该学院派来接他的巨人海格口中得知，这是一间魔法学院，并得知了自己的身世，原来哈利的父母都是伟大的魔法师，在对付伏地魔的战斗中双双献身，唯有哈利幸免于难。哈利进入霍格沃茨后，表现出了超乎想象的飞行天赋，得到麦格教授的推荐进入了格兰芬多的魁地奇球队。另一方面，哈利发现霍格沃茨学院内有一股黑暗势力似乎在暗暗滋长，揭开谜团的关键就在有凶恶的三头犬守护的房间内。哈利、罗恩和赫敏三个好朋友决定探个究竟。
冬日之光,1963,1963-02-11,剧情,81,79,瑞典语,英格玛·伯格曼,,英格丽德·图林 甘纳尔·布耶恩施特兰德 古内尔·林德布洛姆 马克斯·冯·西多 Allan Edwall Kolbjörn Knudsen Olof Thunberg Elsa Ebbesen-Thornblad Tor Borong,,埃里克森牧师在瑞典一小镇宣扬基督的爱，认为爱是上帝存在的证明，但围绕在他身边发生的事却弥漫着世界末日的气息，因为他与人全无沟通。上承《犹在镜中》，下启《沉默》的《信仰三部曲》中间作品，场景集中（室内剧形式），时间短促（发生在一天内），虽然简洁但传递出深刻的涵义。
日常工作：电影版,2015,2015-09-01,动画 喜剧 科幻 冒险,69,79,英语,J.G. Quintel,Sean Szeles,J.G. Quintel 威廉·赛莱耶 Sam Marin 马克·哈米尔 Minty Lewis 杰森·曼楚克斯 大卫·科希纳 罗杰·克雷格·史密斯 阿里·希利斯,Save the universe from yourselves or you're fired.,为了拯救宇宙及其友谊，Mordecai和Rigby必须击败邪恶的排球教练。
伊凡雷帝：回到未来,1973,1973-09-17,喜剧 科幻,,79,俄语,Leonid Gaidai,Vladlen Bakhnov,Aleksandr Demyanenko Yuriy Yakovlev Leonid Kuravlyov Savely Kramarov Natalya Seleznyova Natalya Krachkovskaya Natalya Kustinskaya Vladimir Etush Mikhail Pugovkin,,年轻有为的科学家舒立克·迪墨菲耶夫在家全心全力地大搞科学发明实验，并且一而再再而三三而四四而五……地将自己所住的公寓搞停电。伊万?瓦西里耶维奇同志代表广大人民群众的心声前来投诉，却被他拉入了新发明的时光机的首航实验。与此同时，梁上君子米罗斯拉维斯基在牙医家爆窃时恰好与参与“近距离首航”穿越的二人相遇，几番糊弄之下，三人共同穿越到了古代俄罗斯伊凡雷帝的宫殿之上，以为恶魔降临的沙皇陛下落荒而逃，在舒立克的追逐之下进入到现代，而伊万同志与小偷君则留在古代被卫兵追来逐去。混乱之中时光机被意外损坏，由于长相酷似沙皇，伊万同志万般不愿也唯有听从小偷同志的建议扮作“雷”帝与众人周旋……另一边，沙皇同志则呆在舒立克家，毫无疑问地制造着一连串的误会与混乱……
西蒙娜：世纪之旅,2022,2022-10-12,剧情 历史,140,79,法语,奥利维埃·达昂,,Elsa Zylberstein Rebecca Marder Élodie Bouchez 茱迪丝·谢拉 奥利维埃·古尔梅 Mathieu Spinosi 西尔维·泰斯蒂 Esther Valding 菲利普·托雷顿,We are responsible for what will unite us tomorrow,影片回溯了西蒙娜·韦伊的一生，她的童年，她的政治斗争，她的悲惨遭遇。一位拥有非凡事业的女性的史诗般的私密写照，西蒙娜捍卫人道主义价值，震撼了她的时代。  西蒙娜是纳粹大屠杀的受害者和幸存者，在奥斯维辛集中营总共待了十三个月。年17岁的西蒙娜，看到了人可以非人到何种程度，直至步入老年，某种特殊的味道，一丝寒冷，哪怕一个幻象都能让她产生一种被她称为闪回的东西，勾起模糊而残酷的记忆。“在我们能读到的和人们能写出来的东西与那种绝对的恐怖相比，根本就是小巫见大巫。”（自述《比克瑙集中营的黎明》）。  战后，西蒙娜带着无法抹去的记忆创伤前行，她在巴黎政治学院学习法律和政治学，之后进入政界。1954年，她通过司法考试，成为了一名法官，并处理了阿尔及利亚的监狱问题；1974年，西蒙娜担任法国卫生部部长，主持通过了“韦伊法案”（《自愿终止妊娠法》），为法国女性争取到了自愿堕胎的权利。1979至1982年期间担任欧洲议会主席。2008年，西蒙娜当选法兰西学院院士。
何处是我朋友的家,1987,1987-07-01,剧情 冒险,83,79,波斯语,阿巴斯·基亚罗斯塔米,,Babek Ahmadpour Ahmed Ahmadpour Kheda Barech Defai Iran Outari Ait Ansari Sadika Taohidi Biman Mouafi Ali Djamali Aziz Babai,,伊朗的偏僻山村小学里，一群孩子在课堂里聆听老师讲课。在检查作业的时候，老师发现穆罕德屡次没有完成家庭作业，于是严厉地批评了他，说如若再犯立马开除。老师对学生强调这是帮助他们树立良好的规矩。当天放学后，小男孩阿穆德却赫然发现自己把同桌穆罕德的作业本带回了家。听懂了老师的谆谆善诱，所以阿穆德明白这作业本就是穆罕德继续听讲的凭证。为了把作业本还给同桌，阿穆德曾希望母亲和祖父可以施以援手，但是均告失败。所以，他只能孤身前行，到对面大山里的村落去寻找同桌，归还作业本。然而，由于不认识同桌的家，所以他处处碰壁，遭遇到了无法想象的艰难险阻……
蝴蝶梦,1940,1940-03-23,悬疑 爱情 惊悚,130,79,英语,阿尔弗雷德·希区柯克,达夫妮·杜穆里埃,劳伦斯·奥利弗 琼·芳登 乔治·桑德斯 朱迪思·安德森 奈杰尔·布鲁斯 雷金纳德·丹尼 C·奥布雷·史密斯 格拉迪斯·库珀 Florence Bates,“昨晚我梦见自己又去了曼德利……”,浪漫故事在阿尔弗雷德·希区柯克精心雕琢的本片中演变为心理剧，这也是他进军好莱坞的首部作品。影片如梦似幻地改编自达芙妮·杜穆里埃1938年的小说，由迷人的琼·芳登饰演一位年轻女子，她以为自己觅得心之所向，嫁给了风度翩翩的贵族鳏夫迈克西姆·德温特（劳伦斯·奥利弗以敏锐的脆弱感诠释）。然而，当她搬进曼德利庄园——丈夫那座巴洛克风格的祖传宅邸——便很快发现，已故的前妻不仅萦绕着这座城堡，更深深困扰着性情多变、忧郁沉思的迈克西姆。作为希区柯克与制片人大卫·O·塞尔兹尼克传奇合作的起点，这部哀婉的哥特式影像由乔治·巴恩斯以惊艳的黑白摄影呈现，荣获奥斯卡最佳影片与最佳摄影奖。[标准收藏]
凛冬烈火：乌克兰为自由而战,2015,2015-09-04,纪录,98,79,英语,Evgeny Afineevsky,Den Tolmor,Cissy Jones Bishop Agapit Catherine Ashton Serhii Averchenko Kristina Berdinskikh Pavlo Dobryanskyy Valery Dovgiy Bogdan Dubas Kurganskyi Eduard,The next generation of revolution.,纪录片在乌克兰骚乱期间，2013和2014，作为学生游行支持欧洲一体化发展成暴力革命呼吁总统亚努科维奇辞职。
登陆之日,2011,2011-12-21,剧情 动作 历史 战争,137,79,朝鲜语,姜帝圭,金秉铉,张东健 小田切让 范冰冰 金仁权 李沇熹 金熙元 吴泰景 郭正旭 金时厚,他们原本是敌人，但命运让他们走到了一起。,小时候跟随父亲移居朝鲜的少年辰雄（音，小田切让饰演）遇到了和自己一样喜欢跑步的朝鲜少年俊植（音，张东健饰演）。长大后他们成为一对马拉松对手。在奥运会马拉松选拔赛上，俊植以微弱优势战胜辰雄，但在日本田径联盟的操作下辰雄获胜。随着二战的全面爆发，俊植被强征为关东军，而辰雄成为新任守备队队长。此后俊植先后在日军、苏军、德军服役，辰雄也与俊植一起走过了坎坷旅程。  影片由《太极旗飘扬》的姜帝圭执导，以二战诺曼底登陆为背景，讲述了被日本军征集为纳粹德国作战的韩国士兵们的故事，将由韩日中三国明星共同主演。
霸王别姬,1993,1993-07-26,剧情,171,79,汉语,李碧华,陈凯歌,张国荣 张丰毅 巩俐 吕齐 英达 葛优 雷汉 童弟 尹治,华语剧情片巅峰之作  风华绝代程蝶衣,在著名导演陈凯歌这部关于激情、命运与艺术超越性可能的恢弘史诗中，一段令人屏息的缱绻情缘于社会巨变的广阔背景下徐徐展开。影片横跨二十世纪五十载，追随着心怀梦想的京剧艺人程蝶衣与段小楼的人生轨迹——从经受严酷训练的童年，到最终成为京剧名角。蝶衣对小楼未果的痴恋，与时代政治浪潮的翻涌交织，将他们卷入充满嫉妒与背叛的个人悲剧之中，人生如戏，戏若人生。这部首部荣获戛纳电影节金棕榈奖的中国电影，是最高规格的史诗制作——从每一帧精美的画面到深沉的情感冲击，皆令人震撼。
罗马假日,1953,1953-09-02,爱情 喜剧 剧情,119,79,英语,伊恩·麦克莱伦·亨特,达尔顿·特朗勃,奥黛丽·赫本 格利高里·派克 埃迪·艾伯特 哈特利·鲍尔 哈考特·威廉姆斯 玛格丽特·罗林斯 图利奥·卡米纳蒂 保罗·卡里尼 克劳迪奥·埃尔梅利,浪漫罗马恋爱史！,英国的安妮公主到罗马去访问，国务烦身，但她又厌倦繁文缛节。一天晚上，身心俱疲的她偷偷来到民间欣赏夜景，巧遇报社记者乔。二人把手同游，相当快乐。公主更是到乔的家中作客并在那过夜。不料乔无意中发现了公主的真实身份，他决定炮制一个独家新闻，于是乔偷拍了公主的很多生活照，看到了成名的曙光。然而，在接下来与公主的相处中，乔不知不觉恋上了公主。为了保护公主的形象，乔只能忍痛抛弃功成名就的良机，将照片送予了公主。安妮公主在经历了罗马一日假期后，反而体验了自己对国家的责任，毅然返回了大使馆，为了本身的责任而果断抛弃了爱情。
爸爸的小提琴,2022,2022-01-21,剧情 音乐,112,79,土耳其语,Andaç Haznedaroğlu,,Engin Altan Düzyatan Belçim Bilgin Gülizar Nisa Uray Selim Erdoğan Erdem Baş Yener Sezgin Yiğit Çakır Ayfer Dönmez Ulrich Mertin,,因为共同的悲伤和与音乐的联系，一名孤女和感情冷漠但事业有成的小提琴家叔叔建立了感情。
健听女孩,2021,2021-08-13,剧情 音乐 爱情,111,79,英语,夏安·海德,,艾米莉亚·琼斯 玛莉·马特林 特洛伊·科特苏尔 欧亨尼奥·德伯兹 福迪亚·瓦尔什-匹罗 丹尼尔·杜兰特 艾米·福赛斯 凯文·查普曼 约翰·菲奥雷,每个家庭都有自己的语言,故事聚焦一个聋哑家庭中唯一有听觉的高中女孩鲁比，她每天都要帮助父母和哥哥操持渔业生意，在加入高中合唱团后，鲁比对歌唱的热爱打动了合唱团长，团长决定让鲁比在梦想和家族之间做一个选择。
流浪猫鲍勃,2016,2016-11-18,家庭 剧情,103,79,英语,罗杰·斯波蒂斯伍德,詹姆斯·鲍文,卢克·崔德威 鲁塔·盖德敏塔斯 琼安·弗洛加特 安东尼·斯图尔特·海德 卡罗琳·古道尔 贝丝·戈达德 达伦·埃文斯 鲁斯·西恩 妮娜·瓦迪亚,Sometimes it takes nine lives to save one,改编自真实事件。家庭的破裂令詹姆斯（卢克·崔德威 Luke Treadaway 饰）遭受了巨大的打击开始自暴自弃，他染上了毒瘾，身无分文，成为了一名流连在街头的卖艺者。瓦尔（琼安·弗洛加特 Joanne Froggatt 饰）是负责詹姆斯的戒毒所医生，在她的帮助下，詹姆斯终于有了一个能够遮风挡雨的家，瓦尔坚信詹姆斯能够凭借自己的意志，彻底摆脱毒品的诱惑。某日，一只流浪猫闯进了詹姆斯的家，詹姆斯收养了它，给它取名鲍勃，当詹姆斯离开家走上街头卖艺的时候，鲍勃跟在他的身边寸步不离。很快，这一人一猫的组合便吸引了过路人的注意， 詹姆斯的经济状况因此得到了巨大的改善，与此同时，詹姆斯结识了住在隔壁的女子贝拉（鲁塔·盖德敏塔斯 Ruta Gedmintas 饰），在贝拉的身上，詹姆斯重新燃起了对爱的渴望。
因父之名,1993,1993-12-27,剧情,133,79,英语,吉姆·谢里登,特里·乔治,丹尼尔·戴-刘易斯 皮特·波斯尔思韦特 艾玛·汤普森 约翰·林奇 科林·雷德格雷夫 比阿特·埃德尼 约翰·本菲尔德 佩特逊·约瑟夫 玛丽·琼斯,In the name of truth... In the name of justice... In the name of love.,奥斯卡奖得主丹尼尔·戴-刘易斯在这部扣人心弦的剧情片中献上了充满激情的表演，影片映照了一名男子长达十五年、最终战胜沉重不公的顽强抗争。[环球影业]
铃芽之旅,2022,2023-03-24,动画 剧情 冒险 奇幻,121,79,日语,新海诚,,原菜乃华 松村北斗 深津绘里 染谷将太 伊藤沙莉 花濑琴音 花泽香菜 松本白鹦 神木隆之介,门的那一边，存在着一切的时间——,生活在日本九州田舍的17岁少女·铃芽遇见了为了寻找“门”而踏上旅途的青年。追随着青年的脚步，铃芽来到了山上一片废墟之地，在这里静静伫立着一扇古老的门，仿佛是坍塌中存留的唯一遗迹。铃芽仿佛被什么吸引了一般，将手伸向了那扇门……不久之后，日本各地的门开始一扇一扇地打开。据说，开着的门必须关上，否则灾祸将会从门的那一边降临于现世。星星、夕阳、拂晓、误入之境的天空，仿佛溶解了一切的时间。在神秘之门的引导下，铃芽踏上了关门的旅途……
哪吒之魔童降世,2019,2019-07-26,动画 奇幻 冒险,110,79,汉语,饺子,易巧,吕艳婷 囧森瑟夫 瀚墨 陈浩 绿绮 张珈铭 杨卫 何禹祥 任俊鹏,打破成见 做自己的英雄。,天地灵气孕育出一颗能量巨大的混元珠，元始天尊将混元珠提炼成灵珠和魔丸，灵珠投胎为人，助周伐纣时可堪大用；而魔丸则会诞出魔王，为祸人间。元始天尊启动了天劫咒语，3年后天雷将会降临，摧毁魔丸。太乙受命将灵珠托生于陈塘关李靖家的儿子哪吒身上。然而阴差阳错，灵珠和魔丸竟然被掉包。本应是灵珠英雄的哪吒却成了混世大魔王。调皮捣蛋顽劣不堪的哪吒却徒有一颗做英雄的心。然而面对众人对魔丸的误解和即将来临的天雷的降临，哪吒是否命中注定会立地成魔？他将何去何从？
消失的爱人,2014,2015-04-16,悬疑 惊悚 剧情,149,79,英语,吉莉安·弗琳,大卫·芬奇,本·阿弗莱克 裴淳华 尼尔·帕特里克·哈里斯 泰勒·佩里 凯莉·库恩 金·迪肯斯 帕特里克·福吉特 大卫·克伦侬 丽莎·贝恩斯,直到失去，你才懂得曾经拥有的珍贵。,结婚五周年纪念日的早上，尼克·邓恩来到妹妹玛戈的酒吧，咒骂抱怨那个曾经彼此恩爱缠绵的妻子艾米以及全然看不见希望的婚姻。当他返回家中时， 却发现客厅留下了暴行的痕迹，而妻子竟不见了踪影。女探员朗达·邦妮接到报案后赶来调查，而现场留下的种种蛛丝马迹似乎昭示着这并非是一件寻常的失踪案，其背后或许隐藏着裂变于夫妻之情的谋杀罪行。艾米的失踪通过媒体大肆渲染和妄加揣测很快闻名全国，品行不端的尼克被推上风口浪尖，至今不见踪影的爱人对他进行无情审判，你侬我侬的甜言蜜语早已化作以血洗血的复仇与折磨……
影子部队,1969,1969-09-11,战争 剧情 惊悚 历史,140,79,法语,让-皮埃尔·梅尔维尔,约瑟夫·凯塞尔,Lino Ventura Paul Meurisse 让-皮埃尔·卡塞尔 Simone Signoret Claude Mann Paul Crauchet Christian Barbier Alain Dekok Alain Libolt,背叛。忠诚。合作。抵抗。,这部由曾亲身参与法国抵抗运动的黑色诗人让-皮埃尔·梅尔维尔执导的悲剧杰作，改编自约瑟夫·凯塞尔的小说，记述了抵抗运动战士的挣扎与牺牲。利诺·文图拉、保罗·默里斯、让-皮埃尔·卡塞尔与无与伦比的西蒙娜·西涅莱饰演无畏的地下战士，他们在对抗希特勒政权的斗争中必须直面自身对荣誉的抉择。这部氛围凝重、扣人心弦的惊悚片长期在法国未受重视，更曾在美国湮没无闻，如今被公认为梅尔维尔职业生涯的巅峰——他将黑帮片中精妙的极简主义手法注入抵抗叙事，铸就了一部面对不可逾越之敌时的不屈抗争的冷峻史诗。[标准收藏]
记忆之夜,2017,2017-11-29,惊悚 悬疑 犯罪,109,79,朝鲜语,张恒俊,,姜河那 金武烈 文成根 罗映姬 南明烈 李恩宇 郑泽贤 Jung Chan-bi 崔高,锁定。删除。控制。隔离。模糊。,真希(姜河那 饰)一家人在一次车祸中，父母丧生，哥哥在医院抢救，需要金钱救治，真希在走投无路的情况下，接到一单以杀人为代价的“生意”，在行凶过程中，由于良知发现，本想放弃行凶，却误杀了目标和她的女儿，真希对此事极度痛苦，选择性的失去了此段过程的记忆。目标的幼子(金武烈 饰)长大后对家人遇害一事一直没有放弃追查真相，当发现真希就是杀人凶手并且对行凶过程没有记忆后，精心布置了许多假象，意在揭开当时的真相，当真相大白后，却令人唏嘘不已。
神奇队长,2016,2016-07-08,冒险 剧情,119,79,英语,马特·罗斯,,维果·莫特森 乔治·麦凯 萨曼莎·伊斯勒 安娜丽丝·巴索 尼古拉斯·汉密尔顿 希利·克鲁克斯 查理·肖特韦尔 特林·米勒 弗兰克·兰格拉,He prepared them for everything except the outside world.,在太平洋西北部的森林深处，与世隔绝，一位慈爱的父亲全心全意地试图将自己六个年幼的孩子培养成出色的成年人。但当灾难降临，他们被迫离开了自己创建的天堂，开始走向外面的世界。这不仅挑战了他对“家长“这个角色的理解，也让孩子们开始怀疑父亲所教给他们的一切。
恋恋笔记本,2004,2024-04-19,爱情 剧情,123,79,英语,尼克·卡萨维茨,尼古拉斯·斯帕克斯,瑞恩·高斯林 瑞秋·麦克亚当斯 吉娜·罗兰兹 詹姆斯·加纳 琼·艾伦 大卫·桑顿 詹姆斯·马斯登 凯文·康诺利 山姆·谢泼德,Behind every great love is a great story.,一个浸润着鲜红与纯白的爱情故事，写在一本洒满昏黄的笔记本上，被一位老先生(詹姆斯·加纳 饰)，一遍一遍的讲述。老太太(吉娜·罗兰兹 饰)总是静静的听着，好奇的追问结果。在一家疗养院，这样不变的场景每天都会上演。笔记本上，秀美的字迹，记载着发生在那个夏天的爱情。艾莉(瑞秋·麦克亚当斯 饰)是富有人家的千金，她随家人来到小镇避暑。在一个充满梦幻的游乐场，邂逅了诺亚(瑞恩·高斯林 饰)。诺亚没有钱，却活的很快乐。艾莉在他那学会了自由，得到了欢笑，两人很快热恋起来。然而在艾莉父母的阻挠下，相爱的两个人，就被分开在夏天结束的那一刻。随着诺亚的365封信被偷偷藏起，艾莉在7年后终于放弃了等待。就在她要步入教堂的前一天，突然在报纸上看到了诺亚曾许诺给自己建造的白色房子。一切记忆，全部苏醒……也许，应该苏醒的，不是故事中的，而是听故事的人。
拯救小鸡蛋,2021,2021-08-12,动画 喜剧 冒险 家庭,89,79,西班牙语,Rodolfo Riva Palacio Alatriste,Gabriel Riva Palacio Alatriste,Bruno Bichir 玛伊特·佩罗尼 Carlos Espejel Angélica Vale Dione Riva Palacio Santacruz Oliver Díaz Barba Mayra Rojas Ariel Miramontes 杰苏斯·欧乔阿,,一只公鸡和他的家禽伙伴踏上了前往刚果的危险之旅，以从一群俄罗斯暴徒手中夺回被盗的鸡蛋。
寻找小糖人,2012,2012-07-27,音乐 纪录,85,79,英语,Malik Bendjelloul,Stephen Segerman,Stephen Segerman Rodriguez Regan Rodriguez Eva Rodriguez Mike Theodore Dennis Coffey Sandra Rodriguez-Kennedy Clarence Avant Steve Rowland,Great Art Always Survives,罗德里格斯在上世纪70年代发行过两张专辑《Cold Fact》与《Coming From Reality》，在南非有超过50万的销量且知名度可与滚石乐队相提并论。但与其他知名的美国歌手不同，南非的歌迷得不到任何一点关于罗德里格斯的信息，除了专辑歌曲之外唯一能了解的只有专 辑封面上一张并不清晰的相片。两张专辑后，他好像也就此销声匿迹。对于在南非的辉煌成绩，罗德里格斯其实并不知情，他在美国过着截然不同的生活，没有知名度，专辑销量不佳，被唱片公司抛弃，曾经一度做着装修屋顶的体力活。南非开普敦一家唱片店老板斯蒂芬与音乐记者克雷格听到罗德里格斯在舞台上奇特自杀的传闻后展开调查，寻找小糖人之路就此开始，一段神秘的传奇故事就此展开。
当幸福来敲门,2006,2008-01-17,剧情,117,79,英语,加布里埃尔·穆奇诺,史蒂文·康拉德,威尔·史密斯 贾登·史密斯 坦迪·牛顿 布莱恩·豪威 詹姆斯·凯伦 丹·卡斯泰兰尼塔 库尔特·富勒 塔卡尤·费舍尔 凯文·韦斯特,最难的时刻总会过去,克里斯·加纳（威尔·史密斯 Will Smith 饰）用尽全部积蓄买下了高科技治疗仪，到处向医院推销，可是价格高昂，接受的人不多。就算他多努力都无法提供一个良好的生活环境给妻儿，妻子（桑迪·牛顿 Thandie Newton 饰）最终选择离开家。从此他带着儿子克里斯托夫（贾登·史密斯 Jaden Smith 饰）相依为命。克里斯好不容易争取回来一个股票投资公司实习的机会，就算没有报酬，成功机会只有百分之五，他仍努力奋斗，儿子是他的力量。他看尽白眼，与儿子躲在地铁站里的公共厕所里，住在教堂的收容所里……他坚信，幸福明天就会来临。
学校整蛊联盟2,2019,2019-04-11,喜剧,102,79,西班牙语,Nacho G. Velilla,David S. Olivas,奥马尔·查帕罗 玛莎·希加瑞达 Carla Adell Fernanda Castillo 丽贾娜·帕文 Karen Furlong Rosanna Engel Claudia Zepeda Aarón Díaz,,"Zequi and Lucy are about to get married. Although he promises not to overdo it during the bachelor party, things get out of control."
阿波罗11号,2019,2019-03-01,纪录 历史 剧情,93,79,英语,Todd Douglas Miller,,尼尔·阿姆斯特朗 巴兹·奥尔德林 Michael Collins 沃尔特·克朗凯特 Bruce McCandless II Charlie Duke Andy Aldrin Patricia Mary Finnegan Janet Armstrong,A Cinematic Event 50 Years In The Making,导演托德·道格拉斯·米勒带来这部历时五十年酝酿的影像盛宴。影片从新近发现的一批65毫米胶片素材及超过一万一千小时的未归档音频记录中精心构筑，将我们直接带入美国国家航空航天局最负盛名的任务核心——人类首次登月，令尼尔·阿姆斯特朗与巴兹·奥尔德林的名字永远镌刻于历史。我们沉浸于宇航员、任务控制中心团队以及地面数百万观众的视角，生动体验1969年那些改变人类命运的日夜——当人类向未来迈出巨大一步的时刻。
触碰的双手,2018,2019-05-10,战争 剧情 爱情,122,79,英语,Amma Asante,,阿曼德拉·斯坦伯格 乔治·麦凯 艾比·考尼什 克里斯托弗·艾克斯顿 汤姆·斯威特 Alec Newman 汤姆·古德曼-希尔 娜塔莎·利特尔 威尔·艾登堡禄,,1944年的德國正值世界大戰，少女蕾娜的母親是德國人、父親是非裔，她因為膚色飽受壓迫；然而，她和希特勒的青年軍魯茲情不自禁地墜入愛河，為此兩人更陷入險地...
阿尔及尔之战,1966,1966-09-08,剧情 战争 历史,121,79,意大利语,吉洛·彭泰科沃,佛朗哥·索利纳斯,Brahim Hadjadj Jean Martin Yacef Saâdi Fouzia El Kader Mohamed Ben Kassen Hadj Smaine Mohamed Seghir Larbi Zekkal Rouiched Noureddine Brahimi,震撼世界的起义！,吉洛·蓬泰科尔沃执导，是影史最具影响力的政治电影之一，生动再现了二十世纪五十年代阿尔及利亚脱离法国殖民统治的独立斗争中一个关键年份的动荡景象。随着双方暴力冲突不断升级，儿童在近距离射杀士兵，女性在咖啡馆安置炸弹，法国士兵则以酷刑手段试图瓦解起义者的意志。影片以纪实风格在阿尔及尔街头拍摄，通过对恐怖袭击及其镇压手段的冷峻刻画，成为现代战争研究的一部经典范本。这部杰作至今仍具有惊人的现实意义。
小人物,2021,2021-03-26,动作 惊悚,91,79,英语,伊利亚·奈舒勒,德里克·科尔斯塔,鲍勃·奥登科克 阿列克谢·谢列布里亚科夫 康妮·尼尔森 克里斯托弗·劳埃德 迈克尔·艾恩塞德 科林·萨尔蒙 罗伯特·菲茨杰拉德·迪格斯 比利·麦克莱伦 阿拉亚·门格沙,Never underestimate a nobody.,作为一家之主的哈奇是个无名之辈。这位郊区的一家之主被大多数人无视，从不引人注目。当两个罪犯深夜闯入他家时，他发现自己无力保护自己和家人，因为他想不惜一切代价避免暴力。因此，他的儿子布雷迪失望地疏远了他，妻子贝卡也与他更加疏离。然而，这次入室盗窃触动了哈奇。他突然怒火中烧，揭示出深藏的黑暗面，驱使他走上了一条充满暴力的道路……
互联网之子,2014,2014-06-27,纪录 犯罪,105,79,英语,Brian Knappenberger,,Aaron Swartz Tim Berners-Lee Cory Doctorow Peter Eckersley Lawrence Lessig Brewster Kahle Cindy Cohn Zoe Lofgren Gabriella Coleman,互联网之子：亚伦·斯沃茨的故事,本片《互联网之子》讲的是编程天才和信息活动家 亚伦·斯沃茨 的故事。  从参与基础互联网协议RSS到联合创办Reddit，斯沃茨的足迹遍及整个互联网。  但斯沃茨在社会公正和政治组织方面的开创性工作，以及对信息存取的雄心壮志，  使他陷入了一场两年之久的法律噩梦。  这场战斗最终以他结束自己26岁的生命而收场。  亚伦的故事也触动了对他如雷贯耳的网络社区之外的人们。
我在伊朗长大,2007,2007-06-27,动画 剧情,96,79,法语,玛嘉·莎塔琵,Vincent Paronnaud,齐雅拉·马斯楚安尼 丹妮尔·达里厄 凯瑟琳·德纳芙 西蒙·阿布卡瑞安 Gabrielle Lopes Benites François Jérosme Tilly Mandelbrot Sophie Arthuys Arié Elmaleh,The film Iran didn't want the world to see.,本片是一个年轻女孩在伊朗伊斯兰革命时期的动人故事。透过早慧直言的九岁玛嘉的眼睛，我们看到当原教旨主义者掌权后人民的希望如何破灭——他们强制妇女佩戴头巾，并囚禁了成千上万的人。机智而无畏的玛嘉智斗“社会卫士”，发现了朋克音乐、ABBA乐队和铁娘子乐队。然而，当她的叔叔被无故处决，两伊战争的炸弹在德黑兰落下时，渗透在伊朗日常生活中的恐惧变得清晰可触。[索尼经典]
宾虚,1959,2017-06-19,历史 剧情 冒险,212,79,英语,威廉·惠勒,Lew Wallace,查尔顿·赫斯顿 斯蒂芬·博伊德 休·格里菲斯 杰克·霍金斯 哈亚·哈拉雷特 玛莎·斯科特 凯茜·奥唐奈 山姆·贾菲 芬利·柯里,The entertainment experience of a lifetime!,一位犹太王子遭罗马友人背叛沦为奴隶，重获自由后归来复仇。
摔跤吧！爸爸,2016,2016-12-23,剧情 家庭 喜剧,140,79,印地语,尼特什·提瓦瑞,尼基尔·麦罗特拉,阿米尔·汗 法缇玛·萨那·纱卡 桑亚·玛荷塔 塞伊拉·沃西 Suhani Bhatnagar 阿帕尔夏克提·库拉那 吉里什·库尔卡尼 萨卡诗·泰瓦 维万·巴特那,,马哈维亚·辛格·珀尕（阿米尔·汗 Aamir Khan 饰）曾是印度国家摔跤冠军，因生活所迫放弃摔跤。他希望让儿子可以帮他完成梦想——赢得世界级金牌。结果生了四个女儿本以为梦想就此破碎的辛格却意外发现女儿身上的惊人天赋，看到冠军希望的他决定不能让女儿的天赋浪费，像其他女孩一样只能洗衣做饭过一生 ，再三考虑之后，与妻子约定一年时间按照摔跤手的标准训练两个女儿：换掉裙子 、剪掉了长发，让她们练习摔跤，并赢得一个又一个冠军，最终赢来了成为榜样激励千千万万女性的机会……
正义联盟：闪点悖论,2013,2013-07-30,动画 科幻 动作 冒险 奇幻,81,79,英语,杰克·柯比,马文·沃尔夫曼,贾斯廷·钱伯斯 克里斯托弗·托马斯·豪威尔 迈克尔·B·乔丹 凯文·麦克基德 迪·布拉雷·贝克尔 史蒂夫·布鲁姆 凯文·康罗伊 Sam Daly 达娜·德拉尼,动画 / 科幻 / 动作 / 冒险 / 奇幻,本片根据DC漫画2011年的大事件“闪点”改编。闪电侠巴里·艾伦一觉醒来，发现整个世界时间线都被改变了，自己不再是闪电侠，没有了超能力，而年幼时去世的母亲居然活生生站在自己面前。不仅如此，正义联盟也从没存在过，世界即将毁灭于神奇女侠带领的亚马逊人和海王手下的亚特兰蒂斯人之间的大战。巴里找到高谭市的蝙蝠洞，发现那晚在犯罪巷死去的不是韦恩夫妇，而是布鲁斯，布鲁斯的父亲托马斯成为了手段狠辣的蝙蝠侠。在说服了托马斯之后，巴里断定反派逆闪电是造成这一切的罪魁祸首，试图恢复自己的能力，修正被改得一塌糊涂的时间线。
阿玛柯德,1973,1973-12-18,喜剧 剧情,123,79,意大利语,费德里科·费里尼,托尼·诺格拉,普佩拉·玛奇奥 Armando Brancia 玛加莉·诺埃尔 Ciccio Ingrassia Nando Orfei Luigi Rossi Bruno Zanin Gianfilippo Carcano Josiane Tanzilli,费里尼的奇幻世界！,三月，空气中纷飞飘扬着轻软絮草，教堂的钟响回荡在石板路上，小镇的春天就此揭开序幕。时序回到三零年代亚德里亚海边的小城，墨索里尼的极右理想仍是信奉的教条，建筑工人老爸、家庭主妇老妈、游手好闲的舅舅、顽皮的小弟，男孩在天主教、法西斯和义大利传统家庭价值中，迎接他的青春与成长。教室里捉弄老师的恶作剧、教堂里担心手淫的忏悔、乡村海边的热闹婚宴，费里尼从容随意地摘选撷取小镇生活的切片与轶事，密密织就一片记忆之网，在时代洪流与个人思忆之间相互辉映。
风烛泪,1952,1952-01-20,剧情,89,79,意大利语,维托里奥·德西卡,切萨雷·扎瓦蒂尼,Carlo Battisti Napoleone the Dog Maria Pia Casilio Lina Gennari Elena Rea Memmo Carotenuto Ileana Simova 朗培尔托·马齐奥拉尼 Pasquale Campagnola,,维托里奥·德·西卡的这部新现实主义杰作，跟随一位老年养老金领取者，讲述他在意大利战后经济复苏时期勉力维持生计的故事。除了他的狗弗莱克，翁贝托孤独无依。在一个人情似乎已被现代化力量吞噬的城市里，他竭力维护着自己的尊严。他为满足基本需求——食物、住所、陪伴——所做的简单抗争，构成了影史上最令人心碎的故事之一，亦是世界电影不可或缺的经典。[标准收藏]
龙珠超：超级人造人,2022,2022-06-11,动画 科幻 动作,96,79,日语,鸟山明,儿玉彻郎,野泽雅子 古川登志夫 皆口裕子 神谷浩史 宫野真守 入野自由 竹内良太 久川绫 田中真弓,A super awakening and calamity is born.,2022年6月11日上映的《龙珠》第21部剧场版动画，亦是《龙珠超》第2部剧场版动画。故事讲述了曾经被孙悟空击败的红绸军卷土重来，创造出了自称是超级英雄的人造人伽玛1号和伽玛2号。悟饭、比克与两位超级人造人狭路相逢，展开了激烈的对战……红绸军究竟在酝酿什么阴谋？地球危机迫在眉睫，是时候觉醒了，真正的“超级英雄”！
堤,1962,1962-02-16,剧情 爱情 科幻,29,79,法语,克利斯·马克,,Jean Négroni Hélène Chatelain Davos Hanich Jacques Ledoux 安德烈·海因里希 Jacques Branchu Pierre Joffroy Étienne Becker Philbert von Lifchitz,一个男人对往昔影像的执念，,一個男人在一次實驗中面對自己的過去，試圖找出解決世界大戰所造成的末世問題的方法。
意大利式离婚,1961,1961-12-20,喜剧 犯罪,105,79,意大利语,Pietro Germi,恩尼奥·德·孔奇尼,马切洛·马斯楚安尼 Daniela Rocca 斯特法尼娅·桑德雷莉 里奧普爾多·特里斯特 Odoardo Spadaro Margherita Girelli Angela Cardile 兰多·布赞卡 Pietro Tordi,He ordered marriage on the rocks with a twist... Italian Style!,本片讲述西西里的没落贵族洁法洛男爵对现在的胖妻罗沙莉亚感到厌恶，同时发现其漂亮的表妹安琪拉正钟情于自己，他想离开他的妻子。然而当时意大利的法律是不充许离婚的。所以他想出了一条毒计，用妻子以前的情人关系制造红杏出墙的情形，然后再杀死她。在当时极重体面的社会情况下他的判刑也会比较轻。事情一切都在他的预料中发展，男爵也理所当然的追杀了他的结发妻子，而他却只判了一年半的刑。等他出来和他表妹结合时，面临的是同样的命运，表妹也因厌倦男爵而另寻新欢。面对他的是同样的命运逐渐降临他的头上。在意大利国境内，由于宗教的戒律，而有离婚禁止法，由于此法的存在，使得貌合神离的夫妻十分痛苦。本片正是针对此种不合情理的法律条文，以喜剧的形式给予讽刺，实为一杰作。导演的手法更是绝妙异常，将西西里地方的风俗巧妙的描述出来，同时当代喜剧圣手马塞罗．马斯特罗阿尼演起来驾轻就熟，也大大地发挥了他的才华和演技。
奇迹梦之队,2026,2026-03-14,动画 喜剧 家庭,100,79,英语,泰瑞·迪利,泰迪·赖利,凯莱布·麦克劳克林 加布里埃尔·尤尼恩 斯蒂芬·科里 亚伦·皮埃尔 妮可拉·考夫兰 大卫·哈伯 尼克·克罗尔 詹妮弗·刘易斯 帕顿·奥斯瓦尔特,梦想从不因渺小而受限。,主角威尔是只梦想成为职业球手的小山羊，面对向来由猛兽主宰的凶险赛场，队友对他嗤之以鼻，他能否打破偏见，用实力证明小个子也能称霸球场？
我不在此,2019,2019-10-21,剧情,112,79,西班牙语,Luis Fernando Frías de la Parra,,Juan Daniel Garcia Treviño Jonathan Espinoza Xueming Angelina Chen Bianca Coral Puente Valenzuela Tania Alvarado Fanny Tovar Luis Leonardo Zapata Yahir Alday Leonardo Garza,,故事讲述在墨西哥蒙特雷的山区，一个名为“ Los Terkos”的街头小伙子们度过了整整一天的时间，听着慢下来的哥伦比亚音乐，参加舞会，炫耀他们的服装，发型和帮派同盟。
失衡生活,1983,1983-04-27,纪录 音乐,86,79,英语,Godfrey Reggio,罗恩·弗里克,爱德华·阿斯纳 Pat Benatar 约翰尼·卡森 Dick Cavett Marilyn Chambers Sammy Davis Jr. Lou Dobbs Linda Ellerbee 彼得·塞勒斯,Life out of balance,"1983年，受 IRS (Institute of Regional Study) 委托，导演雷吉奥拍出了一部非叙事性的电视片，在这基础上，Qatsi系列第一部惊世之作《失衡生活》(Koyaanisqatsi)应运而生。在得到了包括卢卡斯、科波拉等人的大力支持与推广之后，《失衡生活》在当时形成了轰动性的效果。""KOYAANISQATSI""是美国印第安族霍皮人的方言，意指失去平衡的生活。导演高夫瑞·雷吉奥在这部历时八年制作的记录片中采用了创新的电影语言，全片没有情节、角色及对白，完全依靠影像及配乐。"
杀死比尔2,2004,2004-04-16,动作 犯罪 惊悚,136,79,英语,昆汀·塔伦蒂诺,乌玛·瑟曼,乌玛·瑟曼 大卫·卡拉丁 达丽尔·汉纳 迈克尔·马德森 刘家辉 迈克尔·帕克斯 佩拉·哈内-贾丁 薇薇卡·福克斯 安布罗西亚·凯利,新娘归来，只为那最终的剪裁。,“黑蛇”（乌玛•瑟曼 Uma Thurman 饰）继续上一集未完的复仇之旅。探听得知，前比尔的贴身保镖“响尾蛇”洗手不干后住在得克萨斯州的奥斯汀。当她晚上悄悄溜到“响尾蛇”住的拖车上时，却中了埋伏，被“响尾蛇”用枪击中胸部并被麻醉了。
我的英雄学院：两位英雄,2018,2019-03-15,动画 动作 冒险 奇幻,96,79,日语,Kohei Horikoshi,长崎健司,山下大辉 三宅健太 志田未来 生濑胜久 冈本信彦 佐仓绫音 石川界人 梶裕贵 井上麻里奈,Who is your hero?,白炽的期末考试结束，暑假的林间集训等候了的英雄高中成员。德克和奥尔迈特受到某个人的邀请，我造访了漂浮在海外的巨大人口移动都市“I・爱岛”。全世界的科学研究者们的智慧汇集了的确实象科学好莱坞一样的岛展示了个性和英雄项目的研究成果的正在召开中德克与“无个性”的少女梅丽莎相遇。梅丽莎与曾经同样“无个性”的自己重合在一起。那时，突然以铁壁的安全自豪的爱兰的警备系统被敌人
第十三修正案,2016,2016-10-07,纪录,100,79,英语,Ava DuVernay,Spencer Averick,"Jelani Cobb Angela Davis Henry Louis Gates, Jr. Michelle Alexander 爱德华·W·希金斯 Marie Gottschalk Michael Hough Gina Clayton David Keene",From slave to criminal with one amendment.,艾娃·德约列执导的纪录片的标题指向宪法第十三修正案，其内容为：“在合众国境内受合众国管辖的任何地方，奴隶制和强制劳役都不得存在，唯作为对依法判罪者犯罪之惩罚除外。”德约列以令人警醒的清晰思路，揭示了从这一附加条款到大规模刑事定罪及庞大的美国监狱工业体系的恐怖演变过程。通过有力融合档案影像与来自众多活动家、政治家、历史学家以及曾身陷囹圄的男女的证词，德约列创作了一部宏大的历史综合之作。
七号房的礼物,2013,2013-01-23,剧情 喜剧,128,79,朝鲜语,李焕庆,金皇成,柳承龙 朴信惠 葛素媛 郑镇荣 吴达洙 朴元尚 金正泰 郑万植 金基天,"If caught, they're all doomed!",1997年，只有6岁儿童智商的智障男子李龙久（柳成龙 饰）和可爱的女儿艺胜（葛素媛 饰）相依为命，生活虽然简单清贫，却充满幸福。某天，执着为女儿买美少女战士书包的龙久意外卷入一起幼童诱拐奸杀案，而死者竟是警察局长的女儿。龙久懵懂无知，搞不清状况，昏头昏脑就被投入监狱。在7号牢房中，聚集着走私犯苏杨浩（吴达洙 饰）、诈骗犯崔春浩（朴元尚 饰）、通奸犯姜万范（金正泰 饰）、恐吓犯老徐（金基灿 饰）和抢劫犯申奉植（郑万植 饰）等五毒俱全的“社会渣滓”。龙久孩子般纯洁的心渐渐感动了这几个“大坏蛋”，他们甚至不惜冒险将艺胜带入牢房与父亲相会。黑暗冰冷的监牢内，7号牢房阳光满满……
驭风男孩,2019,2019-02-14,剧情 历史,113,79,英语,切瓦特·埃加福,,Maxwell Simba 切瓦特·埃加福 Aïssa Maïga Lily Banda 约瑟夫·马塞尔 Lemogang Tsipa Philbert Falakeza 诺玛·杜梅温尼 Khalani Makunje,,改编自William Kamkwamba所著自传《驭风男孩》（The Boy Who Harnessed The Wind），讲述一个改变人生的故事：Kamkwamba本人在13岁那年，以小块金属废料、旧自行车零件和木材修建了风轮机，拯救了自己的村庄。  13岁的Kamkwamba因家里没钱交80美元一年的学费而被学校开除，热爱学习的他溜到学校的图书馆，找到了一种拯救饥荒村庄的方法：用父亲的自行车的主架打造了一个简陋但可行的风车，为西部地区提供了急需的电力，不受政府断电的干扰。这个发明也让Kamkwamba得到马拉维一名教授的资助，获得学校的奖学金，并于非洲大陆其他的发明者进行深入交流。
想哭的我戴上了猫的面具,2020,2020-06-18,动画 剧情 爱情 奇幻,104,79,日语,佐藤顺一,柴山智隆,志田未来 花江夏树 山寺宏一 小木博明 寿美菜子 小野贤章 千叶进步 川澄绫子 大原沙耶香,The magic that brought us closer.,爱知县常滑市，中学2年级学生笹木美代与日之出贤人是同班同学，但两人之间却有着捉摸不到的距离感。有一天笹木获得了能变成猫的不可思议的面具，变成猫的她与日之出的距离得以接近。
罗马妈妈,1962,1962-09-22,剧情,106,79,意大利语,皮埃尔·保罗·帕索里尼,,Anna Magnani Ettore Garofolo Franco Citti Silvana Corsini Luisa Loiano Paolo Volponi Luciano Gonini Vittorio La Paglia Piero Morgia,,“罗马妈妈”（安娜•麦兰妮 Anna Magnani 饰）将十六岁的儿子艾萄里（Ettore Garofolo 饰)从乡下接到城里，艾萄里多年不见母亲，显得害羞和沮丧。妈妈在屋里放起音乐邀请儿子一起跳探戈舞。她在城里的集市上做着蔬果的买卖，总是告诫艾萄里不要和他的狐朋狗友混在一起。艾萄里经朋友介绍喜欢上一个已经有小孩的妓女，并且卖掉妈妈的老唱片换钱给妓女买礼物。妈妈得知此事十分担心，委托好友引诱艾萄里使他忘记那个妓女，并且帮儿子找了一份工作，看着儿子日渐走上正轨，妈妈很高兴。而此时当年罗马妈妈的皮条客找到了她，用告诉艾萄里她的不堪过往来勒索钱财，罗马妈妈被迫无奈重操旧业……
玛丽和麦克斯,2009,2025-08-08,动画 喜剧 剧情,90,79,英语,亚当·艾略特,,托妮·科莱特 菲利普·塞默·霍夫曼 巴里·汉弗莱斯 艾瑞克·巴纳 Bethany Whitmore Renée Geyer Ian 'Molly' Meldrum John Flaus Julie Forsyth,Sometimes perfect strangers make the best of friends.,1976年，8岁的玛丽·黛西·丁格尔（贝丝妮·惠特摩尔 Bethany Whitmore 配音）是澳大利亚墨尔本的一个小女孩，喜欢动画片“诺布利特”、甜炼乳和巧克力。玛丽的妈妈是个酒鬼，而在茶叶包装厂工作的父亲平日只喜欢制作鸟标本。孤独的玛丽没有朋友，某一天心血来潮给美国纽约市的马克思·杰瑞·霍罗威茨（菲利普·塞默·霍夫曼 Philip Seymour Hoffman 配音）写了一封信询问美国小孩从哪里来，并附上一根樱桃巧克力棒。44岁的马克思患有自闭症及肥胖，碰巧也喜欢看“诺布利特”动画片及吃巧克力。二人的笔友关系从1976年维持到1994年，期间各自经历了许多人生起伏，直到成年的玛丽（托妮·科莱特 Toni Collette 配音）终于来到纽约看望马克思……本片获2009年法国昂锡国际动画影展最佳动画长片奖，柏林国际电影节水晶熊奖及渥太华国际动画电影节最高奖。
雷米奇遇记,2018,2018-12-12,冒险 家庭 剧情,109,79,法语,Antoine Blossier,Hector Malot,Maleaume Paquin 丹尼尔·奥特伊 维吉妮·莱多恩 露德温·塞尼耶 Jonathan Zaccaï 雅克·贝汉 Albane Masson 佐伊·博伊尔 尼古拉斯·罗,,《雷米奇遇记》主人公雷米原型取自世界经典名著《苦儿流浪记》。10岁的雷米被养父卖给街头艺人维塔利斯，雷米和维塔利斯、小狗、猴子开启了环游法国演艺之旅。维塔利斯教他识字、挖掘他唱歌的天赋。雷米体味旅行艺人的坎坷人生，学会生活、交朋友，维塔利斯像父亲和恩师一样滋养他。一首从小就在雷米心中流淌的神秘摇篮曲，牵引着雷米慢慢发现自己真实的身份，雷米的人生开始面临巨大的挑战和改变……
布朗克斯的故事,1993,1993-10-01,剧情 犯罪,121,79,英语,罗伯特·德尼罗,查兹·帕尔明特瑞,罗伯特·德尼罗 查兹·帕尔明特瑞 李洛·布兰卡托 弗朗西斯·卡普拉 塔拉尔·希克斯 凯瑟琳·纳尔杜奇 克莱姆·卡塞塔 小阿尔弗雷德·索切利 弗兰克·皮特兰戈拉雷,"One man lives in the neighborhood, another man owns it. A devoted father battles the local crime boss for the life of his son.",1960年代，纽约意大利人集结的布朗克斯区。黑帮老大辛尼（查兹·帕尔明特瑞 Chazz Palminteri饰）是当地赫赫有名的帮会人物。在一宗凶杀案现场，九岁的男孩安奴（弗朗西斯·卡普拉 Francis Capra饰）目睹了这一切。为了街区的名誉，安奴拒绝供出凶手就是辛尼，此事促使他俩展开一段俨如父子般的忘年友情。然而安奴的父亲罗兰逊（罗伯特·德尼罗 Robert De Niro饰）对此却并不赞成，唯恐儿子误入歧途。八年后，十七岁的安奴（李洛·布兰卡托 Lillo Brancato饰）已经成长为一名英俊少年。辛尼的势力正在逐渐扩大，安奴对辛尼愈发崇拜，对黑帮生活也更加向往。诚实正直的罗兰逊对儿子的忧虑越来越重。 　　由奥斯卡影帝罗伯特·德尼罗执导的电影处女作《布朗克斯的故事》，入围1993年第50届威尼斯国际电影节金狮奖。 ©豆瓣
我的章鱼老师,2020,2020-09-07,纪录,85,79,英语,Philippa Ehrlich,詹姆斯·里德,Craig Foster Tom Foster,她让我意识到野性之地有多么珍贵。,在花了数年时间拍摄地球上一些最危险的动物后，克雷格·福斯特疲惫不堪、情绪低落，并且家庭关系也陷入混乱之中。他决定暂停自己的事业，并回到家乡南非开普敦，重返海岸附近的海藻林，这里的神奇水下世界是他的原点。近十年来，克雷格每天都要在冰冷的海水中潜水，在地球上捕食者最密集的地方之一脱掉 潜水服和潜水装备。他遇到并追踪的普通章鱼最初是他的研究对象，然后成为了他的老师，向他展示了人类从未见过的东西。《我的章鱼老师》拍摄用时超过 8 年，拍摄了 3000 个小时，记录了独特的友谊和互动以及前所未见的动物智慧。
秋刀鱼之味,1962,1962-11-18,剧情,112,79,日语,小津安二郎,野田高梧,笠智众 岩下志麻 佐田敬二 冈田茉莉子 吉田辉雄 牧纪子 三上真一郎 中村伸郎 东野英治郎,,小津安二郎的遗作亦是他最后的杰作，影片以温柔而感伤的目光，凝视一个男人如何在时代变迁与社会现代化进程中，对生命流转保持从容的接纳。丧妻多年的平山周平长期与成年女儿相依而居，随着一连串事件的展开，他最终选择接受并促成了女儿的婚事与离家。这部承袭了这位日本电影大师一贯的优雅细腻与含蓄哀愁的作品，堪称电影史上最深情的告别。[标准收藏公司]
纸月亮,1973,1973-05-09,喜剧 犯罪 剧情,102,79,英语,彼得·波格丹诺维奇,乔·戴维·布朗,塔图姆·比阿特丽斯·奥尼尔 瑞安·奥尼尔 玛德莲·卡恩 约翰·希勒曼 杰西·李·富尔顿 小亨利·威林厄姆 兰德尔·奎德 P.J.约翰逊 James N. Harrell,"As P.T. Barnum put it, ""There's a sucker born every minute.""",莫塞斯（瑞安·奥尼尔 Ryan O'Neal 饰）并不是一个本分的商人，即使干的是推销圣经的行当，也并不能阻止他使用一些上不了台面的手段。一场车祸夺取了莫塞斯的情人的性命，情人留下的一个小女儿埃迪（塔图姆·奥尼尔 Tatum O'Neal 饰）成了莫塞斯的负担。在向肇事者要得200美元后，莫塞斯决定将埃迪送往她的姨妈家去。在路上，埃迪展现了她天才般的口才和推销才能，让莫塞斯大赚了一笔，这对假父女之间也产生了真感情。然而，得意忘形的两人不慎掉入了一个圈套之中。一番波折之后，有惊无险的二人终于抵达了终点，但看着即将离自己而去的埃迪，一种名叫“不舍”的情感充满了莫塞斯的内心。
呼喊与细语,1972,1973-03-05,剧情,95,79,瑞典语,英格玛·伯格曼,,丽芙·乌曼 英格丽德·图林 卡莉·西尔万 哈丽特·安德森 厄兰·约瑟夫森 乔治·奥林 安德斯·埃克 赫宁·莫里岑 英格玛·伯格曼,身着白衣的四位女子，置身于猩红宅邸之中……耳畔萦绕着低语与哭泣。,艾格尼丝（哈里特·安德森 Harriet Andersson饰）、玛丽亚（丽芙·乌曼 Liv Ullmann饰）和卡琳（英格里德·图林 Ingrid Thulin饰）虽然是三姊妹，各人内心却有着积重难返的隔膜和疏离。艾格尼丝身患绝症，生命将近，守护在她身边的是女仆安娜。艾格尼丝没有得到过母亲完整的爱，死前妄想让关系紧张的姐妹变得珍爱彼此，却一再事与愿违。
码头风云,1954,1954-07-28,犯罪 剧情 爱情,108,79,英语,伊利亚·卡赞,巴德·舒尔伯格,马龙·白兰度 爱娃·玛丽·森特 卡尔·马尔登 李·科布 罗德·斯泰格尔 Pat Henning Leif Erickson 詹姆斯·韋斯特菲爾德 Tony Galento,这个男人遵循着码头丛林的生存法则！,马龙·白兰度演绎其生涯代表作，饰演由退役拳击手转行的码头工人特里·马洛伊。这部城市诗篇般的杰作，以粗粝而情感澎湃的笔触描绘个体挫败与社会腐败。随着当局逐渐逼近，特里陷入日益深重的道德危机——他必须在忠于与黑帮勾结的工会头目约翰尼·弗兰德利（李·科布 饰）及其心腹、特里的哥哥查利（罗德·斯泰格尔 饰）之间做出抉择。在伊利亚·卡赞鲜活而充满自然主义色彩的执导，与巴德·舒尔伯格犀利又深谙市井的剧本驱动下，本片问世即引发轰动，斩获八项奥斯卡奖，包括最佳影片、最佳导演、最佳男主角、最佳女配角（爱娃·玛丽·森特）及最佳剧本。
泳者之心,2024,2024-05-31,历史 剧情,129,79,英语,乔阿吉姆·罗恩尼,杰夫·内桑森,黛西·雷德利 蒂尔达·科巴姆-赫维 斯蒂芬·格拉汉姆 金·博德尼亚 珍妮特·海恩 格伦·弗莱什勒 西恩·克利福德 克里斯托弗·艾克斯顿 伊桑·劳斯,Defy the odds.,影片根据真实历史事件改编，银幕再现首位游泳横渡英吉利海峡的女泳者传奇经历。无惧时代禁锢和社会偏见，特鲁迪·埃德尔（黛西·雷德利 Daisy Ridley 饰）破纪录跨越34公里天堑，直面惊涛骇浪，克服水母刺蜇……
怪物少女妮莫娜,2023,2023-06-23,动画 家庭 冒险 奇幻 喜剧 动作 剧情 科幻,99,79,英语,尼克·布鲁诺,特洛伊·奎恩,科洛·葛蕾丝·莫瑞兹 里兹·阿迈德 Eugene Lee Yang 弗兰西丝·康罗伊 Lorraine Toussaint 贝克·班内特 RuPaul 茵蒂娅·摩尔 胡里奥·托雷斯,一个新英雄的诞生。,为了证明自己的清白，一名被诬陷犯下重罪的骑士与擅长变形的好斗少女联手。但如果这名少女正是他曾立誓要消灭的怪物，他又该如何是好？
少年泰坦：东京攻略,2006,2006-09-15,动画 动作 科幻 电视电影,75,79,英语,Matt Youngberg,Heather A. Maxwell,格雷戈里·迈克尔·西佩斯 斯科特·门维尔 卡里·佩顿 塔拉·斯特朗 Hynden Walch Robert Ito Janice Kawaye 尤里·洛文塔尔 田川洋行,The Titans go ninja on the notorious villain Brushogun in their awesome first feature-length movie.,改编自DC漫画超级英雄团队少年泰坦。动画讲诉了少年泰坦之塔被日本忍者Saico-Tek攻击，少年泰坦们守护了塔却并抓住Saico-Tek审问出幕后黑手的名字-Brushogun，于是前往日本东京寻找，但却遭遇语言不通与怪兽袭击，在明白Brushogun是都市传说后，真正的幕后黑手真相却逐渐浮出水面。
荒蛮故事,2014,2025-04-11,剧情 惊悚 喜剧,122,79,西班牙语,达米安·斯兹弗隆,,里卡多·达林 莱昂纳多·斯巴拉利亚 埃里卡·里瓦斯 奥斯卡·马丁内斯 丽塔·科尔特斯 胡丽叶塔·泽尔贝伯格 达里奥·格兰迪内蒂 玛丽亚·马鲁尔 莫妮卡 维拉,We can all lose control,这是一部黑色喜剧，由6个独立的暴力复仇小故事构成。影片是一次对于人类失控行径的颠覆性创作，从怪异的幽默感，独特的画面和大胆的配乐，到对于身处绝境的普通人这一题材的偏爱，都可以清晰地看到南美鬼才导演达米安·斯兹弗隆与阿莫多瓦在创作方面的相似之处。
马戏之王,2017,2018-02-01,剧情,105,79,英语,珍妮·比克斯,迈克尔·格雷西,休·杰克曼 扎克·埃夫隆 米歇尔·威廉姆斯 丽贝卡·弗格森 赞达亚·科尔曼 基拉·塞特尔 叶海亚·阿卜杜勒-迈丁 刘承羽 保罗·斯帕克斯,The impossible comes true.,《马戏之王》取材自真人真事，好莱坞全能巨星休·杰克曼在片中饰演“马戏团鼻祖”、传奇人物 P.T.巴纳姆。故事讲述了身处社会底层的巴纳姆依靠自己无穷想象力和锲而不舍的精神，从经营博物馆到一手开创世界上第一家马戏团的故事。巴纳姆的奇思妙想最开始并不被大众所认可，几乎没人花钱欣赏，他的家人好友帮他度过一次次绝境。在经历了一系列挫折、与合作伙伴的分歧之后，秉持梦想的他终于成为全美甚至全世界最为知名的 “造梦大师”。
初恋这首情歌,2016,2020-08-07,爱情 剧情 音乐 喜剧,106,79,英语,约翰·卡尼,,福迪亚·瓦尔什-匹罗 露西·博因顿 杰克·雷诺 本 卡罗兰 马克·麦肯纳 凯莉·桑顿 玛丽亚·道尔·肯尼迪 艾丹·吉伦 伊恩·肯尼,Boy meets girl. Girl unimpressed. Boy starts band.,80年代的爱尔兰，14岁男孩康纳（昵称“宇宙”）在学校倍受同学欺负，只好从音乐中寻找慰籍。“宇宙”喜欢上了比他高一级的女孩拉菲娜，同时欣喜的发现她也是个音乐迷。为了打动拉菲娜，完全不会演奏任何乐器的“宇宙”决定组建乐队，并拍摄音乐录影带。这个原本异想天开的冲动念头，随着“宇宙”的努力和对音乐的进一步了解逐渐变的越来越真实。两个人甚至决定搬到摇滚乐之都伦敦，去实现他们的音乐梦想。
帝国的毁灭,2004,2004-09-16,剧情 历史 战争,156,79,德语,梅丽莎·穆勒,特劳德·琼格,布鲁诺·甘茨 亚历山德拉·玛丽亚·拉娜 科琳娜·哈福什 乌尔里希·马特斯 朱莉安·科勒 海诺·费奇 克里斯蒂安·伯克尔 托马斯·克莱舒曼 乌尔里希·诺森,"April 1945, a nation awaits its... Downfall",描绘二战末期希特勒在柏林地堡中最后时光的肖像。
大幻影,1937,1937-06-04,剧情 历史 战争,114,79,法语,让·雷诺阿,,Jean Gabin Pierre Fresnay 埃里克·冯·施特罗海姆 马塞尔·达里奥 蒂塔·保洛 Julien Carette Gaston Modot Georges Péclet Werner Florian,一场人类情感的宏大戏剧。,三名法国飞行员在一次任务执行中被德军击落，波迪奥、迈克和罗森塔尔三人被带到战俘集中营。波迪奥与德军监狱长罗芬斯坦都是贵族出身，有着共同的政治见解，二人在狱中成为朋友。三人随后发现狱友正进行越狱计划，他们挖出一条逃跑的通道。迈克和罗森塔尔也加入了挖掘行动。最后他们集体越狱，德军全力追捕，在逃亡中，波迪奥被罗芬斯坦击倒，两名法国俘虏迈克和罗森塔尔逃到一个德国农妇家中，在她的帮助下，二人经过种种波折逃到瑞士。
刀剑神域进击篇：无星之夜,2021,2023-05-20,动画 动作 奇幻 科幻,97,79,日语,河野亚矢子,川原砾,松冈祯丞 户松遥 水濑祈 山寺宏一 安元洋贵 桧山修之 日高里菜 中尾隆圣 关智一,一切都从这里开始,这是“闪光”与“黑衣剑士”被以这个名字称呼之前的故事。本是和网络游戏无缘的中学三年级的少女结城明日奈，在那一天偶然发现了 NERvGear。但却被游戏管理员告知：这虽然是游戏，但可不是闹着玩的。在游戏中死亡，也将会在现实世界里死去。听到这里的全部玩家们开始混乱起来，其中之一便是亚丝娜。在向死而生的这个世界拼命生存的过程中，命运般的邂逅降临在了亚丝娜身边。然后离别。在她眼前出现的是，被眼前的现实所玩弄于掌心，却依然拼命战斗的孤高的剑士·桐人。
天赐灵机,2021,2021-10-22,动画 科幻 家庭 喜剧,106,79,英语,Sarah Smith,Jean-Philippe Vine,杰克·迪伦·格雷泽 扎克·加利费安纳基斯 爱德华·帕克·赫尔姆斯 奥利维娅·科尔曼 罗伯·德兰尼 贾斯提斯·史密斯 你好凯莉 Ricardo Hurtado Cullen McCarthy,Best Friend Forever* (*battery life may vary),在一个行走、交谈、数字连接的机器人已经成为孩子们最好的朋友的世界里，《天赐灵机》讲述了一个11岁的男孩发现他的机器人伙伴不太工作的故事。
天才枪手,2017,2017-10-13,剧情 犯罪 惊悚 喜剧,130,79,泰语,纳塔吾·彭皮里亚,塔妮达·汉塔维瓦塔娜,茱蒂蒙·琼查容苏因 查农·桑提纳同库 依莎亚·贺苏汪 披纳若·苏潘平佑 塔内·瓦拉库努娄 莎琳雷特·托马斯 伊戈·米基塔斯 Pasin Kuansataporn 萨哈贾克·波斯安吉特,天才学生只有一个目标：把考试答案变成百万财富。,影片根据2014年轰动一时的亚洲考场作弊案改编，讲述了天才学霸利用高智商考场作弊牟取暴利的故事。出生平凡的天才少女Lynn（茱蒂蒙·琼查容苏因 饰）在进入贵族学校后，结识了富二代同学Grace（依莎亚·贺苏汪饰）与Pat（披纳若·苏潘平佑饰），从此开始了考场作弊生涯，与此同时，另一名记忆力极佳的天才学霸Bank（查侬·散顶腾古 饰）发现了Lynn不为人知的“交易”。经过多场险象环生的“作弊战争”后，Lynn接下最后一单在国际考场上为富家子弟作弊的天价委托。一场横跨两大洲的完美作弊方案横空出世，然而一切并不像他们想的那么简单……
猎人之夜,1955,1955-07-26,犯罪 剧情 惊悚,92,79,英语,查尔斯·劳顿,Davis Grubb,罗伯特·米彻姆 雪莉·温特斯 莉莲·吉许 Billy Chapin Sally Jane Bruce 詹姆斯·格里森 Evelyn Varden Don Beddoe 彼得·格雷夫斯,It’s a hard world for little things.,令人难以置信的是，这部独一无二的杰作竟是伟大演员查尔斯·劳顿此生执导的唯一电影。这部兼具格林童话特质的恐怖片中，罗伯特·米彻姆以极致邪恶的演绎化身游历传教士哈利·鲍威尔，他与脆弱寡妇的婚姻隐藏着骇人动机，最终被寡妇惊恐的幼子识破。影片萦绕着诡异之美与隐秘的幽默感，这部汇聚了女演员莉莲·吉什与作家詹姆斯·艾吉才华的缥缈而表现主义的美国经典，堪称电影史上对善恶之争最离奇的诠释。[标准收藏公司]
放手再爱,2024,2024-11-01,剧情,110,79,瑞典语,Josephine Bornebusch,,Josephine Bornebusch 帕尔·斯韦雷·哈根 Sigrid Johnson Olle Tikkakoski Lundström Leon Mentori Tone Danielsen Irma Jämhammar Niklas Falk Mathias Lithner,"Sometimes, letting go is the only way to hold on.",一位筋疲力竭的母亲带着一家人出行，陪同十几岁的女儿参加钢管舞比赛 — 这是她为了维系这个家而做出的最后努力。
文森特,1982,1982-10-01,动画 奇幻,6,79,英语,蒂姆·伯顿,,文森特·普莱斯,,年仅七岁的文森特，他总是表现出很有教养，并且做大人让他做的事。但他又是一个爱幻想的男孩，他的脑子里充满了各式各样的古怪而新奇的念头，却受到成人社会的压抑 ，他陷入到深深的孤独之中，活在冥想中那充满鬼怪的世界里。文森特最喜欢的作家是爱伦坡（Edgar Allen Poe）。一天晚上，当他在读一本令人后怕的书的时候，幻想着自己是恐怖演员，饰演将妻子活埋后不堪精神重负的凶手。他挖开她的墓去确定她是否还活着，他并没有意识到那是他母亲的花圃，文森特的母亲将他关在房间里，他知道他不得不被驱逐到末日之塔，他被判在那儿度过他的一生并长眠，孤身一人，只有他美丽的妻子的画像为伴，当他孤独的“墓穴”中只剩他混乱的思想…… 蒂姆•伯顿拍摄完成《文森特》之后迪斯尼公司的高层认为这部作品恐怖、阴暗，不适宜儿童观看因而将之封杀。本片荣获1984年渥太华国际动画电影节观众奖。
狗神,2023,2023-12-15,动作 剧情 犯罪,114,79,法语,吕克·贝松,,卡莱伯·兰德里·琼斯 乔尼卡·T·吉布斯 克里斯托弗·德纳姆 克莱门斯·希克 约翰·查尔斯·阿吉拉尔 格蕾丝·帕尔玛 伊里斯·布里 玛丽莎·贝伦森 林肯·鲍威尔,"Wherever there is an unfortunate, God sends a dog.",被暴戾的父亲伤害并被囚禁在狗笼中生活数年的道格，长大后只能与他的数百只狗相互陪伴。然而命运对他的摧残从未停止，在经历了家庭、爱情、生存的一系列痛苦打击后，道格化身为最危险艳丽的“狗神”杀手，和他的狗群一起，向所有伤害过他的人发起了绝不饶恕的复仇与反抗......
驯龙高手,2010,2010-05-14,奇幻 冒险 动画 家庭,98,79,英语,迪恩·德布洛斯,克里斯·桑德斯,杰伊·巴鲁切尔 杰拉德·巴特勒 克雷格·弗格森 亚美莉卡·费雷拉 乔纳·希尔 克里斯托弗·明茨-普拉斯 T·J·米勒 克丽丝滕·威格 罗宾·阿特金·唐斯,一次冒险会改变两个世界,维京岛国的少年小嗝嗝（杰伊•巴鲁切尔 Jay Baruchel 配音）是部落统领伟大的斯托里克（杰拉德·巴特勒 Gerard Butler 配音）的儿子，他非常想像自己的父亲一样亲手屠龙——这些飞龙是岛上维京人放牧羊群的主要天敌——但他每次出现在部落屠龙的战斗中都只给大家徒增烦恼。在一次对抗飞龙的战斗中，希卡普偷偷用射龙器击伤了一只最神秘的“夜之怒龙”，并背着族人放生、豢养，甚至驯服了这只龙，还给它起名“无牙”。希卡普的神秘行径引起了一同训练屠龙技巧的女孩阿斯特丽德（亚美莉卡·费雷拉 America Ferrera 配音）的怀疑。阿斯特丽德发现了希卡普的秘密，却同时被身骑“无牙”御风而飞的美妙体验所震撼。格雷决定在屠龙成人礼上向远征归来的斯托里克和族人讲明真相，说服大家放弃屠龙，却偏偏弄巧成拙，害得“无牙”被俘，一场更大的灾难就在眼前……
完美陌生人,2016,2018-05-25,剧情,97,79,意大利语,保罗·杰诺维塞,保罗·科斯特拉,朱塞佩·巴蒂斯顿 安娜·福格列塔 马可·贾利尼 爱德华多·里奥 瓦莱里奥·马斯坦德雷亚 阿尔芭·罗尔瓦赫 卡西娅·斯穆特尼亚克 贝内黛特·博卡罗利 伊丽莎白·德·帕洛,Everyone has three lives: A public life. A private life... and a secret life.,"三对处于各个婚姻阶段的伴侣和一个宅男，七人聚在一起吃晚餐。女主人提议下拍板决定当夜所有人分享每一个电话、每一条短信、邮件的内容,由此许多秘密开始不再是秘密，他们之间的关系也开始发生波动。无数疮痍在这场“坦白局”中被揭开，复杂的男女情感让所有人陷入困局，什么是婚姻感情中最不可触碰的底线？众人遭遇是难言的禁忌还是隐藏的真心，月食过后，谎言能否继续？"
小妇人,2019,2020-08-25,剧情 爱情,135,79,英语,格蕾塔·葛韦格,路易莎·梅·奥尔科特,西尔莎·罗南 艾玛·沃森 弗洛伦丝·皮尤 伊丽莎·斯坎伦 劳拉·邓恩 提莫西·查拉梅 崔西·莱茨 鲍勃·奥登科克 詹姆斯·诺顿,Own your story.,影片汲取路易莎·梅·奥尔科特的经典小说与其创作生涯的双重灵感，以作者的化身——乔·马奇对其虚构人生的往复追忆展开叙事。在编剧兼导演格蕾塔·葛韦格的诠释中，马奇家四姐妹各执决心、追寻自我的动人故事，既焕发着历久弥新的永恒光辉，亦激荡着与当下共鸣的时代回响。
美丽心灵,2001,2002-06-09,剧情 爱情,135,79,英语,朗·霍华德,阿齐瓦·高斯曼,罗素·克劳 詹妮弗·康纳利 艾德·哈里斯 保罗·贝坦尼 克里斯托弗·普卢默 亚当·戈德堡 乔什·卢卡斯 安东尼·拉普 杰森·格雷-斯坦福,He saw the world in a way no one could have imagined.,这是一部关于一个真实天才的极富人性的剧情片。英俊而又十分古怪的数学家小约翰纳什念研究生时便发明了他著名的博弈理论，短短26页的论文在经济、军事等领域产生深远的影响，他开始享有国际声誉。但纳什出众的直觉受到了精神分裂症的困扰，使他向学术上最高层次进军的辉煌历程发生了巨大改变。面对这个曾经击毁了许多人的挑战，纳什在深爱着他的妻子艾丽西亚的相助下，与被认为是只能好转、无法治愈的疾病作斗争。经过十几年的不懈努力，完全通过意志的力量，他一如既往地坚持工作，并于1994年获得诺贝尔奖，他在博奕论方面颇具前瞻性的工作也成为20世纪最具影响力的理论。这是一个真人真事的传奇故事，今天纳什继续在他的领域中耕耘着。
正义的慈悲,2019,2019-12-25,剧情 犯罪 历史,136,79,英语,德斯汀·丹尼尔·克雷顿,Bryan Stevenson,迈克尔·B·乔丹 布丽·拉尔森 杰米·福克斯 小奥谢·杰克逊 拉菲·斯波 罗布·摩根 蒂姆·布雷克·尼尔森 罗达·格里菲斯 J·阿方斯·尼科尔森,Every generation has its hero. Meet ours.,《正义的慈悲》将由德斯汀·克里顿(《少年收容所》《玻璃城堡》)执导，Andrew Lanham(《玻璃城堡》《陋室》)操刀剧本。改编自美国律师布莱恩·史蒂文森所著畅销书《正义的慈悲：美国司法中的苦难与救赎》，讲述他如何在有缺陷的法律体系中为司法公正而奋斗，为推动美国刑事司法制度的改善做出巨大贡献。
新科学怪人,1974,1974-12-15,喜剧,106,79,英语,梅尔·布鲁克斯,玛丽·雪莱,吉恩·怀尔德 彼得·博伊尔 马蒂·费德曼 玛德莲·卡恩 克洛里斯·利奇曼 泰瑞·加尔 Kenneth Mars 理查德·海顿 Liam Dunn,The scariest comedy of all time!,在这部对恐怖片的戏谑模仿中，那位恶名昭彰的弗兰肯斯坦博士的孙子，心不甘情不愿地决定追随祖父的脚步。
地狱,2010,2010-09-03,动作 犯罪 西部 喜剧 剧情,148,79,西班牙语,Luis Estrada,Jaime Sampietro,达米安·阿尔卡扎 华金·科西奥 埃内斯托·戈麦斯·克鲁兹 玛丽亚·罗霍 Elizabeth Cervantes Jorge Zárate Salvador Sánchez 丹尼尔·希门尼斯·卡乔 安吉丽娜·佩雷斯,"Mexico 2010, Hell... nothing to celebrate",本杰明·加西亚，本尼被驱逐出美国。回到家乡，面对一幅黯淡的画面，本尼卷入了毒品业务，他的生活首次出现了壮观的崛起，被金钱、女人、暴力和乐趣所包围。但很快他将发现犯罪生活并不总是兑现承诺。
入殓师,2008,2008-09-13,剧情,130,79,日语,泷田洋二郎,小山薰堂,本木雅弘 广末凉子 山崎努 余贵美子 杉本哲太 峰岸彻 山田辰夫 Yukiko Tachibana 橘由香里,人生最后一场告白,由于乐队解散，大提琴手小林大悟（本木雅弘饰）就此失业。他和妻子美香（广末凉子饰）一起离开东京回到了老家山形县。然而即使在山形，没有实用一技之长的大悟还是很难找到工作。 “年龄不限，高薪保证，实际劳动时间极短。诚聘旅程助理。”一张条件惹眼的招聘广告吸引了大悟，不料当他拿着广告兴冲冲跑到NK事务所应征时却得知——“啊，那个是误导，我们要找人给去那个世界的人当助理。”事务所老板佐佐木（山崎努饰）向大悟说明了工作性质，所谓的“旅程助理”其实就是入殓师，负责将遗体放入棺木并为之化妆。 大悟踌躇良久，但还是接受了这份工作。他含糊其辞地对美香说自己当的是婚葬仪式助理，让她误以为是婚礼助理。 人妖青年、舍下幼女去世的母亲、带着无数吻痕寿终正寝的老爷爷，在各式各样的死别中，大悟渐渐喜欢上了入殓师这份工作。然而美香知道真相后，和他吵了起来……
倒扣的王牌,1951,1951-06-29,剧情,111,79,英语,比利·怀尔德,沃尔特·纽曼,柯克·道格拉斯 Jan Sterling Robert Arthur 波特·霍尔 Frank Cady Richard Benedict Ray Teal Lewis Martin John Berkes,粗野强硬的查克·塔图姆一路横冲直撞登上顶峰... 沿途践踏着一切——男人、女人与道德准则！,身无分文的记者丘克（Kirk Douglas 饰）流落一座新墨西哥州的小城，他舌如巧簧向当地报馆的主编推销自己，宣称自己有制造新闻的天才。波澜不惊的小城生活让曾经供职纽约的丘克倍感无聊。这天，主编令丘克外出采访，丘克于路却意外遭遇一名小镇店主里奥被困山洞。丘克敏感的意识到这件事情背后的新闻价值，他迅速联系州长、工程队与医生。随着丘克的一篇篇报道，观看施救过程的民众陆续赶来，本欲离开的里奥妻子因为看到有利可图而选择留下，并与丘克站到了同一阵营，丘克安排采用费时的营救方式来维持事件的新闻热度。几天内人群不断涌入，营救现场俨然成为游乐场。丘克与纽约的老上司讨价还价之时，洞中的里奥却走到了生命的尽头……  　　本片获1952年奥斯卡最佳编剧奖。
夺宝奇兵3：圣战奇兵,1989,1989-05-24,冒险 动作,127,79,英语,乔治·卢卡斯,菲利普·考夫曼,哈里森·福特 肖恩·康纳利 丹霍姆·艾略特 艾莉森·杜迪 约翰·里斯-戴维斯 朱利安·格洛弗 瑞凡·菲尼克斯 迈克尔·伯恩 克沃尔克·加拉贝迪安,印第安纳·琼斯回来了，还有他的父亲,传说用耶稣在最后的晚餐中用到的圣杯喝水，便能长生不老。在一次掘金活动中，记载圣杯的碑石被发现，圣杯存在的可能吸引着大批的疯狂的人展开寻找。印第安纳琼斯博士也是他们中的一员，甚至连他的父亲老琼斯也陷入其中——但他给琼斯留下圣杯的笔记后便不知所踪。踏上威尼斯的土地，琼斯和事先约好的史奈达博士会面，他们在图书馆里凭线索找到圣盾后，却开始遭到莫名的来自十字剑兄弟的追杀。一番波折后，琼斯终于找到了老琼斯，同时，史奈达的纳粹身份暴露，笔记被抢走。圣杯随时都有可能落入纳粹的手中。于是，琼斯父子俩开始联袂上演拯救圣杯的精彩大戏！
被遗忘的爱,2023,2023-09-27,剧情 爱情,140,78,波兰语,Michał Gazda,Tadeusz Dołęga-Mostowicz,Leszek Lichota Maria Kowalska Ignacy Liss 安娜·希曼齐科 Izabela Kuna Mikołaj Grabowski Mirosław Haniszewski 阿图尔·巴奇斯 Małgorzata Mikołajczak,,一名曾备受尊敬的外科医生失去了家人和记忆。在与被他遗忘的某人重新建立联系后，他得到了救赎的机会。
老友记重聚特辑,2021,2021-05-27,纪录,104,78,英语,Ben Winston,,詹妮弗·安妮斯顿 柯特妮·考克斯 丽莎·库卓 马特·理勃兰 马修·派瑞 大卫·休默 詹姆斯·科登 贾斯汀·比伯 辛迪·克劳馥,The one where they get back together.,美国经典喜剧《老友记》的六位主演詹妮弗·安妮斯顿、柯特妮·考克斯、丽莎·库卓、大卫·休默、马特·勒布朗、马修·派瑞在剧集完结的17年后重新聚首，接受主持人James Corden的采访，回忆拍摄趣事和电视剧对他们的人生影响。
十三条命,2022,2022-07-29,剧情 惊悚 历史,147,78,英语,威廉·尼科尔森,朗·霍华德,维果·莫特森 科林·法瑞尔 乔尔·埃哲顿 汤姆·贝特曼 保罗·格里森 披纳若·苏潘平佑 Girati Sugiyama Pasakorn Hoyhon Tanatat Srita,"5000 people, 17 countries, 1 miracle that united the world.",改编自2018年泰国洞穴救援事件，讲述在泰国清莱省一个被洪水淹没的洞穴中，营救多名野猪足球队队员和教练的故事。
怪兽电力公司,2001,2001-11-02,动画 喜剧 家庭,92,78,英语,皮特·多克特,安德鲁·斯坦顿,约翰·古德曼 比利·克里斯托 玛丽·吉布斯 史蒂夫·布西密 詹姆斯·柯本 詹妮弗·蒂莉 鲍勃·彼得森 约翰·拉岑伯格 弗兰克·奥兹,这并非针对个人，只是职责所在。,我们不知道，在那样的世界里住着那样一群怪物。他们长相滑稽，却必须装作狰狞。因为，在夜深的时候，他们要悄悄的出现在孩子的衣橱里，吓唬刚刚甜美睡去的宝宝。一切，只因为他们是怪物电力公司的员工，而孩子的尖叫，则是怪物王国发电的全部能量。怪物们害怕孩子，却又必须让孩子尖叫。在怪物的国度里，他们都是为全民造福的英雄。
冰血暴,1996,1996-03-08,犯罪 剧情 惊悚,98,78,英语,乔尔·科恩,伊桑·科恩,弗兰西斯·麦克多蒙德 威廉·H·梅西 史蒂夫·布西密 彼得·斯特曼 哈威·普雷斯内尔 约翰·卡罗尔·林奇 克里斯汀·鲁德鲁德 Bruce Bohne 史蒂夫·里维斯,一个朴实的谋杀故事。,明尼阿波里斯市的汽车销售员杰里·隆高德深陷债务泥潭。急于获取现金的他，雇佣了两名蹩脚的歹徒绑架自己的妻子，企图让妻子富有的父亲支付赎金，以此获取足够的钱来偿还同伙并摆脱债务。
处女泉,1960,1960-02-08,剧情 历史,89,78,瑞典语,英格玛·伯格曼,乌拉·伊萨克松,马克斯·冯·西多 Birgitta Valberg 古内尔·林德布洛姆 Birgitta Pettersson Axel Düberg Allan Edwall Tor Isedal Ove Porath Axel Slangus,被蹂躏的纯真……必将招致可怕的复仇！,早上，虔诚的农场主陶尔（马克斯·冯·西多Max von Sydow 饰）夫妻做过了祷告，随后安排女儿卡琳（布里姬塔·彼得森 Birgitta Pettersson 饰）骑马为教堂送一些蜡烛，卡琳穿上了新制的盛装，邀请家里的养女英格丽（冈内尔·林德布洛姆 Gunnel Lindblom 饰）同行。有孕在身的英格丽性格放纵，并一直嫉妒卡琳的明媚人生，出行前，英格丽在食物中塞进了一只蛤蟆。行至一片森林前，英格丽让卡琳独自上路而自己尾随观察。林中的三个牧羊人看到孤身一人的卡琳顿起歹意，他们奸污后又打死了卡琳，掳走她的外套。傍晚，三名牧羊人投宿陶尔家中，向陶尔妻子兜售卡琳的衣物，惊慌的英格丽亦同时回到家中，一问之下真相大白，她向陶尔忏悔了自己诅咒卡琳的罪行。陶尔沐浴更衣，以白桦树枝抽打自己后，决意用很双手为女儿报仇，怒而杀死三个牧羊人。第二天早上，特利夫妇找到女儿的尸体并发誓要在这里盖一座寺庙，就在他们抱起卡琳时，从卡琳头下的地上冒出一眼泉水来。 特利夫妇以为是这上帝的施恩。本片获1961年奥斯卡最佳外语片奖，1960年戛纳电影节特别推荐奖。
智能大反攻,2021,2021-04-22,动画 冒险 喜剧,113,78,英语,迈克尔·里安达,杰夫·罗韦,艾比·雅各布森 丹尼·麦克布莱德 玛娅·鲁道夫 迈克尔·里安达 埃里克·安德烈 奥利维娅·科尔曼 弗雷德·阿米森 贝克·班内特 克里斯汀·泰根,Saving the world can be a trip.,《智能大反攻》是由美国索尼哥伦比亚影片公司和索尼动画联合出品的原创喜剧冒险动画电影。该片由荣获奥斯卡最佳动画长片大奖的《蜘蛛侠：平行宇宙》金牌制作团队重磅打造，可谓2020年最值得期待的动画巨制。迈克尔·里安达（《怪诞小镇》）担任导演、菲尔·罗德和克里斯托弗·米勒（《蜘蛛侠：平行宇宙》《乐高大电影》）担任制片人。特立独行又充满创意的凯蒂·米切尔考上了她梦寐以求的电影学院。她本打算坐飞机前往学校，但热爱大自然的父亲瑞克却决定开车载全家人一起送凯蒂上大学，在她离开之前增进家人感情。除了凯蒂和瑞克，米切尔一家还包括乐天派的母亲琳达和性格古怪的弟弟艾伦，以及胖乎乎的可爱八哥犬蒙奇，他们展开了一段刺激的家庭公路自驾游。但意外发生了，智能科技突如其来地向人类发起反攻，彻底打乱了米切尔一家的计划。人们最常用的电子设备，从手机到家用电器，乃至一系列最新的私人机器人，决定在全球范围内向人类进攻。在两台友好的故障机器人帮助下，米切尔一家齐心协力互相帮助，共同面对这次非同寻常的挑战！
犬之岛,2018,2018-04-20,冒险 喜剧 动画,101,78,英语,韦斯·安德森,杰森·薛兹曼,布莱恩·克兰斯顿 科宇·兰金 鲍勃·巴拉班 爱德华·诺顿 比尔·默瑞 杰夫·高布伦 野村训市 费舍尔·史蒂文斯 Akira Takayama,不离不弃 不负众汪,韦斯·安德森以神奇的定格动画构想出一个反乌托邦的未来日本。犬类病毒爆发后，巨崎市所有的狗被放逐至一座庞大的垃圾岛。当12岁的小男孩、市长的养子阿塔里为拯救爱犬点点踏上征程，他遇到了一群杂种狗朋友，共同展开了一场史诗般的营救征程。影片创新性地融合英语与日语对白，汇聚布莱恩·科兰斯顿、格蕾塔·葛韦格、杰夫·高布伦、斯嘉丽·约翰逊、小野洋子、兰金·科尤等跨文化配音阵容。这部关于忠诚与反抗的寓言，将安德森标志性的主题——局外人之间的友谊、反叛的冒险——与动画叙事的无限可能巧妙结合。[标准收藏]
黑暗中的舞者,2000,2000-09-01,剧情 犯罪,140,78,英语,拉斯·冯·提尔,,比约克 凯瑟琳·德纳芙 大卫·摩斯 彼得·斯特曼 乔尔·格雷 卡拉·西摩 弗拉迪卡·科斯蒂奇 让-马克·巴尔 文森特·帕特森,在阴影笼罩的世界里，她寻得了生命之光。,在美国某个乡村工厂做工的捷克移民塞尔玛（比约克）天性善良，因患有先天性疾病，她的视线正日趋模糊。为了不让遗传了该病的儿子也将宿命继承，塞尔玛每日做工都很辛苦，不知情的好友兼同事林达（凯萨琳•丹妮芙）因心疼而好言相劝时，她总是报一微笑，因为她还有另一个纯粹属于音乐的世界，其间的美好与安静，足以抵挡现实的心酸与艰难。  　　令她欣慰的是，在眼睛要彻底变瞎之前，基本筹齐了儿子手术所需的费用，然而就在此时，意外发生，她的命运被加速推向复杂悲惨的境地。
勇士,2011,2011-09-09,剧情 动作,140,78,英语,加文·欧康诺,Cliff Dorfman,乔尔·埃哲顿 汤姆·哈迪 尼克·诺尔蒂 詹妮弗·莫里森 弗兰克·格里罗 凯文·邓恩 马克斯米利亚诺·赫尔南德斯 布莱恩·卡伦 山姆·谢里登,家庭值得为之奋斗。,这是一个破碎的家庭，酗酒的教练父亲帕迪 家暴妻子，次子汤米 与不堪忍受的母亲远赴他乡；长子布兰登 为了爱情选择留下，并认为从此可以得到父亲的器重与栽培，然而最后父子还是分道扬镳。时隔多年后，汤米带着母亲痛苦死去的悲伤记忆，以及在伊战中的惨痛经历找到父亲，要求后者再度担任自己的教练，以参加MMA的重奖大赛；几乎与此同时，昔日的职业格斗选手、如今的中学物理教师布兰登为金钱所困扰，他不能忍受自己无法为妻女提供庇护，决定重返赛场。在MMA的赛场上，这对分离多年的兄弟将再度聚首，用血与汗的交融，化释彼此的心结……
热天午后,1975,1975-09-21,犯罪 剧情 惊悚,125,78,英语,西德尼·吕美特,弗兰克·皮尔森,阿尔·帕西诺 约翰·卡扎尔 查尔斯·德宁 克里斯·萨兰登 詹姆斯·布罗德里克 Penelope Allen 萨利·博亚尔 Beulah Garrick 卡罗·凯恩,三伏天里，任何事情都可能发生。1972年8月22日，所有事情都发生了。,一名男子为支付爱人的手术费抢劫银行，事件演变成人质危机与媒体闹剧。
美国甜心小姐,2020,2020-01-31,纪录 音乐,85,78,英语,Lana Wilson,,泰勒·斯威夫特 Todrick Hall Brendon Urie Jack Antonoff Bobby Berk 乔纳森·凡·奈斯 Karamo Brown Antoni Porowski Max Martin,,在这部直击幕后的纪录片中，泰勒·斯威夫特彰显自己歌曲创作者和表演者的身份，展示作为女性如何充分利用自己声音的力量。
恶人传,2019,2019-05-15,动作 犯罪 惊悚,110,78,朝鲜语,李元泰,,马东锡 金武烈 金成圭 许栋元 刘在明 李誓环 吴熙俊 金圭丽 柳承穆,别让魔鬼得逞。,一个雨夜里，凶狠的宙斯帮老大张东秀正开车回家，路上突然被人撞了一下。他刚下车就遭到了毫无预警的袭击，身负重伤的他迅速回击才勉强捡回一条命，但是作为黑帮老大的名声却受到了重创。唯一修复自己名声的办法，就是找到攻击自己的凶手再狠狠地报复回去。张东秀决定和警探郑泰锡合作，郑警探相信这个攻击者正是自己追踪中的连环杀手。郑警探的上司对他的推理不屑一顾，表示并没有任何证据可以支撑他的猜想。因为这个杀手没有留下过任何证据，别无他法的郑警探只能用张东秀的资源来收集关于连环凶手的信息，试图通过相似的作案手段来找到凶手。各自拥有才能和资源的两人联手，开始找寻这个代号为“K”的连环杀手。追寻同一个“猎物”的两人也立下了一条规则：谁先找到，谁就能凭自己的意愿处置他！
千年女优,2002,2002-09-14,剧情 动画 爱情 奇幻,87,78,日语,今敏,村井贞之,庄司美代子 小山茉美 折笠富美子 津田匠子 饭冢昭三 小野坂昌也 津嘉山正种 山寺宏一 京田尚子,光影的魔力，记忆的谜题。,60岁的立花源也和28岁的摄影师井田恭二不远千里跋山涉水上门去拜访隐居了三十年的一代影星藤原千代子，为了给她拍摄一生自传的纪录片。款款前来的千代子虽已75岁高龄，但仍然优雅美丽，左眼下标志性的小痣也仍然俏皮。立花双手递上一把钥匙，千代子深受震动，称这把钥匙是开启一个秘密的关键，当年她不慎丢失，今日竟还能再回手中。千代子的思绪飞到老远。 1926年9月1日，藤原千代子呱呱坠地，水灵清秀的她16岁就被星探发掘，然而直到遇上一个画家，她救他于乱世中，藏于自家仓库内，他有一把钥匙，说这是开启秘密的关键，并承诺再与她重逢时带她去看北海道的雪。然而次日千代子放学归家时画家已经因为逃开追捕逃离远去，留下了那把开启最珍贵的东西的钥匙。千代子自此进入电影圈，只因为画家最后说他会去满洲作战，而第一部电影承诺会去满洲取景。从此千代子的银幕生涯拉开，拍摄了代表日本战国、幕府、大正及昭和等四个不同时期的大时代爱情故事。在每一个故事里，千代子都在奔跑，追寻着自己的真爱。场景与她本身的故事糅合在一起，虚实难分。立花和井田紧随其后身临其境，时而变成故事中人物。在一次地震中，千代子丢失了钥匙，突然感觉心里缺了什么似的，心灰意冷。自感过了爱梦想的年纪。然而到后来她发现钥匙的丢失是一个精心布下的骗局，千代子认清事实后决意继续找寻自己少女时代的所爱。
小偷家族,2018,2018-08-03,剧情 犯罪 惊悚,117,78,日语,是枝裕和,,中川雅也 安藤樱 松冈茉优 城桧吏 佐佐木美结 树木希林 池松壮亮 绪方直人 森口瑶子,Sometimes you choose your family.,在一次扒窃归来的寒夜，阿治与儿子在街头偶遇一位受冻的小女孩。起初不愿收留的妻子，在得知女孩身世后心生怜惜，最终同意将她带回家中照料。这个靠着小偷小摸勉强维生的贫困家庭，虽生活清苦却洋溢着温馨的暖意——直到某场意外揭露了众人隐藏的秘密，那些让彼此紧紧相依的亲人间的羁绊，也开始面临残酷的考验。
她,2013,2014-06-14,爱情 科幻 剧情,126,78,英语,斯派克·琼斯,,华金·菲尼克斯 斯嘉丽·约翰逊 琳恩·A·弗里德曼 丽莎·蕾妮·皮茨 加布·戈麦斯 克里斯·帕拉特 阿特·巴特勒 梅·林德斯特罗姆 鲁妮·玛拉,A Spike Jonze love story.,故事发生于不远的未来洛杉矶，讲述情感丰沛而复杂的西奥多·托姆布里——他以替人代写真挚书信为生。经历漫长关系终结后的心碎时期，他被一款全新高级操作系统吸引，该系统承诺将成为专属于每位用户的直觉型实体。启动系统后，他欣喜地遇见了“萨曼莎”——一个聪慧的女声，她富有洞察力、敏感且出人意料地幽默。随着她的需求与渴望和西奥多的内心同步滋长，他们的友谊逐渐深化为一段不可思议的爱情。[华纳兄弟]
自闭历程,2010,2010-02-06,剧情 历史,107,78,英语,Temple Grandin,Margaret Scarciano,克莱尔·丹尼斯 大卫·斯特雷泽恩 巴里·塔布 Melissa Farman 查尔斯·贝克 Blair Bomar Cherami Leigh Tamara Jolaine 朱莉娅·奥蒙德,Autism gave her a vision. She gave it a voice.,本片根据自幼患有自闭症的美国动物科学家、畜牧学博士——天宝·葛兰汀（克莱尔·丹尼斯 Claire Danes饰）的个人自传改编而成，讲述天宝与众不同的成长经历。
利刃出鞘,2019,2019-11-29,喜剧 犯罪 悬疑,130,78,英语,莱恩·约翰逊,,丹尼尔·克雷格 克里斯·埃文斯 安娜·德·阿玛斯 杰米·李·柯蒂斯 迈克尔·珊农 唐·约翰逊 托妮·科莱特 拉基思·斯坦菲尔德 克里斯托弗·普卢默,"Hell, any of them could have done it.",当知名犯罪小说作家哈兰·斯隆比在其85岁生日后不久被发现死于自家庄园时，好奇而风度翩翩的侦探贝努瓦·布兰克被神秘地请来调查此案。从哈兰关系不和的家人到忠诚的仆人们，布兰克在一连串烟雾弹和自私谎言中仔细梳理，以揭开哈兰英年早逝背后的真相。[狮门影业]
养家之人,2017,2018-04-21,动画 战争 剧情 家庭,94,78,英语,Nora Twomey,Anita Doron,Saara Chaudry Soma Bhatia Noorin Gulamgaus Laara Sadiq Ali Badshah Shaista Latif Kanza Feris Kawa Ada Kane Mahon,,故事的主人公是一个阿富汗女孩Parvana，她们一家生活在塔利班的严酷统治之下，Parvana的爸爸被迫害入狱，为了养家糊口，她只能伪装成男孩打工挣钱。同时该片还将展现阿富汗地区的文化、历史以及风景名胜。
伴我同行,1986,1986-08-08,犯罪 剧情,89,78,英语,罗伯·莱纳,斯蒂芬·金,威尔·惠顿 瑞凡·菲尼克斯 科里·费尔德曼 杰里·奥康奈尔 基弗·萨瑟兰 凯西·希玛兹科 加里·莱利 布拉德利·格雷格 杰森·奥利弗,"""If I could only have one food to eat for the rest of my life?"" ""That's easy. Pez. Cherry flavor Pez. No question about it.""",这是一部关于成长的电影。著名作家戈迪（理查德•德莱福斯 Richard Dreyfuss 饰）回忆起他12岁时的一次冒险活动：当时，年少的戈迪（威尔•惠顿 Wil Wheaton 饰）与他的三个小伙伴克里斯（瑞凡•菲尼克斯 River Phoenix 饰）、泰迪（科里•费尔德曼 Corey Feldman 饰）和维恩为了当一回“英雄”去河的对岸的森林里寻找一具12岁男孩的尸体。
谋杀绿脚趾,1998,1998-03-06,喜剧 犯罪,117,78,英语,乔尔·科恩,伊桑·科恩,杰夫·布里吉斯 约翰·古德曼 朱丽安·摩尔 史蒂夫·布西密 大卫·哈德尔斯顿 菲利普·塞默·霍夫曼 泰拉·瑞德 菲利普·穆恩 马克·佩莱格里诺,"这种时刻，需要一位""大人物""来掌控局面。",勒保斯基（杰夫·布里吉斯 Jeff Bridges 饰）绰号“督爷”，是个无所事事的中年混混，终日最大的消遣就是和两个同样无能的朋友沃特（约翰·古德曼 John Goodman 饰）和多尼（斯蒂夫·巴斯米 Steve Buscemi 饰）打保龄球。一日，一群打手把他错认成城里和他同名同姓的那个百万富翁加以威胁，临走还尿在他的地毯上。平白无故吃亏的督爷只好跑去找那个富翁（戴维·哈德莱斯顿 David Huddleston 饰）赔偿，未果后自作主张偷了富翁一块地毯。几日后富翁又把督爷找去帮忙，因其年轻妻子邦妮（塔拉·雷德 Tara Reid 饰）遭到绑架，督爷被要求帮忙送赎金给绑匪，就此和两个朋友一起卷入一场哭笑不得的犯罪事件。
许愿神龙,2021,2021-01-15,动画 家庭 喜剧 奇幻 爱情 冒险,99,78,英语,克里斯·阿佩尔汉斯,,黄谷悦 约翰·赵 吴恬敏 刘承羽 欧阳万成 艾伦·余 李威尹 鲍比·李 尼科·桑托斯,Three magical wishes. One life changing adventure.,都市少年意外召唤出一只远古神龙，蛰伏已久的神龙竟然要求少年必须向自己许愿。这只与众不同的粉毛神龙突然降临，将与少年展开怎样的冒险之旅?而神龙的幸运之力，又将为人间带来哪些好运?
黑鲸,2013,2013-07-19,纪录,83,78,英语,Gabriela Cowperthwaite,Eli Despres,Dean Gomersall Samantha Berg John Jett John Hargrove Carol Ray Jeffrey Ventre Kim Ashdown Ken Balcomb Mark Simmons,Never capture what you can't control.,被圈养的表演虎鲸蒂利库姆已造成三人死亡，其中包括一名顶尖的虎鲸驯养员。本片揭示了捕捉与禁锢此类高智慧且有感知能力的生物，有时可能带来的灾难性后果。
美食总动员,2007,2007-06-29,动画 喜剧 家庭 奇幻,111,78,英语,布拉德·伯德,Jan Pinkava,帕顿·奥斯瓦尔特 伊恩·霍姆 卢·罗曼诺 布莱恩·丹内利 彼德·松 彼得·奥图尔 布拉德·加勒特 詹尼安·吉劳法罗 威尔·阿内特,料理鼠王 追求梦想 勇闯巴黎 威震厨房,尽管雷米拥有惊人的嗅觉和敏锐的味觉，但他成为厨师的梦想似乎遥不可及，原因只有一个——他是一只老鼠！命运弄人，他竟然来到了他已故偶像奥古斯特·古斯托的世界著名餐厅。凭借着一点烹饪的勇气和垃圾工林奎尼的帮助，雷米烹制出美味佳肴，甚至连刻薄的厨师斯金纳和美食评论家安东·伊戈都赞不绝口。他们一起征服了厨房，证明无论多么渺小，伟大的梦想都能实现。[迪士尼]
咱们裸熊：电影版,2020,2020-06-30,动画 冒险 家庭 喜剧 电视电影,68,78,英语,丹尼尔·钟,Mikey Heller,Eric Edelstein 鲍比·莫伊尼汉 Demetri Martin 马克·埃文·杰克逊 杰森·李 帕顿·奥斯瓦尔特 查琳·易 艾丽·坎伯尔 梅尔·罗德里格斯,"FUGITIVES, FRIENDS AND FOREVER BROTHERS.",三只熊熊兄弟们因为网络上的名气，以及对大都市的迷恋，他们被迫面对无法预料的混乱，熊熊们不得不展开一场疯狂、危险但又有聚会的冒险之旅，以躲避来自国家野生动物管制局的追捕，于是大大、胖达和白熊一同踏上了前往加拿大的旅程！在旅途中，他们将互相帮忙、渡过种种难关，最重要的是，这趟旅程也将再次证明他们是彼此最好的伙伴。熊熊们是如何相识、又是如何建立起如此亲密的伙伴关系？这一次也将首次揭露当年熊熊们初识的点点滴滴，以及彼此从陌生到熟识的互动过程。
美味盛宴,2014,2014-11-07,动画 喜剧 剧情 家庭,6,78,英语,帕特里克·奥斯本,雷蒙德·S·佩尔西,Stephen Apostolina Kirk Baily Ben Bledsoe 大卫·考吉尔 特丽·道格拉斯 芙霞·J·沃克 Jackie Gonneau 凯蒂·洛斯 布兰登·斯科特,第87届奥斯卡金像奖最佳动画短片,夜幕降临，繁华都市的清静角落，一只花斑小狗在四处寻找食物。就在此时，一个路过的男人丢过来小吃，它小心翼翼尝了一口，这似乎让小家伙倍感兴奋。在此之后，小狗被带回男人家，还被起名叫温斯顿。男主人每天为它准备美味食物，从最初的狗粮，到后来的牛排、炸肉饼、煎蛋，我们的温斯顿胃口越来越大，口味越来越刁。男主人似乎坚信美味就要同享，所以狗狗真可谓度过了一段天堂般的美食岁月。直到某天，男主人和生命中的另一个她邂逅。两人频频约会，你侬我侬，甜言蜜语，而温斯顿则被晾到了一遍，伙食则每况愈下……  　　本片荣获第87届奥斯卡金像奖最佳动画短片奖。 ©豆瓣
桃色血案,1959,1959-07-01,犯罪 剧情 悬疑,160,78,英语,奥托·路德维希·普雷明格,John D. Voelker,詹姆斯·斯图尔特 李·雷米克 本·吉扎拉 Arthur O'Connell Eve Arden Kathryn Grant 乔治·坎贝尔·斯科特 奥森·比恩 Russ Brown,"No search of human emotions has ever probed so deeply, so truthfully as… Anatomy of a Murder.",一桩谋杀案的审讯中，被告声称自己是在受害者强奸其妻子后，陷入了暂时性精神失常。真相究竟如何？他又能否赢得这场官司？
神探夏洛克：可恶的新娘,2016,2016-01-01,犯罪 剧情 悬疑 惊悚 电视电影,115,78,英语,亚瑟·柯南·道尔,道格拉斯·马金农,本尼迪克特·康伯巴奇 马丁·弗瑞曼 尤娜·斯塔布斯 鲁珀特·格雷夫斯 马克·加蒂斯 安德鲁·斯科特 路易丝·布雷利 阿曼达·阿宾顿 乔纳森·阿里斯,Welcome to Sherlock 1895!,《神探夏洛克》（Sherlock）2016年推出特别篇，福尔摩斯回归原著维多利亚时代，调查一宗神秘的幽灵新娘谋杀案。Thomas Ricoletti惊讶地发现，几小时前自杀身亡的妻子Emelia Ricoletti身着旧婚纱再次出现了，她的幽灵带着强烈的复仇欲望在街上徘徊。从迷雾笼罩的莱姆豪斯到被废弃的教堂深处，福尔摩斯、华生以及他们的朋友不得不想尽办法对付这个“从坟墓里爬出来”的敌人，但最终的真相却出乎所有人的意料……
鲸鱼马戏团,2001,2001-02-01,剧情,139,78,匈牙利语,拉斯洛·克拉斯纳霍凯,贝拉·塔尔,拉尔斯·鲁道夫 彼得·菲茨 汉娜·希古拉 阿尔弗雷德·贾莱 久洛·保尔 亚诺斯·德兹西 米哈伊·科尔莫斯 普蒂·霍瓦特 伊娃·阿尔伯特·阿尔马西,,这部令人入迷的社会崩塌寓言，以其超验的视觉、哲学与神秘回响构筑成一道深邃的谜题。改编自拉斯洛·卡撒兹纳霍凯的小说，本片在一处不知名的村庄里，于某个未明的时代中徐徐展开：某日，一个载着巨大鲸鱼标本与幽暗煽动家“王子”的神秘马戏团悄然抵达，仿佛唤醒了居民们某种逐渐滑向暴力深渊的集体疯狂。在导演贝拉·塔尔与联合执导/剪辑阿格涅丝·赫拉尼茨基的镜头下，三十九个以幽灵般的黑白影像铭刻的催眠长镜头，交织出一幅交织着梦魇般恐惧与无尽诗意的末世图景。[标准收藏]
与狼共舞,1990,1990-11-09,冒险 剧情 西部,181,78,英语,凯文·科斯特纳,迈克尔·布莱克,凯文·科斯特纳 玛丽·麦克唐纳 格雷厄姆·格林 罗德尼·阿诺德·格兰特 弗洛伊德·雷德·克劳·韦斯特曼 坦图·卡丁诺 罗伯特·帕斯托雷利 查尔斯·火箭 莫里·柴金,Inside everyone is a frontier waiting to be discovered.,邓巴中尉（凯文•科斯特纳 Kevin Costner 饰）在南北战争中立了大功，政府为了褒奖他，给了他任意选择驻地的特权。邓巴渴望着一种全新的生活，于是选择了遥远偏僻的西部哨所塞克威克。这里住着大量的印第安苏族人。 一开始苏族人把他的到来有着抗拒，当邓巴主动接近和了解他们的生活，并搭救了一个从小在苏族长大的白人少女后，族人和他之间的关系开始回暖。他得到了一个印第安名字：与狼共舞。邓巴的骑术让族人惊叹，他的善良被大家称赞，和白人少女也日久生情。一次对抗外族入侵的战争中，邓巴更是被封为了苏族人的民族英雄。 然而马背文化的没落已成必然，白人士兵来到这片土地，驱赶苏族人，捕捉“叛徒”邓巴，这片朴实的土地慢慢改变了容颜……
谁可以这样爱我,2022,2022-01-21,爱情 剧情 西部,134,78,英语,D.J.卡鲁索,弗朗辛·里弗斯,阿比盖尔·考恩 汤姆·刘易斯 埃里克·迪恩 法米克·詹森 罗根·马歇尔-格林 妮娜·杜波夫 利维·伯奇 杰米-李·奥唐纳 威利·沃森,Never look back. Never look forward.,电影以1850年代加州淘金热为背景，讲述了一对年轻夫妇的爱情与残酷的现实之间的冲突。本片改编自法兰辛·里弗斯的同名小说。
内部运作,2016,2016-11-23,动画 家庭 喜剧,7,78,英语,Leo Matsuda,,Tucker Gilmore 雷蒙德·S·佩尔西,,一个名叫保罗的普通办公室小职员，在他上班的路上充满了各种诱惑，时刻都在召唤他那颗爱玩的心，但他的头脑理智则总是把这种念头压制了下去。在完整体会过了枯燥无聊的工作生活和过度放纵的玩乐之后，保罗的头脑和他的心达成了妥协，商定以后会平衡好他的工作与娱乐。
少年魔法师特别版：双面艾莉斯,2013,2013-03-15,家庭 喜剧 电视电影 奇幻,60,78,英语,Victor Gonzalez,Dan Berendsen,赛琳娜·戈麦斯 Jake T. Austin Jennifer Stone Gregg Sulkin 博·米尔乔夫 瑪莉亞·卡諾絲·巴利拿 David DeLuise Natalija Nogulich Ella Lentini,Everything is not what it seems.,鲁索一家去意大利探亲戚，艾利克斯试图证明她不仅仅是⼀个看似无忧无虑的年轻魔法师，却无意中念了一个咒语，创造了⼀个善良的自己和⼀个邪恶的自己。
持摄影机的人,1929,1929-01-08,纪录,68,78,俄语,吉加·维尔托夫,,Mikhail Kaufman,有史以来最伟大的纪录片。,一位摄影师扛着摄像机四处游走，以令人眼花缭乱的创意记录城市生活。
欢乐好声音2,2021,2021-12-22,动画 音乐 喜剧 家庭,110,78,英语,加思·詹宁斯,,马修·麦康纳 瑞茜·威瑟斯彭 斯嘉丽·约翰逊 塔伦·埃哲顿 鲍比·坎纳瓦尔 托里·凯莉 尼克·克罗尔 海尔希 尼克·奥弗曼,Where will your dreams take you?,野心勃勃的考拉巴斯特穆恩，以及他旗下的全明星动物艺人，即将呈献史上最华丽耀眼的舞台大秀…而且是在绚烂夺目的世界娱乐之都举行。但是有一个难关：他们必须先说服全世界最孤僻的摇滚巨星－由音乐传奇人物波诺首度为动画片献声演出－加入他们的表演行列。巴斯特（金奖影帝马修麦康纳 配音）以及他旗下的艺人将他的新穆恩剧院，转变成当地最火红的表演场地，但是他现在有一个更大的野心，那就是在光芒万丈的红滩市的克里斯托塔剧院，举办一场全新歌舞大秀的首演会。完全没有任何娱乐圈的人脉可言，巴斯特和他旗下的艺人－包括总是忧心忡忡的猪妈妈萝希坦（金奖影后瑞丝薇斯朋 配音）、摇滚女豪猪爱希（斯嘉丽约翰逊 配音）、认真努力的大猩猩强尼（泰隆艾格顿 配音）、内向害羞的大象米娜（托蕾凯莉 配音），当然还有爱现猪仔刚特（尼克克罗尔 配音）－必须偷偷溜进由一匹冷血无情的娱乐大亨野狼吉米克里斯托（艾美奖得主巴比卡纳佛 配音）一手打造经营，举世闻名的克里斯托娱乐公司的办公室。为了得到克里斯托先生的注意被逼到狗急跳墙的刚特，突然灵光一闪，给了巴斯特一个超浮夸的点子，巴斯特也逼不得已採用了这个点子，那就是向克里斯托先生挂保证，他们全新的歌舞大秀将由传奇摇滚狮子歌王柯雷卡洛威（波诺 配音）领衔主演。但问题是，巴斯特从来没见过柯雷，而且这名传奇摇滚歌王早就在十几年前，因为痛失爱妻从音乐界引退，独自隐居了十几年，再也没有人见过他。当刚特正在帮助巴斯特设计出一场举世无双的舞台歌舞秀经典杰作，来自克里斯托先生的压力（以及可怕的威胁）也越来越大，巴斯特就展开一场寻找传奇摇滚狮子歌王柯雷卡洛威的大冒险，希望能够说服他重返舞台。原本只是巴斯特想要扬名立万的春秋大梦，却转变成一个现代寓言，提醒了每一个人，音乐的力量强大到足以疗癒一颗最悲伤的破碎的心。
万物理论,2014,2015-06-13,剧情 爱情,123,78,英语,詹姆斯·马什,安东尼·麦卡滕,埃迪·雷德梅恩 菲丽希缇·琼斯 查理·考克斯 艾米丽·沃森 西蒙·迈克伯尼 大卫·休里斯 玛克辛·皮克 哈里·劳埃德 汤姆·普赖尔,His mind changed our world. Her love changed his.,影片讲述霍金卢伽雷氏症病情发作前的生活，主要关注点在霍金和他妻子之间的故事。由埃迪·雷德梅恩饰演霍金，而菲丽希缇·琼斯饰演他的首任夫人——简。影片从霍金的爱情生活切入，讲述性格内向、整日沉迷物理研究和瓦格纳歌剧的霍金在剑桥大学与简相遇、相恋的爱情故事。当21岁的霍金被查出患上会使四肢麻痹的卢伽雷氏症，只有2年的生命。当时的简并没有放弃他，而是想办法和他结婚，并陪伴他完成博士学业。
魔女宅急便,1989,1989-07-29,动画 家庭 奇幻 剧情,103,78,日语,宫崎骏,角野荣子,高山南 佐久间丽 山口胜平 户田惠子 信泽三惠子 三浦浩一 加藤治子 关弘子 渊崎有里子,刚才我心情有些低落，但现在好多了。,琪琪今年13岁了，按照魔法界的规矩，魔法少女年满13岁就要出外进行为期一年的修行。所以琪琪带着宠物黑猫吉吉踏上了修行之旅。然而，修行之旅开识得并不顺利，当琪琪来到海边一座大城市时，人们并没有欢迎她的到来，人人都不搭理她。幸亏琪琪有一颗善良的心，当她拾到了一件别人的失物时，热心的琪琪找到了失主。她的善良赢得了面包店老板娘的好感，琪琪就在面包店开始了她用飞行魔法为客人服务的快递业务。琪琪很快适应了新环境，一次，一个热衷于飞机制造的男孩邀请琪琪去参加飞行俱乐部的聚会，途中琪琪因为帮一位老大娘送东西而被雨淋了。从此，琪琪突然发现自己的魔法正在一天天变弱。
战争房间,2015,2015-08-28,剧情,120,78,英语,亚历克斯·肯德里克,斯蒂芬·肯德里克,凯伦·阿伯克龙比 普莉希拉·希勒 T.C.斯托林斯 特纳·唐宁 阿莱娜·皮茨 小迈克尔 贾丁·哈里斯 亚历克斯·肯德里克 戴夫·布莱米,Prayer is a Powerful Weapon,托尼（T·C·斯托林斯 T.C. Stallings 饰）与伊丽莎白（普里西拉·C·夏勒 Priscilla C. Shirer 饰）是一对夫妇，他们有着让人羡慕的工作、漂亮的女儿和完美的房子。然而这仅仅是表面。实际上，托尼与伊丽莎白的婚姻早已沦为硝烟四起的战场，他们的女儿则是无辜的受害者。  　　在睿智的老妇克拉拉（凯伦·阿伯克龙比 Karen Abercrombie 饰）的帮助下，伊丽莎白终于醒悟，她应该为保卫自己的家庭而战斗。祈祷与信仰的力量改变 了伊丽莎白，而托尼也会和她做出同样的选择吗？
圣诞夜惊魂,1993,1993-10-13,奇幻 动画 家庭,76,78,英语,蒂姆·伯顿,亨利·塞利克,丹尼·艾夫曼 克里斯·萨兰登 凯瑟琳·欧哈拉 威廉·赫基 格伦·沙迪克斯 保罗·鲁本斯 肯·佩基 Edward Ivory Susan McBride,"Experience Tim Burton's hauntingly fabulous classic film you've always loved, like never before!",圣诞节能否得救？厌倦了千篇一律的惊吓套路，万圣节镇的南瓜王杰克·斯凯灵顿渴望传播圣诞的快乐。然而他善意的行动却将圣诞老人置于险境，给天下好孩子们带来了一场噩梦。[迪士尼]
佐杜洛夫斯基的沙丘,2013,2016-03-16,纪录,87,78,英语,弗兰克·帕维奇,,亚历桑德罗·佐杜洛夫斯基 Michel Seydoux Chris Foss H. R. Giger Jean-Paul Gibon Brontis Jodorowsky Amanda Lear Christian Wander Devin Faraci,欲予光明，必先承受燃烧,1974年，智利籍法國導演Alejandro Jodorowsky展開了一項誇張的計畫，將Frank Herbert極具影響力的小說《沙丘》（Dune，1969）改編成電影。在投入兩年時間與數百萬美元後，這項龐大的計畫以失敗告終；但 Jodorowsky 為了完成這項計畫所召集的藝術家們卻繼續合作，並為現代科幻電影奠定了基礎。
精英部队2：大敌当前,2010,2010-10-08,剧情 动作 犯罪,115,78,葡萄牙语,何塞·帕迪里亚,布劳利奥·曼托瓦尼,瓦格纳·马拉 伊兰迪尔·桑托斯 安德烈·拉米罗 佩德罗·范-赫尔德 玛丽亚·里贝罗 桑德罗·罗查 米尔黑·考塔兹 泰娜·毛勒 塞乌·乔奇,,"在上一集的故事结束后13年,巴西里约特别警察行动部队队长纳西门托的个人和家庭生活成为了《精英部队2》的主线。里约特别警察行动在一次平复监狱暴动的行动中吃了大亏,伤了元气。队长纳西门托虽然平步青云,但也因为这次事件的影响受到了牵连。这时候,一场大规模的政治斗争在巴西的土地上燃烧开来,上至总统贵族,下至贩夫走卒,统统都受到了影响。不仅仅是警察局、连军队和特别警察部门都惹了麻烦。不过,对于纳西门托来说,他不仅有外患,而且还有内忧。他的正值青春期的孩子渐渐脱离了纳西门托的监管,跑到了里约热内卢的街头,做了一个小混混。他的这种行为,直接对他的继父产生了巨大的影响。在这个年龄,在这样的一个国家,纳西门托要如何才能安身立命,要如何才能安稳地活下去?"
格里罗侯爵,1981,1981-12-23,喜剧,135,78,意大利语,马里奥·莫尼切利,莱昂纳多·本韦努蒂,阿尔贝托·索尔迪 Paolo Stoppa Caroline Berg Riccardo Billi 弗拉维奥·布奇 Camillo Milli Cochi Ponzoni Marc Porel Pietro Tordi,,十九世纪初法国革命时期，格里罗侯爵居住在罗马，他是一个肆无忌惮的享乐主义者，终日沉浸于各种荒唐事，直到革命最终来临，拿破仑率领法国人进入了罗马……
伊万的童年,1962,2015-06-13,剧情 战争,95,78,俄语,安德烈·塔可夫斯基,弗拉基米尔·博戈莫洛夫,尼古拉·彼得洛维奇·布尔利亚耶夫 Valentin Zubkov Yevgeni Zharikov Stepan Krylov 尼古拉·格林科 Dmytro Milyutenko Valentina Malyavina Irma Raush 安德烈·康查洛夫斯基,,残酷的战争摧毁了12岁男孩伊万的童年，母亲和姐姐早年被德国军队杀害。怀着对纳粹的仇恨，他加入了苏联红军，小小年纪的伊万当上了一名小侦察员，深入德军敌后，执行危险的任务，在战火和死亡中穿梭。由于年龄的关系，中尉戈克森甚至不敢相信伊万的身份，但从科赫林上校的口中，他得知眼前这瘦小的男孩竟如此果敢。科赫林上校认为战争不是孩子的事情，希望将伊万带离战场，送他到远方读书。小伊凡听了很是恼火，拒绝离开，这个勇敢的男孩决心战斗到生命的最后一刻。在伊凡的强烈要求下，再次让他进行秘密的侦察活动，而这一次，伊凡再也没有回来 ······
Lisbela and the Prisoner,2003,2003-08-22,喜剧 爱情,106,78,葡萄牙语,Guel Arraes,Pedro Cardoso,赛尔顿·梅罗 Débora Falabella Virginia Cavendish Bruno Garcia Tadeu Mello André Mattos Lívia Falcão Marco Nanini Heloísa Périssé,,"Lisbela is a young woman who loves going to the movies. Leléu is a con man, going from town to town selling all sort of things and performing as master of ceremonies for some cheesy numbers, such as the woman who gets transformed into a gorilla. He gets involved with Linaura, a sexy and beautiful woman who happens to be the wife of the most frightening hitman of the place. The hitman finds out his wife's affair and goes after Leléu, who has to leave in a hurry. In another town, he meets and falls instantly in love with Lisbela, who is engaged to Douglas, a hillbilly who tries hard to pass for a cosmopolitan Rio de Janeiro dweller."
情枭的黎明,1993,1993-11-10,犯罪 剧情 惊悚,144,78,英语,布莱恩·德·帕尔玛,埃德温·托雷斯,阿尔·帕西诺 西恩·潘 佩内洛普·安·米勒 约翰·雷吉扎莫 英格丽·罗杰斯 路易斯·古兹曼 詹姆斯·瑞布霍恩 约瑟夫·西拉沃 维果·莫特森,如果他能够活过下周，他的前途将一片光明。,卡利多因贩毒而被判入狱30年，在他入狱的第五年，律师大卫将他从监狱救了出来。卡利多出狱后的理想就是赚够7万5千美元离开这里和还清欠大卫的人情。决心洗心革面的卡利多却摆脱不了命运的捉弄，当他勉为其难地答应表弟作为旁观者参加一次毒品交易，他卷入了一场黑吃黑的勾当。当他保住了毒品后，他从毒贩那里获得了2万5千美元作为酬劳。卡利多将这笔钱入股到一家名为天堂乐园的夜总会后，他开始寻找他的女人，凯尔。当卡利多找到凯尔后，两人的关系在微妙中回旋。这时，大卫收了一位黑手党首领的钱，答应帮助他的伙伴越狱。于是，大卫找来了卡利多帮忙。虽然凯尔苦苦哀求，为了报恩，卡利多还是答应了去执行这一危险任务……  导演布莱恩狄帕玛向来以制造惊悚悬疑效果著称，早期的「魔女嘉莉」、「替身」为此类电影的经典作，此外社会写实片「疤面煞星」、「铁面无私」等，亦是脍炙人口的作品。
巴比龙,1973,1973-12-16,犯罪 剧情,151,78,英语,Franklin J. Schaffner,达尔顿·特朗勃,史蒂夫·麦奎因 达斯汀·霍夫曼 Victor Jory 唐·戈登 安东尼·泽贝 Robert Deman Woodrow Parfrey Bill Mumy 乔治·库卢里斯,The greatest adventure of escape!,巴比龙是亨利·查理尔的绰号，绰号得名于他胸前蝴蝶形的纹身。1930年，亨利·查理尔被控杀害一名皮条客而被捕入狱，他同时还被指控犯有诈骗罪等多项罪名。亨利·查理尔被流放到圭亚那一个名为“魔鬼岛”的苦役营终身服刑。这个岛四面环水，水里时常可以见到游弋的大鲨鱼。在这个荒莽地带，四处都流行着疾病，没日没夜的劳作致使90%的苦役活不到刑期结束便得暴病死去。 亨利·查理尔始终认为自己是冤枉的，为了洗刷自己的罪名，从他踏上“魔鬼岛”的第一天，他就开始策划逃跑，但是非常不幸，他第一次出逃没能成功，被抓获的亨利·查理尔被单独囚禁在一个潮湿、窄小的小号里。孤独、终日不见阳光、寄生虫的侵扰几乎让亨利·查理尔神经错乱。1440天后，亨利·查理尔才被放出来，这一切促使亨利·查理尔更加坚定了出逃的决心。 一次又一次地逃狱，也一次又一次被捉回。经过十多年，他头发已白，但仍孤注一掷地抱着一袋椰壳跳下大海逃生……
史密斯先生到华盛顿,1939,2024-06-14,喜剧 剧情,129,78,英语,弗兰克·卡普拉,西德尼·罗伯特·布赫曼,詹姆斯·斯图尔特 琪恩·亚瑟 克劳德·雷恩斯 爱德华·阿诺德 盖伊·基比 托马斯·米切尔 Eugene Pallette 比尤拉·邦蒂 H.B. Warner,浪漫、戏剧、欢笑与心碎……这一切都源自美国的核心与土壤！,美国的一个小镇，Jefferson Smith（詹姆斯·斯图尔特 James Stewart饰）是当地的童子军的首领，深受青少年们的喜爱，被选为新的参议员，来到了华盛顿。遇到了他父亲的老朋友，同为参议员的Joseph Paine（克劳德·雷恩斯 Claude Rains饰），并且迷上了Joseph的漂亮女儿。单纯的Jefferson从来没来过华盛顿，在华盛顿闹了不少笑话，被媒体纷纷取笑。Joseph让Jefferson起草一个提案，并让他的女秘书Clarissa Saunders（琪恩·亚瑟 Jean Arthur 饰）协助Jefferson。然而Jefferson却发现，他的这个所谓参议员不过是其他老谋深算的参议员手中的木偶，他发现了他们一个巨大的阴谋。Jefferson决定以自己单薄的力量来对抗那群人，来改变这个腐败的政治环境。到底他能否成功？史密斯先生的华盛顿之旅会如何结束？
海洋阴谋,2021,2021-03-24,纪录 犯罪,89,78,英语,Ali Tabrizi,Lucy Tabrizi,Ali Tabrizi Sylvia Earle Richard O'Barry Paul de Gelder Lucy Tabrizi Jonathan Balcombe George Monbiot Michael Klaper,,开创性纪录片《奶牛阴谋》的联合创剧人带来《海洋阴谋》，这部后续纪录片揭示了令人担忧的事实：人类行为已对海洋环境造成广泛的破坏，但这点却鲜为人知。电影制作人阿里·塔瑞兹原本只打算拍摄他心爱的海洋，但后来却发现自己在审视人类对脆弱的海洋所造成的伤害。从污染水域的塑料和渔具，到底拖作业和副渔获造成的不可挽回的破坏，再到非法捕鱼和毁灭性的狩猎行为，人类正在对海洋生物造成重创，进而威胁到整个地球。塔瑞兹的最终发现不仅挑战了可持续捕鱼的理念，任何人如果关注海洋生命、地球的未来以及人类和地球的关系，都将从中得到警示。
我们，再一次,2021,2021-03-05,动画 剧情 家庭 爱情,7,78,英语,Zach Parrish,,,,迪士尼新一部动画短片曝光：《超能陆战队》动画总监Zach Parrish执导和编剧的《Us Again》。该片也公布剧照，美丽的夜晚。  讲述一个老年男子Art和他有一颗年轻的心的妻子Dot的故事，他们在一个魔法般的晚上，通过舞蹈找回了自己一生的热情。这部时长约6分钟的短片没有台词，将通过舞蹈和funk和soul味道的配乐来讲述故事。片中舞步是与曾亮相《World of Dance》的知名夫妻舞者Keone和Mari Madrid合作，他们曾有一段热门舞蹈的设计是扮演一对老人。  Parrish告诉《娱乐周刊》：该片灵感来自他自己的想法，在35岁左右他开始感到年纪上来，对身体素质有了限制，比如打篮球无法再像以前一样灵活，而他随后意识到：不要把时间花在追忆已经逝去的事物上，应该把握当下。同时，Parrish也从他的祖父母对“老去”的不同态度上找到了灵感。  《Us Again》也是迪士尼动画本部在近5年来的首部院线短片，将贴片《寻龙传说》在3月5日北美上映，6月在Disney+上线。
游戏人生 Zero,2017,2017-07-15,冒险 动画 剧情 奇幻 爱情,106,78,日语,石冢敦子,榎宫祐,日笠阳子 茅野爱衣 松冈祯丞 兴津和幸 竹内良太 堀江由衣 诹访部顺一 泽城美雪 田村由香里,,这是一个禁止一切争端、一切皆由游戏决定的“盘上世界”被创造出来以前的故事。  围绕着一统世界的唯一神的宝座，看不到尽头的大战延续的时代。 天地割裂，甚至连繁星都被毁灭殆尽的凄惨战争， 毫无还手之力的人类在战争中一个个死去。  被拥有强大力量的各个种族逼入绝境， 人类濒临存亡，此时率领着人类的年轻领袖名叫里克。 他为了即使再多一人能够迎来明天而呕心沥血，日渐憔悴， 就在这样的某一天，里克在被弃置的森精种的都城遇到了机凯种少女休比。  对于机械所不该拥有的心产生兴趣而发生故障， 被同伴抛弃的休比，为了修复故障，而拜托里克把“人类的心”告诉自己，但……  这是在距今超过六千年的远古编织而成的通往“最新神话”的“最初神话”。没有留下记录也没有留下记忆，没有对任何人诉说过的物语，现在开幕——
三岛由纪夫传,1985,1985-09-20,剧情,121,78,日语,保罗·施拉德,Chieko Schrader,绪方健 泽田健二 坂東三津五郎 (10代目) 永岛敏行 Masayuki Shionoya 三上博史 Junya Fukuda 德井优 织本顺吉,"On November 25, 1970, Japan's most celebrated writer, Yukio Mishima, shocked the world.",保罗·施拉德这部视觉震撼、如拼贴画般的作品，刻画了备受赞誉的日本作家暨剧作家三岛由纪夫（绪形拳 饰），深入探究了这位试图在自我、艺术与社会间寻求和谐——这一不可能任务——的男性内心的动荡与矛盾。影片以三岛生命最后一日为框架，即他轰动性地公开切腹之日，其间穿插着对其过往岁月的延伸回溯，以及对其小说作品极尽风格化的瑰丽演绎。凭借约翰·贝利丰富的摄影、石冈瑛子精妙的场景与服装设计，以及菲利普·格拉斯令人难忘且影响深远的配乐，本片既是对其主题的致敬，本身亦是一部大胆而富有探索性的艺术之作。[标准收藏]
荒野大镖客,1964,2015-06-13,西部,99,78,意大利语,赛尔乔·莱昂内,杜乔·泰萨里,克林特·伊斯特伍德 玛丽安·科赫 吉安·玛丽亚·沃隆特 沃尔夫冈·卢克斯基 齐格哈特·鲁普 约瑟夫·艾格 安东尼奥·普列托 何塞·卡尔沃 玛格丽塔·洛萨诺,以他自己的方式来说，他或许是这世上最危险的人！,镖客乔（克林特·伊斯特伍德 Clint Eastwood 饰）来到墨西哥边境小镇，伺机寻找挣钱机会的他得知镇上的两大帮派罗霍兄弟和镇长巴克斯特为了争夺小镇的控制权厮杀已久，便决定与两派斡旋，设计将镇上恶霸一网打尽。墨西哥士兵押送黄金经过小镇，罗霍劫持了黄金，并杀光了 士兵，一路跟踪的乔将其中两具尸体藏起来，并透露消息给两边：有两个士兵还活着。巴克斯特火速赶往现场想抓到存活士兵，来指证罗霍；罗霍则试图阻止他们，双方展开了一场激烈枪战。罗霍捕获巴克斯特的儿子安东尼奥。乔趁着两派在激战时，找到了黄金，并发现罗霍囚禁的女人玛利索，他将玛利索交给罗霍家，换回安东尼奥。后来他得知她是安东尼奥的妻子，又救出了她，帮助玛利索与安东尼奥逃出镇子。罗霍发现玛利索被乔放走，便放火烧死了巴克斯特一家，乔侥幸逃脱。  　　当乔孤身一人重现在镇口时，他与罗霍兄弟的生死决战开始了。
天上再见,2017,2019-04-30,剧情 犯罪 战争,113,78,法语,Albert Dupontel,Pierre Lemaitre,纳威尔·佩雷兹·毕斯卡亚特 Albert Dupontel 罗兰·拉斐特 尼尔斯·阿莱斯楚普 艾米莉·德奎恩 梅兰尼·蒂埃里 Héloïse Balster Philippe Uchan 安德烈·马孔,,改编自犯罪小说大师皮耶勒梅特的同名小说，讲述两名因目睹长官犯罪而惨遭惩处的军人，没想到退役后长官飞黄腾达，自己却一贫如洗，为不让小人得志，他们决定要为自己讨回公道。影片精采刻画第一次世界大战过后法国社会，从血肉横飞的泥泞战场到纸醉金迷的华美派对，但即便面具绚丽华美，也掩盖不住背后的人生伤痛。
空房间,2004,2004-10-15,剧情 爱情 犯罪,88,78,朝鲜语,金基德,,李丞涓 在熙 权赫浩 朱进模 崔正浩 李柱锡 李美淑 文成赫 朴智雅,"In the quietness of empty houses, love finds a voice.",泰石（在熙饰）是个无所事事的年轻人，他每天骑着摩托车挨家发传单，将它塞入钥匙孔中。如果过几天传单还没有被人拿掉，泰石就会撬开锁进去小住一段时间，在那洗澡做饭拍照。作为交换，他会帮主人家做些家务、打理房间。一次，他在一所空房子里遇见了一个被丈夫施虐折磨过的女人善华（李丞涓饰）。她浑身青肿，眼神里流露着哀怨。逃走后的泰石惦记着善华，再返回她家时，恰好碰上善华的丈夫在虐待她，他当即出手，带走了她。后来，他们两个人恢复到以前的神秘生活，结伴一起寻找空房间，虽没有言语交流，却彼此默契。一次他们进入陌生人房间时，发现一具老人的尸体，他们为他办了一个认真的葬礼后就在这件屋子快乐的住下。直到一天老人的儿子找上门来，他们被当作杀人嫌疑犯带走。泰石锒铛入狱，善华被老公带走。但是故事并没有在这里结束。
影武者,1980,1980-04-26,动作 剧情 历史 战争,180,78,日语,黑泽明,井手雅人,仲代达矢 山崎努 萩原健一 根津甚八 大泷秀治 隆大介 油井昌由树 桃井薰 倍赏美津子,一个人的影子永远无法独自站立行走。,一位军阀离世后，一名盗贼出身的农民被召来冒充他，随即发现自己不仅被军阀的亡灵纠缠，更被自身的野心所困。在黑泽明的这部晚期彩色杰作中，他回归武士电影题材，并再度探讨其创作生涯的核心主题——幻觉与现实之间的博弈。通过对封建时代日本辉煌图景与战争壮观场面的华丽重构，黑泽明打造出一部历史史诗，亦是对权力本质的深刻沉思。[标准收藏]
共同警备区,2000,2000-09-09,剧情 惊悚 动作,108,78,朝鲜语,朴赞郁,朴尚渊,李英爱 李炳宪 宋康昊 金太祐 申河均 赫伯特·乌尔里希 克里斯托夫·霍夫里希特 李汉威 Koh In-bae,八枪！真相就在那里。,板门店边界的共同警备区，一天，哨所里的朝鲜士兵（申河均饰）为来路不明的子弹所杀，引发双方枪战。而最有嫌疑的凶手是同在边界上的韩国士兵，但韩国一方却指责是朝鲜先调起事端，双方都认为对手应该对此负责。  为了解决这一无头案件，南北双方同意由一个中立国来进行调查协调。瑞士国籍韩国女孩苏菲（李英爱饰）受派前来调查事件，韩国这边的李秀赫（李秉宪饰）始终保持沉默，而朝鲜一边的幸存者吴敬必（宋康昊饰）却表现出敌意，事情扑朔迷离。随着深入了解，苏菲发现事情隐藏著内幕，现场还另有其人……
路易·C·K：老招笑了,2010,2010-01-26,喜剧 电视电影,82,78,英语,路易·C·K,,路易·C·K,,喜剧演员路易·C·K兴高采烈地超越了在单口相声特殊在什么话题是神圣的好味道的界限 - 包括他自己的孩子。无论是咆哮着不耐烦在当代社会中，他的气球体质，或父亲的审判，C.K.具有保持在针观众甚至一个奇怪的天赋 - 或特别 - 因为他们在赤贫恐怖正在后退。他可能被扭曲，但有真正无可否认，他的最侵之一，有才华的漫画下来派克，因为比尔·希克斯，艾迪·墨菲和理查德·普赖尔的辉煌岁月。
桂河大桥,1957,2024-06-14,剧情 历史 战争,161,78,英语,大卫·里恩,皮埃尔·布尔,威廉·霍尔顿 亚历克·吉尼斯 杰克·霍金斯 早川世介 詹姆斯·唐纳德 杰弗里·霍恩 安德烈·莫雷尔 Peter Williams John Boxer,它开启了一个全新的娱乐世界！,一位英国上校在与日本战俘营指挥官化解分歧后，竟协作督建部下为俘虏者建造一座铁路桥——而对盟军旨在炸毁该桥的计划全然不知。
双虎屠龙,1962,1962-04-13,西部,123,78,英语,约翰·福特,詹姆斯·华纳·贝拉,约翰·韦恩 詹姆斯·斯图尔特 薇拉·迈尔斯 李·马文 Edmond O'Brien 安迪·戴芬 Ken Murray John Carradine Jeanette Nolan,首次相聚。,一位因击毙恶名昭彰的歹徒而名声大噪的参议员，回到小镇参加老友的葬礼，并道出了当年事迹背后的真相。
奇幻核子战,1964,1964-10-07,惊悚 剧情 战争,112,78,英语,西德尼·吕美特,尤金·伯迪克,亨利·方达 沃尔特·马修 弗里茨·韦弗 Larry Hagman 弗兰克·奥弗顿 爱德华·宾斯 丹尼尔·彼得·奥赫利希 William Hansen Russell Hardie,它将让你坐在永恒的边缘！,"改编自尤金．贝狄克和哈维．威尔勒的作品，是一部从美苏对峙的冷战形势引伸出来的“写实幻想片""。内容讲述由于机械失误的关系，美国轰炸机队出发轰炸莫斯科，美国总统在无法唤回轰炸机之余，下令美军也将纽约摧毁。本片片中所描述的情况很有可能发生，因此对观众具有一种强烈的震撼力。导演自开场十分钟之后即一直紧握气氛至终场，但开场的首十分钟却有点混乱。本片最大的特色就是全无配乐。"
阿根廷1985,2022,2024-06-14,剧情 历史 犯罪,141,78,西班牙语,Santiago Mitre,Mariano Llinás,里卡多·达林 Peter Lanzani Alejandra Flechner Paula Ransenberg Carlos Portaluppi Antonia Bengoechea Laura Paredes Brian Sichel Norman Briski,,影片以阿根廷历史上著名的“五月广场母亲”事件为背景，讲述里卡多·达林扮演的主角率领律师团队大胆挑战军事独裁政权，帮助在军政府残酷统治下被迫害的人们终于寻回正义的故事。
了不起的狐狸爸爸,2009,2009-11-13,冒险 动画 喜剧 家庭,87,78,英语,韦斯·安德森,罗尔德·达尔,乔治·克鲁尼 罗宾·赫尔斯通 梅丽尔·斯特里普 杰森·薛兹曼 埃里克·蔡斯·安德森 华莱士·沃洛达尔斯基 威廉·达福 雨果·吉尼斯 迈克尔·甘本,挖掘生活的无限精彩！,本片讲述了一只聪明、敏捷、灵巧且衣着格外体面的野生动物的故事。这位从惯偷鸡贼转行的报社记者狐狸先生，与家人安顿在一棵美丽大树上的新树洞里——而这里紧邻着三个巨大的养鸡场，它们的主人正是三个穷凶极恶的农场主：博吉斯、邦斯和比恩。狐狸先生根本抵挡不住诱惑。韦斯·安德森对罗尔德·达尔经典儿童小说的改编，是一部精心制作的定格动画作品，配音阵容星光熠熠，包括乔治·克鲁尼、梅丽尔·斯特里普、杰森·舒瓦兹曼、威廉·达福、迈克尔·刚本及比尔·默瑞。[标准收藏]
加勒比海盗1：黑珍珠号的诅咒,2003,2003-11-21,冒险 奇幻 动作,143,78,英语,戈尔·维宾斯基,特里·鲁西奥,约翰尼·德普 杰弗里·拉什 奥兰多·布鲁姆 凯拉·奈特莉 杰克·达文波特 乔纳森·普雷斯 李·阿伦伯格 麦肯齐·克鲁克 达米安·奥黑尔,准备好被吹出水面。,故事发生在17世纪，传说中海盗最为活跃的加勒比海。风趣迷人的杰克·斯伯洛，是活跃在加勒比海上的海盗，拥有属于自己的“黑珍珠”号海盗船。对他来说，最惬意的生活就是驾驶着“黑珍珠”号在加勒比海上游荡，自由自在的打劫过往船只。但不幸的是，他的仇敌，老谋深算的巴博萨船长偷走了他的“黑珍珠”号。
我眼中的阴影,2021,2021-10-28,战争 剧情 历史,100,78,丹麦语,奥勒·博内代尔,,Bertram Bisgaard Enevoldsen Ester Birch Ella Nilsson Malena Lucia Lodahl Fanny Leander Bornedal 艾历克斯·休·安德森 Alban Lendorf James Tarpey Casper Kjær Jensen,,第二次世界大战.1945年3月21日，英国皇家空军开始执行轰炸哥本哈根盖世太保总部的任务。这次袭击造成了致命的后果，因为一些轰炸机意外袭击了一所学校，造成120多人丧生，其中86人是儿童。几名哥本哈根居民的命运因此交织在了一起。本片改编自真实事件。
约会战略,2019,2019-09-20,喜剧,120,78,西班牙语,Ariel Winograd,Cory Brusseau,玛莎·希加瑞达 奥马尔·查帕罗 Claudia Álvarez Mauricio Barrientos Consuelo Duval Miriam Higareda Tiaré Scanda 埃德加·维瓦尔 Elizabeth Guindi,,Adán（Omar Chaparro）是一个迷人的诱惑者，相信他知道如何让任何女人昏昏欲睡。 他准备教他的朋友征服妇女的艺术，用他的阵容诱惑规则。 米娅（Martha Higareda）是一位雄心勃勃的生产者，梦想让她自己的电视节目赋予妇女赋予“Todos Caen”的战略指南，该指导宣传，教授你如何勾勒一个人 - 让他从你的掌心中吃东西 手无寸上。 MIA和Adán十字路口在一个命运的夜晚，从那里开始游戏在一个全面的性别战斗中。 但是，在他们彼此测试他们的精细磨练的诱惑策略时，既发现有时你才能努力才能得到，你可能最终跌倒。
金刚狼3：殊死一战,2017,2017-03-03,动作 剧情 科幻,123,78,英语,詹姆斯·曼戈尔德,迈克尔·格林,休·杰克曼 达芙妮·基恩 帕特里克·斯图尔特 伊丽莎白·罗德里格斯 波伊德·霍布鲁克 斯戴芬·莫昌特 理查德·E·格兰特 史蒂芬·邓利维 埃里克·拉萨尔,共同见证 他的时代,2029年，变种人大幅减少，X战警早已解散。身心疲惫的金刚狼罗根的自愈因子逐渐消失，整天饮酒度日，靠当司机养家。他在墨西哥边境隐居，并照顾着饱受病痛折磨的老X教授。有一天，一位陌生女子让罗根送一个叫劳拉的女孩去加拿大边境，一开始罗根拒绝了，但查尔斯一直在等着这个女孩的出现，劳拉拥有超强的战斗力，而且在许多方面都很像金刚狼。她被一个强大公司的幕后人物所追踪，因为她的DNA里有连接罗根的秘密，一场无休止的追捕由此展开。
罗斯玛丽的婴儿,1968,1968-06-12,剧情 恐怖 惊悚,138,78,英语,罗曼·波兰斯基,艾拉·莱文,米娅·法罗 约翰·卡萨维蒂 Ruth Gordon Sidney Blackmer Maurice Evans 拉尔夫·贝拉米 Victoria Vetri Patsy Kelly Elisha Cook Jr.,为《罗斯玛丽的婴儿》祈祷。,既令人毛骨悚然，又带有黑色喜剧色彩，是罗曼·波兰斯基的好莱坞首秀。这部极其引人入胜的噩梦之作，忠实改编自艾拉·莱文的畅销小说，由贡献了突破性表演的米亚·法罗主演，饰演一位日渐疑心的准妈妈。她开始愈发怀疑，她那过度热心的老邻居以及只顾自己的丈夫，正在密谋一场针对她和她腹中孩子的邪恶阴谋。在波兰斯基这部亵渎神灵的杰作所催生的数十年神秘题材电影中，其在纯粹心理恐怖层面的地位，始终无人能够超越。
今夕何夕,2015,2015-01-22,动画 剧情 科幻,17,78,英语,Don Hertzfeldt,,Julia Pott Winona Mae Sara Cushman,,近未来某个时期，一户人家的机器响起铃声。梳着小羊角辫的女孩艾米莉拿着心爱的玩具跑了过来，她接通视频电话，屏幕中显现出一位女性的形象。对方自称是艾米莉第三代克隆体，来自227年后，从血缘上可以算作艾米莉的外孙女，但她实际上与这个小女孩是一个人。在未来人们可以通过不断克隆的方式让自己永生，或者在死后将意识以数字方式保存。没有钱的无产阶级则只能剥掉面皮贴在机器上，用于亲人对自己的缅怀。第三代艾米莉为初代讲述了关于未来的许多事情，她甚至通过时光机器将初代带到了自己的时代。空灵玄妙的未来世界，人们在寻找什么…
一夜风流,1934,1934-02-22,喜剧 爱情,105,78,英语,弗兰克·卡普拉,罗伯特·里斯金,克拉克·盖博 克劳黛特·科尔伯特 沃尔特·康诺利 罗斯科·卡恩斯 詹姆森·托马斯 艾伦·海尔 亚瑟·霍伊特 布兰奇·弗里德里奇 查尔斯·卡希尔·威尔逊,一场令人难忘的娱乐盛宴……两位杰出艺人的精彩演绎！,在这部由弗兰克·卡普拉打造的浪漫公路喜剧中，截然相反的两人以磁石般的吸引力彼此靠近——一位骄纵逃家的富家女（克劳黛·考尔白 饰）与一位玩世不恭的平民记者（克拉克·盖博 饰）相遇，后者一心要挖掘她失踪背后的绯闻真相。作为影史首部一举囊括奥斯卡五项核心大奖（最佳影片、最佳男主角、最佳女主角、最佳导演、最佳改编剧本）的罕见佳作，本片在有声电影初期以其精妙的结构与剪辑独树一帜。片中无数巧思情境与幽默桥段早已跻身好莱坞喜剧经典宝库，两位巅峰状态的演员火花四溅的化学反应，至今仍为影史佳话。
偷拐抢骗,2000,2000-09-01,犯罪 喜剧,104,78,英语,盖·里奇,,杰森·斯坦森 阿兰·福德 斯蒂芬·格拉汉姆 布拉德·皮特 丹尼斯·法里纳 罗比·基 雷尼·詹姆斯 本尼西奥·德尔·托罗 拉德·舍博德兹加,偷石头，碎骨头,土耳其（杰森•斯坦森饰）是一位黑市拳击的经理人，不过他遇到了麻烦，本该参加比赛的选手被吉普赛人米奇（布拉德•皮特饰）一拳击倒。土耳其不得不选择在黑帮老大布里克（阿兰•福特饰）与吉塞人之间周旋，来获得生机。与此同时，四指弗兰克（本尼西奥•德尔•托罗饰）携带一颗86克拉的钻石来到伦敦，这件赃物引起了各路匪徒的兴趣，其中包括军火商老布（拉德•舍博德兹加饰）、杀手“子弹牙齿”托尼（维尼•琼斯饰）与黑人小混混维尼（罗比•吉饰）。这些心怀不轨的罪犯各自盘算着自己的完美计划，不想造化弄人，惊人的巧合引出一连串幽默的冷笑话。所有的一切都在伦敦的夜晚交织，究竟谁能够从中解脱？就在盖•瑞奇导演的《偷拐抢骗》中揭晓。
只有你,2011,2011-10-20,爱情 剧情,108,78,朝鲜语,宋一坤,卢弘珍,苏志燮 韩孝周 姜信日 朴哲民 吴光禄 金美卿 晋久 郑在晋 朴成根,I see you. I hear you. I love you.,哲民（苏志燮 饰）本是一名优秀的拳击手，现在却依靠白天送水晚上看更来谋生。哲民看更第一晚邂逅了美丽阳光的女生静华（韩孝珠 饰），遗憾的是静华的视力日渐退减再发展下去就是失明。沉默的哲民在静华面前慢慢打开心扉，两人由此相恋。原来哲民是一名孤儿，曾误入歧途做了打手 并因此入狱。如今的哲民决心从头来过，重新走上拳击生涯，一步步实现着他和静华设计的将来。然而，静华的眼疾越来越严重等不及她们去慢慢实现梦想。与之同时，哲民发现那场导致静华眼膜受损的车祸竟和自己当年的行差踏错有关系。强烈地内疚感使得哲民决定铤而走险参加地下拳击比赛，只为最快为静华筹到医疗费。静华能复明吗？哲民能活着和静华重聚吗？
海底总动员,2003,2003-07-30,动画 家庭 冒险,100,78,英语,安德鲁·斯坦顿,鲍勃·彼得森,艾伯特·布鲁克斯 艾伦·德杰尼勒斯 亚历山大·古尔德 威廉·达福 杰弗里·拉什 布拉德·加勒特 艾莉森·詹尼 奥斯汀·彭德尔顿 斯蒂芬·鲁特,There are 3.7 trillion fish in the ocean. They're looking for one.,主角是一对可爱的小丑鱼(Clownfish)父子。父亲玛林和儿子尼莫一直在澳洲外海大堡礁中过着安定而幸福的平静生活。鱼爸爸玛林一直谨小慎微，行事缩手缩脚，虽然已经身为人父，却丝毫不会影响它成为远近闻名的胆小鬼。也正因为这一点，儿子尼莫常常与玛林发生争执，甚至有那么一点瞧不起自己的父亲。直到有一天，一直向往到海洋中冒险的尼莫，游出了他们所居住的珊瑚礁。正当尼莫想要舒展一下小尾巴的时候，一艘渔船毫不留情地将欢天喜地的尼莫捕走，并将它辗转卖到澳洲悉尼湾内的一家牙医诊所。在大堡礁的海底，心爱的儿子突然生死未卜的消息，对于鱼爸爸玛林来说却无异于晴天霹雳。尽管胆小尽管怕事，现在为了救回心爱的孩子，玛林也就只有豁出去了。它决心跟上澳洲洋流，踏上寻找自己儿子的漫漫征程。
聚焦,2015,2015-11-06,剧情 历史,128,78,英语,汤姆·麦卡锡,乔希·辛格,马克·鲁法洛 迈克尔·基顿 瑞秋·麦克亚当斯 列维·施瑞博尔 约翰·斯拉特里 布莱恩·达西·詹姆斯 斯坦利·图齐 埃琳娜·沃尔 吉恩·阿莫罗索,他们追的不只是报道，是良知,本片以震撼人心的真实事件改编，荣获普利策奖的《波士顿环球报》调查报道撼动了整座城市，并引发全球最古老、最具威望的机构之一陷入信任危机。当报社锲而不舍的“聚焦”调查组记者深入挖掘天主教会的性侵指控时，长达一年的调查揭露了波士顿宗教、司法与政府高层长达数十年的掩盖行径，随即在全球掀起揭露真相的浪潮。[开路影业]
穿条纹睡衣的男孩,2008,2008-09-12,剧情 战争 历史,94,78,英语,马克·赫尔曼,约翰·博因,阿萨·巴特菲尔德 维拉·法米加 大卫·休里斯 杰克·斯坎伦 安贝尔·比蒂 鲁珀特·弗兰德 大卫·海曼 希拉·汉考克 理查德·约翰逊,"Lines may divide us, but hope will unite us.",八岁男孩布鲁诺（Asa Butterfield 饰）一家随着纳粹军官父亲的一纸调令，由柏林搬迁到了乡下。失去了朋友们的布鲁诺很快对新家附近的“农庄”产生了兴趣，那里有一群身穿“条纹睡衣”的人终日忙碌，并且其中一个为布鲁诺一家服务，他形容肮脏，态度慎微。周遭环境和布鲁诺的举止让母亲暗暗担忧，但纳粹父亲制止家中任何怀疑既定政策的行为。  布鲁诺偷偷结识了铁丝网另一边的同龄男孩施穆尔，并时常带给他食物吃。在紧张的家庭氛围和姐姐向成人世界的变化中，施穆尔是布鲁诺惟一的朋友。某日布鲁诺决定，去铁丝网的另一边，以便见到施穆尔的父亲……
愤怒的葡萄,1940,1940-03-15,剧情,128,78,英语,约翰·福特,约翰·欧内斯特·斯坦贝克,亨利·方达 Jane Darwell John Carradine 查利· 格雷普韦恩 Dorris Bowdon Russell Simpson O.Z. Whitehead 约翰·奎尔伦 Eddie Quillan,乔德一家从震撼数百万人的小说中跃然纸上！,美国中西部一个贫困的家庭被迫离开了自己的土地。他们前往加利福尼亚，在大萧条时期承受着流离失所者的种种不幸遭遇。
烽火母女泪,1960,1960-12-23,剧情 战争,100,78,意大利语,维托里奥·德西卡,阿尔贝托·莫拉维亚,索菲亚·罗兰 艾伦诺拉·布朗 让-保罗·贝尔蒙多 拉斐尔·瓦隆 卡尔洛·尼奇 安德烈·切齐 普佩拉·玛奇奥 艾玛巴伦 安东內拉·德拉·博尔塔,当爱情突变为欲望……纯真沦为羞耻……两位女性深陷于狂暴激情与刻骨恐惧的牢笼！,该片讲述了二战期间，一家小杂货店的寡妇为了躲避战争，带着女儿一起逃往家乡的故事。
红辣椒,2006,2024-06-14,科幻 惊悚 动画,90,78,日语,今敏,筒井康隆,林原惠美 江守彻 堀胜之祐 古谷彻 大冢明夫 山寺宏一 田中秀幸 今敏 筒井康隆,这是你的大脑沉浸在动漫中的状态。,千叶敦子博士白天是天才科学家，夜晚则化身为所向披靡的梦境战士“红辣椒”。在这部迷幻的科幻冒险动画中，需要集合这两个身份的力量才能拯救世界。[索尼影业经典]
如此接近地平线,2019,2019-10-10,爱情 剧情,117,78,德语,Tim Trachte,Jessica Koch,卢娜·韦德勒 雅尼克·许曼 Luise Befort Victoria Mayer 斯蒂芬·坎普沃斯 Denis Moschitto 弗雷德里克·劳 Henry Horn Kristin Alia Hunold,,杰西卡清楚地知道自己的生活应该是什么样子，以及它会带她去哪里。但后来她遇到了丹尼。他有着复杂的过去，可能会打乱他们所有的计划。杰西卡必须做出决定。
月神,2012,2012-02-10,动画 家庭 奇幻,7,78,英语,埃里康·卡萨罗萨,,Tony Fucile Krista Sheffler Phil Sheridan,A young boy discovers his family's most unusual line of work.,皮克斯动画工作室出品，获第84届奥斯卡最佳动画短片提名，短短7分钟，没有对白，一个关于祖孙三代、关于成长的奇幻故事：
凡托齐,1975,1975-03-27,喜剧,108,78,意大利语,Luciano Salce,Paolo Villaggio,Paolo Villaggio Anna Mazzamauro Gigi Reder Giuseppe Anatrelli Umberto D'Orsi 利乌·博西西奥 Dino Emanuelli Plinio Fernando Paolo Paoloni,,讲述了一个不幸的会计师在一年中的生活故事，通过各种小品、片段和挑衅性的情节，将 Fantozzi 塑造成一个非常不幸的人。
日出,1927,1927-11-04,剧情 爱情,94,78,英语,赫尔曼·苏德尔曼,F·W·茂瑙,George O'Brien Janet Gaynor Margaret Livingston Bodil Rosing J. Farrell MacDonald Ralph Sipperly Jane Winton Arthur Housman Eddie Boland,一部艺术杰作，观影体验亦令人愉悦。,一位世故的都市女性引诱农民，企图唆使他谋杀疏于关照的妻子同赴城市生活。然而当妻子察觉他们的阴谋后，丈夫反而与妻子重燃爱火。
摄影师,1928,1928-09-10,喜剧 爱情,74,78,英语,巴斯特·基頓,爱德华·塞奇威克,巴斯特·基頓 Marceline Day Harold Goodwin Sidney Bracey Harry Gribbon Ray Cooke Vernon Dent Harry Keaton Louise Keaton,你会笑得前仰后合，完全无法集中注意力！,巴特斯（巴斯特·基顿 Buster Keaton 饰）是一位名不见经传的街头摄影师，在意外之中结识了米高梅公司新闻短片部门的女秘书萨利（玛赛莲·黛 Marceline Day 饰），在萨利的引荐之下，巴特斯来到了米高梅，想要应聘成为那里的摄影师。  　　然而，巴特斯的职业之路从一开始就风波不断，虽然屡遭失败，但善良的萨利一直都信任和支持着巴特斯，这让巴特斯十分感动深受鼓舞。斯塔格（哈罗德·古德温 Harold Goodwin 饰）是巴特斯的同事，正火热的追求着萨利，根本不把穷酸蹩脚的巴特斯放在眼里。某日，巴特斯接到萨利的线报赶到唐人街拍摄重大新闻，哪知道经历了千辛万苦回到新闻部却发现自己的摄影机中根本就没有安装录影带，萨利亦因此受到牵连。
大地之歌,1955,1955-08-26,剧情 历史,125,78,孟加拉语,萨蒂亚吉特·雷伊,比耶迪胡山·班德约帕德赫亚,卡努·班纳吉 卡鲁娜·班纳吉 Chunibala Devi Uma Das Gupta Subir Banerjee Runki Banerjee Reba Devi Aparna Devi Tulsi Chakraborty,,本片是一部群星戏，讲述在印度的孟加拉省，一个贫穷的村落里住着一户人家，自以为学识过人的哈里是一家之主，他虽任职地主的会计，但他终日想着成为一个诗人。他在这方面没有出色的表现，甚至穷得将祖先的果园作借款的抵押品。他的妻子温柔贤惠，为了生活吃苦而毫无怨言。女儿与儿子也把吃从果园里偷来的果子当作一件乐事。有一天，哈里带着薪水回家，他们一家人大大庆贺一番。同住的老婆婆向他们借一块布料却被赶走，不久他的儿子和女儿发现老婆婆倒在森林里，已死去多时。哈里为了借贷到外面五个月毫无音信，而他的女儿因患重病而安然死去。哈里回来听此噩耗，便和妻子流着眼泪来到大森林里大声呼喊，发誓要改善生活，并迁往他处。天亮了，他带着全家人和简单的行李赶着牛车往拿勒斯城出发了。本片以一位不满十岁的少年的视线界来观赏人类与大自然生活的共通性，是本片最突出的地方。
爱在日落黄昏时,2004,2004-07-02,剧情 爱情,80,78,英语,理查德·林克莱特,金·克里桑,伊桑·霍克 朱莉·德尔佩 弗农·多布切夫 路易丝·勒莫瓦纳·托雷斯 罗多尔·保利 玛丽安·普莱施泰格 迪亚波罗 丹尼斯·埃夫拉德 阿尔伯特·德尔皮,如果在第一次错失后还有第二次的机会，你会怎样呢？,九年前，杰西（伊桑·霍克 饰）与席琳（朱莉·德尔佩 饰）在火车上不期而遇，怦然心动。在维也纳渡过疯狂而又浪漫的一夜后，他们在日出前分手，并相约在维也纳重逢。
爱你，罗茜,2014,2014-10-16,爱情 剧情 喜剧,102,78,英语,克里斯蒂安·迪特,塞西莉亚·艾亨,莉莉·柯林斯 山姆·克拉弗林 克里斯蒂安·库克 塔姆欣·伊格顿 苏琪·沃特豪斯 杰美·温斯顿 阿特·帕金森 杰米·比米什 罗肯·克兰尼奇,Right love. Wrong time.,"《亲爱的，原来是你》(Love, Rosie)改编自全球破亿经典爱情电影《留给最爱的情书》(PS, I Love You)原著小说作家Cecelia Ahern另一幽默感人作品《Where Rainbows End》。由基斯顿迪他(Christian Ditter)执导，《魔镜•魔镜:白雪公主决战黑心皇后》莉莉歌莲丝(Lily Collins)及《飢饿游戏》系列森加芬(Sam Claflin)主演。故事讲述青梅竹马的二人，一同成长面对大世界，一直处于「友达以上，恋人未满」的状态，却各自遇到恋爱上的酸甜苦辣，直到最后发现，最爱的原来就是对方。二人首次合作即默契十足，火花闪耀大银幕。为今个圣诞，带来最触动人心、最浪漫感人的爱情喜剧。"
沉默之像,2014,2014-11-13,历史 纪录,100,78,英语,Joshua Oppenheimer,,Adi Rukun M.Y. Basrun Amir Hasan Inong Kemat Joshua Oppenheimer Amir Siahaan Ted Yates,沉默之像,本片是约书亚·奥本海默为奥斯卡提名作品《杀戮演绎》谱写的震撼姊妹篇。通过奥本海默记录的1965年印尼大屠杀施害者影像，一个幸存者家庭发现了他们儿子遇害的真相以及凶手的身份。纪录片聚焦家中的小儿子——一位名叫阿迪的验光师，他决定打破那令人窒息的屈服与恐惧魔咒，在这个凶手仍掌权的社会中做出难以想象的举动：直面杀害哥哥的凶手们，在为他们测试视力时，要求他们为自己的行为负责。[标准收藏]
A Movie of Eggs,2006,2006-04-21,动画 喜剧 家庭,90,78,西班牙语,Gabriel Riva Palacio Alatriste,Rodolfo Riva Palacio Alatriste,Bruno Bichir Carlos Espejel Angélica Vale Rodolfo Riva Palacio Alatriste Gabriel Riva Palacio Alatriste Humberto Vélez Blas García Rubén Moya Enzo Fortuni,,"A small egg named Toto decides that he wants to fulfill his purpose in life and become a chicken instead of dying in a frying pan; so he starts a quest to return to the farms along with his new friend, the noisy egg Willy and a crazy bacon stripe. The three friends will face lot of obstacles in their quest."
超级无敌掌门狗：引鹅入室,1993,1994-07-10,动画 喜剧 家庭,30,78,英语,尼克·帕克,Bob Baker,Peter Sallis,They’ll crack any case,虽然创造了无数令人惊叹的发明，可是华莱士（皮特·塞利斯 Peter Sallis 配音）却面临着入不敷出的窘境。为此，他决定将空置的房间对外出租。不久租客上门，来者是一只沉默冷冰冰的企鹅。某天，华莱士送给狗狗阿高的机器裤子似乎引起了企鹅的注意。此后的日子里，企鹅大献殷勤，令阿高倍感冷落，于是在一个雨夜收拾起行囊离家出走。但阿高意外发现，那只企鹅竟是警方通缉的要犯。与此同时，企鹅利用机器裤子开始了他罪恶的犯罪计划……
爆裂鼓手,2013,2013-01-18,剧情 音乐,18,78,英语,达米恩·查泽雷,,约翰尼·西蒙斯 J·K·西蒙斯 内特·朗 C.J.瓦娜 Honora Javier Omari Grayson Stuart Hammill Charlie Estes Ranfins Rincon,Suffering is the soul of greatness.,"A ferocious, bullying music teacher teaches a dedicated student."
福音战士新剧场版：破,2009,2009-06-26,动画 科幻 动作 剧情,112,78,日语,庵野秀明,摩砂雪,绪方惠美 林原惠美 宫村优子 坂本真绫 三石琴乃 山口由里子 山寺宏一 立木文彦 清川元梦,在天地交战的浩劫中，唯有机械可成救赎。,在参拜母亲坟墓的回程途中，真嗣和葛城美里遭遇了第七使徒的攻击，关键时刻2号机势如破竹挫败对手，真嗣也由此结识了2号机的操纵者式波·明日香·兰格蕾。与沉默寡言的绫波丽不同，明日香自信张扬，甚至有些自大，在和真嗣相处的日子里，彼此闹出不少的笑话。他们三人分别驾驶着零号机、初号机和2号机，抵抗了第八使徒猛烈的攻击，在这一过程中，淡淡的情愫悄然在这三个青年男女的心中萌生。不久后，第九、十使徒相继降临，真嗣他们面临着生与死的残酷考验。
电视台风云,1976,1976-11-27,剧情,121,78,英语,西德尼·吕美特,帕迪·查耶夫斯基,菲·邓纳威 威廉·霍尔顿 彼得·芬奇 罗伯特·杜瓦尔 尼德·巴蒂 比阿特丽斯·斯特雷特 韦斯利·艾迪 亚瑟·伯格哈特 比尔·伯罗斯,电视将从此焕然一新。,这部由西德尼·吕美特执导、帕迪·查耶夫斯基执笔犀利剧本的媒体讽刺剧，犹如一剂X光，透视了企业主导下美国的腐朽灵魂，其对今日煽动性新闻循环的预见力惊人。在一家挣扎求存的电视网里，野心勃勃的高管戴安娜·克里斯滕森（费·唐纳薇 饰）偶然发现爆款——当心怀不满的新闻主播霍华德·比尔（彼得·芬奇 饰）脱离讲稿，变身愤怒的“狂人先知”，痛斥现代社会弊病。然而，她能否控制住他们在电波中掀起的这场民粹风暴？这部毫无保留的新好莱坞经典作品斩获四项奥斯卡奖（包括唐纳薇、芬奇与查耶夫斯基所获奖项），至今仍保持着无畏的幽默感与令人不安的现实意义。
你逃我也逃,1942,1942-03-06,喜剧 战争 爱情,99,78,英语,恩斯特·刘别谦,埃德温·贾斯特斯·梅尔,卡罗尔·隆巴德 杰克·本尼 罗伯特·斯塔克 费利克斯·布雷萨特 莱昂内尔·阿特威尔 斯坦利·里奇斯 西格·鲁曼 汤姆·杜根 查尔斯·哈尔顿,每个人都想看到的画面。,这部恩斯特·刘别谦的神经喜剧杰作，在令人捧腹的同时亦充满大胆锐气。杰克·本尼与卡洛·朗白（后者息影前最后作品）饰演纳粹占领区华沙的一对演员夫妇，二人意外卷入一场危险的间谍阴谋。本片是一部极具黑色幽默胆魄的好莱坞电影，于美国加入二战前夕投入制作。刘别谦以无人能及的喜剧高空走钢丝技艺，巧妙平衡了政治讽刺、浪漫爱情、滑稽闹剧与战时悬疑。
午夜阳光,2018,2018-03-23,爱情 剧情,91,78,英语,斯科特·斯佩尔,Aya Tenkawa,贝拉·索恩 帕特里克·施瓦辛格 罗伯·里格尔 奎因·谢泼德 肯·特伦布莱特 苏丽卡·马修 詹恩·格里芬 尼古拉斯·库姆 提拉·斯考比,Love will light the way.,凯蒂派瑞丝从小罹患无法治癒的遗传性疾病─着色性乾皮症，对紫外线极其敏感的她，只要暴露在一丝阳光下就可能会有生命危险，凯蒂的爸爸杰克为保护她，严格管制她的外出时间，凯蒂白天只能待在家中与吉他为伴、享受着唱歌与创作的时光，并从房间窗户内渴望接触外面的世界。 每当夜色降临，也是凯蒂唯一可以熘出去的时刻，她喜欢带着吉他在人来人往的火车站自弹自唱，某日偶然经过的查理被她的歌声深深吸引，凯蒂无法相信站在她眼前的查理，竟是她从小暗恋的心仪对象！对凯蒂一见锺情的查理，两人渐渐激出爱的火花，但对于隐瞒自己病情的凯蒂，这段得来不易的爱情要如何维持下去呢？
家园,2009,2009-06-05,纪录 剧情 家庭,118,78,法语,Yann Arthus-Bertrand,Yen Le Van,Yann Arthus-Bertrand Jacques Gamblin,A stunning visual portrayal of Earth,"经过四十亿年的漫长演变，地球变成一个物种繁多、资源丰富、奇特美丽的蓝色星球。然而自人类出现以来，我们只用了二十万年的时间，便将地球的宝贵资源消耗殆尽。珍稀物种灭绝，原始资源奇缺，污染日益严重，人类以及地球的明天将何去何从？导演扬恩•亚瑟经过15年的筹备，历访50多个国家拍成此片。本片素材长达488小时，拍摄周期为21个月，共动用88,000名员工，从澳洲海底的大堡礁到非洲肯亚高原的乞力马扎罗山；从亚玛逊热带雨林到戈壁沙漠；从美国德萨斯州连绵不断的棉花田到中国上海、深圳的工业城镇。影片以上帝的俯瞰视角向世人展现地球的绝美以及日趋危急的现状。明天并不遥远，但我们该选择怎样的未来？"
虎胆龙威,1988,1988-07-15,动作 惊悚,132,78,英语,约翰·麦克蒂尔南,罗德里克·索普,布鲁斯·威利斯 艾伦·瑞克曼 亚历山大·乔杜诺夫 邦妮·贝黛莉亚 雷金纳德·维尔约翰逊 保罗·格里森 德沃罗·怀特 威廉·阿瑟顿 哈特·博赫纳,40 stories of sheer adventure!,警探约翰·麦卡伦从纽约来到洛杉矶，见他分别已有半年之久的妻子霍莉。他被邀请参加在一栋大厦的30层举行的圣诞晚会。然而一群匪徒却打起了大厦金库中存有的六亿多元公债券的主意。他们封锁了大楼，将参加晚会的人扣作人质。麦卡伦侥幸逃脱，只身与匪徒们展开了周旋。
赤胆屠龙,1959,1959-03-08,西部 剧情,141,78,英语,霍华德·霍克斯,朱尔斯·福瑟曼,约翰·韦恩 Dean Martin Ricky Nelson 安吉琳·狄金森 沃尔特·布伦南 埃德温·邦德 John Russell Pedro Gonzalez Gonzalez Estelita Rodriguez,他们背靠背并肩作战……不留余地……不求宽恕……无路可进……无路可退……在这《赤胆屠龙》之境！,美国西部小镇上，一位警长为确保将地方恶棍的弟弟拘押在监狱中，不得不招募一名瘸子、一个酒鬼和一位年轻枪手联手应对。
街头飙车王,2020,2020-01-27,剧情,125,78,英语,安赫尔·曼努埃尔·索托,Sherman Payne,Jahi Di'Allo Winston Meek Mill 泰柔娜·派丽丝 威廉·卡特利特 Kezii Curtis Donielle T. Hansley Jr. Milan Ray Chandler DuPont Hero Hunter,Life happens at the crossroads.,老鼠拼命要加入午夜派，谁统治了夏季街头臭名昭著的巴尔的摩越野车车手。当午夜的领导者，Blax，把他的翼下14岁的鼠标，鼠标很快发现自己直和狭窄，充满了快钱和暴力道路之间徘徊。
地雷区,2015,2015-12-03,战争 剧情 历史,100,78,丹麦语,马丁·赞里维特,,罗兰·默勒 路易斯·霍夫曼 米克尔·福尔斯加德 乔尔·巴斯曼 劳拉·布罗 奥斯卡·伯克尔曼 埃米尔·贝尔顿 奥斯卡·贝尔顿 莱昂·塞德尔,"They survived the second World War, now they must survive the cleanup",1945年5月德国纳粹投降之后，一群年轻的德军俘虏被交给丹麦当局，他们被送往西海岸。在那里他们必须用自己的双手来除雷。二战期间，德国人曾在这片海岸布置了超过200万枚的地雷。这群男孩们在丹麦军官卡尔·莱奥博德·拉斯穆森（罗 兰德·莫尔 饰）的率领之后，开始了这项极其危险的工作...
芬奇,2021,2021-11-04,科幻 剧情 冒险,115,78,英语,米格尔·萨普什尼克,Craig Luck,汤姆·汉克斯 卡莱伯·兰德里·琼斯 奥斯卡·阿维拉 马丁内斯-坎宁安 玛丽·瓦根曼 Emily Jones,Take an unforgettable journey.,在全球灾难后末世界地球上，一位工程师和他的一只狗和一只机器狗相依为命。他每日开着重型卡车在废弃的城市里寻找物资。回到住所后，他一直在制造一个机器人。之后，他不得不带上机器人、他的狗和机器狗离开他的住所，踏上前往西海岸的公路之旅……  在这一旅程中，机器人懂得了爱、友谊以及人类生命的意义。
最佳出价,2013,2013-01-01,剧情 爱情 犯罪,124,78,意大利语,朱塞佩·托纳多雷,,杰弗里·拉什 吉姆·斯特吉斯 西尔维娅·侯克斯 唐纳德·萨瑟兰 马克西米利安·迪尔 菲利普·杰克逊 德莫特·克劳利 莉雅·琦比德 汉娜·布里特兰,占有欲的掌控者。痴迷所致的罪行。,影片是一部将背景设置在奥地利维也纳奢华的艺术品拍卖行业中的爱情故事，同时也是一部“没有谋杀案的惊悚片”。由英国演员吉姆·斯特吉斯同荷兰女星西尔维娅·侯克斯出演这对年轻的情侣，而澳洲演技派杰弗里·拉什扮演一名介入这段感情当中的神秘的老者。
危楼愚夫,2014,2014-12-11,剧情,116,78,俄语,Yury Bykov,,Artyom Bystrov Natalya Surkova Yuriy Tsurilo Boris Nevzorov 基里尔·波鲁欣 Alexander Korshunov Olga Samoshina Darya Moroz Sergei Artsybashev,,季马·尼基京是个简单诚实的人，在一家省级房屋维修服务公司担任维修队工长。他本无出众之处，但那份非同寻常的诚实与正直的结合，却让他人觉得他有些古怪。小镇上有一栋声名狼藉的宿舍楼，住的多是酒鬼和社会边缘人。某夜，宿舍楼的水管爆裂。尼基京赶到现场后，发现情况要严重得多——这栋楼撑不过当晚，必须立即疏散居民。面对官僚主义的重重阻碍，尼基京在小镇的各级管理机构之间，开始了一场深夜的“奥德赛”之旅。
玩具总动员3,2010,2010-06-16,动画 家庭 喜剧,102,78,英语,李·昂克里奇,迈克尔·阿恩特,汤姆·汉克斯 蒂姆·艾伦 琼·库萨克 唐纳德·杰伊·里克尔斯 华莱士‧肖恩 约翰·拉岑伯格 埃斯特尔·哈里斯 布莱克·克拉克 杰夫·皮金,没有玩具被落下,安迪已经高中毕业了，即将成为大学生，而他的玩具，包括胡迪、巴斯光年都面临将要被放在阁楼上的命运。在他们被放到阁楼之前，却意外的被丢弃，并被一个清理垃圾的人所捡起。玩具们发现自己被带到了一个当地的日间托儿所，他们必须要在那儿想办法面对一群调皮且粗鲁的学龄前小孩。胡迪打算要带领他的朋友们逃离托儿所，并为自己和他们找到一个新的安身之处。但巴斯光年在一次尝试逃离的行动中受到了损伤，使得整件事情变得更复杂了……
巨蟒与圣杯,1975,1975-04-03,冒险 喜剧 奇幻,91,78,英语,特里·吉列姆,特里·琼斯,格雷厄姆·查普曼 约翰·克里斯 埃里克·艾德尔 特里·吉列姆 特里·琼斯 迈克尔·佩林 康妮 布斯 卡罗尔·克利夫兰 尼尔·英尼斯,And now! At Last! Another film completely different from some of the other films which aren't quite the same as this one is.,故事跟随亚瑟王和他的圆桌骑士展开寻找圣杯的征程。这绝非寻常的中世纪骑士与战马传说——首先，由于王国资源短缺，所有战马竟都被用拍击椰子壳模仿马蹄声的仆人所替代！
一袋弹子,2017,2017-01-18,战争 剧情,113,78,法语,克里斯丁·杜瓦,Joseph Joffo,Dorian Le Clech Batyste Fleurial 帕特里克·布鲁尔 Elsa Zylberstein Bernard Campan Christian Clavier 凯夫·亚当斯 凯撒·东布瓦 Ilian Bergala,Home Is Where Family Is,影片改编自法国当代著名作家约瑟夫·若福的自传小说《弹子袋》。在被德军占领的法国，莫里斯和乔是一对年轻的犹太兄弟，父亲经营着一家理发店，一家人生活温馨又美满。直到纳粹要求所有犹太人必须在外衣上缝上一个黄色的六角星以示区别，由于当时人们对犹太人的偏见，同学对他们的态度也开始转变。眼见犹太人的处境越发困窘，父亲命令两兄弟立刻先行前往自由区逃难，一家人约定在尼斯汇合。临走前父亲嘱咐不能告诉任何人他们的犹太人身份。在离开的火车上他们才真正亲眼看到了纳粹对于犹太人民的迫害。漫长的逃亡之路，纳粹仿佛无处不在，而他们惊人的机智与勇气以及陌生人的出手相助让他们躲过了一次又一次死亡的威胁，两兄弟相依为命只为与家人再次团聚。
壁花少年,2012,2012-10-18,剧情,103,78,英语,斯蒂芬·乔博斯基,,罗根·勒曼 艾玛·沃森 埃兹拉·米勒 梅·惠特曼 凯特·沃什 迪伦·麦克德莫特 梅兰妮·林斯基 妮娜·杜波夫 约翰尼·西蒙斯,我们拥有无限,查理（罗根·勒曼 Logan Lerman 饰）是个害羞和孤独的高中新生，拥有超越年龄的敏感和泪腺，总是默默观察身边的家人和朋友，是个典型的「壁花少年」。他的青春期充满各种挫折，先后经历了阿姨为给他买生日礼物去世、最好朋友自杀、受同学排挤欺负、单恋没有回应等各种事情。然而查理还不是最惨的，因为和他一样被生活逼入墙角罚站的人实在太多。他幸运的拥有一个开明的老师和两个高年级的好友：叛逆娇俏的少女珊（艾玛·沃森 Emma Watson 饰）和自信满满的同志男生帕特里克（埃兹拉·米勒 Ezra Miller 饰），他们让查理明白了有时候不能永远旁观，必须要参与进来才能拥有属于自己的精彩。
穆赫兰道,2001,2025-09-04,惊悚 剧情 悬疑,147,78,英语,大卫·林奇,,娜奥米·沃茨 劳拉·哈灵 贾斯汀·塞洛克斯 安·米勒 马克·佩莱格里诺 罗伯特·福斯特 丹·哈达亚 安杰洛·巴达拉门蒂 帕特里克·菲施勒,梦想之城中的爱情故事。,深夜的穆赫兰道发生一桩车祸，女子丽塔在车祸中失了忆。她跌跌撞撞来到一个公寓里藏身。 一名男子说他常常梦见一个叫云奇的地方，那里有个恶魔盯着他。于是就来到云奇，果真见到墙后有怪物出现，男子当场晕死。另有一名杀手杀死了他面前的男人，然而蹩脚的他却惹来了不少一连串的麻烦。
哈利·波特与火焰杯,2005,2005-11-18,冒险 奇幻,157,78,英语,迈克·内威尔,J·K·罗琳,丹尼尔·雷德克里夫 鲁伯特·格林特 艾玛·沃森 布莱丹·格里森 迈克尔·甘本 罗伯特·帕丁森 拉尔夫·费因斯 罗彼·考特拉尼 艾伦·瑞克曼,前面的路艰险重重,哈利和他的朋友们回归该系列的第四部。
寻龙传说,2021,2021-03-05,动画 家庭 奇幻 冒险 动作,116,78,英语,卡洛斯·洛佩斯·埃斯特拉达,唐·霍尔,凯莉·玛丽·陈 奥卡菲娜 嘉玛·陈 艾伦·图代克 王鹿山 王汉斌 金大贤 塔莉娅·陈 吴珊卓,A quest to save her world.,很久以前，在充满奇幻色彩的龙佑之邦，人类和龙和谐地生活在一起。但当一股邪恶的力量袭来，龙牺牲了自己来拯救人类。500年后，同样的邪恶力量卷土重来，只有一个孤独的战士拉雅承担重任，追踪传说中的最后一条龙，以修复这块破碎的土地，团结分裂的人民。在她的旅程中，她也会逐渐了解到拯救世界不仅仅需要一条龙，还需要信任和团队合作。
无间道,2002,2003-09-05,剧情 动作 惊悚 犯罪 悬疑,101,78,Cantonese,麦兆辉,刘伟强,刘德华 梁朝伟 黄秋生 曾志伟 陈慧琳 郑秀文 萧亚轩 杜汶泽 林家栋,“对不起，我是警察”  “谁知道”,1991年，香港黑帮三合会会员刘健明（陈冠希 饰）听从老大韩琛（曾志伟 饰）的吩咐，加入警察部队成为黑帮卧底，韩琛许诺刘健明会帮其在七年后晋升为见习督察。1992年，警察训练学校优秀学员陈永仁（余文乐 饰）被上级黄志诚（黄秋生 饰）要求深入到三合会做卧底，终极目标是成为韩琛身边的红人。2002年，两人都不负重望，也都身背重压，高级警司刘健明（刘德华 饰）逐渐想成为一个真正的好人，帮派干部陈永仁（梁朝伟 饰）则盼着尽快回归警察身份。重案组从陈永仁手中获悉一批毒品交易情报，锁紧目标人物韩琛，没料情报被刘健明泄出，双方行动均告失败。但此事将双方均有卧底的事实暴露，引发双方高层清除内鬼的决心。命运迥异又相似的刘健明和陈永仁开始在无间道的旅程中接受严峻考验……
西葫芦的生活,2016,2017-04-20,动画 喜剧 剧情,66,78,法语,Claude Barras,Gilles Paris,Gaspard Schlatter Sixtine Murat Paulin Jaccoud Michel Vuillermoz Raul Ribera Estelle Hennard Elliot Sanchez Lou Wick Brigitte Rosset,SOMETIMES WE CRY BECAUSE WE'RE HAPPY.,母亲突然离世后，西葫芦在警察雷蒙的陪伴下来到新的寄养家庭，那里有许多与他同龄的孤儿。起初，他在这时而陌生甚至充满敌意的环境中难以找到归属。但在雷蒙的帮助与新朋友的支持下，西葫芦逐渐学会了信任与爱，并踏上了寻找属于自己的新家的旅程。[Gkids]
荒野生存,2007,2007-09-21,冒险 剧情,148,78,英语,西恩·潘,,埃米尔·赫希 马西娅·盖伊·哈登 威廉·赫特 吉娜·马隆 布莱恩 H·迪尔克 凯瑟琳·基纳 文斯·沃恩 克里斯汀·斯图尔特 哈尔·霍尔布鲁克,Into the heart. Into the soul.,影片改编自真实的故事，展现了一个理想主义者的传奇，一个流浪的故事。克里斯托弗（埃米尔•赫斯基 饰）家境优渥，是亚特兰大私立名校艾莫里的优等生，前程似锦。但是，他从学校毕业后，选择了截然不同的人生，放弃令人羡慕的工作，把存款捐给慈善机构，去阿拉斯加寻找自我。在家人的劝阻声中，他踏上了回归自然的慢慢长路，成为名副其实的流浪者。一路上，他遇到不少人，也数次遭受野外生存的挑战，每一步都充满了艰辛，他以坚韧的毅力，实践着寻找自我的梦想……
洛城机密,1997,1997-09-19,犯罪 悬疑 惊悚 剧情,138,78,英语,柯蒂斯·汉森,詹姆斯·埃尔罗伊,凯文·史派西 罗素·克劳 盖·皮尔斯 詹姆斯·克伦威尔 金·贝辛格 丹尼·德维托 大卫·斯特雷泽恩 罗恩·里夫金 格雷厄姆·贝克尔,一切都值得怀疑... 每个人都可以被收买... 没有什么是真实的。,改编自詹姆斯·艾尔罗伊的小说，以1950年代洛杉矶为背景，交织电影产业、腐败警察、小报新闻业、黑帮势力及各色性偏执的暗流。
我是船长,2023,2024-04-25,冒险 剧情,121,78,意大利语,马泰奥·加罗内,Andrea Tagliaferri,Seydou Sarr Moustapha Fall Issaka Sawadogo Hichem Yacoubi Doodou Sagna Khady Sy Venus Gueye Cheick Oumar Diaw Joe Lassana,,入围第81届金球奖电影类最佳非英语片提名，十六岁的少年赛杜，与深爱的母亲和姊妹同住，家乡日子困苦，唯有玩起音乐时的他，眼里才有光。在表哥的怂恿下，他隐瞒母亲，揣着天真热情，以及偷偷打工攒来的现金，踏上前往欧洲大陆的旅途，深信到了那里，就能一展音乐才华，让家人过上更好的生活。从塞内加尔到利比亚，穿越撒哈拉沙漠行至地中海，这一趟未知的旅程，人心比环境更加险恶。在祖灵的冥冥指引下，他们能否抵达梦想的彼岸？
乡愁,1983,1983-05-01,剧情 爱情,125,78,俄语,安德烈·塔可夫斯基,托尼·诺格拉,奥列格·扬科夫斯基 厄兰·约瑟夫森 多米齐亚娜·焦尔达诺 帕特里齐亚·特雷诺 劳拉·德·马奇 迪莉娅·博卡多 米莱娜·武科蒂奇 Raffaele Di Mario Rate Furlan,,俄国诗人安德烈（奥列格·扬科夫斯基 Oleg Yankovsky饰）在美丽的女翻译尤金伲亚（厄兰·约瑟夫森 Erland Josephson饰）的陪同下，一同前往意大利寻访一位十八世纪俄国作曲家的生活。他们一起走访充满宗教意象的乡村教堂，在一座有天然温泉的古老小镇停留。此时他遇见了不被世人理解的疯人多米尼克（厄兰·约瑟夫森 Erland Josephson饰），村民因为他早些年囚禁家人而认为他神经失常。可安德烈看到了多米尼克疯狂下的深意，并被他所吸引。同时他拒绝了性感的尤金伲亚的示爱。此时的安德烈，游走在支离破碎的现实与超现实的梦境中不能自拔。他对祖国的思念、与家人的分离……种种情愫混杂在一起，彼此纠缠，化为终生的乡愁。
铁血战士：杀戮之王,2025,2025-06-05,动画 动作 科幻 惊悚,85,78,英语,丹·特拉亨伯格,Micho Rutare,Lindsay LaVanchy 路易斯·小泽 瑞克·冈萨雷斯 迈克尔·比恩 道格·科克尔 Damien C. Haas Lauren Holt Jeff Leach Cherami Leigh,The hunt begins.,故事跨越时空，从维京时代到幕府日本至二战时期，讲述三个铁血战士的勇猛事迹。人类的宿命是否将从此改写？
起风了,2013,2013-07-20,动画 剧情 历史 爱情,126,78,日语,宫崎骏,,庵野秀明 西岛秀俊 泷本美织 西村雅彦 斯蒂芬·阿尔珀特 野村武司 国村隼 志田未来 大竹忍,起风了，唯有努力生存。,二郎梦想飞行并设计出优美的飞机，其灵感来源于著名的意大利航空工程师卡普罗尼。因自幼近视无法成为飞行员，二郎于1927年加入一家日本大型工程公司，最终成为世界上最具创新精神和成就的飞机设计师之一。影片记录了他人生的大部分时光，描绘了包括1923年关东大地震、大萧条、肺结核病蔓延以及日本陷入战争在内的关键历史事件。二郎遇见并爱上了菜穗子，同时与同事本庄建立并珍视着友谊。[官网]
工人阶级上天堂,1971,1971-09-17,剧情,113,78,意大利语,Elio Petri,乌戈·皮罗,吉安·玛丽亚·沃隆特 Mariangela Melato Salvo Randone Gino Pernice Luigi Diberti Mietta Albertini Donato Castellaneta Adriano Amidei Migliano Guerrino Crivello,,30出头的工人马萨，工作热忱，受到老板的赏识，也正因如此，疏远了所有的工作同伴。一天他因为工伤而失去一个手指，一切随之改变。除他以外，所有工人都连成一气对付老板，他自己的生活已呈现崩溃状态，情妇离他而去，妻子离婚后带走儿子，自己又站错队伍，妄信支持大学生们空洞而不切实际的口号，结果遭到池鱼之殃，被老板解雇。集体罢工让工厂不能生产，工人们一面要求修改合约、提高待遇，一面也希望马萨能够复职。后来老板要求马萨在别人罢工期间回来工作，马萨答应，但当他回到工厂门前却无法面对聚集在那里的工人。他在羞愧之余，终于理解了工人们的坚定立场：在事件没有得到合理解决之前，决不妥协。
无姓之人,2009,2009-11-06,科幻 剧情 爱情,156,78,英语,雅克·范·多梅尔,,杰瑞德·莱托 萨拉·波莉 黛安·克鲁格 范林丹 瑞斯·伊凡斯 娜塔莎·利特尔 托比·瑞格波 朱诺·坦普尔 艾伦·科杜纳,"Nothing is real, everything is possible.",在2092年的未来，火星已成了地球人热衷的度假胜地。118岁高龄的尼莫·诺巴蒂（杰瑞德·莱托 Jared Leto 饰）是最后一位仍会死亡的自然人。记忆混乱的他在一次次的催眠及采访之中不断回忆自己的童年，却在每个人生分岔点都衍生出完全不同的人生。在这些不同的版本中，有母亲（娜塔莎·雷托 Natasha Little 饰）和父亲（瑞斯·伊凡斯 Rhys Ifans 饰）离婚后再婚而变成了尼莫“妹妹”的安娜（黛安·克鲁格 Diane Kruger 饰），有身患抑郁症婚后情绪不稳的埃莉斯（萨拉·波莉 Sarah Polley 饰），还有与他育有三名子女的亚洲女孩吉恩（范林丹 Linh Dan Pham 饰）。交织在宇宙大爆炸理论、超弦理论和时间特性的解释中，尼莫的人生真相究竟为何呢？
看不见的女人,2019,2019-08-30,剧情,145,78,葡萄牙语,卡里姆·埃诺兹,Martha Batalha,Carol Duarte Julia Stockler 费尔兰德·蒙特纳哥 Gregório Duvivier Bárbara Santos Flávia Gusmão António Fonseca Maria Manoella Cristina Pereira,A tropical melodrama,1950年，里约热内卢。18岁的欧丽迪丝与20岁的吉达是一对形影不离的姐妹，与保守的父母同住。尽管置身于传统生活，她们各自都怀揣着一个梦想：欧丽迪丝渴望成为著名钢琴家，吉达则向往找到真爱。一场变故中，她们被父亲强行拆散，从此被迫分离。两人各自掌控着不同的命运，却始终未曾放弃寻找彼此的信念。
魔术师与兔子,2008,2008-06-27,动画 家庭 喜剧,5,78,英语,Doug Sweetland,Valerie LaPointe,Doug Sweetland,An Amazing Five Minutes Of Animated Fun,魔术师帕斯图(Presto)有一只用来变魔术的小白兔，名叫阿莱克(Alec)，但他经常忘了喂他的表演搭档，于是心怀不满的小白兔阿莱克，便在舞台上给魔术师找麻烦捣乱，开始了一场人兔追逐战……
红猪,1992,2023-11-17,动画 冒险 奇幻,94,78,日语,宫崎骏,,森山周一郎 加藤登纪子 桂三枝 上条恒彦 冈村明美 大冢明夫 关弘子 野本礼三 阪修,猪真的能飞吗？,1930年代的意大利，一位第一次世界大战的王牌飞行员因诅咒变成了猪面人。
洛奇,1976,1976-12-03,剧情,120,78,英语,约翰·G·阿维尔德森,西尔维斯特·史泰龙,西尔维斯特·史泰龙 塔莉亚·夏尔 波特·杨 卡尔·韦瑟斯 布吉斯·梅迪斯 塞耶·大卫 乔·斯皮内尔 吉米·甘比纳 比尔·鲍德温,His whole life was a million-to-one shot.,洛基•巴尔博厄(西尔维斯特•史泰龙 Sylvester Stallone 饰)是费城的过气拳击手。他空有拳击热忱，却只混杂于三流拳击赛中。一天，他对售货员艾黛丽安（塔里亚•希雷Talia Shire 饰）一见倾心，虽然这个姑娘长相一般，性格内向，却毫不阻碍洛奇对她爱得炽热。 　　爱情得意，事业也开始一路畅通。为了庆祝美国建国200周年，当地举办了一个拳击比赛，胜出者将获得15万美元的高额奖金。美国一个拳击巨星在比赛中受了伤，主办方选中了洛奇去上演一场“灰姑娘”式的比赛，大敌当前的同时，也是洛奇事业转机、大显身手的良机。洛奇在赛场上苦撑15回合，在面肿血流之际，会不会有奇迹的发生？
春夏秋冬又一春,2003,2003-09-19,剧情,103,78,朝鲜语,金基德,,吴永洙 金基德 金永敏 徐在京 金钟浩 何丽珍 金正英 池大汉 崔珉,"What you like, others will also like.",影片完全取景于一个树影环绕的湖泊，湖面漂浮着一座小小的佛寺木筏，置身于令人屏息的自然景观中。全片分为五个篇章，每个季节象征人生中的一个阶段。[索尼影业经典]
看见恶魔,2010,2010-08-12,惊悚 恐怖,144,78,朝鲜语,金知云,朴勋政,李炳宪 崔岷植 全国焕 千虎珍 吴山荷 金允书 南宝拉 李浚赫 尹彩英,摒弃一切怜悯之心。,供职于国情局的青年警员金秀贤（李秉宪 饰）即将和心爱的女孩珠燕走入婚姻的殿堂，但是在一个飘雪之夜，独自驱车夜归的珠燕被人残忍杀害并分尸。秀贤痛不欲生，他找到四个主要嫌疑人的照片，开始独立追查凶手。经过一番调查，终于将目标锁定在为某学院包车的中年大叔张京哲（崔岷植 饰）的身上。张生活坎坷，性格极度扭曲，他经常袭击夜归的女子，并将她们无情杀害。秀贤找到张的据点，对其进行残酷的惩罚，却最终手下留情。侥幸活命的张反而由此激发所有的兽性，一场野兽对野兽的修罗之战渐次激烈……
蝙蝠侠：黑暗骑士崛起,2012,2012-08-27,动作 犯罪 剧情 惊悚,165,78,英语,克里斯托弗·诺兰,鲍勃·凯恩,克里斯蒂安·贝尔 加里·奥德曼 汤姆·哈迪 约瑟夫·高登-莱维特 安妮·海瑟薇 玛丽昂·歌迪亚 摩根·弗里曼 迈克尔·凯恩 马修·莫迪恩,战火将起,检察官哈维·登特（艾伦·艾克哈特 Aaron Eckhart 饰）死后的八年间，哥谭市在戈登警长（加里·奥德曼 Gary Oldman 饰）的努力下有效地遏制了犯罪活动。而蝙蝠侠布鲁斯·韦恩（克里斯蒂安·贝尔 Christian Bale 饰）因为背负谋杀登特的罪名，被 警方通缉，在哥谭市销声匿迹。然而，这看似平静的状态被恐怖分子贝恩（汤姆·哈迪 Tom Hardy 饰）的出现打破，他利用猫女（安妮·海瑟薇 Anne Hathaway 饰）偷取布鲁斯的指纹，致使韦恩集团面临破财，布鲁斯被赶出董事会。为了保证韦恩集团投资的能源项目不被坏人利用制造核弹，布鲁斯帮助米兰达（玛丽昂·歌迪亚 Marion Cotillard 饰）成为董事会主席。贝恩接下来一连串精密设计的计划将哥谭市陷入孤绝之境，毁灭之日指日可待。布鲁斯只能再次肩负起拯救哥谭的重任，然而至亲的管家阿福辞职离开、猫女的背叛、贝恩的凶残手段，爱人米拉达的真实面目露出，都让他拯救哥谭的行动变得不可能……
海贼王：狂热行动,2019,2019-10-18,动画 动作 冒险 奇幻,101,78,日语,大冢隆史,富冈淳广,田中真弓 中井和哉 冈村明美 山口胜平 平田广明 大谷育江 山口由里子 矢尾一树 长岛茂,"By pirates, for pirates.",“海贼王系列”第14部剧场版，也是《海贼王》动画二十周年纪念之作。 以超新星为代表的众多航海家纷纷现身世界最大的航海家庆典——航海世博会。草帽海贼团也收到了主办者费斯塔的邀请函，搭乘万里阳光号前往。原以为海贼们的狂热世博会只是为争夺“海贼王罗杰留下的宝藏”，就在神秘宝藏争夺战如火如荼之际，阻挡在路飞等人面前的可怕威胁道格拉斯·巴雷特突然现身！暗藏阴谋的敌我混战一触即发……
一九零零,1976,1976-08-28,剧情 历史,315,78,意大利语,贝纳尔多·贝托鲁奇,朱塞佩·贝尔托卢奇,罗伯特·德尼罗 热拉尔·德帕迪约 多米尼克·桑达 斯特法尼娅·桑德雷莉 唐纳德·萨瑟兰 伯顿·兰开斯特 Francesca Bertini 劳拉·贝蒂 Werner Bruhns,从摇篮到坟墓——历史与变革的牺牲品！,农场主的孙子阿弗雷德与农户的孙子奥尔茂在作曲家威尔第死去的第一天出生，两个人从小就开始较量并在较量中结下了友谊。由于他们的出身和经历不同，两个人有着完全不同的人生观。奥尔茂最终成为一名共产主义战士，阿弗雷德则成为法西斯的辩护人。影片最后，1945年，艾米里农庄迎来了共产主义的春天，奥尔茂带着农户们在小广场上举起了一面巨大的红旗，举行了阿弗雷德的公审大会……
黄昏的清兵卫,2002,2002-11-02,剧情 爱情,129,78,日语,山田洋次,Shuhei Fujisawa,真田广之 宫泽理惠 小林稔侍 吹越满 田中泯 大杉涟 Hiroshi Kanbe Miki Ito Ito Senba,,一部以19世纪末日本为背景的家庭剧，彼时封建幕府时代正逐步让位于明治维新。[Empire Pictures]
小萝莉的猴神大叔,2015,2015-07-17,喜剧 剧情 冒险,159,78,印地语,卡比尔·汗,维杰耶德拉·普拉萨德,萨尔曼·汗 哈莎莉·马洛特拉 纳瓦祖丁·西迪基 卡琳娜·卡普 沙拉蒂·瑟斯纳 欧姆·普瑞 拉什·沙玛 梅·维贾 Mohommed Ali Shah,,印度教教徒 Bajrangi，与 Rasika 在新德里的月光集市相遇，彼此有所误解而成为一对冤家，但他们却联手帮助一位有语言障碍的穆斯林小女孩沙希达，让她回到自己的家乡与家人团聚。
史酷比：恐怖露营,2010,2010-09-14,动画 喜剧 家庭 悬疑,72,78,英语,Ethan Spaulding,Jed Elinoff,弗兰克·维尔克 Mindy Cohn 马修·利拉德 格蕾·德里斯勒 迪·布拉雷·贝克尔 马克·哈米尔 菲尔·拉马 斯科特·门维尔 斯蒂芬·鲁特,Back-to-nature chills and thrills!,"Scooby and the gang experience outdoor fun as they go back to Fred's old summer camp. As summer goes on, it becomes increasingly clear that the spooky camp stories told by the fireplace, are more real than they've though and soon, it's up to the gang to try and solve the mystery of camp scare."
醉酒的女人,1974,1974-11-18,剧情 爱情,146,78,英语,约翰·卡萨维蒂,,吉娜·罗兰兹 彼得·福克 Fred Draper Lady Rowlands Katherine Cassavetes Matthew Labyorteaux Matthew Cassel Christina Grisanti George Dunn,今日女性，她的世界，她的热爱。,这部作品毫不妥协地刻画家庭动荡，细致展现了一位郊区家庭主妇的情感崩溃，以及她的家人如何奋力将她从自我毁灭中拯救出来。吉娜·罗兰兹与彼得·福克奉献了令人难忘的揪心演绎，饰演一对深爱彼此却无法以对方能理解的方式表达激情的夫妻。这部美国电影史上的里程碑之作，或许是传奇导演约翰·卡索维茨最受珍爱的作品。[标准收藏]
我脑海中的橡皮擦,2004,2004-11-05,剧情 爱情,117,78,朝鲜语,李宰汉,,郑雨盛 孙艺珍 白钟学 李善珍 朴相奎 金熙玲 善智贤 金富善 张仁汉,"Everything passes away, but I wish I could remember my love forever.",秀真（孙艺珍饰）是一个富家女，跟男友出走却被抛弃，在便利店内与在建筑公司当工人的哲洙（郑宇成饰）相遇。未来的日子里，他们一次又一次相遇，最终彼此相爱了。  　　哲洙知道自己与秀真的身份悬殊，所以不敢轻易表白情谊，秀真向哲洙求婚。  　　就算秀真父母阻拦，他们爱情的力量还是说服了父母。  　　婚后生活甜蜜，秀真还帮忙修复了哲洙与母亲的关系。可是好景不长，秀真的记忆力开始一天比一天衰退，得了阿滋海默氏症，大脑在逐渐死亡。  　　病魔深深折磨这相爱的两人，秀真有完全忘记一切的一天，可是哲洙却无法从此丢下秀真。  　　他们的爱，能帮他们跨越记忆的考验吗
灌篮高手,2022,2023-04-20,动画 喜剧 剧情,124,78,日语,井上雄彦,,仲村宗悟 笠间淳 三宅健太 神尾晋一郎 木村昴 宝龟克寿 濑户麻沙美 岩崎谅太 堀井茶渡,17 years and... 40 minutes.,宫城良田、三井寿、流川枫、樱木花道和赤木刚宪终于站在全国大赛的赛场，代表湘北高中与日本最强球队山王工业展开激烈对决。面对强大的对手，湘北五人组没有退缩，在安西教练的指导下，他们抱着破釜沉舟的决心热血奋战，究竟湘北能否取得比赛的最终胜利？
幽灵马车,1921,1921-01-01,剧情 奇幻 恐怖,108,78,瑞典语,维克多·斯约斯特洛姆,Selma Lagerlöf,维克多·斯约斯特洛姆 Hilda Borgström Tore Svennberg Astrid Holm Concordia Selander Lisa Lundholm Tor Weijden Einar Axelsson Olof Ås,Do the Dead Come Back? Can Your Soul Leave Your Body...And Return Again?,故事发生在新年来临之夜，传说每年的这个夜晚，死神就会来到人间挑选一个罪孽深重的人来驾驶他的马车。这次被选到的是个抛妻弃子又嗜酒如命的流浪汉，在流浪汉由于自己的作风问题而即将被夺走生命时，一个孱弱的修女用基督之爱拯救了他
芬妮与亚历山大,1982,1983-10-08,奇幻 剧情 悬疑,188,78,瑞典语,英格玛·伯格曼,,Pernilla Allwin Bertil Guve 简·马尔姆斯 Ewa Fröling Gunn Wållgren Börje Ahlstedt Anna Bergman Kristina Adolphson 厄兰·约瑟夫森,,透过十岁少年亚历山大的眼睛，我们见证了艾克达家族的欢欣与纠葛——这个枝叶繁茂的资产阶级家族生活在二十世纪初的瑞典。英格玛·伯格曼将本片视作自己的天鹅之歌，这也是导演最为温情、自传色彩最浓的电影。这部荣获奥斯卡奖的杰作，将他标志性的忧郁与情感张力同丰沛的欢愉和感官之美融为一体。伯格曼曾将本片描述为“我作为电影创作者一生的总和”。[标准收藏]
完美的日子,2023,2024-11-09,剧情,125,78,日语,维姆·文德斯,高崎卓马,役所广司 柄本时生 中野亚梨沙 山田葵 麻生祐未 石川小百合 三浦友和 田中泯 Miyako Tanaka,拥抱当下，体悟生命日常,这是一部讲述平凡人在日常生活中寻找美好的电影。主人公平山（役所广司 饰）是一名清洁工，对于平凡而规律的工作生活感到满足。除此之外，他热爱音乐、书籍和拍摄树木的照片。一系列意外的相遇逐渐揭示了他更多的过去……
恩赐妙手：班·卡森医师,2009,2009-02-07,剧情,86,78,英语,Thomas Carter,John Pielmeier,小库珀·古丁 金伯莉·伊丽丝 安洁纽·艾莉丝-泰勒 Harron Atkins Ele Bardha Loren Bass Geoffrey Beauchamp Tajh Bellow Lesley Bevan,,本·卡森，是一个天才的神经外科医生，从贫民升任为约翰·霍普金斯医院的少儿神经外科负责人。他接受各种挑战，以挽救孩子的生活。本片讲述了他的谦虚和诚实的故事，同时也是一个鼓舞人心的爱情故事……
蒲公英,1985,1985-11-23,喜剧,115,78,日语,伊丹十三,,山崎努 宫本信子 渡边谦 役所广司 Rikiya Yasuoka 櫻金造 Hyōe Enoki Gō Awazu Mario Abe,这是一部“拉面西部片”！,本片讲述一群特立独行的烹饪浪人，帮助面馆遗孀追寻完美食谱的故事。日本导演伊丹十三这部狂热的“拉面西部片”，以戏谑笔触讽刺社会习俗如何扭曲人类最本能的欲望——食欲，在类型错位的娱乐冒险中展开叙事。影片交织着蒲公英（宫本信子 饰）与朋友们为经营好面馆付出的努力、美食家黑帮的香艳奇遇，以及雅俗共赏的饮食文化掠影。这部甜蜜、性感又超现实的影片，是对滋养感官之乐的一曲华丽礼赞，亦是影史中最令人垂涎的美食电影典范之一。[标准收藏]
喜剧之王,1982,1983-02-18,剧情 喜剧,109,78,英语,马丁·斯科塞斯,保罗·D·齐默尔曼,罗伯特·德尼罗 杰瑞·刘易斯 戴安娜·阿伯特 Sandra Bernhard Shelley Hack Frederick de Cordova Ed Herlihy Lou Brown Loretta Tupper,"宁为一夜之王,毋做一世闷蛋。",痴迷脱口秀笑话表演的鲁帕（Robert De Niro 饰）梦想自己也能站在舞台上享受观众的欢呼，借疯狂粉丝玛莎（Sandra Bernhard 饰）创造的机会，鲁帕得以和脱口秀明星杰瑞交谈，鲁帕踌躇满志的自我介绍，虽然杰瑞敷衍了事，但鲁帕仍视自己为杰瑞的好友。为了能在心爱的丽塔面前出人头地，鲁帕不惜一些代价要获得与杰瑞同台表演的机会，另一方面杰瑞被鲁帕的纠缠搞到忍无可忍，将鲁帕与并不知情的丽塔赶出家门。杰瑞的行为激怒了鲁帕，他与玛莎合作绑架杰瑞，威胁电视台播放自己的表演，鲁帕终于如愿以偿，掀起一场轩然大波……
断背山,2005,2005-12-09,剧情 爱情,134,78,英语,李安,戴安娜·奥萨娜,希斯·莱杰 杰克·吉伦哈尔 米歇尔·威廉姆斯 安妮·海瑟薇 兰德尔·奎德 琳达·卡德里尼 安娜·法瑞丝 大卫·哈伯 罗伯塔·麦克斯韦,爱是与生俱来的力量 愿天下有情人终成眷属,美国怀俄明州的西部，沉默寡言的农夫恩尼斯·德·玛尔和热情开朗的牛仔杰克·特威斯特一道被派到山上牧羊，那里人迹罕至，他们只有与羊群为伴，生活单调无味。一个天寒地冻的夜晚，在酒精与荷尔蒙的作用下，他们做了“不该做的事情”，也就此他们在断背山上度过了人生中最美好的时光。季节性放牧结束，迫于世俗压力，杰克和恩尼斯不舍地与对方分离并各自结婚生子。恩尼斯迎娶了自幼相识的阿尔玛，并有了两个可爱的女儿；杰克到了德州，在妻子露琳家族的扶植下事业顺利，还有了个儿子。虽然彼此真心相应，他们只能每年定期约会。一边知情的阿尔玛痛苦无比，而他们又无法满足一年只有几天的团聚。这时意外发生……
夏日友晴天,2021,2021-08-20,动画 家庭 奇幻 喜剧 剧情,95,78,英语,埃里康·卡萨罗萨,杰西·安德鲁斯,雅各布·特伦布莱 杰克·迪伦·格雷泽 艾玛·伯曼 萨维里奥·雷蒙多 玛娅·鲁道夫 马可·巴里切利 吉姆·加费格安 彼德·松 洛伦佐·克里斯奇,海边的盛夏是少年珍贵的友谊和成长的秘密,在意大利的一个美丽海滨小镇上，一个名为卢卡的小男孩与好朋友们一起渡过难忘的夏天，过程中充满了冰淇淋、意大利面和摩托车。然而，路卡却有一个秘密——他是来自水底世界的海怪，且只要一接触到水，就会原形毕露……
闻香识女人,1992,1992-12-23,剧情,156,78,英语,鲁杰罗·马卡里,迪诺·里西,阿尔·帕西诺 克里斯·奥唐纳 詹姆斯·瑞布霍恩 加布里埃尔·安瓦尔 菲利普·塞默·霍夫曼 理查德·文彻 布莱德利·惠特福德 朗·埃达德 罗谢尔·奥利弗,"Frank Slade has a plan. It includes a weekend of fast cars, the tango, high living and a loaded forty five. And Charlie is coming along for the ride.",查理（克里斯•奥唐纳 Chris O'Donnell 饰）是一个普通的中学生，他因为见证着一件恶作剧但又不想出卖朋友，于是面临着一道艰难的选择题——要么坦白，要么被学校勒退。而史法兰（阿尔•帕西诺 Al Pacino 饰）是一个退伍军官，因为意外失明，人生从顶点的辉煌滑落谷底。自从两人的人生有了交集，命运的转折慢慢清晰。史法兰打算结束失去了意义的生活，于是在查理的陪伴下，尽情享受着人生最后一趟出行。他吃最美味的佳肴，买光鲜的汽车，在狭窄的街道上飚车，住在豪华的套房里，跟随陌生女子的袅袅香水味，跳一段优雅性感的探戈……极乐的疯狂后，他拿枪对准了自己的头颅。然而，查理声嘶力竭的劝阻改变了一切，曙光亦渐渐在这个老人心中重新升起，二人情深如父子。史法兰在学校礼堂激昂演说，挽救了查理的前途，讽刺了学校的伪善。二人在互相鼓舞中得到重生。
标准之外,2019,2019-10-23,喜剧 剧情,114,78,法语,埃里克·托莱达诺,奥利维埃·纳卡什,文森特·卡塞尔 瑞达·凯特布 海伦娜·文森特 Bryan Mialoundama Alban Ivanov Benjamin Lesieur Marco Locatelli Catherine Mouchet Frédéric Pierrot,,二十年来，般奴和马力克生活在一个不同的世界当中，那是一个属于患自闭症的儿童和青少年的世界。他们二人分别管理The Hatch & The Shelter两个非牟利机构，目标在贫困地区培训年青人担任守护工作，负责照顾一些被其他机构拒于门外的重度患者个案。这非传统的合作关系展现了非一般的人生。
爱情短片,1988,1988-08-21,剧情 爱情,86,78,波兰语,克日什托夫·基耶斯洛夫斯基,克日什托夫·皮耶谢维奇,Grażyna Szapołowska Olaf Lubaszenko Stefania Iwińska Piotr Machalica 阿图尔·巴奇斯 Stanisław Gawlik Tomasz Gradowski Rafal Imbro Jan Piechociński,,影片讲述男孩汤马克用天文望远镜偷窥住在对面公寓大厦的女人玛格达，不知不觉中迷恋上她的故事。她的一举一动都使汤马克魂牵梦绕，她的一颦一笑更是牵动他所有的神经。透过望远镜，汤马克看到玛格达和男人做爱的情景，迟迟不敢示爱。直到他看到她痛哭失意的时候，汤马克才鼓足勇气提出邀约。可玛格达拒绝了他的表白。汤马克纯真爱情的信念一下倒塌了，此时的他想用自杀来守住这份对爱情的忠贞。自杀没有成功，等他出院的时候，玛格达居然开始迷恋上了他。
沙丘,2021,2021-10-22,科幻 冒险,156,78,英语,丹尼斯·维伦纽瓦,弗兰克·赫伯特,提莫西·查拉梅 丽贝卡·弗格森 奥斯卡·伊萨克 杰森·莫玛 斯特兰·斯卡斯加德 斯蒂芬·亨德森 乔什·布洛林 哈维尔·巴登 莎朗·邓肯-布鲁斯特,预见命运 主宰未来,电影《沙丘》为观众呈现了一段神秘而感人至深的英雄之旅。天赋异禀的少年保罗·厄崔迪（提莫西·查拉梅 饰）被命运指引，为了保卫自己的家族和人民，决心前往浩瀚宇宙间最危险的星球，开启一场惊心动魄的冒险。与此同时，各路势力为了抢夺这颗星球上一种能够释放人类最大潜力的珍贵资源而纷纷加入战场。最终，唯有那些能够战胜内心恐惧的人才能生存下去。
让子弹飞,2010,2010-12-20,动作 喜剧,132,78,汉语,姜文,危笑,姜文 周润发 葛优 刘嘉玲 邵兵 廖凡 杜奕衡 李静 张默,让子弹飞一会儿。,故事发生在1920年北洋年间的南国。买官上任的县长马邦德（葛优 饰）携妻（刘嘉玲 饰）、师爷（冯小刚 饰）及随从在赴任途中，遭遇悍匪张麻子（姜文 饰）伏击。为保命，马邦德谎称自己是师爷，并怂恿张麻子冒充县长，前往油水丰厚的“鹅城”捞钱。  然而，鹅城实际被称霸五代、贩卖鸦片、勾结官府的恶霸黄四郎（周润发 饰）完全掌控。张麻子上任后，非但不与黄四郎同流合污，反而痛打其团练武教头（姜武 饰），并当众宣布追求“公平”。此举激化了双方矛盾。  黄四郎设计陷害，逼死了张麻子的义子小六（张默 饰）。丧子之痛让张麻子下定决心，要为小六报仇，并向黄四郎正式宣战。双方展开了一系列惊心动魄的智谋与武力较量：从“鸿门宴”上的试探，到绑架“黄四郎替身”索要赎金，再到分发银子与枪支试图发动群众。  张麻子最终发现，要战胜黄四郎，不能只靠自己和兄弟的枪，关键是要破除百姓心中的恐惧。他利用黄四郎替身被斩首的契机，成功鼓动民众一举攻陷了黄家碉楼。黄四郎众叛亲离，最终在碉楼自爆而亡。  结局：虽然鹅城重获“公平”，但张麻子的兄弟们在胜利后选择离开，前往象征着新世界的“上海浦东”过轻松的生活。只有张麻子一人，孤独地骑着白马，跟随着远去的火车，留在了这片他曾为之奋斗的土地上。
意大利教父,2000,2000-09-01,剧情 历史,114,78,意大利语,马可·图利欧·吉欧达纳,Claudio Fava,路易吉·洛·卡肖 Luigi Maria Burruano Lucia Sardo Paolo Briguglia Tony Sperandeo 安德里亚·蒂多纳 Claudio Gioè Domenico Centamore Antonino Bruschetta,,佩皮诺-因帕斯塔托（Peppino Impastato）是 20 世纪 70 年代西西里岛上一个聪明伶俐的孩子。佩皮诺出身于一个与黑手党有联系的家庭，家离当地老大塔诺-巴达拉门蒂（Tano Badalamenti）的家只有一百步之遥，尽管如此，佩皮诺还是决定揭露黑手党，他利用一个海盗电台，以讽刺幽默的形式广播自己的政治宣言。
穿越时空的少女,2006,2025-01-11,奇幻 动画 剧情 科幻,98,78,日语,细田守,筒井康隆,仲里依纱 石田卓也 板仓光隆 垣内彩未 谷村美月 关户优希 桂歌若 安藤绿 立木文彦,我在未来等你,17岁少女绀野真琴是一个活泼跳脱的少女。在一次普通值日工作中，真琴不小心摔倒了，自此她发现自己拥有了穿越时空的能力。她兴奋不已，掌握了穿越时空的方法后，她经常用这个方法去解决生活中许多令她困扰十分的事。喜欢棒球的真琴与同班的两名男生千昭与功介有着共同爱好。一天，与她本是好朋友的千昭突然向她表达爱意，手足无措了她再次穿越时空希望可以躲避这件事的发生。但没想到，千昭会跟同学友梨在一起了，而友梨也是一直喜欢千昭的。此时，暗恋功介的果穗误以为真琴是功介的女友。为了帮忙解决朋友的问题，真琴不断以同样的方法回到过去。她突然发现自己手臂上的数字原来是穿越时空的次数，次数变得越来越少，与此同时她也发现了千昭的秘密……
回到未来2,1989,1989-11-22,冒险 喜剧 科幻,108,78,英语,鲍勃·盖尔,罗伯特·泽米吉斯,迈克尔·J·福克斯 克里斯托弗·劳埃德 莉·汤普森 托马斯·F·威尔森 伊丽莎白·苏 詹姆斯·托根 杰弗里·韦斯曼 凯西·希玛兹科 比利·赞恩,路？我们要去的不需要路！,马丁（Michael J. Fox 饰）才回到现实世界与女友团聚，布朗博士（Christopher Lloyd 饰）就心急火燎地把他们带到了30年后的未来世界，原来这一次是马丁未来的两个孩子因参与抢劫锒铛入狱，博士要携马丁一起阻止悲剧发生。周旋一番后，两个孩子被成功挽救，但三人回到现实世界后，却发现周遭发生了天翻地覆的变化，世界被贝夫（Thomas F. Wilson饰）所控制，马丁的父亲乔治惨死，母亲洛莲（Lea Thompson 饰）竟然成了贝夫的妻子！这一切都是因为时光机器的秘密不慎被未来的老贝夫识破，他偷偷回去捣鬼，竟因此使得整个世界都在他的掌握下！马丁与博士再次踏上时光穿梭的征途，希望将世界扳回正轨。
焦点新闻,1969,1969-02-26,惊悚 犯罪 剧情,127,78,法语,科斯塔-加夫拉斯,Vasilis Vasilikos,Yves Montand 艾琳·帕帕斯 让-路易斯·特林提格南特 雅克·贝汉 Charles Denner François Périer Bernard Fresson Pierre Dux Georges Géret,He is alive!,一名左翼人士遭谋杀后，调查员竭力揭露真相，而政府官员却试图掩盖罪行。
兽兵卫忍风帖,1993,1993-06-05,奇幻 动画 动作,91,78,日语,川尻善昭,,山寺宏一 筱原惠美 青野武 乡里大辅 大友龙三郎 大森章督 高岛雅罗 若本规夫 关俊彦,"Feudal Japan—a time of danger, intrigue and deception . . .",在一个风雨交加的晚上，一伙神秘的人策马狂奔向下田村的方向，之后这个村子就爆发了一场瘟疫，所有的村民都死了。在望月番番主的首肯下，甲贺组众忍者前往该村调查，不料路上遇到一个刀枪不如的彪形大汉的袭击，只有忍女炎阳（筱原惠美 配音）在一个男子的帮助下虎口逃生。帮助炎阳的这个人就是牙神兽兵卫（山寺宏一 配音）， 不久之后他重了那个大汉的埋伏，两人一场血斗，最后兽兵卫险胜。这时一个自称是将军手下公义的小老头浊庵（青野武 配音）出现在兽兵卫面前，原来被杀死的大汉是鬼门八人众之一，将军对头的手下，浊庵等公义一直在跟踪他们，但其他公义都被杀了，只有浊庵一直跟踪到这里。浊庵的连哄带骗加诡计，以一百两雇兽兵卫协助他掉查此事，而且据他说鬼门八人众的头是已经被兽兵卫亲手杀死的冰室弦马（乡里大辅 配音），难道死人还能复活？在与鬼门八人众的交手中，炎阳再次出现并且救了兽兵卫，但她说这只是为了报恩。真的是这样吗……
临租家庭,2025,2025-11-21,剧情 喜剧,103,78,英语,宫崎光代,Stephen Blahut,布兰登·费舍 平岳大平 玛丽·亚马莫托 香农·戈尔曼 柄本明 保罗·安德里亚·迪·皮耶特罗 海伦·萨德勒 Shinji Ozeki Bun Kimura,Happiness tailored to you!,本片讲述了一位在东京落魄的美国演员的故事。他受雇于一家日本家庭租赁公司，充当门面上的“美籍演员”，由此通过扮演他人生活中的各种角色，踏上了一段意想不到的自我发现之旅。
鲸,2022,2022-12-09,剧情,117,78,英语,达伦·阿罗诺夫斯基,塞缪尔·D·亨特,布兰登·费舍 萨迪·辛克 泰·辛普金斯 周洪 萨曼莎·莫顿 实谛·史达仁 杰西·辛克 艾莉森·奥特曼 Lance Oppenheim,我曾想要相信。,达伦·阿伦诺夫斯基将执导、编写新片《庞然大物》(The Whale)，布兰登·费舍(《森林泰山》《木乃伊》《地心历险记》)主演，A24出品。
不要为恶,2015,2015-09-08,犯罪 剧情,102,78,意大利语,Claudio Caligari,Francesca Serafini,卢卡·马里内利 Alessandro Borghi Silvia D'Amico Roberta Mattei Alessandro Bernardini Valentino Campitelli Elisabetta De Vito 埃马努埃拉·法内利 Giulia Greco,,这是一个发生于九十年代罗马的奥斯蒂亚镇的故事，彼时享乐主义统治的世界充斥着金钱、豪车、夜总会与合成毒品。二十多岁的童年好友维托里奥和凯撒也正为之而奋斗。但即使是生存，其成本也超过他们的负担。在凯撒不断堕落至无药可救的路上，维托里奥毅然决然地抛弃了他。然而，令他们没有想到的是，两人彼此之间的纽带是那么的紧密，以至于前者其实从未将后者放弃……
冲出康普顿,2015,2015-08-11,剧情 音乐 历史,147,78,英语,安德里亚·贝洛夫,菲利克斯·加里·格雷,小奥谢·杰克逊 科里·霍金斯 杰森·米切尔 小尼尔·布朗 阿尔迪斯·霍吉 保罗·吉亚玛提 R. Marcos Taylor 拉基思·斯坦菲尔德 卡拉·帕特森,The world's most dangerous times created the world's most dangerous group.,1980年代中期，加州康普顿的街头因犯罪、毒品、黑帮等问题成为美国最危险的地方之一，五个出身此地的年轻人：爱斯·库柏（小奥谢拉·杰克逊 O'Shea Jackson Jr. 饰）、MC Ren（阿尔迪斯·霍吉 Aldis Hodge 饰）、德瑞博士（科里·霍金斯 Cor ey Hawkins 饰）、DJ耶拉（小尼尔·布朗 Neil Brown Jr. 饰）、Eazy-E（杰森·米切尔 Jason Mitchell 饰）集合起来，组成了说唱组合N.W.A，将他们的成长经历转化成粗鲁直接的音乐，并借此向当局传达他们的反抗心声。
亲密,2022,2023-04-22,剧情,105,78,法语,卢卡斯·德霍特,安杰洛·蒂森斯,伊登·丹布林 古斯塔夫·德·瓦埃勒 艾米莉·德奎恩 蕾雅·德吕盖 伊戈尔·范·德塞尔 凯文·詹森斯 Marc Weiss Léon Bataille 丝琳 阿雅里,,里奥和雷米这对十三岁的挚友，他们看似坚不可摧的情谊，突然而悲剧地被撕裂。这部荣获戛纳电影节评审团大奖的影片，是卢卡斯·德霍特的第二部长片，以情感转化力和令人难忘的笔触，描绘了友谊与爱情、身份与独立、心碎与治愈的交织。[A24]
犹在镜中,1961,1961-10-16,剧情,89,78,瑞典语,英格玛·伯格曼,,哈丽特·安德森 甘纳尔·布耶恩施特兰德 马克斯·冯·西多 Lars Passgård,,在一座偏远岛屿度假时，一个家庭脆弱的纽带因女儿卡琳（哈里特·安德森 饰）的发现而面临考验——她的父亲（古纳尔·布约恩斯特兰德 饰）一直在利用她的精神分裂症为自己的文学创作服务。随着卡琳在清醒与迷乱间不断挣扎，她的父亲、丈夫（马克斯·冯·叙多夫 饰）和弟弟（拉斯·帕斯高 饰）皆无力阻止她坠入精神疾病的深渊。这部荣获奥斯卡最佳外语片奖的影片，作为英格玛·伯格曼探讨信仰与信仰丧失三部曲的首部作品，以冷峻的视角呈现了一个家庭几近崩解的过程，以及一颗受尽折磨的心灵在上帝存在之虚无中的苦苦挣扎。[标准收藏]
星际5555：异星梦系统秘传,2003,2003-05-28,动画 科幻 音乐 冒险,68,78,英语,松本零士,西尾大介,罗曼托尼 托马斯·本高特,The animated House Musical.,在宇宙的彼方有一颗美丽的行星Discovery，那里和平地生活着一群外貌与地球人无异，只是肤色为蓝色的人。在这个星球上，有一支摇滚乐队The Crescendolls很受欢迎，乐队有四名成员：低音吉他手Stella、吉他手Arpegius、键盘兼主唱Octave及鼓手Baryl。就在一次演出时，一艘宇宙飞船突然闯入，将这四人绑架并掳到地球，他们不但被洗脑，更被改饰成地球人，这原来全是一名邪恶的经纪人Darkwood伯爵的阴谋，他将四人包装成流行乐队，收为麾下，剥夺了他们意识和自由，他们在Darkwood伯爵的百般摆布下，超负荷地出席无数公开场合和表演，竟然只是为了征服全球乐坛排行榜。一直倾慕Stella的太空巡逻员Shep追至地球，为营救众人，Shep牺牲了性命。逃出魔掌的四人，通过以身涉险的调查，总算捣破了Darkwood伯爵在音乐界的惊人黑幕。最后，The Crescendolls四人终于返回故乡星球，但他们的音乐仍然在地球上流传，继续为地球人所崇拜和热爱。
无语问苍天,1990,1990-12-19,剧情,120,78,英语,Penny Marshall,斯蒂文·泽里安,罗伯特·德尼罗 罗宾·威廉姆斯 小约翰·赫德 朱莉·凯夫纳 佩内洛普·安·米勒 露丝·尼尔森 马克斯·冯·西多 安妮·米拉 德克斯特·戈登,There is no such thing as a simple miracle.,一名羞怯内向但对实验充满热忱的脑科医生，对院内一群沉睡三，四十年的脑部疾病患者大胆用药，结果奇迹似的使病人于一夕之间苏醒，重新体验生命中的悲喜。受到鼓舞的医生亦试著和病人交往。未料新药效果无法持续，使得病人再度沉睡。
步履不停,2008,2008-06-28,剧情 家庭,115,78,日语,是枝裕和,,阿部宽 夏川结衣 江原由希子 高桥和也 田中祥平 野本萤 林凌雅 寺岛进 树木希林,人生路上步履不停，为何总是慢一拍,这部抒情而深切动人的影片是当代日本电影大师是枝裕和迄今为止最个人化的作品。影片为纪念其已故母亲而创作，描绘了横山家聚集举行纪念仪式的一天——其背后的深意随剧情推进才逐渐清晰。导演并未着力于强烈的戏剧冲突，而是通过细微的举止与家庭日常（尤其是烹饪）来勾勒一个家族的全部生活，其间贯穿着深藏的遗憾与平凡的欢欣。影片凭借鲜活而令人心碎的表演，以及回归导演早期纪录片风格的温柔自然主义笔触，非凡地刻画了那些将我们紧密相连的羁绊。[标准收藏公司]
神之山岭,2021,2021-09-22,动画 冒险 悬疑,95,78,法语,Patrick Imbert,Magali Pouzol,Éric Herson-Macarel Damien Boisseau Elisabeth Ventura Lazare Herson-Macarel Kylian Rehlinger François Dunoyer Philippe Vincent 吕克·伯纳德 Marc Arnaud,,《神之山岭》改编自著名漫画家谷口治郎和作家梦枕貘的漫画系列，在影片中，年轻的日本摄影记者深町发现了一部或将改变登山历史的相机。这部相机指向神秘的羽生丈二 — 一名据传已经失踪多年的孤狼登山者。深町进入了狂热登山者的世界，这些登山者们对难以征服的高山充满向往，在这个旅程中，深町一步一步地走向了神之山岭。
我的一生,2020,2020-12-04,爱情 剧情,91,78,英语,Marc Meyers,Todd Rosenberg,杰西卡·罗德 岑勇康 Michael Masini Chrissie Fit Greg Vrotsos Ever Carradine Marielle Scott Jay Pharoah 凯尔·艾伦,Based on a true love story.,影片讲述一对恋人索罗门和简在筹备婚礼期间，索罗门查出罹患肝癌，两人为完成心愿，决定将婚礼提前，在善心捐助下，他们如愿完成婚礼，四个月后，索罗门离世。
十诫,1956,1956-10-05,剧情 历史,220,78,英语,塞西尔·布朗特·德米尔,Dorothy Clarke Wilson,查尔顿·赫斯顿 尤·伯连纳 安妮·巴克斯特 爱德华·罗宾逊 伊冯娜·德卡洛 Debra Paget John Derek 塞德里克·哈德威克 Nina Foch,The greatest event in motion picture history!,"改编自大家耳熟能详的圣经故事，由西席地密尔（金球奖的""终身成就奖""便是以他命名）执导，却尔登希斯顿饰演那位带领犹太人出埃及、穿越红海的先知摩西，而埃及法老王则是由光头巨星尤柏连纳饰演；由于本片早已被美国国家电影保护局列为政府收藏作品，足以证明其在影史上不可 动摇的地位，此外本片亦入围了奥斯卡最佳音效、最佳剪辑、最佳服装设计、最佳摄影、最佳艺术指导、最佳影片、及最佳特效（得奖）等多项大奖，是一部不可错过的影史经典之作。"
男人的争斗,1955,1955-04-13,犯罪 惊悚 剧情,118,78,法语,奥古斯特·勒布勒东,Jules Dassin,Jean Servais Carl Möhner Robert Manuel Janine Darcey Pierre Grasset 罗伯特·侯赛因 Marcel Lupovici Dominique Maurin 玛加莉·诺埃尔,...Means Trouble!,在执导《血溅虎头门》《不夜城》等美国黑色电影经典后，遭黑名单迫害的导演朱尔斯·达辛远赴巴黎，铸就了这部职业生涯的杰作：影片以曲折迂回的笔触，讲述了四名前科犯在光明之都精心策划最后一场华丽劫案的故事。本片堪称盗匪电影的终极范式，它将悬疑、暴烈与黑色幽默熔铸成一部国际轰动的融合体，为达辛赢得戛纳电影节最佳导演奖，更对后世数十年的劫案惊悚片产生了深远影响。[标准收藏公司]
飞向太空,1972,1972-03-20,剧情 科幻 悬疑,165,78,俄语,安德烈·塔可夫斯基,斯坦尼斯瓦夫·莱姆,娜塔莉亚·邦达尔丘克 多纳塔斯·巴尼奥尼斯 Jüri Järvet Vladislav Dvorzhetsky 尼古拉·格林科 阿纳托利·索洛尼琴 Olga Barnet Vitalik Kerdimun Olga Kizilova,噩梦成真的星球……,地面控制中心持续收到来自索拉里斯空间站三名幸存宇航员的神秘信号。当宇航员兼心理学家克里斯·凯尔文被派往调查时，他遭遇了与空间站成员相同的奇异现象，由此踏上通往自我意识深处最黑暗角落的旅程。凭借本片，传奇俄罗斯导演安德烈·塔可夫斯基创造了一部极具独创性的科幻史诗，对爱、真理乃至人性本身的既有观念发起挑战。[标准收藏]
黄金时代,1946,1946-12-25,剧情 爱情,172,78,英语,威廉·惠勒,MacKinlay Kantor,达纳·安德鲁斯 Fredric March Harold Russell Teresa Wright Myrna Loy 凯茜·奥唐奈 Virginia Mayo Hoagy Carmichael 格拉迪斯·乔治,Three wonderful loves in the best picture of the year!,三位二战老兵回到美国小镇的家中，发现他们与家人的生活早已不复往昔。
他们已不再变老,2018,2019-11-11,纪录 历史 战争,99,78,英语,彼得·杰克逊,,Thomas Adlam William Argent John Ashby Attwood Walter Aust Donald Bain Thomas Baker George Banton Walter Becklake,,彼得·杰克逊运用最先进的技术修复了百年以上的原始档案影像，让那些最能讲述这段历史的人——亲历者——重现于世。出于对第一次世界大战的个人兴趣，杰克逊决心还原士兵们的日常生活。在 BBC 和帝国战争博物馆的档案馆中潜心研究数月后，杰克逊逐渐构思出讲述这段历史的叙事方式和策略。影片通过亲历者的讲述，探索了前线战争的真实面貌：他们对战争的态度；他们的饮食、睡眠和友谊；以及他们在战壕之外的闲暇时光。
独行杀手,1967,1967-10-25,犯罪 惊悚 剧情,105,78,法语,让-皮埃尔·梅尔维尔,乔治·佩勒格兰,阿兰·德龙 François Périer Nathalie Delon Cathy Rosier Michel Boisrond Catherine Jourdan Jean-Pierre Posier Robert Favart Jacques Leroy,他唯一的朋友就是他的枪！,阿兰·德龙在此献出其演艺生涯的代表作，饰演拥有武士本能的职业杀手杰夫·科斯特洛。一次计划周密的刺杀完成后，杰夫陷入执着警探与冷酷雇主的两难困局，连他惯常的礼帽与风衣的盔甲亦难再庇护。鬼才导演让-皮埃尔·梅尔维尔以冷峻优雅的笔触，将1940年代美国黑帮电影与1960年代法国流行文化——再调和以浓厚的日本孤胆武士美学——淬炼成这部锋锐无比的风格化杰作。[标准收藏]
畸形人,1932,1932-02-12,剧情 恐怖,64,78,英语,托德·布朗宁,Leon Gordon,Harry Earles Olga Baclanova Daisy Earles Henry Victor Wallace Ford Leila Hyams Roscoe Ates 安杰洛·罗西托 Jerry Austin,Can a full grown woman truly love a midget?,本部饱受争议的离奇影片围绕马戏团里一群畸形人展开。矮人汉斯（哈利·厄尔斯 Harry Earles饰）暗自倾心于“正常人”——美貌的秋千表演者克里奥佩特拉（奥尔加·巴古拉诺娃 Olga Baclanova饰），同为侏儒人的弗里达（黛西·厄尔斯 Daisy Earles饰）告诫汉斯，她只是为他的钱财。克里奥佩特拉与“正常人”大力士赫克留斯（道格•霍奇森 Henry Victor饰）两人相好，设计让克里奥佩特拉嫁给汉斯得到钱财。婚礼上，克里奥佩特拉大吼在场的人都是“FREAKS”，激怒了所有畸形人。雨夜，畸形人对这两个“正常人”展开了报复……
一封陌生女子的来信,1948,1948-04-28,剧情 爱情,86,78,英语,斯蒂芬·茨威格,马克斯·奥菲尔斯,琼·芳登 路易斯·乔丹 梅迪·克里斯蒂安丝 马塞尔·朱尔内 亚瑟·史密斯 卡罗尔·约克 霍华德·弗里曼 John Good 里奥·佩辛,这是每位女性都为之而活的挚爱……也是每位男性都愿为之献身的深情！,1885年，14的丽莎暗恋着住在隔壁的钢琴家斯蒂芬。风流的斯蒂芬常把女人带进他的寓所，而年少的丽莎则对那个神秘世界羡慕不已。即便搬走后她仍对钢琴家难以忘怀。当她出落成了一个美丽的女郎，回来寻找钢琴家，并同他发生了关系。钢琴家很快将丽莎如其他女子般遗忘。丽莎生下了他的儿子后来嫁给了一个奥地利贵族。15年后，两人再次相逢，她离开丈夫最后一次献身于这个她惟一所爱的男人，钢琴家如往常一样逢场作戏，并将她很快忘记。最后儿子得伤寒而死，心力交瘁丽莎写了封长信给钢琴家，述说了15年来她从未停止的爱。丽莎死后，悲痛的丈夫要求同钢琴家决斗，在读到丽莎这封感人至深的信后，原本准备逃走的他登上了驶往决斗地的马车……
一生,2023,2024-01-01,历史 剧情,109,78,英语,詹姆斯·霍斯,Lucinda Coxon,安东尼·霍普金斯 强尼·弗林 莉娜·奥林 罗莫拉·加莱 亚历克斯·夏普 乔纳森·普雷斯 海伦娜·伯翰·卡特 Juliana Moska 齐吉·希思,"Save one life, save the world.",安东尼·霍普金斯、强尼·弗林将主演大屠杀题材新片[一生](One Life，暂译)。艾斯林·沃什([莫娣])执导，露辛达·考克森([丹麦女孩])、尼克·德雷克([我的父亲，罗穆卢斯])操刀剧本。该片根据尼古拉斯·温顿的真实故事改编，讲述在二战期间，29岁的尼古拉斯在纳粹的威胁下，解救了669名捷克斯洛伐克的儿童(其中大部分为犹太人)，并安全送到了英国的寄宿家庭中。半个世纪后，尼古拉斯与这些已成年的孩子们在BBC的电视节目《一生》(One Life)中重聚。See-Saw影业负责该片制作。
禁忌的游戏,1952,1952-05-09,剧情 战争,86,78,法语,François Boyer,勒内·克莱芒,布丽吉特·佛西 Georges Poujouly Philippe de Chérisey Laurence Badie Suzanne Courtal Lucien Hubert Madeleine Barbulée 雅克·马林 Pierre Merovée,War ... and how it affects the lives of our children,二战期间，一群流亡者在逃离纳粹魔爪的路上遭到德国飞机的轰炸。幸存者中有位叫做保莱的五岁女孩，刚刚目睹了她的父母和她的小狗被炸死。死去的小狗被人抛入河中，保莱急忙赶去把小狗打捞上来。正当她抚摸小狗的尸体时，一个名叫麦可，比她大五岁左右的男孩出现在她面前，并成为她的朋友。麦可把保莱带回农场家中，说服父母收养了这个年幼的孤儿。他还帮保莱将小狗埋在一个废弃的水力磨坊的空场中，以此帮助她克服悲痛之情。但是保莱依然忧愁，为小狗孤单逝去而伤感。两个孩子开始收集其他死去的动物，着手为它们建立一座陵园，并从当地的墓地偷来十字架……  举报
追击者,2008,2008-02-14,犯罪 惊悚 动作,125,78,朝鲜语,罗泓轸,李信昊,金允锡 河正宇 徐英姬 金裕贞 郑仁基 朴孝珠 赵德济 崔政宇 吴妍儿,追击者,已经改行的前刑警忠浩经营着一所按摩院。近来按摩院怪事连连，院内按摩女郎接连失踪，最后一位离开的女郎叫美珍。和美珍最后电话联系的客人号码和所有失踪女郎最后联系的号码惊人一致，但美珍却已经再也联络不上。在寻找美珍的过程中，忠浩偶然遇到一个名叫英民的家伙，因看到对方衣服上沾染血迹，断定该人就是导致按摩女郎接连失踪的罪魁祸首，并对其展开追击。
死亡幻觉,2001,2001-10-26,奇幻 剧情 悬疑,114,78,英语,理查德·凯利,,杰克·吉伦哈尔 吉娜·马隆 詹姆斯·杜瓦尔 德鲁·巴里摩尔 贝丝·格兰特 玛吉·吉伦哈尔 玛丽·麦克唐纳 霍尔姆斯·奥斯本 诺亚·怀尔,28天6小时42分12秒。。。那就是世界末日的时候。,一名问题少年在诡异地逃过一场离奇事故后，不断被一个穿着巨型兔子装的神秘男子幻象纠缠，并被操纵犯下一连串罪行。
警员,2011,2011-10-19,剧情 犯罪,123,78,法语,麦温·勒·贝斯柯,Emmanuelle Bercot,Frédéric Pierrot JoeyStarr 尼古拉斯·杜沃谢尔 Karin Viard 奈德拉·阿亚迪 Karole Rocher Emmanuelle Bercot 麦温·勒·贝斯柯 玛琳娜·佛伊丝,,未成年人保护署的警察们日常除了要看管恋童癖、逮捕少年扒手之外，也许还要在吃午餐的间隙去解决青少年的家庭问题。他们的工作中充斥着糟糕的事，比如审讯虐待儿童的父母，对青少年和儿童的性暴力行为取证，但他们的工作也有好的一面，比如同事间的集体协作和成功的欢笑，这些都让人感到不可思议。至今为止，这些警察们认为最糟糕的事就是，在努力工作的同时，他们应该如何在私生活和现实工作中找到一个平衡点。内务部派一个女记者梅丽莎来制作一本关于未成年人保护署警察们的生活相册，但是性格古怪的弗雷德却十分不喜欢她，想将她排挤出队伍。
晚餐游戏,1998,1998-04-15,喜剧,80,78,法语,弗朗西斯·韦伯,,Jacques Villeret Thierry Lhermitte 弗朗索瓦·乌斯特 Daniel Prévost 爱丽桑德·维特洛 凯瑟琳·弗洛 Edgar Givry 克里斯蒂安·佩雷拉 Benoît Bellal,A feast for the senseless.,"《晚餐游戏》影片讲述了，阿包和一班自命聪明的朋友约星期三晚与行""白痴晚宴""！规则很简单；各人只须携一名""白痴之最""共赴晚餐，便能获得丰富奖品。 这夜，阿包遇见了法素平庸，平庸是一名愚蠢的会计师，亦是专门坏事的麻烦友。相约共赴餐宴前，阿包突然受伤不能外出。在平庸的""悉心照料""下，可笑的事情接踵发生。"
为所应为,1989,1989-06-30,剧情,120,78,英语,斯派克·李,,丹尼尔·艾洛 奥西·戴维斯 露比·迪 理查德·埃德森 吉安卡罗·埃斯波西托 斯派克·李 比尔·努恩 约翰·特托罗 保罗·本杰明,这是今年夏天最热的一天。你可以无所事事，也可以找点事做，或者你还可以……,这部斯派克·李1989年的杰作以布鲁克林贝德-斯图“不成功便成仁”街区的某个街坊为背景，在盛夏时节展开，确立了李作为独具社会关怀的编剧与导演的非凡地位。在短短一天内，一群令人难忘的角色——戴镇长、修女妈妈、爱老爹先生、蒂娜、甜心迪基·威利、巴金·奥特、电台拉希姆、萨尔、皮诺、维托，以及李饰演的穆基等——原本轻松的互动，随着种族分歧引发的紧张升级而演变为激烈对峙，最终爆发为暴力冲突。在公敌乐队《对抗权力》的反复呐喊中，本片成为美国电影的里程碑之作，其政治与情感冲击力及现实意义，至今仍与初登银幕时同样振聋发聩。
叶问,2008,2008-12-12,剧情 动作 历史,106,78,Cantonese,叶伟信,黄子桓,甄子丹 任达华 熊黛林 池内博之 林家栋 樊少皇 释行宇 黄又南 杜宇航,The celebrated Kung Fu master of Bruce Lee.,一九三零年代，中国武术之都的佛山，武风顶盛，各门各派为广纳门徒，经常集体比斗以显实力。叶问(甄子丹饰)习得一身武艺但为人低调，故未有设馆授徒，只待在家中与友人闭门切磋、钻研武术。以金山找(樊少皇饰)为首的北方武师，为了在佛山扬名立万，遂狠狠挫下各派馆主。金山找为搏得佛山市民的认同，决意挑战不问世事的叶问，且不惜一切逼叶问出手。叶问在妻子张永成(熊黛林饰)的鼓励下毅然出手，以熟练的咏春拳大胜金山找。经此一役，佛山掀起了炽盛的咏春热潮。好景不常，中日战争爆发，佛山沦陷，叶家大宅被日军强占，叶问被迫带着妻儿移居废屋。叶问一家生活艰苦，但叶问仍积极面对，一改阔少的态度，到煤炭厂当苦力，自力更生。众中国人默默耕耘之际，一批日军却前来生事，陪伴着日军主任佐腾旁边的翻译官，竟是昔日的佛山巡警李钊(林家栋饰)。日本将军三蒲(池内博之饰)是一名武痴，故以白米作奖赏，邀请中国人到打斗场与日军切磋，藉以观摩中国武术。叶问的好友武痴林(行宇饰)于打斗场内侮辱三蒲，被活生生击毙。叶问为寻找武痴林，到打斗场查看，甫一进场即见廖师傅被佐腾无理射杀。叶问遂把心中悲愤于打斗场上发泄出来，以一敌十，痛击日本人。三蒲对叶问的身手大为欣赏，并表示期待与叶问一战。叶问的挚友周清泉(任达华饰)被沦为山贼的金山找勒索。周清泉为养活一众工人，未有弃厂撤离，令叶问明白到每人都有其使命，遂留在棉花厂教众工人以咏春自卫。金山找再次来袭，一众工友在叶问带领下齐起以咏春反抗，一众卑微的工人竟能以自己的拳头击退山贼，大感振奋。三蒲带兵至棉花厂捉拿叶问，要求叶问向日军传授中国武术。叶问不甘作汉奸，且欲替中国人挽回尊严，遂公然挑战三蒲，要以双拳唤起中国人的团结心。三蒲自视甚高，为保名声毅然应战。佐腾为保三蒲胜出竟暗设埋伏，叶问未知已身陷危机，以咏春力战三蒲的空手道，二人在擂台上展开激烈生死决战!!!
少年收容所,2013,2013-08-23,剧情,96,78,英语,德斯汀·丹尼尔·克雷顿,,布丽·拉尔森 约翰·霍华德·加拉格尔 凯特琳·德弗 拉米·马雷克 拉基思·斯坦菲尔德 凯文·埃尔南德斯 梅洛拉·沃尔特斯 斯蒂芬妮·比阿特丽斯 Lydia Du Veaux,Support them. Take care of them. But don't become their friend.,格蕾丝是青少年收容所的年轻主管，与同事兼长期男友梅森一起照顾着问题少年，同时也在直面各自的过往。
爱,2012,2012-10-24,剧情 爱情,127,78,法语,迈克尔·哈内克,,让-路易斯·特林提格南特 埃玛妞·丽娃 伊莎贝尔·于佩尔 Alexandre Tharaud William Shimell 拉蒙·阿吉尔 Rita Blanco Carole Franck Dinara Drukarova,,乔治与安妮已年逾八旬。他们是一对有教养的退休音乐教师。女儿同样身为音乐家，与家人定居海外。一日，安妮突发中风。这对夫妻相濡以沫的情感羁绊，自此面临严峻的考验。
国王与小鸟,1980,1980-03-19,动画 家庭 奇幻,83,78,法语,保罗·古里莫,汉斯·克里斯蒂安·安徒生,Jean Martin Renaud Marx Agnès Viala Pascal Mazzotti Albert Médina Philippe Derrez Raymond Bussières Roger Blin Claude Piéplu,,保罗·格里莫与雅克·普雷韦于1947年开始创作这个关于扫烟囱青年与牧羊女逃离暴君国王的故事，但因版权纠纷被迫中止制作。制片方在未获格里莫与普雷韦许可的情况下，将未完成版本擅自上映。格里莫耗费十年重获版权，又用二十年筹集资金，最终按两人最初的构想完成了影片。该片于1979年——普雷韦逝世几周后——终于得以完整问世。尽管三十五年来它始终是法国观众挚爱的经典，却因版权问题长期以来未能在美国公映。[Rialto Pictures]
九个皇后,2000,2000-08-31,犯罪 惊悚 剧情,114,78,西班牙语,Fabián Bielinsky,,里卡多·达林 Gastón Pauls Leticia Brédice Gabo Correa Pochi Ducasse Jorge Noya María Mercedes Villagra Ignasi Abadal Carlos Lanari,If you think you've got it figured out... you've been conned.,《九个皇后》(Nine Queens)是阿根廷导演Fabian Bielinsky初试啼声即一鸣惊人的黑色喜剧。故事以老千马可(Marco)和菜鸟胡安(Juan)两个金光党在便利商店中的初识为起点，马可提议两人搭挡作案强过一人单打独斗，因为马可，胡安被卷入一桩贩卖古董邮票Nine Queens的交易行为中，进而无意间卷入了马可的家族遗产纷争之中，爱上了马可的妹妹……
欲盖弄潮,2007,2007-06-16,剧情 爱情,89,78,英语,Jonah Markowitz,,Brad Rowe Trevor Wright Tricia Pierce Tina Holmes Jackson Wurth Katie Walder Matt Bushell Ross Thomas Joy Gohring,The power of being true to yourself.,无论如何，扎克（Trevor Wright 饰）看起来都是一个如此阳光、温柔的男孩，他热爱冲浪，喜欢学习，艺术素养颇高，而且有着十分难得的家庭观念。为了照顾姐姐的孩子，他甚至可以放弃读书的机会。平常的日子里，扎克便和好友盖布（Ross Thomas 饰）一起玩耍。某天，他结识了盖布的哥哥肖恩（Brad Rowe 饰）——一个在好莱坞小有名气的同性恋作家。他们互相欣赏，渐渐为对方所吸引，一段不被亲人们所理解的爱情悄悄滋生……
疯狂动物城,2016,2016-03-04,动画 冒险 家庭 喜剧,109,78,英语,里奇·摩尔,拜恩·霍华德,詹妮弗·古德温 杰森·贝特曼 伊德瑞斯·艾尔巴 珍妮·斯蕾特 内特·托伦斯 邦妮·亨特 唐·雷克 汤米·钟 J·K·西蒙斯,无敌变拍档  玩转动物城,疯狂动物城是一座独一无二的现代动物都市。每种动物在这里都有自己的居所，比如富丽堂皇的撒哈拉广场，或者常年严寒的冰川镇。它就像一座大熔炉，动物们在这里和平共处——无论是大象还是小老鼠，只要你努力，都能在此闯出一番名堂。不过乐观的警官兔朱迪（金妮弗·古德温 配音）却发现，作为史上第一任兔子警官，要和一群强硬的大块头动物警察合作可不是件容易事。为了证明自己，她决心侦破一桩神秘案件；追寻真相的路上她被迫与口若悬河、谎技高超的狐尼克（杰森·贝特曼 配音）联手，却发现这桩案件背后隐藏着一个意欲颠覆动物城的巨大阴谋……
潘神的迷宫,2006,2006-10-20,奇幻 剧情 战争,118,78,西班牙语,吉尔莫·德尔·托罗,,伊万娜·巴克罗 塞尔希·洛佩斯 玛丽贝尔·韦尔杜 道格·琼斯 艾妮安娜·姬儿 亚历克斯·安克吕罗 罗杰·卡萨马约尔 曼诺罗·索洛 塞萨尔·维亚,Innocence has a power evil cannot imagine.,这部荣获奥斯卡奖的黑暗童话，以西班牙内战结束五年后为背景，浓缩了吉列尔莫·德尔托罗视觉风格浓烈、突破类型桎梏的独特匠心。十一岁的奥菲莉亚（伊万娜·巴克罗饰，表演兼具成熟韵味与纯真质感）随怀孕的母亲迁往乡间，被迫直面法西斯统治的恐怖——她的新任继父正是弗朗哥将军麾下嗜血成性的军官，奉命剿灭拒不投降的共和军游击队。当奥菲莉亚在颓败迷宫中遇见农牧神，现实暴力与奇幻秘境便无缝交融：她由此踏上一段诡谲壮丽的神话旅程，集惊悚与华美于一体。导演通过重探西班牙史上的血腥时期，生动展现战争暴行如何渗入孩童的想象疆域，浸染纯真年华。[标准收藏]
柏林苍穹下,1987,1987-10-29,剧情 奇幻 爱情,128,78,德语,维姆·文德斯,彼得·汉德克,布鲁诺·甘茨 索尔维格·多马尔坦 Otto Sander Curt Bois 彼得·福克 Hans Martin Stier Elmar Wilms Sigurd Rachman Beatrice Manowski,柏林的街头有天使在守护。,柏林由两位天使守护着，一个是对人世疾苦冷眼旁观的卡西尔，另一个是常常感怀于人类疾苦的丹密尔（布鲁诺•甘茨 Bruno Ganz 饰）。二人穿着宽大的天使袍，在城市各处游荡，倾听人们的祈祷，默默观察人们的内心世界。马戏团玛瑞安（苏韦戈•多马丁Solveig Dommartin 饰）的心事引来了丹密尔的同情，因为马戏团经营不善，面临倒闭，玛瑞安满心烦恼。这个马戏团的天使演员令丹密尔动了凡心，他决定化作凡人，追求一段美满感情。
蝙蝠侠：红影迷踪,2010,2010-07-27,悬疑 犯罪 动画,75,78,英语,Judd Winick,鲍勃·凯恩,布鲁斯·格林伍德 詹森·阿克斯 尼尔·帕特里克·哈里斯 杰森·艾萨克斯 约翰·迪·马吉欧 韦德·威廉姆斯 卡洛斯·阿拉斯拉基 Robert Clotworthy 盖瑞·科尔,Dare to look beneath the Hood.,这一次故事从蝙蝠侠的助手Jason Todd——第二任罗宾被小丑谋杀开始，之后很长一段时间蝙蝠侠都活在悔恨的情绪中。在蝙蝠侠继续守护这个罪恶城市的多年之后，突然高谭出现了一位神秘的Red Hood。他以暴制暴地压制坏人，面对残忍的暴力就用更强大的暴力去镇压。这个横空出世的Red Hood一边让犯罪分子们头痛不已，一边也引起了蝙蝠侠的高度关注。而蝙蝠侠的死对头——小丑也一点不让他省心，继续制造多起麻烦。蝙蝠侠为维持正义、拯救城市，必须与神秘的Red Hood展开对战。Red Hood的真实身份是谁？他除了惩治罪犯还有其他目的吗？
怪物史瑞克,2001,2001-05-18,动画 喜剧 奇幻 冒险 家庭,90,78,英语,安德鲁·亚当森,维基·詹森,麦克·梅尔斯 艾迪·墨菲 卡梅隆·迪亚兹 约翰·利思戈 文森特·卡塞尔 彼得·丹尼斯 克莱夫·皮尔斯 吉姆·卡明斯 鲍比·布洛克,The greatest fairy tale never told.,从前，在一片遥远的沼泽里，住着一个脾气暴躁的怪物史莱克（迈克·迈尔斯 配音）。他珍贵的独居生活，突然被一群恼人的童话人物入侵而彻底打乱。[梦工厂]
大鱼,2003,2003-12-10,冒险 奇幻 剧情,125,78,英语,蒂姆·伯顿,丹尼尔·华莱士,伊万·麦克格雷格 阿尔伯特·芬尼 比利·克鲁德普 杰西卡·兰格 海伦娜·伯翰·卡特 爱莉森•洛曼 罗伯特·吉尔劳姆 玛丽昂·歌迪亚 马修·麦格罗里,An adventure as big as life itself.,一个美丽的亲情童话。父亲爱德华年轻时，很爱给年幼的儿子讲自己的传奇经历，他自称在阿拉巴马旅行推销员时，经历过很多光怪陆离，魔幻荒诞的事情。威尔并不相信，觉得是父亲在虚荣和浮夸，父子关系渐渐疏离。直到父亲得了癌症，不久于人世了，儿子决定回去见父亲最后一面。儿子面对病榻上的父亲时，父亲又开始说他早年的经历：他曾经为了离开小村庄去大城市闯荡，在途中遇到巫婆和巨人，还一起去了幽灵庄，再后来，认识了一个神奇的马戏团演员，一个亚洲艺人，一条怎么也抓不到的大鱼，还有怎样跟母亲一见钟情，定下终身……从父亲病弱的气息里，威尔仿佛领悟到以前从来没有过的感受，也许父亲的叙述有修饰的成分，但在他的心中，那些经历到生命的最后一刻仍是充满激情和想象，而父亲终于在儿子的理解和深爱下闭上眼睛。
万世魔星,1979,1979-11-08,喜剧,94,78,英语,特里·琼斯,格雷厄姆·查普曼,格雷厄姆·查普曼 约翰·克里斯 特里·吉列姆 埃里克·艾德尔 特里·琼斯 迈克尔·佩林 Terence Bayler 卡罗尔·克利夫兰 Kenneth Colley,He's not the messiah...he's just a naughty boy.,"本片是英国著名的喜剧团体Monty Python的成员特里琼斯 (Terry Jones)导演的一部荒诞不经的调侃宗教的电影,故事的发生地在巴勒斯坦,讲述了一个普通的男人被世人误认为是弥赛亚(犹太人企盼的复国救主)，由此引发了许多啼笑皆非的故事，一如Monty Python所有的电影那般，特里琼斯在这部电影中也使用了大量荒诞无厘头的笑料，电影以圣经为原型，由头至尾都充斥着颠覆，嘲讽的意味，对于虔诚的宗教人士来说，这部电影确实是场巨大的灾难。"
解放黑奴,2022,2022-12-02,剧情 战争 历史,132,78,英语,安东尼·福奎阿,比尔·科拉奇,威尔·史密斯 本·福斯特 凯特琳·伯利 吉尔伯特·奥武尔 罗尼·吉恩·布莱文斯 阿伦·莫滕 贾巴尔·刘易斯 迈克尔·卢沃耶 史蒂文·奥格,,威尔·史密斯饰演真实历史人物：饱受折磨后逃出美国南方奴隶主奴役的黑人彼得、美国奴隶制的著名“证据”照片的主人公。
浴室墙上的字,2020,2020-08-21,剧情 爱情,111,78,英语,Thor Freudenthal,Nick Naveda,查理·普卢默 莫莉·帕克 沃尔顿·戈金斯 安迪·加西亚 泰勒·拉塞尔 安娜索菲亚·罗伯 贝丝·格兰特 德文·博斯蒂克 Lobo Sebastian,"If you can't trust your mind, trust your heart.",影片讲述男孩亚当被诊断患有精神分裂症，他去到一所新学校就读并开始服用新药，一开始效果看起来很不错，不过很快真相大白，他被迫做出一些艰难的决定。
八恶人,2015,2015-12-25,剧情 悬疑 西部,168,78,英语,昆汀·塔伦蒂诺,,塞缪尔·杰克逊 库尔特·拉塞尔 詹妮弗·杰森·李 沃尔顿·戈金斯 德米安·比齐尔 蒂姆·罗斯 迈克尔·马德森 布鲁斯·邓恩 詹姆斯·帕克斯,没有天大的理由，没人会到这儿来。,寒冷的怀俄明州山谷中，一辆马车载着赏金猎人“绞刑者”约翰·鲁斯 及其价值一万美元的猎物黛西·多摩格 踏雪而行。途中，黑人赏金猎人马奎斯·沃伦少校 和新人警长克里斯·马尼克斯 相继登上马车，红石镇是他们共同的目标。由于风雪太大，马车停在了米妮男装店，然而熟悉的店主人不知去向，却另有四名不速之客百无聊赖地待在店里。约翰时刻担心他人抢走猎物，马奎斯警惕地扫视面前的陌生人们，多嘴多舌的克里斯不时为紧张的气氛中加油添醋，黛西则似乎等待更大的风暴到来。 仿佛与世隔绝的小店内，即将刮起一场更为猛烈的风暴……
平步青云,1946,2024-06-14,爱情 奇幻 剧情 喜剧,104,78,英语,迈克尔·鲍威尔,埃默里克·普雷斯伯格,大卫·尼文 金·亨特 Roger Livesey Marius Goring Robert Coote Kathleen Byron 理查德·阿滕伯勒 Bonar Colleano Joan Maude,上天入地也无法将他们分开！,二战时期，英国皇家空军Peter（大卫·尼文 David Niven 饰）驾驶的飞机即将坠毁，他的战友Bob已经死亡。他联系上了美国波士顿的军事电台，向电台的女兵June（金·亨特 Kim Hunter 饰）交代了他的遗言。随后Peter在没有降落伞的情况下跳了机，落在了一个海上，意外活了下来。更在醒来的海滩上遇到了June，两人坠入爱河。而死去的Bob则去了天国，一直等不到Peter。天国派出了71号管理员来人间找回Peter，而Peter则不想死去。为了活下来，他必须在天国打赢一场官司，他可以挑选一名律师，这些律师都是那些死去的人，例如柏拉图、林肯等人，Peter能否赢得这场官司从而留在人间和June长相厮守呢？
崖上的波妞,2008,2020-12-31,动画 奇幻 家庭,101,78,日语,宫崎骏,,神月柚莉爱 土井洋辉 所乔治 山口智子 天海祐希 长岛一茂 矢野显子 羽鸟慎一 左时枝,欢迎来到一个一切皆有可能的世界。,海神的女儿波妞从深海出逃玩耍，却被困在玻璃瓶里冲到岸上，碰巧被住在岸边悬崖的宗介救出，两人因此相识。但是波妞的父亲——魔法师藤本，认为人类世界肮脏丑陋，强行把波妞带回海里。面对父亲的阻挠、席卷小镇的海啸，以及永远失去魔法的威胁，波妞仍然大胆而坚决地决定——要变成人类跟宗介在一起。而承诺要永远保护波妞的宗介，也即将面临新的挑战。
F1：狂飙飞车,2025,2025-06-27,动作 剧情,156,78,英语,约瑟夫·科辛斯基,埃伦·克鲁格,布拉德·皮特 达姆森·伊卓瑞斯 哈维尔·巴登 凯瑞·康顿 托比亚斯·门基斯 金·博德尼亚 莎拉·奈尔斯 威尔·梅瑞克 约瑟夫·巴德拉玛,出发吧。,桑尼·海耶斯曾经是F1赛场上最具潜力的天才新星，但一场意外葬送了他的职业生涯，从此他沦为人们口中最生不逢时的“沧海遗珠”。三十年后的如今，桑尼是一名自由职业的落魄赛车手，他的前队友——如今是濒临破产的F1车队老板鲁本·塞万提斯却突然找上门来。鲁本说服桑尼重返F1赛场，这不仅是拯救他车队的最后希望，更是桑尼向世界证明自己仍是顶尖车手的最佳契机。桑尼将与车队的热门新秀乔舒亚·皮尔斯并肩前行，这位年轻的车手也渴望在赛道上书写自己的传奇。然而伴随着引擎开始轰鸣，桑尼过去的创伤也如影随形，他同时意识到在F1的世界里，并肩作战的队友也会是最强劲的对手，而通往自我救赎的道路，绝非孤身一人能够走完。
历劫佳人,1958,1958-03-30,犯罪 惊悚,98,78,英语,奥逊·威尔斯,惠特·马斯特森,查尔顿·赫斯顿 珍妮特·利 奥逊·威尔斯 约瑟夫·卡莱亚 阿基姆·塔米罗夫 乔安娜·摩尔 雷·柯林斯 丹尼斯·韦弗 瓦伦丁·德·巴尔加斯,史上最离奇的复仇计划！,这部黑色电影描绘了腐败与道德沦陷的执念，由奥逊·威尔斯饰演堕落的警长汉克·昆兰。他为一桩复杂罪案布局，诬陷一名墨西哥青年。查尔登·海斯顿则饰演正直的墨西哥缉毒探员，在调查昆兰黑暗过往时，与这位充满偏见的警长激烈交锋。令人难忘的配角阵容包括：珍妮特·利饰演海斯顿好奇心重的妻子，阿基姆·坦米罗夫饰演颓废的黑帮头目，莎莎·嘉宝与玛琳·黛德丽则分别诠释神秘的吉普赛角色。这部引人入胜的戏剧沉浸于惊艳的阴暗影像之中，并配以亨利·曼奇尼创作的诡异瑰丽乐章。
生无可恋的奥托,2022,2023-03-24,喜剧 剧情,126,78,英语,马克·福斯特,弗雷德里克·巴克曼,汤姆·汉克斯 玛丽安娜·特雷维尼 卡梅隆·布莱顿 迈克·贝达 马奴·贾西亚·鲁尔福 尤安妮塔·詹宁斯 Peter Lawson Jones 特鲁曼·汉克斯 瑞秋·凯勒,Fall in love with the grumpiest man in America.,电影讲述了一个名为奥托的老大爷在爱妻去世后脾气逐渐暴躁，每天对社区里不遵守他规则的邻居进行批判，固执己见的他被人称为“地狱来的恶邻”。然而，随着一个活泼的年轻家庭搬入隔壁，他的生活开始发生翻天覆地的变化。当奥托重拾内心的温暖和善意，生活又会给他什么惊喜呢？
In the Arms of an Assassin,2019,2019-12-06,爱情 惊悚,101,78,西班牙语,Matías Moltrasio,Jeff Goldberg,威廉·莱维 Alicia Sanz 罗伯托·索萨 Adrián Lastra Thanya López Dalisa Alegría Mónica Ayos Ettore D'Alessandro Alessia Seravalle,,"Victor (William Levy) is one of the world’s most handsome  men, but he has a deep secret – he is a cold blooded assassin. Smooth talking and seductive, Victor was raised to do one thing only, which is to kill for money. When he is sent to the home of a brutal drug lord to collect payment for his most recent hit, he encounters the beautiful Sarai (Alicia Sanz), who has been forced to spend the last 9 years of her life with the drug lord."
暴力云与送子鹳,2009,2009-05-28,动画 家庭 喜剧 奇幻,6,78,英语,彼德·松,,Tony Fucile Lori Richardson,,在西方传说中有一种鸟名字叫“鹳”，这种鸟是运送孩子的。但是“鹳”运送的孩子又是从哪来的呢？原来，在天空的云层中，有生命的云朵们像女娲一样捏出一个个小婴儿，让送子鹳带入千家万户。而他们之中有一朵忧伤的“阴云”Gus，他总是制造些暴力宝宝，比如鳄鱼宝宝、山羊宝宝……他轻飘飘的质地倒是不怕扎不怕戳不怕咬，可就苦了他的搭档Peck，每次回来都是伤痕累累。直到一次，当Gus捧着一个鲨鱼宝宝交给他，已经筋疲力尽的Peck吓而远远的飞走了，而Gus伤心的哭了起来。但是别担心，和皮克斯的所有电影一样，短片也有个美好的结局。
最卑贱的人,1924,2024-06-14,剧情,90,78,德语,F·W·茂瑙,卡尔·迈尔,Emil Jannings Maly Delschaft Max Hiller Hans Unterkircher Hermann Vallentin Emilie Kurz Georg John Emmy Wyda Harald Madsen,,本片主人公（爱米尔·强宁斯 Emil Jannings 饰）是一所大旅馆的看门人，一直以来他都为这份体面的工作感到自豪。当他下班后穿着神气的制服，回到自己所居住的贫民区时，邻居们都会向他投来羡慕的眼光。新一天开始了，如常上班的他却被告知老板要辞退他，因为他年纪太大了。但念在他工作多年的份上，老板把他调去打扫厕所，还要收 回他的金边制服。他一下子从神气十足的看门人变成了低三下四的厕所清洁工。不能接受这个事实的他，夜里潜入旅馆把制服偷了回来。他穿着制服去参加侄女的婚礼，没有把被调职一事告诉亲朋好友。很快，他的秘密被别人知道了，大家纷纷嘲笑他。他再也没有颜面去面对别人了，于是跑回旅馆归还了制服，失魂落魄地坐在厕所中。然而故事并没有就此结束……
日以作夜,1973,1973-05-24,喜剧 剧情,115,78,法语,弗朗索瓦·特吕弗,苏珊娜·希夫曼,杰奎琳·比塞特 瓦伦蒂娜·格特斯 Dani 亚历山德拉·斯图尔特 Jean-Pierre Aumont Jean Champion 让-皮埃尔·莱奥 弗朗索瓦·特吕弗 Niké Arrighi,献给电影爱好者的电影。,日以作夜是一个电影技术术语，意思是指在白天拍摄夜景，本片讲的就是一个电影拍摄过程中的故事。电影《Meet Pamela》正在如火如荼的拍摄中，导演Ferrand不仅要处理电影拍摄的事情，还要忙于照顾演员们的情绪。其中就有脆弱敏感的男主角Alphonse的感情问题，还有精神受挫的女星Julie Baker。电影还要赶在约定的时间之前完成，拍摄的进展也不甚顺利，一切看起来如此糟糕，《Meet Pamela》还能拍完吗…本片精彩地以“戏中戏”的结构展现了一部电影拍摄的过程。
铁面无私,1987,1987-06-03,犯罪 历史 惊悚,119,78,英语,布莱恩·德·帕尔玛,大卫·马梅特,凯文·科斯特纳 肖恩·康纳利 罗伯特·德尼罗 查尔斯·马丁·史密斯 安迪·加西亚 理查德·布拉德福德 杰克·基霍 布拉德·苏利文 比利·德拉戈,你准备做什么？,在30年代的芝加哥，禁酒令的颁行使贩卖私酒成了 极为有利可图的行当。黑帮首领卡邦使用暴力手段控制着走私酒的市场，犯下了累累罪行。新来的联邦官员纳斯决心打击酒类走私的活动，但他的第一次行动却因走漏了消息而以失败告终。  　　 在一位老警员马龙的领导下，纳斯重新振作起来，并且组成了一个行动小组，独立进行打击酒类走私的活动。纳斯摧毁了卡邦的地下仓库，并且拒绝了卡邦的贿赂。邪恶的卡邦对纳斯发出了威胁。但纳斯毫不妥协，又在边境查获了卡朋的走私车队，并且抓到了卡帮的一位重要手下。马龙设法迫使他答应作指控卡帮的证人，但就在法庭外的电梯里，证人和行动小组的一位成员却都被卡邦的手下所暗杀。愤怒的纳斯前去找卡邦算帐，被老练的马龙制止。马龙从卡邦相勾结的警察局长那里得到了情报。  　　 然而，就在纳斯前往马龙家时，马龙已经被卡朋的杀手袭击，生命垂危，依据马龙所留下的线索，纳斯等人前往车站埋伏，一场枪战过后，抓住了卡邦的记帐员。卡邦以逃税的罪名被起诉，卡邦的手下又企图采取 行动，但却被纳斯察觉，在经过一番效量后，纳斯除掉了杀手，为朋友们报了仇，同时，他还得到了一份卡邦的行贿名单。 在法庭上，纳斯巧妙地使卡邦被判有罪。 这场较量，终于以正义战胜邪恶而结束。
钻石胳膊,1969,1969-04-28,冒险 喜剧 犯罪,,78,俄语,Leonid Gaidai,Moris Slobodskoy,Yuriy Nikulin Nina Grebeshkova Nonna Mordyukova Svetlana Svetlichnaya Anatoliy Papanov Andrey Mironov Stanislav Chekan Vladimir Gulyaev Yevgeniya Melnikova,A cinematographic novel in two parts from the life of smugglers,在南方某沿海城市活动着非法倒卖外币的团伙。一个称作“伯爵”的家伙以旅游为借口去国外执行团伙头目交给的任务。他刚好和一个话语不多还很谦虚的经济学家谢苗·谢苗诺维奇同行。故事再继续发展时就出乎人们意料之外了：如果“伯爵”和新认识的同路人分手，就会完不成任务……
初恋的回忆,2002,2002-01-25,剧情 爱情,102,78,英语,亚当·尚克曼,尼古拉斯·斯帕克斯,曼迪·摩尔 夏恩·韦斯特 彼德·考约特 达丽尔·汉纳 劳伦·日尔曼 克莱恩·克劳福德 Paz de la Huerta Matt Lutz Al Thompson,It all comes down to who's by your side.,兰顿·卡特（夏恩·韦斯特饰）生活在北卡罗莱纳州的一个海港小镇，是镇上首富的独生子，他是典型的坏小子，不好好读书还整天和镇上几个吊儿郎当的家伙一起疯玩疯闹。一次，兰顿和他的几个哥们儿恶作剧地诱骗一个新来的插班生跳进水泥厂的大池子里，没想到黑暗的池子里堆放着废弃的钢管，结果插班生满身鲜血地爬了上来。意识到玩笑开大了的男孩们全都吓跑了，只有兰顿多留了一会儿安慰受伤的孩子，于是，他成了唯一被抓住的“凶手”。 　　虽然侥幸逃脱了牢狱之灾，但兰顿还是被判罚做义工——给邻近小学的学生作家教并且参加学校的春季汇演，这对他来说简直比蹲监狱还难受。可是，就是这个偶然事件，让兰顿结识了他这一辈子都不会忘记的女孩--杰米·苏利文（曼迪·摩尔饰），杰米是镇上牧师的女儿，是个典型的乖乖女，她经常利用课余时间自愿作义工，自然认识了兰顿，起初，他对这个差点儿害死一条人命的家伙嗤之以鼻，渐渐地，她发现兰顿并不像她想象的那样坏。随着两人逐渐深入的交往，他们竟然不可思议地坠入了情网，这让简直所有熟悉兰顿和杰米的人都大跌眼镜。 　　杰米的真诚、善良、纯洁和她对生活的热爱每天都在感染、改变着兰顿，他慢慢地厌倦了自己以前的那种生活，开始追求自己的理想和信仰，但在这时，杰米的父亲却扮演了棒打鸳鸯的角色，不相信像兰顿这样的孩子会真正爱上自己的女儿。兰顿到底该如何向女友的父亲证明自己的真爱呢？这段灰姑娘与坏小子的恋爱会如何收场呢？
狗镇,2003,2003-06-04,犯罪 剧情 惊悚,178,78,英语,拉斯·冯·提尔,,妮可·基德曼 保罗·贝坦尼 约翰·赫特 斯特兰·斯卡斯加德 菲利普·贝克·霍尔 帕特里夏·克拉克森 本·吉扎拉 克洛伊·塞维尼 西奥本·法隆·霍根,离此不远的一个宁静小镇。,封闭守旧的美国小镇闯进了一个神秘女子格蕾斯（妮可•基德曼 Nicole Kidman 饰）。她美丽善良，正在逃避歹徒追杀。镇中的作家汤姆力劝村民留下这个女子，让她暂时在镇里避过难关。然而条件就是格蕾丝要干各种农活来偿还。人们同意了，不久后却发现格蕾丝是一个通缉中的逃犯。大家要把格蕾丝赶走，最后答应，如果她更卖力的干活，才可以在这里逗留。
雨人,1988,1988-12-12,剧情,134,78,英语,巴里·莫罗,巴里·莱文森,达斯汀·霍夫曼 汤姆·克鲁斯 瓦莱丽亚·戈利诺 杰拉尔德·R·莫伦 杰克·默多克 迈克尔·D·罗伯茨 拉尔夫·西摩 露辛达·珍妮 邦妮·亨特,A journey through understanding and fellowship.,查理（汤姆•克鲁斯 Tom Cruise 饰）父亲去世，留下了300万美元的遗产。然而令他意外的是，遗产全部给了一个他不认识的哥哥雷蒙（达斯汀•霍夫曼 Dustin Hoffman 饰）。雷蒙的名字查理从没听过，这个事件让他气愤不已。他决定前去寻找哥哥。谁知雷蒙的住处就在一个精神病院里，原来他自幼患有自闭症，母亲去世后就被送到精神病院治疗。查理心中有了计算，他把雷蒙带出精神病院，企图骗他出让遗产。　　雷蒙的生活习惯奇异，活在自己的幻想世界里，有很多离奇古怪的行为。并且，查理在共处中发现了雷蒙惊人的记忆能力，他试着利用哥哥过目不忘的本领去赌场上试一下身手，赢得了一大笔奖金，使查理足以摆脱穷困生活。而令查理收获更大的是，他还获得了慢慢升温的亲情，这种手足情远远胜过了他原先图谋的300万的遗产。
我的过错,2023,2023-06-08,剧情 爱情 惊悚,117,78,西班牙语,多明戈·冈萨雷斯,梅塞德斯·罗恩,妮科莱·瓦利亚塞 加布里埃尔·格瓦拉 玛塔·哈扎斯 伊万·桑切斯 艾娃·鲁伊斯 维克托·瓦罗纳 弗兰·贝伦格尔 阿德里安娜·乌巴尼 伊万·马萨格,Love can only survive in the shadow of secrets.,诺亚被迫离开她的小镇、男友和朋友，搬进了她母亲的新丈夫的豪宅。在那里，她遇见了她的新继兄尼克，两人的性格从一开始就发生了碰撞。然而他们对彼此的吸引却渐渐演变成一段禁忌的恋情，在这期间，他们叛逆的性格和磨人的脾气颠覆了彼此的世界，并致使他们疯狂地坠入了爱河。
驯龙高手3,2019,2019-03-01,动画 家庭 冒险,104,77,英语,迪恩·德布洛斯,,杰伊·巴鲁切尔 亚美莉卡·费雷拉 F·默里·亚伯拉罕 凯特·布兰切特 杰拉德·巴特勒 克雷格·弗格森 乔纳·希尔 克里斯托弗·明茨-普拉斯 克丽丝滕·威格,不凡历程 史诗终章,统领伯克岛的酋长嗝嗝，与阿丝翠德共同打造了一个奇妙而热闹的飞龙乌托邦。而一只雌性光煞飞龙的意外出现，加上一个前所未有的威胁的到来，令嗝嗝和没牙仔不得不离开自己唯一的家园，前往他们本以为只存在于神话之中的隐秘之境。在发现自己真正的命运之后，飞龙与骑士将携手殊死奋战，保护他们所珍爱的一切。
屋顶上的小提琴手,1971,1971-11-03,剧情 爱情,181,77,英语,诺曼·杰维森,Joseph Stein,托波尔 Norma Crane Leonard Frey Molly Picon Paul Mann Rosalind Harris Michele Marsh Neva Small 保罗·迈克尔·格拉泽,To Life!,沙皇专制时期俄国的一个村子中，农夫特维（托波尔 Topol 饰）与妻子女儿住在乌克兰族的犹太人居住区里，虽然经常忍受来自非犹太居民的歧视，他却一直恪守传统生活着。村里来了一位贫穷的俄罗斯青年菲得卡，特维赏识他的才学，把他聘为家庭教师。渐渐地，各种挑战他的传统哲学的事情出现了。他想把大女儿特拉嫁给有钱的屠夫，特拉却爱上了贫穷的裁缝默特，相爱的两人坚决要在一起，特维不得不妥协接受两人的婚姻。二女儿夏娃爱上了家庭教师菲得卡，特维斩钉截铁地反对两个不同信仰的人相爱，为此与女儿断绝关系。当他和村民们被沙皇派人赶出村子时，准备投靠住在纽约的舅舅的一家人，遇到了也在逃亡的女儿夏娃和丈夫，在两人真诚的乞求中，特维放弃了自己所遵从的传统哲学，原谅了女儿的出格。对他来说，离开这里，就意味着抛弃传统，开始全新的生活。  　　本片获得第44届奥斯卡奖最佳摄影、最佳音响、最佳配乐。
釜山行,2016,2016-07-20,恐怖 惊悚 动作 冒险,118,77,朝鲜语,延尚昊,朴柱锡,孔刘 金秀安 郑裕美 马东锡 崔宇植 安昭熙 金义城 芮秀贞 朴明申,Life-or-death survival begins.,证券公司基金管理人石宇（孔刘 饰）光鲜精干，却也是个重利轻义之徒。妻子为此与之决裂，女儿秀安（金秀安 饰）则对如此自私的父亲越来越失望，决定前往釜山和母亲生活。在秀安生日这天，石宇抽出时间陪伴女儿登上开往釜山的特快列车。而与此同时，城市四处出现了极为可疑的暴动事件。政府极力洗白无法掩盖丧尸肆虐的事实，即便懵然无知的列车乘客也因为不速之客的到来而堕入恐慌绝望的地狱中。开车的刹那，一名感染者冲入车厢，而她很快尸变并对目光所及之处的健康人展开血腥屠杀。未过多久，丧尸便呈几何数爆发性地增长。石宇被迫和幸存者的乘客们在逼仄的空间中奋力求生。通往釜山的遥遥旅途布满杀机，危难时刻每个幸存者的人性也承受巨大的考验…
逃亡,2021,2021-06-17,纪录 动画,89,77,丹麦语,Jonas Poher Rasmussen,,Amin Nawabi Daniel Karimyar Fardin Mijdzadeh Milad Eskandari Belal Faiz Elaha Faiz Zahra Mehrwarz Sadia Faiz Georg Jagunov,Sometimes it takes years to start living your life,阿明·纳瓦比深陷一个他隐藏了二十年的痛苦秘密，这秘密可能摧毁他为自己与未婚夫建立的生活。在导演乔纳斯·波赫·拉斯穆森的引导下，他首次通过动画为主要形式，讲述了童年时从阿富汗逃亡的非凡旅程。
上帝之国,2017,2017-09-01,爱情 剧情,104,77,英语,Francis Lee,,乔希·奥康纳 Alec Secăreanu 詹妮弗·琼斯 伊恩·哈特 Harry Lister Smith 帕特里夏·费兰 Naveed Choudhry Stefan Dermendjiev Moey Hassan,,约翰尼·萨克斯比（乔什·奥康纳 饰）在英格兰北部偏远的家庭农场里，长时间孤独地从事繁重劳作。他通过每夜在本地酒吧酗酒和随意性关系来麻痹日常的孤寂与挫败。当一位英俊的罗马尼亚移民工人（亚历克·塞克雷亚努 饰）来到农场做临时工时，约翰尼突然发现自己不得不面对从未体验过的情感。两人之间逐渐形成一段强烈的关系，这或许将永远改变约翰尼的人生。
红气球,1956,1956-10-19,喜剧 剧情 家庭 奇幻,34,77,法语,Albert Lamorisse,,Pascal Lamorisse Georges Sellier Vladimir Popov Paul Perey Renée Marion Sabine Lamorisse Michel Pezin Renaud David Séchan,Something to uplift your spirit.,法国巴黎，孤独的小男孩帕斯克（Pascal Lamorisse 帕斯克•拉莫里斯 饰）独自走在上学的路上，他无意中捡到一只红气球。红气球仿佛一个淘气却又乖巧的孩子一般，紧紧跟随着小男孩去学校、坐车、上教堂。它为帕斯克带来了莫大的快乐，但是一群坏孩子嫉妒帕斯克有这么神奇的红气球，他们偷偷尾随，试图将气球打破……
我不是你的黑鬼,2017,2017-02-03,纪录,93,77,英语,Raoul Peck,詹姆斯·阿瑟·鲍德温,塞缪尔·杰克逊 JoeyStarr 阿诺德·施瓦辛格 比利·迪·威廉姆斯 罗德·斯泰格尔,,导演劳尔·派克以詹姆斯·鲍德温未完成的遗作手稿为蓝图，借由作家犀利如刃的原始文字，构建出一部关于美国种族问题的激进叙事。影片通过鲍德温对梅加·埃弗斯、马尔科姆·X与小马丁·路德·金这三位遇刺民权领袖的深刻观察，将历史切片熔铸为审视当代种族矛盾的锐利透镜，为美国种族叙事注入全新而激进的思想风暴。[木兰花影业]
莫娣,2016,2017-04-14,剧情 爱情 历史,115,77,英语,艾斯林·沃尔什,雪莉·怀特,莎莉·霍金斯 伊桑·霍克 加布里埃尔·罗斯 比利·麦克莱伦 扎卡里·贝内特 卡瑞·玛切特 大卫·费汉 劳伦斯·巴里 玛特·伯纳德,Triumph epitomizes adversity,位于加拿大东南部的新斯科舍省的某个偏远小镇上，生活着命运多舛的女人莫娣，她童年患上了小儿麻痹，痊愈后落下了关节炎的毛病，导致只能蹒跚而行，备受歧视。父母去世后，她寄居姨妈家里，却感受不到亲人的温暖。偶然机会，她看到一则招聘女佣的启示，虽然每月只有稀薄的1美元，但是她依然希望借此走出令人窒息的姨妈家。雇佣她的男人名叫埃弗里特·路易斯，他性格古怪内敛，脾气阴晴不定。莫娣最初饱受苛责甚至打骂，但她似乎认定了这个栖身之所，不仅努力打扫房间，还利用闲暇在墙壁上画出美丽的图案。而终于有一天，莫娣的天赋被人们所发现了……
西线无战事,1930,1930-04-29,剧情 战争,133,77,英语,Lewis Milestone,埃里希·玛丽亚·雷马克,Louis Wolheim Lew Ayres John Wray Arnold Lucy Ben Alexander Scott Kolk Owen Davis Jr. Walter Rogers 威廉·贝克韦尔,They left for war as boys never to return as men.,一位年轻士兵在第一次世界大战那足以毁灭灵魂的恐怖中，经历了深刻的幻灭。
无主之作,2018,2018-10-03,剧情 爱情 历史,188,77,德语,弗洛里安·亨克尔·冯·多纳斯马尔克,,汤姆·希林 塞巴斯蒂安·科赫 宝拉·比尔 莎斯琪亚·罗森道尔 奥利弗·马苏奇 Cai Cohrs Ina Weisse Evgeniy Sidikhin Mark Zak,,该片由塞巴斯蒂安·科赫、汤姆·希林、葆拉·贝尔出演，源于真实事件，讲述艺术学生Kurt Barnert爱上了同学Ellie Seeband，Ellie的爸爸Carl Seeband却不喜欢他，但他们的命运仍被多年前一起可怕的罪行联系在了一起。事关Barnert的身世：他是从东德逃往西德……
危情十日,1990,1990-11-30,剧情 惊悚,107,77,英语,罗伯·莱纳,斯蒂芬·金,凯西·贝茨 詹姆斯·凯恩 理查德·法恩斯沃思 劳伦·巴考尔 弗朗西斯·斯特恩哈根 格雷厄姆·贾维斯 杰瑞·波特 托马斯·布鲁内尔 琼·克里斯托弗,"Paul Sheldon used to write for a living. Now, he’s writing to stay alive.",畅销书作家保罗·谢尔顿带着他的最新作品《米瑟莉》驱车走在回家的路上。途中他遭遇了可怕的暴风雪，轿车发生侧翻事故，保罗的双腿严重受伤，幸好被独居在附近山顶的护士安妮·威尔克斯及时相救。安妮是保罗的头号书迷，在她的悉心照顾下，保罗的伤势日渐好转。但当她获悉喜爱的女主人公在保罗的新书中已经死亡，却难以遏制心中的怒火，通过各种手段向保罗施加报复，逐渐将作家逼向了绝望。
野战排,1986,1986-12-19,剧情 战争 动作,120,77,英语,奥利弗·斯通,,查理·辛 威廉·达福 汤姆·贝伦杰 凯文·狄龙 福里斯特·惠特克 马克·摩西 基思·大卫 理查德·埃德森 弗朗切斯科·奎因,The first casualty of war is innocence.,一名年轻士兵在越南战场上直面战争的恐怖与人性的双重性，陷入道德危机。
神秘河,2003,2003-10-08,惊悚 犯罪 剧情 悬疑,138,77,英语,克林特·伊斯特伍德,丹尼斯·勒翰,西恩·潘 蒂姆·罗宾斯 凯文·贝肯 劳伦斯·菲什伯恩 马西娅·盖伊·哈登 劳拉·琳妮 凯文·查普曼 托马斯·吉里 埃米·罗森,我们将罪孽深埋，涤净过往。,随着一桩年轻女性死亡案件的调查逐渐聚焦于三位旧日好友，一个围绕着友谊、家庭以及过早逝去的纯真而展开的不详故事逐渐浮现。
史崔特先生的故事,1999,2017-04-12,剧情 历史,112,77,英语,大卫·林奇,约翰·罗奇,理查德·法恩斯沃思 茜茜·斯派塞克 简·加洛威·海兹 Joseph A. Carpenter Donald Wiegert Tracey Maloney 丹·弗兰纳里 Jennifer Edwards Ed Grennan,这是一个真实的故事，它证明了哪怕只是一点点的决心，也能引领我们走向非常、非常遥远的地方。,改编自真实事件：阿尔文·史崔特（理查德·法恩斯沃斯 饰）在得知关系疏远的兄弟中风后，驾驶着1961年款的割草机，从爱荷华州劳伦斯出发，前往威斯康星州锡安山探望他。
柳烈的音乐专辑,2019,2019-08-28,爱情 剧情,122,77,朝鲜语,郑址宇,李淑妍,金高银 丁海寅 朴解浚 金国熙 郑幼贞 崔俊英 南文哲 申达琪 Yoo Yeol,Let me get what I want.,一名学生和一位寡言少语的少年初次相见是在 20 世纪 90 年代的一家面包店。多年以来，他们一直试图找到对方，但命运总是让他们错过彼此。
艾特熊和赛娜鼠,2012,2012-12-12,动画 家庭 犯罪 剧情 喜剧,80,77,法语,Stéphane Aubier,本杰明·雷纳,Anne-Marie Loop 兰伯特·威尔森 Pauline Brunner Patrice Melennec Brigitte Virtudes Léonard Louf Dominique Maurin 费奥多尔·阿特金 文森特·格拉斯,"Bonnie and Clyde, Sid and Nancy...",在白雪覆盖的鹅卵石街道深处，蜿蜒的地下隧道网络中，栖息着一个勤劳努力的小鼠文明，它们对生活在地面上的熊族心怀恐惧。与其他老鼠不同，赛娜鼠是一位艺术家和梦想家——当她险些成为熊族游吟诗人艾特熊的早餐时，两者却结下了一段奇妙的情谊。但很快，这段友谊便受到了各自惧怕熊族与嗜食鼠类的族群审判。
非常父女档,2013,2013-07-20,喜剧 剧情,122,77,西班牙语,欧亨尼奥·德伯兹,Guillermo Ríos,欧亨尼奥·德伯兹 洛蕾托·帕拉尔塔 杰西卡·林赛 丹尼尔·雷蒙特 雨果·斯蒂格利茨 阿塞莉亚·拉米雷斯 奥古斯丁·伯纳尔 卡拉·索萨 罗杰·卡德尼,Life doesn't care if you're ready.,瓦伦丁是阿卡普尔科（墨西哥南部海滨度假城市）远近闻名的花花公子，直到有一天他发现某位旧情人把他们新出生的孩子扔在他家门口便消失之后，他的快活日子结束了。瓦伦丁带着孩子来到洛杉矶，起初是为了寻找孩子的母亲，结果只能和孩子两个人租了一间公寓在那里下来。孩子取名叫玛姬。六年过去了，玛姬渐渐长大，瓦伦丁也成为了好莱坞最受欢迎、薪水最高的特效演员之一，绰号“钢筋男子”。他总把玛姬带在身边，玛姬成了他的经纪人
My Mom Is a Character,2013,2013-06-21,喜剧,85,77,葡萄牙语,André Pellenz,Paulo Gustavo,Paulo Gustavo Mariana Xavier Rodrigo Pandolfo Herson Capri Alexandra Richter Suely Franco Ingrid Guimarães Samantha Schmütz Mônica Martelli,And you still thought that mothers were all the same.,"After another spat with her kids, Dona Hermínia decides to take some time off from them and hides away in her aunt's house, where she reminisces about her kids in an age when they still needed her."
驱魔人,1973,2017-06-25,恐怖 剧情,132,77,英语,威廉·彼得·布拉蒂,威廉·弗莱德金,艾伦·伯斯汀 琳达·布莱尔 杰森·米勒 马克斯·冯·西多 李·科布 威廉·奥马利 吉蒂·温 巴顿·海曼 Peter Masterson,"Something almost beyond comprehension is happening to a girl on this street, in this house…And a man has been sent for as a last resort. This man is The Exorcist.",一名12岁女孩（琳达·布莱尔 饰）被神秘实体附身，她的母亲向两位神父求助以拯救女儿。
第四公民,2014,2015-06-17,纪录,113,77,英语,劳拉·珀特拉斯,,Edward Snowden Glenn Greenwald 劳拉·珀特拉斯 William Binney 贝拉克·奥巴马 Jacob Appelbaum Julian Assange 杰里米·斯卡希尔 Kevin Bankston,,2013年1月，电影制作人劳拉·波伊特拉斯正在筹备一部关于9·11后美国国家安全体系滥用的纪录片时，开始收到来自自称“第四公民”的匿名加密邮件。此人准备揭露由美国国家安全局及其他情报机构运行的大规模秘密监控项目。2013年6月，她与记者格伦·格林沃德飞赴香港，与这位最终被证实为爱德华·斯诺登的男子进行了首次会面。而她，随身携带了摄像机。[RADiUS-TWC]
铁窗喋血,1967,1967-11-01,剧情 犯罪,126,77,英语,Donn Pearce,斯图尔特·罗森伯格,保罗·纽曼 乔治·肯尼迪 卢克·艾斯丘 Morgan Woodward 哈里·迪恩·斯坦顿 丹尼斯·霍珀 Lou Antonio Robert Drivas 斯特罗瑟·马丁,The man... and the motion picture that simply do not conform.,卢克·杰克逊因酗酒破坏停车计价器被捕，被判在监狱链囚队服刑。尽管典狱长、看守和囚犯们都试图在卢克入狱时摧垮他的意志，但很快人们就发现，卢克绝不按任何人的规则行事。他先是在斗殴中拒不退缩赢得狱友的敬重，又琢磨出将苦役工时减半的方法换来众人的友谊。卢克逐渐成为囚犯们希望与坚韧的象征，但越是受到崇敬，他就越化作一种反抗的标志——这令警长决意将其彻底碾碎。[华纳兄弟]
平常的心,2014,2014-10-26,剧情,133,77,英语,莱恩·墨菲,Larry Kramer,马克·鲁法洛 马特·波莫 泰勒·克奇 吉姆·帕森斯 阿尔弗雷德·莫里纳 朱莉娅·罗伯茨 Joe Mantello 黄荣亮 乔纳森·格罗夫,"To win a war, You have to start one",1981年，艾滋作为一种前所未见的免疫系统缺陷疾病在纽约出现。由于它集中发生在男同性恋当中，所以在当时又被称为“同志病”。内德（马克·鲁弗洛 Mark Ruffalo 饰）是一个激进的同志作家，当他看着朋友纷纷死去以及政府的不作为时，义愤填膺的他发起了男同健康危机组织， 呼吁政府和社会公众对这场即将爆发的大瘟疫给予重视。半身瘫痪的女医生艾玛（朱莉娅·罗伯茨 Julia Roberts 饰）是少数从一开始就高度警惕艾滋疫情的的医护人员，也是内德重要的异性恋盟友。在运动中内德认识了纽约时报记者菲尼克斯（马修·波莫 Matt Bomer 饰），两人陷入如火如荼的热恋。然而菲尼克斯最终也被确诊感染，悲痛的内德惟有爱人和事业两线作战。健康危机组织的主席布鲁斯（泰勒·克奇 Taylor Kitsch 饰）虽然是内德最好的朋友，然而深柜的他行事风格与好斗的内德截然相反。执行董事汤米（吉姆·帕森斯 Jim Parsons 饰）一直试图平衡两人，却无法消弭越来越大的分歧，一场决裂迫在眉睫。而此刻已是艾滋在美国蔓延的第四个年头......
梦,1990,2018-04-16,奇幻 剧情,119,77,日语,黑泽明,,寺尾聪 倍赏美津子 根岸季衣 原田美枝子 伊崎充则 中野俊彦 头师佳孝 井川比佐志 碇矢長介,过去、现在与未来。一个人的思想与影像……为全人类。一个人的梦想……为所有追梦者。,本片是日本电影天皇黑泽明对梦的勾画，全片共有八个梦境，分别是：太阳雨、桃园、风雪、隧道、乌鸦、红色富士山、垂泪的魔鬼和水车之村。这八个梦几乎贯穿了人类生活的所有主题，战争与和平、社会与人生。在不同的梦境里有着不同的场景，配合不同的色彩，把人类所面对的所有主题一一呈现。
放牛班的春天,2004,2004-03-17,剧情 喜剧 音乐,97,77,法语,克里斯托夫·巴哈蒂,菲利普·让·洛佩斯-库瓦尔,热拉尔·朱尼奥 弗朗索瓦·贝莱昂 凯德·麦拉德 让-保罗·博奈雷 玛丽·布奈尔 让-巴蒂斯特·莫尼耶 马克森斯·佩兰 格雷戈里·加蒂尼奥尔 托马斯·布卢门撒尔,天籁一般的童声，是最接近上帝的存在。,1949年的法国乡村，音乐家克莱门特（杰勒德·尊诺 饰）到了一间外号叫“塘低”的男子寄宿学校当助理教师。学校里的学生大部分都是难缠的问题儿童，体罚在这里司空见惯，学校的校长（弗朗西斯·贝尔兰德 饰）只顾自己的前途，残暴高压。性格沉静的克莱门特尝试用自己的方法改善这种状况，他重新创作音乐作品，组织合唱团，决定用音乐的方法来打开学生们封闭的心灵。然而，事情并不顺利，克莱门特发现学生皮埃尔·莫安琦（尚·巴堤·莫里耶 饰）拥有非同一般的音乐天赋，但是单亲家庭长大的他，性格异常敏感孤僻，怎样释放皮埃尔的音乐才能，让克莱门特头痛不已；同时，他与皮埃尔母亲的感情也渐渐微妙起来。
蝙蝠侠：黑暗骑士归来（上）,2012,2012-09-25,科幻 动作 动画 悬疑,76,77,英语,杰伊·欧力瓦,Bob Goodman,彼得·韦勒 艾莉尔·温特 大卫·塞尔比 韦德·威廉姆斯 迈克尔·麦基恩 罗布·保罗森 加里·安东尼·威廉斯 Gary Anthony Sturgis 佩姬·布鲁斯特,Old heroes never die. They just get darker.,阴云密布的高谭市，自蝙蝠侠消失的十年里，变种人团伙为非作歹，变本加厉，将这座繁华城市变成充满恐怖和凶杀的罪恶王国。嫉恶如仇的吉姆·戈登探长行将退休，却不免成为变种人下一个袭击的目标。随着双面人哈维·登特走出精神病院，高谭市被带入更加阴冷的黑暗之中。与此同时，富翁布鲁斯·韦恩置身事外，享受着养尊处优的上流生活。而旧日记忆的复苏，一步步引导着他再次拿起搁置已久的战斗服。夜幕降临，老态龙钟的蝙蝠侠穿梭城市的阴暗角落，以无情的手段惩治恶徒。 正义战士归来，正邪之争日趋白热化……
极盗行动,2020,2021-10-22,喜剧 惊悚 犯罪,114,77,西班牙语,Ariel Winograd,Alex Zito,吉列尔莫·弗兰切拉 Diego Peretti 路易斯·卢克 巴勃罗·拉戈 Rafael Ferro Mariano Argento Juan Alari Fabián Arenillas Darío Levy,The Story Of The Theft That Made History,本片改编自一个真实的银行抢劫案。2006年，一群盗贼抢劫了位于阿卡苏索的里约热内卢银行，这被认为是历史上最著名、最聪明的银行抢劫案之一。他们抢劫银行所采用的方式和在那之后发生的一系列事情都让人惊讶不已。
极速风流,2013,2013-09-27,剧情 动作,123,77,英语,朗·霍华德,彼得·摩根,克里斯·海姆斯沃斯 丹尼尔·布鲁赫 奥利维亚·王尔德 亚历山德拉·玛丽亚·拉娜 皮尔弗朗西斯科·法维诺 大卫·考尔德 娜塔莉·多默尔 史蒂芬·曼甘 克里斯蒂安·麦凯,每个人心中都有一份驱动力。,一直以来，尼基 和詹姆斯 都是针锋相对的死对头。尼基认真严肃，对赛车的职业十分尊重，詹姆斯喜欢铤而走险，将赛车作为自己寻花问柳的筹码，虽然两人有着截然不同的个性，但他们之间的较量却从未停止过。 为了改变自己不够成熟的性格，詹姆斯和偶然遇见的名模苏西 结婚了，尼基亦找到了自己的一生挚爱并且加入了法拉利车队，而此时生活已经走上了下坡路的詹姆斯则加入了麦克拉伦车队，一对冤家再次站在了人生的战场之上。一次比赛中，天降大雨，尼基出了车祸身受重伤，詹姆斯因此夺得了冠军。可是，尼基并没有因此而放弃，在极短的时间内，尽管受到了众人的制止，但他依然毅然地回到了赛场上。
安妮·霍尔,1977,1977-04-20,喜剧 剧情 爱情,93,77,英语,伍迪·艾伦,马歇尔·布里克曼,伍迪·艾伦 黛安·基顿 托尼·罗伯茨 卡罗·凯恩 保罗·西蒙 谢莉·杜瓦尔 珍妮特·马戈林 科琳·德赫斯特 克里斯托弗·沃肯,一段令人紧张的浪漫。,伍迪·艾伦饰演一位神经质、极度缺乏安全感和优柔寡断的喜剧编剧，他疯狂迷恋上一位渴望成为歌手的天真小镇女孩。他们关系初期的互动充满了各种浪漫俗套。即便同居后，他的不安仍占据上风，将她的每个举动都解读为拒绝。当她的自信日渐增长，他的信心却逐渐消褪。这种古怪的恋情能否维系？
婚姻故事,2019,2019-11-15,剧情,136,77,英语,诺亚·波拜克,,亚当·德赖弗 斯嘉丽·约翰逊 劳拉·邓恩 阿伦·阿尔达 雷·利奥塔 朱莉·哈格蒂 梅里特·维沃 艾奇·罗伯逊 华莱士‧肖恩,"Where there's a love, there's a way.",一个关于离婚的爱情故事。一段婚姻的破裂与一个家庭的聚合。是备受赞誉的编导诺亚·鲍姆巴赫创作的一部既诙谐又痛彻、洞见深刻且饱含悲悯的电影。亚当·德赖弗与斯嘉丽·约翰逊献上了精湛表演：魅力四射的纽约戏剧导演查理沉浸于事业，而演员妮可则决心开启新的人生。两人起初期待和平分手，却逐渐陷入法律系统的漩涡，被迫站在对立面，重新审视彼此的关系与家庭的定义。艾伦·阿尔达、雷·利奥塔与劳拉·邓恩——她凭此片荣获奥斯卡最佳女配角奖——饰演主导这场法律拉锯战的三位律师，以各具锋芒的细腻表演锦上添花。本片（获包括最佳影片在内的六项奥斯卡提名）是一部兼具私密感与史诗性的作品，最终在废墟之上唤起了希望的微光。[标准收藏]
眼泪不再,1984,1984-12-20,喜剧 奇幻,112,77,意大利语,Massimo Troisi,罗伯托·贝尼尼,Massimo Troisi 罗伯托·贝尼尼 Amanda Sandrelli Iris Peynado Carlo Monni Livia Venturini Paolo Bonacelli Nicola Morelli Elisabetta Pozzi,,在一系列喜剧性的场景之后，两位好朋友，Saverio(Benigni饰)和Mario(Troisi饰)突然发现自己置身于1492年，正骑马行走在意大利乡间。Saverio很乐观，而Mario则想要赶快回家，直到他遇到了适龄女子Pia(Amanda Sandrelli饰)。然后，Saverio提议，他们应该去阻止哥伦布航行到新大陆，这样美洲就永远不会被发现，美洲土著人也不会遭遇灭顶之灾。除这个计划之外，中间还有一些小插曲，比如Saverio向达芬奇解释了几种现代机器。
哈利·波特与死亡圣器·上,2010,2010-11-19,冒险 奇幻,146,77,英语,大卫·叶茨,J·K·罗琳,丹尼尔·雷德克里夫 艾玛·沃森 鲁伯特·格林特 托比·琼斯 海伦娜·伯翰·卡特 艾伦·瑞克曼 拉尔夫·费因斯 比尔·奈伊 西蒙·迈克伯尼,积蓄魔力 再造传奇,邓不利多死后，伏地魔与食死徒入侵魔法学校，魔法部也被伏地魔的爪牙操控，邪恶的阴云笼罩魔法世界上空。在哈利17 岁生日之际，凤凰社成员及一众好友护送他回到了凤凰社的据点陋居，然而这立即遭到食死徒毁灭性地打击。哈利和罗恩、赫敏侥幸逃亡，并且按照邓不利多的嘱托继续寻找伏地魔的魂器。死亡的威胁时刻逡巡左右，他们还要面对友情的考验。在寻找摧毁魂器方法的过程中，死亡圣器的面纱也渐渐揭开。与此同时，为了置哈利于死地，伏地魔也在寻找最后一件死亡圣器。最后的决战即将到来……
恐惧吞噬灵魂,1974,1974-03-05,爱情 剧情,93,77,德语,赖纳·维尔纳·法斯宾德,,Brigitte Mira El Hedi ben Salem Irm Hermann Barbara Valentin Elma Karlowa Anita Bucher Gusti Kreissl Doris Mattes Margit Symo,,艾米（布里奇特·米拉 Brigitte Mira 饰）是一名60岁的清洁女工，辛苦工作的她拿着微薄的工资，生活很是清贫。机缘巧合之下，她结识了40岁的阿里（El Hedi ben Salem 饰），他们一起跳了一支舞后阿里提出送艾米回家。夜深了，阿里错过了末班车，只得在艾米家留宿。两个孤独寂寞的人相见恨晚，秉烛夜谈，当艾米为此感到深深的疑虑时，阿里只是淡淡的安慰了她。果不其然，艾米留宿男人的事情很快传遍了大街小巷，邻居同事的指指戳戳教她如坐针毡，无奈的她只得编撰了一个谎言，她说阿里是她的未婚夫。这门婚事毫不意外的遭到了所有人的反对，大家尽己所能的排挤、诋毁这对夫妻，这使得他们决定外出旅行避避风头。回来后两人的境遇有所好转，并不是街坊邻居接纳了他们，而是因为他们有了新的排挤对象。没有了外界的压力，艾米和阿里的感情却又因为内部的矛盾而产生了裂痕 影片用写实的手法展现了一个冷漠、刻薄的社会，探讨了这个社会之中存在的各种歧视以及人性之中孤独又灰暗的一面。
国王的演讲,2010,2012-02-24,剧情 历史,118,77,英语,汤姆·霍伯,大卫·塞德勒,科林·费尔斯 杰弗里·拉什 海伦娜·伯翰·卡特 盖·皮尔斯 蒂莫西·斯波 迈克尔·甘本 詹妮弗·艾莉 德里克·雅各比 Freya Wilson,天佑吾王,本片改编自英国女王的父亲与特立独行的澳大利亚语言治疗师莱纳尔·罗格之间非凡友谊的真实故事。由奥斯卡奖提名者科林·费尔斯饰演乔治六世——他在兄长爱德华退位后意外继承王位；奥斯卡奖得主杰弗里·拉什则饰演罗格，这位帮助国王寻回声音、引领国家走向战争的良师益友。[韦恩斯坦影业]
沙胆大叔,1963,1963-11-27,喜剧 犯罪,111,77,法语,Georges Lautner,阿尔贝·西蒙南,Lino Ventura Bernard Blier Francis Blanche Claude Rich 皮埃尔·贝尔坦 让·勒费弗尔 Sabine Sinjen Robert Dalban Horst Frank,,一位年迈的黑帮成员费尔南·诺丁希望能够安静地退休，但突然间从一位老朋友——前黑帮头目墨西哥人那里继承了一大笔财富。费尔南对这笔新财富感到矛盾，但更加惊讶的是，他还继承了他的恩人墨西哥人的女儿帕特丽夏。不幸的是，费尔南不仅要忍受现代化的帕特丽夏和她令人作呕的男朋友，还必须对付墨西哥人那些爱开枪的前员工，他们决心要求继承。
游戏之王,2007,2007-08-17,纪录,83,77,英语,塞斯·戈登,,Steve Wiebe Billy Mitchell Walter Day Mark Alpiger Greg Bond Craig Glenday Brian Kuh Robert Mruczek Todd Rogers,Don't get chumpatized,一位中学科学教师与一位辣酱大亨，在街机经典游戏《大金刚》上角逐吉尼斯世界纪录。[Picturehouse Entertainment]
木兰花,1999,1999-12-17,剧情,188,77,英语,保罗·托马斯·安德森,,汤姆·克鲁斯 菲利普·贝克·霍尔 菲利普·塞默·霍夫曼 朱丽安·摩尔 威廉·H·梅西 约翰·C·赖利 梅洛拉·沃尔特斯 Jeremy Blackman 杰森·罗巴兹,万物坠落，众人仰望。而一旦下雨，便是倾盆滂沱。,吉米·盖特主持王牌电视节目《儿童世界》已达33年之久，节目嘉宾斯坦利-斯派克还有三天就能打破一项由神童唐尼-史密斯30年前创下的一项纪录。斯派克深知他不过是娱乐大众的一件道具，而曾经红极一时的唐尼的处境更令人堪忧，他现在一家电器店工作。
寿司之神,2011,2012-03-09,纪录,82,77,英语,大卫·贾柏,,Jiro Ono 山本益弘 小野祯一 小野隆士 中泽大佑 Hachiro Mizutani Harutaki Takahashi Hiroki Fujita Tsunenori Ida,Fall in love with your work,小野二郎现年（2011）已八十六岁，是全世界年纪最大的三星主厨，他可谓是师傅中的师傅、达人中的达人，在日本国内的地位相当崇高，而「寿司第一人」的美称更是传播于全球。综观他的一生，超过五十五年的时间，他都在做寿司，因此他对寿司所注入的精神，以及其技巧绝对是世上第一。「数寄屋桥次郎」是小野所开的寿司店，店内的食材都是经过精心挑选，而从制作到入口一瞬间，每个环节都是有经过缜密的评估和计算。因此，这间隐身于东京办公大楼地下室的小店家，连续两年荣获米其林三颗星评价，甚至被誉为值得花一生去等待的店家。如今，小野二郎的儿子即将继承他的心血，影片当中将会看见美味寿司背后，所付出的心力以及其绝不妥协的信念和态度。
音乐之声,1965,2015-06-13,剧情 家庭 音乐 爱情,174,77,英语,罗伯特·怀斯,恩斯特·莱赫曼,朱莉·安德鲁斯 克里斯托弗·普卢默 埃莉诺·帕克 查米安·卡尔 尼古拉斯·哈蒙德 希瑟·孟席斯 Angela Cartwright Debbie Turner Kym Karath,The happiest sound in all the world!,玛利亚是一个年轻活泼、热爱歌唱的奥地利修女，她到退役海军上校特拉普家中为他七个失去母亲的孩子担任家庭教师，用音乐和爱温暖了上校家七个顽皮的孩子，同样也融化了上校的心。纳粹德国吞并了奥地利，要求上校加入德国海军为其效力。忠于祖国的上校坚决不从。他们全家利用一次公开表演的机会在修女们的帮助下逃出了魔掌，奔向自由。
贫民窟的百万富翁,2008,2009-03-26,剧情 爱情,121,77,英语,丹尼·博伊尔,维卡斯·斯瓦鲁普,戴夫·帕特尔 芙蕾达·平托 马杜尔·米塔尔 亚尼·卡普 马赫什·曼杰瑞卡 沙鲁巴·舒克拉 伊尔凡·可汗 安库尔·维卡尔 塔奈·切赫达,What does it take to find a lost love?,本片讲述18岁的孟买贫民窟孤儿贾马尔·马利克的故事，他即将迎来人生中最重要的一天。在印度《谁想成为百万富翁？》节目现场，全国观众注视下，他仅差一题就能赢得惊人的2000万卢比。然而节目夜间暂停时，警方以涉嫌作弊为由逮捕了他——一个街头小子怎会知道这么多？为证明清白，贾马尔娓娓道来自己在贫民窟的成长经历：与哥哥相依为命的岁月、颠沛流离的冒险旅程、与地方帮派的残酷遭遇，以及他爱过又失去的女孩拉媞卡。他人生的每一段篇章，都恰好对应着答题节目中一道问题的关键。听罢贾马尔的故事，倦怠的警察督察不禁疑惑：这个对财富看似毫无渴望的年轻人，究竟为何站上这个答题舞台？新的一天来临，当贾马尔重回现场回答最后问题时，督察与六千万观众即将共同揭晓答案。[福克斯探照灯影业]
美人计,1946,1946-08-21,惊悚 爱情 悬疑,102,77,英语,阿尔弗雷德·希区柯克,约翰·泰恩托·富特,加里·格兰特 英格丽·褒曼 克劳德·雷恩斯 利奥波尔丁·康斯坦丁 路易斯·卡尔赫恩 亚历克斯·米诺蒂斯 莱因霍尔德·申泽尔 伊万·特里索 Eberhard Krumschmidt,他们的爱有多深！风险就有多大！,在这段扭曲的爱情故事中，阿尔弗雷德·希区柯克通过让两位好莱坞巨星彻底颠覆以往形象，将阴郁悬疑与炽热情感熔铸成更深沉的色调。英格丽·褒曼饰演的艾丽西亚过往复杂，她被风度翩翩的神秘特工德夫林招募为美国从事谍报工作。直至坠入爱河后，她才惊觉自己的任务是引诱藏身南美洲的纳粹工业家。希区柯克以创新的摄影技法，搭配两位主角精妙绝伦的颠覆性演绎，谱写了一曲浸透欺骗与道德迷津的灼痛浪漫诗篇。这部臻于完美的惊悚杰作，既是导演传奇生涯的巅峰，亦矗立为经典好莱坞时代的影史双峰。
Luck,2022,2022-07-30,动画 冒险 喜剧 奇幻,105,77,英语,基尔·默里,Peggy Holmes,Eva Noblezada 西蒙·佩吉 简·方达 乌比·戈德堡 科林·奥多诺霍 里尔·莱尔·哈瓦瑞 弗卢拉·博格 约翰·拉岑伯格 Adelynn Spoon,Sometimes all you need is for everything to go wrong.,小莎格连菲是世上最倒霉的人！ 她突然发现自己来到了前所未见的运气之地，必须和那里的魔法生物联手，扭转自己的运气。
天使之卵,1985,1985-12-22,动画 奇幻 悬疑,71,77,日语,押井守,,野田圭一 兵藤真子 根津甚八,Under a sky where clouds make sound as they move.,影片架构在一个充满阴影和灰暗色彩的超现实主义世界中，剧情的主角是两个没有提及名字的少年（根津甚八 配音）与少女（兵藤真子 配音）。少女随身带着一颗神秘的蛋，她花许多的时间在某个歌德式的死城里搜集各式瓶子与手工艺品。身上背着一把十字型武器的少年在某天也随着一种神秘的机械来到这个城镇。同时，巨大腔棘鱼的身影在城镇上方出现，城市里的人也成群的活过来开始用长枪猎捕这些鱼群。在少女如巨穴般的瓶子中，就像个庇护所一般，里面收藏着蒐藏品。少年等少女入睡后将那颗神秘的蛋打破。少女表现得很生气并紧跟着已经离开的少年。最后少女沉入了溪谷中死去，她口中吐出来的气泡最后都化作了一颗颗的蛋。
紫色,1985,1985-12-18,剧情 历史,154,77,英语,史蒂文·斯皮尔伯格,艾丽斯·沃克,丹尼·格洛弗 乌比·戈德堡 玛格丽特·艾弗里 奥普拉·温弗瑞 威拉德·E·普 阿科苏阿·巴西亚 德斯雷塔·杰克逊 阿道夫·恺撒 瑞伊·道恩·冲,这是关于生命的思考。这是关于爱的诠释。这是关于我们的故事。,故事发生在1909年的美国，西丽和南蒂是一对情同手足的姐妹，虽然作为黑人女性她们必须面对残酷的现实，但有了彼此的陪伴，尚可苦中作乐，直到西丽被迫嫁给了黑人男子亚伯特。亚伯特性格粗暴，对于他来说，西丽比一个女佣好不了多少，动辄拳打脚踢，他真心爱着的是一个远在他乡的叫做夏戈的女演员。南蒂前来陪伴西丽，亚伯特却因强暴她未遂而将她赶出家门，这一别，西丽彻底的失去了南蒂的音讯。在苦闷的生活中，女人们试图挣扎和抵抗，但最终无一例外的都屈服于歧视和强权之下，夏戈的到来改变了这一切，她独立坚强，从不因为自己女性的身份而有所畏惧，她的乐观给了西丽反抗的勇气，终于，她拿起行李离开了亚伯特，成立了自己的裁缝店，生意红火。而突然有一天，南蒂和自己幸福的家庭再一次出现在了西丽的眼前，出现在了那篇紫色的花海之中。
黑带出勤中,2024,2024-09-13,动作 喜剧 犯罪,108,77,朝鲜语,金周焕,,金宇彬 金成均 李贤琦 Park Ji-yeol 李仲玉 金侹汉 姜亨硕 Cha Wang-hyeon 李海英,Strike crime before it strikes the world.,拥有武术天赋的普通青年李政道接受了一份新工作，担任武道事务官。他与缓刑监督官金宣民一起监控罪犯，预防和打击犯罪。
伦敦父女档,2016,2016-12-07,剧情 喜剧,118,77,法语,Hugo Gélin,Jean-André Yerlès,奥玛·希 Gloria Colston 克蕾曼丝·波西 Antoine Bertrand 艾什雷·沃特斯 Clémentine Célarié Anna Cottis Raphael von Blumenthal Ben Homewood,,萨缪尔（欧麦•希饰），黑人移民后代，普罗旺斯地中海峡湾和沙滩上有名的花花公子，白天给老板娘做豪华游艇驾驶员，晚上当迪吧派对主持人，凭借着帅气、幽默以及撩妹的天赋，获得了来来往往各种年龄女人的爱媚。一天清晨，不速之客克莉丝汀（克蕾曼丝•波西饰），抱着3个月大的混血女婴找上门，说孩子是和萨缪尔一年前的一夜情留下的，借口付车费、抛下孩子走了。男主根据脸书上唯一的头像，来到伦敦寻克莉丝汀未果，偶遇法国老乡制片人贝尔尼（安托万•贝尔纳饰），在片场找到了生计，变成超级奶爸，让孩子格罗里亚快乐地长大。八年后的一天，孩子母亲突然出现，情况变得复杂……
地下,1995,2024-04-18,喜剧 剧情 战争,170,77,塞尔维亚语,埃米尔·库斯图里卡,杜尚·科瓦切维奇,Predrag 'Miki' Manojlović 拉扎尔·里斯托夫斯基 Mirjana Joković Slavko Štimac Ernst Stötzner Srđan 'Žika' Todorović Mirjana Karanović Milena Pavlović Čučilović Danilo 'Bata' Stojković,从前有一个国家。,1941年的南斯拉夫正处于德国法西斯占领时期。一夜，马高为庆祝好友黑仔加入共产党，请来了小乐队助兴。他和黑仔两人喝着白兰地，驾着马车驶过空旷的街道，甚至鸣枪欢呼。黑仔被唠叨的妻子劫回了家，马高则去找妓女鬼混。马高的弟弟伊万是动物园的管理员，他因为口吃，总与动物为伍，可在德军的一次轰炸中，动物园毁于一旦，他只救出黑猩猩宋妮。黑仔的妻子即将生产，他却迷上了年轻漂亮的话剧演员娜塔莉，对她的纳粹军官情人法兰斯愤恨无比。黑仔冲上剧院舞台，把娜塔莉从演出中劫走，不久被德军抓住，施以酷刑。马高化装成大夫混入德军老窝，勒死法兰斯，救走黑仔。德国纳粹展开大规模搜捕，包括伊万在内的大批革命家属躲进马高家的地窖避难，深受重伤的黑仔也被送了进来，马高成了他们和地上唯一的联系。黑仔的妻子难产死去，留下儿子祖凡。而此时娜塔莉却在马高的甜言蜜语中投入了他的怀抱。  　　四年之后，侵略者被赶走了，南斯拉夫在铁托领导下建立了自己的共和国，马高作为其战友身居高位，同妻子娜塔莉一起被群众崇拜。他用各种方法让地窖里的黑仔等人相信战争还在继续，他们不得不躲在里面为“革命”制造武器，却做梦也想不到这些武器从后院成批地运往国外，为马高换取大把的钞票。时光转眼间飞逝，为参加黑仔独子祖凡的婚礼，马高和娜塔莉来到地下。盛大的庆典上，人们大吃大喝，三个多年老友却各怀心事。黑猩猩宋妮误开大炮，宴会立时一片混乱，黑仔趁机带着祖凡持枪潜上地面，准备与德军大干一场。他们把电影外景地当成敌军阵地，大开杀戒，但翌日清晨祖凡便失足落水身亡。为寻找受惊吓逃跑的宋妮，伊万也来到地面，却被途径的车辆带往了西德。马高和娜塔莉则炸毁了地窖，带着走私军火赚来的钱逃出国境。
美女与野兽,1991,1991-11-22,爱情 家庭 动画 奇幻,84,77,英语,柯克·怀斯,加里·特鲁斯代尔,唐娜·佩奇·奥哈拉 罗比·本森 理查德·怀特 杰罗姆·奥尔巴赫 大卫·奥格登·斯蒂尔斯 安吉拉·兰斯伯瑞 雷克斯·埃弗哈特 杰西·科尔蒂 布莱德利·皮尔斯,The most beautiful love story ever told.,这个“古老的故事”讲述了聪慧的年轻女子贝儿的冒险经历。她被囚禁在一座神秘野兽的城堡里。在城堡里魔法师的帮助下，这两个看似不可能成为朋友的人之间发展出一段美好而温馨的爱情。贝儿很快领悟到最重要的道理——真正的美丽源于内心。
爱丽丝城市漫游记,1974,1974-05-17,剧情,110,77,德语,维姆·文德斯,法伊特·冯·菲尔斯滕贝格,Rüdiger Vogler Yella Rottländer Lisa Kreuzer Edda Köchl Ernest Boehm Sam Presti Lois Moran Didi Petrikat Hans Hirschmüller,,德国摄影记者菲力浦过着流浪式的生活，有一次被派到美国完成一项采访，但他并没有完成任务。途中与一个神秘的美国女子邂逅之后，无意中成了她那九岁的小女孩的监护人。菲力浦必须带着小爱丽丝穿越德国、帮她寻找奶奶的过程中，互相有了意想不到的了解，故事回避单刀直入，发展充满惊喜，主题的显现极其优雅，让观众慢慢体会美国大众文化对战后欧洲的影响。
哈姆奈特,2025,2025-11-26,剧情 爱情 历史,126,77,英语,赵婷,Maggie O'Farrell,杰茜·巴克利 保罗·麦斯卡 艾米丽·沃森 乔·阿尔文 雅可比·朱佩 诺亚·尤佩 Olivia Lynes Justine Mitchell 大卫·威尔莫特,敞开心扉。,16世纪末期，彼时还未成名的威廉·莎士比亚（保罗·麦斯卡 饰）以教授拉丁语为生，为偿还父亲债务而奔波。他与在森林长大、性格奔放不羁的“女巫之女”艾格尼丝（杰西·巴克利 饰）相遇，被对方身上蓬勃的生命力深深吸引，随即陷入热恋。两人深知家族不会认可这段关系，便私下结合，不久后长女苏珊娜（博德希·蕾·布里纳希 饰）降生，他们的婚姻也因此被世俗接纳。后来艾格尼丝怀上双胞胎，却被婆婆要求在室内分娩，被迫切断与自然的联结。最终她顺利诞下儿子哈姆奈特（雅各比·尤佩 饰）与女儿珠迪丝（奥利维娅·莱恩斯 饰）。此后，莎士比亚前往伦敦追寻剧作家的梦想，艾格尼丝则留在家中抚养孩子。不幸的是，哈姆奈特夭折，这给夫妻二人带来沉重打击。莎士比亚将满腔悲痛倾注于创作，写出经典悲剧《哈姆雷特》，还亲自在剧中饰演哈姆雷特父亲的鬼魂；艾格尼丝则在伦敦环球剧院的舞台下，默默宣泄内心的哀伤。
小马宝莉：新世代,2021,2021-09-22,动画 家庭 奇幻 喜剧 冒险,90,77,英语,José Luis Ucha,Robert Cullen,凡妮莎·哈金斯 金科·格伦 詹姆斯·马斯登 索菲亚·卡尔森 丽莎·科希 郑肯 伊丽莎白·帕金斯 简·科拉克斯基 菲尔·拉马,Get your sparkle on.,不可思议的事情发生了······小马利亚失去了魔力！陆马、独角兽和飞马不再是朋友，如今只有同种族的小马才会待在一起。但理想主义的年轻陆马桑尼（凡妮莎·哈金斯配音）决心找到一种方法，让世界重新拥有魔法并变得像以前一样团结。她与性格开朗的独角兽伊兹（贵美子·格伦配音）一起前往遥远的国度，在那里她们遇到了富有魅力且勇敢的飞马皮璞（索菲亚·卡尔森配音）和齐璞（丽兹·考什配音），以及使命感满满的陆马希区烈焰（詹姆斯·麦斯登配音）。他们在完成任务的过程中遇到了诸多困难，但每一位新的好朋友都有自己独一无二的天赋，这可能正是小马利亚恢复魔法所需要的东西，并证明了小马也能带来大改变。
天空上三公尺,2010,2010-12-03,爱情 剧情,122,77,西班牙语,Fernando González Molina,Federico Moccia,玛丽亚·瓦沃德 马里奥·卡萨斯 Álvaro Cervantes Marina Salas Luis Fernández Nerea Camacho Cristina Plazas Jordi Bosch Joan Crosas,One step to you.,"她, 一个接受良好教育的富家乖乖女。  他, 一个热衷于非法摩托车赛的狂野青年。  两个属于不同世界的人相遇相识, 会擦出怎样的火花？  你是否也在期待天空之上三公尺的幸福？"
早餐俱乐部,1985,1985-02-15,喜剧 剧情,97,77,英语,约翰·休斯,,埃米利奥·埃斯特韦斯 贾德·尼尔森 莫莉·林沃尔德 安东尼·迈克尔·豪尔 艾丽·西蒂 保罗·格里森 约翰·卡佩洛斯 Perry Crawford Mary Christian,"They only met once, but it changed their lives forever.",本片是约翰．休斯与莫利．林沃德继《少女十五十六时》之后，再度合作的一部中学生喜剧，描写五位个性反叛的男女同学，在假期被罚留校温习功课。五人的家庭背景和性格各异，但在他们诚恳交谈之后，逐渐放开了彼此的戒心和敌意，变成了心意相通的好友。全片对年轻人的心态有相当深入细腻的描写，手法轻松幽默而具启发性，容易获得年轻观众共鸣，一群新秀演员也有贴切的演出。
超能陆战队,2014,2015-02-28,冒险 家庭 动画 动作 喜剧,102,77,英语,罗伯特·L·贝尔德,乔·凯西,斯科特·安第斯 瑞恩·波特 丹尼尔·海尼 T·J·米勒 郑智麟 小达蒙·韦恩斯 珍尼希斯·罗德里格兹 詹姆斯·克伦威尔 艾伦·图代克,《冰雪奇缘》与《无敌破坏王》原班人马打造,未来世界的超级都市旧京山，热爱发明创造的天才少年小宏，在哥哥泰迪的鼓励下参加了罗伯特·卡拉汉教授主持的理工学院机器人专业的入学大赛。他凭借神奇的微型磁力机器人赢得观众、参赛者以及考官的一致好评，谁知突如其来的灾难却将小宏的梦想和人生毁于一旦。大火烧毁了展示会场，而哥哥为了救出受困的卡拉汉教授命丧火场。身心饱受创伤的小宏闭门不出，哥哥生前留下的治疗型机器人大白则成为安慰他的唯一伙伴。原以为微型机器人也毁于火灾，谁知小宏和大白竟意外发现有人在某座废弃工厂内大批量地生产他的发明。稍后哥哥的朋友们弗雷德等人也加入进来，他们穿上小宏发明的超级战士战斗装备，和怀有险恶阴谋的神秘对手展开较量…
星际牛仔 天国之门,2001,2001-09-01,动作 动画 科幻,115,77,日语,渡边信一郎,信本敬子,山寺宏一 石冢运升 多田葵 小林爱 林原惠美 五十岚信次郎 矶部勉 平尾仁 石桥莲司,They're here to save the planet. But not for free.,2071年的万圣节前夕，火星上的大城市突然发生了令人惊叹的犯罪。高速公路上一辆油罐车爆炸了。事故发生现场的人们因不明原因病倒，死伤人数超过400人。这样大规模的杀人事件，似乎是不明来源的生物武器所为。为此，火星政府发布了3亿圆的赏金悬赏恐怖分子。目击事件的faye单独行动妄图独占赏金，艾德使用黑客技术找到线索，与Bebop号上的大家一起行动。四人一狗组合再次出动，但他们不知道，这3亿元的代价，是对抗前所未有的强大犯罪者。
蝙蝠侠：侠影之谜,2005,2005-06-29,剧情 犯罪 动作,140,77,英语,克里斯托弗·诺兰,鲍勃·凯恩,克里斯蒂安·贝尔 迈克尔·凯恩 连姆·尼森 凯蒂·霍尔姆斯 加里·奥德曼 基利安·墨菲 汤姆·威尔金森 鲁格·豪尔 渡边谦,开战时刻,布鲁斯·韦恩（克里斯汀·贝尔 Christian Bale 饰）童年亲眼目睹了父母在高谭市街头被歹徒枪杀，韦恩充满怒火。在继承了父亲亿万家产后，韦恩开始环游世界，希望凭自己的力量复仇和打击犯罪！韦恩为了了解罪犯的心理，在亚洲他亲自体验了犯罪的感觉，最后被捕入狱。他在狱中遇到了武艺高强的杜卡，杜卡传授了韦恩高强的武艺和坚韧的意志力。韦恩很快被神秘的影忍者盟看上，忍者大师一直想邀他加入。韦恩不久发现影忍者盟对自己的家乡高谭市另有企图，他毅然回到了故乡。韦恩在自己的庄园发现了一个地下室，从此他多了一个身份—蝙蝠侠。蝙蝠侠开始了对抗笼罩在高谭市的黑暗。
RRR：双雄起义,2022,2022-03-25,动作 冒险 剧情,187,77,泰卢固语,S·S·拉贾穆里,维杰耶德拉·普拉萨德,小N·T·拉玛·拉奥 拉姆·查兰 Olivia Morris 雷·史蒂文森 艾莉森·杜迪 阿贾耶·德乌干 阿莉雅·布哈特 塞缪拉卡尼 Twinkle Sharma,起来，咆哮，反抗。,本片以印度传奇自由战士阿卢里·西塔拉马·拉朱与科马拉姆·比姆的故事为蓝本进行虚构创作，两人分别抗击英国殖民统治与海得拉巴的尼扎姆政权。
怪谈,1965,1965-01-06,恐怖 奇幻 剧情,183,77,日语,小林正树,拉夫卡迪奥·赫恩,新珠三千代 三国连太郎 渡边美佐子 石山健二郎 赤木兰子 Fumie Kitahara 松本克平 Yoshiko Ieda Otome Tsukimiya,秉承《罗生门》与《地狱门》之传统。,本片分为四个故事：《黑发》居住在京都的武士（三國連太郎 饰）厌倦了贫苦的生活，他抛弃妻子（新珠三千代 饰），与一个贵族小姐（渡辺美佐子 饰）结婚。然而现任妻子的冷酷让武士怀念起前妻的温柔贤淑，他再次与前妻相遇，结果却出人意料；《雪女》狂风暴雪的一日，青年（仲代達矢 饰）在山上邂逅美丽的雪女（岸恵子 饰）。雪女爱慕青年，饶他不死，但青年不得将这次相遇告知外人；《无耳芳一的故事》盲僧芳一（中村賀津雄 饰）的琵琶弹唱连鬼魂也分外欣赏，但经常与鬼接触势必折损阳寿，寺中的长老决定拯救芳一；《茶杯中》武士关内（中村翫右衛門 饰）喝茶时发现茶碗有一个陌生人的面孔，他打破茶碗，却引来了一个不速之客。
超人总动员,2004,2005-01-28,动作 冒险 动画 家庭,115,77,英语,布拉德·伯德,,克雷格·西奥多·尼尔森 霍莉·亨特 莎拉·沃威尔 斯宾塞·福克斯 杰森·李 塞缪尔·杰克逊 伊丽莎白·佩纳 伊莱·富西尔 Maeve Andrews,期待不可思议。,鲍勃是一个超人特工，他惩恶扬善，深受街坊邻里的爱戴。“不可思议”先生就是他的光荣外号。他和另一个超人特工“弹力女超人”相爱，两人结婚后过上平静的生活。15年过去了，鲍勃已经像普通人一样生活，当上了保险公司的理赔员。然而他心中还是有着技痒之时。当他知道有发明家要展开攻击超人特工队、毁灭人类的计划，鲍勃终于按捺不住了。他要重出江湖，挽救人类护卫地球。但中年的超人已经大腹便便，他和敌人的斗争充满了悬念。鲍勃的妻子也跟丈夫一起投入到这场艰巨的战争中。
豹,1963,1963-03-27,剧情,187,77,意大利语,卢基诺·维斯康蒂,朱塞佩·托马西,伯顿·兰开斯特 克劳迪娅·卡汀娜 阿兰·德龙 Paolo Stoppa Rina Morelli Romolo Valli 特伦斯·希尔 Pierre Clémenti Lucilla Morlacchi,卢基诺·维斯康蒂经久不衰的浪漫冒险。,卢基诺·维斯康蒂的史诗巨制。影片以怀旧笔触、戏剧张力与华丽场面，重现意大利复兴运动时期动荡岁月——贵族阶级式微，新兴中产阶级崛起并缔造统一民主的意大利。迟暮亲王目睹其文化与财富在新时代洪流中逐渐凋零，而新世代的代表正是他野心勃勃的侄子及其明媚动人的未婚妻。本片荣获1963年戛纳电影节金棕榈奖，将朱塞佩·托马西·迪·兰佩杜萨的文学史诗及其承载的历史洪流，淬炼成真正的电影艺术瑰宝。
瞬息全宇宙,2022,2023-06-13,动作 冒险 科幻,132,77,英语,丹尼尔·谢纳特,关家永,杨紫琼 许玮伦 关继威 吴汉章 杰米·李·柯蒂斯 塔莉·梅德尔 珍妮·斯蕾特 岑勇康 比夫·威夫,天马行空,焦头烂额的移民母亲伊芙琳·王突然接到来自平行宇宙的联络，被告知唯有她能拯救世界。这位看似普通的英雄必须学着掌控自己新获得的力量，在支离破碎的多元宇宙时间线中奋力抗争，以拯救她的家园、家人，以及那个迷失在琐碎生活中的自己。
一样的月光,2007,2007-07-27,剧情,106,77,西班牙语,派翠西亚·里根,Ligiah Villalobos,阿德里安·阿隆索 凯特·德尔·卡斯蒂略 欧亨尼奥·德伯兹 玛雅·萨帕塔 卡门·洛萨诺 安吉丽娜·佩雷斯 加布里埃尔·波拉斯 亚美莉卡·费雷拉 玛丽亚·罗霍,The love between a mother and a son knows no Boundraries.,迫于生计，罗莎里奥（凯特·德尔·卡斯蒂洛 Kate del Castillo 饰）不得不离开了自己挚爱的儿子卡利托斯（阿德里安·阿龙索 Adrian Alonso 饰），只身前往洛杉矶赚钱养家。临行前，她将卡利托斯托付给了母亲班尼塔（Angelina Peláez 饰），并允诺一定会回来接他。可几年过去，罗莎里奥似乎里当初的承诺越来越远。
夜深血红,1975,1975-03-07,恐怖 惊悚 悬疑,126,77,意大利语,达里欧·阿基多,贝尔纳迪诺·扎波尼,David Hemmings 达里亚·尼科洛迪 加布里埃尔·拉维亚 Macha Méril Eros Pagni Giuliana Calandra Piero Mazzinghi Glauco Mauri Clara Calamai,When was the last time you were really scared?,一位音乐家目睹著名灵媒被杀后，与一位果敢的女记者联手追查真凶，同时躲避着企图掩埋黑暗秘密的隐形袭击者的致命追击。
曼哈顿,1979,1979-04-25,喜剧 剧情 爱情,96,77,英语,伍迪·艾伦,马歇尔·布里克曼,伍迪·艾伦 黛安·基顿 迈克尔·墨菲 玛丽尔·海明威 梅丽尔·斯特里普 安妮·伯恩·霍夫曼 凯伦·路德维希 迈克尔·奥多诺霍 加里·韦斯,伍迪·艾伦的新喜剧大片。,本片是一部精彩而风趣的影片，深入剖析了一位成功的纽约喜剧作家纷扰的生活与爱情。[米高梅]
安全至下,1923,1923-04-01,喜剧 爱情,73,77,英语,Sam Taylor,Fred C. Newmeyer,Harold Lloyd Mildred Davis Bill Strother Noah Young Westcott Clarke Roy Brooks Mickey Daniels Richard Daniels Ray Erlenborn,"You're Going to Explode With ""Safety Laughs"" when You see This Fun Bomb.",在本片中，罗依德扮演一名百货公司的店员。该公司为了商业宣传，请了一位特技演员前来表演从楼下爬到大楼屋顶的绝技，不料那位特技演员途中与交通警员发生了纠纷而无法赶到。百货公司为了向围观的群众有所交代，只好由罗依德权充演员，在众目睽睽之下表演特技。
卢旺达饭店,2004,2005-06-11,剧情 历史 战争,122,77,英语,特里·乔治,基尔·皮尔森,唐·钱德尔 索菲·奥科内多 尼克·诺尔蒂 法娜·莫科纳 德斯蒙德·杜贝 Hakeem Kae-Kazim 托尼·克戈罗格 卡拉·西摩 大卫·帕特里克·奥哈拉,"When the world closed its eyes, he opened his arms.",影片来源于一个真实的故事。1962年，卢旺达宣布独立后，胡图族与图西族两部族之间矛盾重重，多次发生冲突，战事持续不断。 1994年4月6日，一架载着卢旺达胡图族总统朱韦纳尔·哈比亚利马纳和布隆迪总统西普里安·恩塔里亚米拉的座机在卢旺达首都基加利上空被火箭击落，两国元首同时罹难。4月7日，空难在卢旺达国内引发了胡图族与图西族两族的互相猜疑，从而爆发了一场规模空前的武装冲突和种族大屠杀，令世界震惊的人间惨剧拉开了帷幕。被胡图族种族主义者控制的广播电台也为大屠杀的行为煽风助阵，他们叫嚣着“让一切的郁积都爆发出来吧。在这样一个时刻，鲜血将滚滚而出”，失控的人群在媒体的号召下四处搜寻和杀死图西族人，空气中弥漫着血腥的味道。 当一个国家陷入了疯狂，世界也闭上了双眼时，有一个名叫保罗·卢斯赛伯吉纳（唐·钱德尔 饰）的饭店经理却敞开了温暖的怀抱，他经营着当地一家云集着欧洲游客和军界政要的米勒·科林斯饭店，八面玲珑地运用着一切关系尽心地呵护着饭店的顾客们。保罗是胡图族人，而他的妻子塔莎娜（苏菲·奥康尼多 饰）却是图西族的，对他而言，在动荡的时局中，保护他的图西族的亲戚与朋友成为了一生中面临的最大使命与挑战。联合国维和部队的无所作为和与世界媒体的隔绝使得保罗夫妇二人和在饭店中避难的1268名当地居民更加坚定了活下去的信心与勇气，“我们一定让全世界都无地自容地去采取应有的行动”。事态越来越严重，百日之内竟有约100万人死于非命，但米勒·科林斯饭店却成为了嗜血荒漠中的一片生命绿洲。
剪刀手爱德华,1990,2024-09-08,奇幻 剧情 爱情,105,77,英语,蒂姆·伯顿,卡罗琳·汤普森,约翰尼·德普 薇诺娜·瑞德 黛安·韦斯特 安东尼·迈克尔·豪尔 凯西·贝克 罗伯特·奥利韦里 康查塔·费雷尔 卡罗琳·亚伦 理查德·安东尼·威廉姆斯,他所知的是纯真。她所见的是美丽。,爱德华（约翰尼·戴普饰）是一个机器人，他拥有人的心智，却有一双剪刀手，孤独地生活在古堡里，闯入古堡的化妆品推销员佩格把他带回家，让他走进了人类的世界。单纯的爱德华爱上了佩格的女儿金（薇诺娜·瑞德饰），金也慢慢的被爱德华的善良所吸引。但是，一连串的意外事情让周围的人邻居对爱德华的态度从喜欢变成无法接受，爱德华痛苦地发现，他总是好心办坏事，连自己的爱人都不能拥抱，或许，他注定就不属于这个世界。
西线无战事,2022,2022-10-28,战争 剧情,147,77,德语,爱德华·伯杰,埃里希·玛丽亚·雷马克,费利克斯·卡默雷尔 阿尔布雷希特·舒赫 亚伦·希尔默 莫里茨·克劳斯 阿德里安·格吕内瓦尔德 埃丁·哈萨诺维奇 丹尼尔·布鲁赫 蒂博·德·蒙塔朗贝尔 德维德·斯特里索,战争中的人类体验,该片改编自埃里希·玛利亚·雷马克撰写的同名经典小说，讲述在第一次世界大战期间，保罗·鲍曼和同学莱尔、米勒参加了德国国民志愿兵，被派往前线与法军作战。在战场上，他们目睹到了残酷的饥饿、血腥和死亡，战争的荒谬无情让保罗从迷恋战争到心灰意冷。
盟约,2023,2023-04-21,战争 动作 惊悚,123,77,英语,盖·里奇,伊万·阿特金森,杰克·吉伦哈尔 达尔·萨利姆 肖恩·萨加尔 黄竣锋 里斯·耶茨 克里斯蒂安·奥乔亚 鲍比·斯科菲尔德 艾米丽·比查姆 约翰尼·李·米勒,A bond. A pledge. A commitment.,美军中士约翰·金利（杰克·吉伦哈尔 饰）最后一次在阿富汗执行任务，和当地翻译艾哈迈德一起调查该地区。他们的部队在巡逻中遭到伏击，两人成为唯一的幸存者，在敌人的追击下，艾哈迈德冒着生命危险带着受伤的金利穿过数英里的岖崎地形到达安全地带。回到美国本土后，金利得知艾哈迈德和其家人并没有像承诺的那样获准前往美国，他决心保护这个朋友并报恩，重回战区在当地民兵到达之前救出艾哈迈德一家。
一夜风流债,2016,2016-05-13,喜剧 爱情,113,77,西班牙语,Gustavo Loza,,卡拉·索萨 Ricardo Abarca Biassini Segura 杰拉尔多·塔拉塞纳 索菲亚·西斯涅加 Rocío García Fabiola Guajardo Mar Carrera Erick Elías,There are hangovers that last 9 months.,在一夜情导致怀孕后，一名年轻女子决定与情感不成熟的准爸爸成为伴侣。
福禄双霸天,1980,1980-06-16,音乐 喜剧 动作 犯罪,135,77,英语,约翰·兰迪斯,丹·艾克罗伊德,丹·艾克罗伊德 约翰·贝鲁西 詹姆斯·布朗 凯比·卡洛威 雷·查尔斯 艾瑞莎·弗兰克林 史蒂夫·克罗帕 Donald 'Duck' Dunn 墨菲·邓恩,They'll never get caught. They're on a mission from God.,这是一部充满音乐表演的无厘头喜剧。杰克（约翰·贝鲁西 John Belushi 饰）和艾伍德（丹·艾克罗伊德 Dan Aykroyd 饰）曾经是音乐狂人，组乐队搞演出是他们的拿手好戏。杰克却因为一桩抢劫案而坐了牢，从此荒废了音乐事业。出狱那天，艾伍德前来接风，二人兴致勃勃前往自幼长大的孤儿院探望玛丽修女，却被告知这个孤儿院已经欠了一大笔税款面临关门，除非有人能在十一天内凑齐5000美元。  　　二人对孤儿院情比金坚，怎能眼睁睁看着孤儿院“沦陷”？哥俩从长计议，决定重拾自己的音乐事业，为孤儿院巡演揍钱。于是，以前的乐队又重新组合起来，热热闹闹的一大队人在舞台上开始了磕磕绊绊的演出。凑钱还是其次的问题，他们得先解决意外碰到的一大堆麻烦事，比如警察的误会、黑帮的追杀……挽救孤儿院的动力让他们所向披靡，魅力四射，同时也找回了他们自己的音乐梦想。
过往人生,2023,2024-06-14,剧情 爱情,106,77,英语,席琳·宋,,格蕾塔·李 刘台午 约翰·马加罗 文胜雅 严承敏 尹智慧 崔元荣 安敏英 Seo Yeon-woo,,诺拉与海盛这对童年时代心灵相通的挚友，因诺拉全家移民韩国而被迫分离。二十年后，他们在纽约重逢共度决定性的一周，共同面对关于宿命与爱的思考，以及那些塑造人生的选择。
黄金骑士,1966,1966-04-07,喜剧 冒险,120,77,意大利语,马里奥·莫尼切利,艾根诺尔·因克鲁西,维托里奥·加斯曼 凯瑟琳·斯巴克 Folco Lulli 吉安·玛丽亚·沃隆特 Maria Grazia Buccella 芭芭拉·斯蒂尔 Enrico Maria Salerno Carlo Pisacane Ugo Fangareggi,,一群流氓偷走了一幅卷轴，授予其持有者阿普利亚（意大利南部）Aurocastro土地的财产。他们选出了一位毛茸茸的骑士，来自诺西亚的Brancaleone，作为他们的领袖，并决定拥有这片据称富裕的土地。旅途中将发生许多冒险活动。
乞丐,1961,1961-09-25,剧情,117,77,意大利语,皮埃尔·保罗·帕索里尼,,Franco Citti Franca Pasut Silvana Corsini Paola Guidi 阿德里娅娜·阿斯蒂 Luciano Conti Luciano Gonini Renato Capogna Alfredo Leggi,穷人的“甜蜜生活”。,影片表现了罗马郊区的青少年、妓女和拉皮条的人的生活，反映了流氓无产者和被社会所唾弃的人的生活世界。这部影片充满自然主义，高潮部分带有强烈的宗教狂热，穿插着梦幻，但又有明显的社会和心理特点，影片以主人公富有隐喻的死结束。导演在该片中大量运用了实际生活中的语言。
费城故事,1993,1993-12-22,剧情,126,77,英语,乔纳森·戴米,罗恩·内斯万尼尔,汤姆·汉克斯 丹泽尔·华盛顿 杰森·罗巴兹 玛丽·斯汀伯根 安东尼奥·班德拉斯 Ron Vawter Robert Ridgely 查尔斯·纳皮尔 Lisa Summerour,No one would take on his case... until one man was willing to take on the system.,安德鲁（汤姆•汉克斯 Tom Hanks 饰）和米勒（丹泽尔•华盛顿 Denzel Washington 饰）认识于法庭上，两人都是年轻有为的律师，各为其主。然而，年轻的安德鲁不久后因为同性恋和身染艾滋病被老板发现，以莫须有理由解雇了。遭解雇后的安德鲁四处寻找律师为他讨回公道。当安德鲁找到米勒时，米勒一开始拒绝了他。因为米勒像普通人一样憎恨同性恋和惧怕艾滋病，但当他看到安德鲁在图书馆搜索“艾滋病歧视”时遭到管理员的白眼，听着妻子缓慢而平静地说出他们的姨妈、朋友有很多也是同性恋时，他决定受理安德鲁的案件。在最后的法庭上，病危的安德鲁毅然出庭……
野马,2015,2016-04-16,剧情,97,77,法语,Deniz Gamze Ergüven,Alice Winocour,Güneş Nezihe Şensoy Doğa Zeynep Doğuşlu Elit İşcan Tuğba Sunguroğlu 伊利亚达·阿克迪肯 Ayberk Pekcan Bahar Kerimoğlu Burak Yiğit Erol Afşin,Their spirit would never be broken.,夏初，在土耳其北部的一个村庄，莱拉和她的四个姐妹放学回家，天真地与男孩们玩耍。她们游戏中被认定的“放荡”引发了一场丑闻，并带来意想不到的后果。家庭住所逐渐变成一座监狱，家务和烹饪课取代了学校教育，包办婚姻也开始安排。五姐妹怀着对自由的同样渴望，开始反抗强加在她们身上的束缚。[Cohen Media Group]
黄牛惨案,1943,1943-05-21,西部 剧情,75,77,英语,William A. Wellman,Walter Van Tilburg Clark,亨利·方达 达纳·安德鲁斯 Mary Beth Hughes 安东尼·奎恩 William Eythe 哈利·摩爾根 Jane Darwell Matt Briggs Harry Davenport,Lynch law rules the mob!,在美国西部的化达州，有个小镇叫勃烈杰井，镇上大牧场主拉莱·金凯的两个牧工阿特·克罗夫特与杰尔·卡特，在酒吧听说牧主金凯被人打死了，杂货店老板德维斯要报告警长和法官，年轻人却都要自己动手去抓凶手，施以私刑。代理警长梅泼斯组织了一支没有经过警长正式委派，不合法的民团队伍，大约20人左右，准备出发。法官劝大家不要去做非法之事，以免造成犯罪行为，但毫无效果。队伍来到崎岖的山路，去找所谓凶手，因为他们认为这一定是偷牛贼干的，而有人恰好看见三个人赶着一群牛离开此地，他们追上了这三个人，不问青红皂白，就要把他们绑起来。三人中为首的青年叫马丁，他解释说，他们的牛是从金凯牧主那里买来的，不是偷的。当他听说人们怀疑他与杀人案有关，他大吃一惊，德维斯从人群中走出来，说应给他们起码的人权——公正的审判，可是大家听不进去，非要绞死他们不可。马丁临死前给妻子留下一封遗书，可是，当梅泼斯将此事回来汇报给警长，警长非常气愤。原来，金凯牧主没有死，开枪打伤他的家伙也被抓住了。人们惊呆，杰尔突然想起马丁的遗书，拿出来念道：“法律是人类的良心，人类没有良心就谈不上文明。”
大坏狐狸的故事,2017,2017-06-21,家庭 动画 喜剧,83,77,法语,本杰明·雷纳,Patrick Imbert,Guillaume Darnault Damien Witecka Kamel Abdessadok Antoine Schoumsky Céline Ronté Violette Samama Jules Bienvenu Augustin Jahn-Sani Boris Rehlinger,,《大坏狐狸的故事》改编自法国同名绘本，描绘了三段温馨有爱、滑稽欢脱的法式谐趣小故事。故事的舞台是一个小型农场，围绕一群欢脱有趣、正义善良，脑筋却不太灵光的小动物展开——一只想吃鸡想到发疯的狐狸被迫成了“鸡妈妈”，三只误入歧途的小鸡一心想当“嗜血狐狸”；一头责任感爆棚的猪和它的猪队友为护送人类宝宝回家，而踏上一场惊心动魄的公路冒险；一只鸭子和兔子因为“误杀”了圣诞老人，不得不扛起拯救圣诞节的世纪重任…… 一对对啼笑皆非的组合，制造出一串天真童趣的奇遇，有谁认为乡村生活都是炊烟袅袅、一派祥和？欢迎来到“最疯农场”！
夜行者,2014,2015-04-18,犯罪 剧情 惊悚,117,77,英语,丹·吉尔罗伊,,杰克·吉伦哈尔 里兹·阿迈德 蕾妮·罗素 比尔·帕克斯顿 凯文·拉姆 迈克尔·凯悦 普莱斯·卡森 肯特·夏克奈克 莎伦 泰,The city shines brightest at night.,卢·布鲁姆(杰克·吉伦哈尔 饰演)是一名充满激情的年轻人，迫切地想得到一份工作。他发现，自己或许可以在报道洛杉矶地下犯罪活动方面有一番作为。他与一群敢于冒险的摄影师们合作，闯入了那个危险而又刺激的“夜行”的世界。所谓“夜行”(Nightcrawler)，指的就是自由记者和摄影师们四处拍摄暴力犯罪影像，并将其卖给电视台相关节目组的行为。一位来自电视台的经验丰富的女记者尼娜(蕾妮·罗素 饰演)也成为卢的助手。然而很快，他就模糊了正与邪的界限，从一名旁观者变成了他镜头中故事里犯下罪行的“明星”。
意大利式结婚,1964,1964-12-18,剧情 爱情 喜剧,102,77,意大利语,维托里奥·德西卡,托尼·诺格拉,索菲亚·罗兰 马切洛·马斯楚安尼 Aldo Puglisi Tecla Scarano Marilù Tolo Gianni Ridolfi Generoso Cortini Vito Moricone Rita Piccione,你前所未见！情感洪流全新爆发！继《意大利式离婚》与《昨日、今日、明日》后，大使影业再创银幕奇迹，倾情呈献……,一次意外中，多米尼克（马塞洛·马斯楚安尼 Marcello Mastroianni 饰）救下了美丽的女子费鲁美娜（索菲娅·罗兰 Sophia Loren 饰），两人一见钟情很快陷入了热恋之中，可惜多米尼克是一个花花公子，随着时间的流逝，他不再专情与费鲁美娜，转而投入了别的女人的怀抱。
GT赛车：极速狂飙,2023,2023-08-19,冒险 剧情 动作,135,77,英语,尼尔·布洛姆坎普,扎克·贝林,阿奇·马德基 大卫·哈伯 奥兰多·布鲁姆 杰曼·翰苏 达伦·巴内特 梅芙·库蒂埃-李利 杰瑞·哈利维尔 丹尼尔·普伊格 乔莎·斯特拉多夫斯基,From gamer to racer.,影片讲述了一位平民游戏少年热血逐梦，成为职业赛车手的真实励志故事。从小怀揣赛车梦想的詹恩·马登伯勒被GT赛车学院挖掘，他凭借出色的游戏经验和自身的努力一次次打破外界质疑，彻底改写赛车运动是“富人专属”的规则。全球九大顶级赛道实地取景，豪华赛车齐聚，金牌导演尼尔·布洛姆坎普执导，用一场场令人屏息的纯正赛车对决，带你沉浸式感受生死一瞬的极速狂飙。
我是布莱克,2016,2017-04-19,剧情,100,77,英语,肯·洛奇,保罗·拉弗蒂,戴夫·约翰斯 海莉·斯奎尔斯 布莱安娜·尚恩 迪伦·麦基尔南 凯特·鲁特 莎朗·珀西 凯玛·西卡兹韦 Magpie Richens Amanda Payne,"My name is Daniel Blake. I am a man, not a dog.",59岁的Daniel Blake是个木匠，由于心脏问题，他生平第一次需要申请社会救济。尽管他的医生禁止他继续工作，但他依然决定冒着被罚款的风险找一份工作。在他反复前往“就业中心”求职的过程中，他结识了Rachel，一位需要照顾两个孩子的单身母亲。为了不让孩子流落到儿童福利院，她不得不住在一间离自己出生地450公里远的住房内。当今英国行政机构的繁琐程序就像一张网，牢牢套住两人。Daniel和Rachel决定尝试相互帮助。
昼与夜,2010,2010-06-17,动画 家庭 喜剧,6,77,英语,泰迪·牛顿,,Wayne Dyer,,《昼与夜》讲述了一个叫“昼”，一个叫“夜”，两位个性鲜明并且相互对立的角色。昼的性格非常阳光，而夜的性格则非常的内向低沉。一开始两个人对对方都充满了疑虑和恐惧，因此开始的合作并不顺利。但是在他们开始发现对方独特的特点之后，他们开始认识到正是他们二人不同的特质才给同一个世界带来了不同的视角。他们的合作也让二人产生了友谊，并都从对方身上学到了新的思考方式。
疾速追杀4,2023,2025-03-14,动作 惊悚 犯罪,170,77,英语,德里克·科尔斯塔,查德·斯塔尔斯基,基努·里维斯 甄子丹 比尔·斯卡斯加德 伊恩·麦柯肖恩 劳伦斯·菲什伯恩 兰斯·莱迪克 克兰西·布朗 真田广之 泽山璃奈,无路可退,高桌组织的首席执行官格拉蒙特（比尔·斯卡斯加德饰）不断提高对约翰·威克（基努·里维斯饰）的赏金，同时清理其在这个邪恶组织中的痕迹。巨额赏金的诱惑下，吸引来了潜在的赏金猎人对威克的追杀。被逐出高桌会的威克在与高桌会的对抗过程中找到了击败高桌会的方法，在朋友的帮助下，开始了自己的反击……
监守自盗,2010,2010-10-08,纪录 犯罪,109,77,英语,Charles Ferguson,,马特·达蒙 Bill Ackman Jonathan Alpert Christine Lagarde Daniel Alpert Sigridur Benediktsdottir Gylfi Zoega Andri Snær Magnason Paul Volcker,"The film that cost over $20,000,000,000,000 to make.",本片是首部揭露2008年经济危机背后惊人真相的影片。这场导致全球金融体系崩溃的危机耗费超过20万亿美元，令数百万人流离失所、丧失工作。影片通过大量调查以及对金融界核心人士、政客与记者的访谈，追溯了一个失控行业的崛起，并揭露了腐蚀政治、监管与学术界的共生关系。[索尼影业经典]
玩乐时间,1967,1967-12-13,喜剧,115,77,法语,雅克·塔蒂,阿尔特·巴克沃德,雅克·塔蒂 Barbara Dennek Rita Maiden 弗朗丝·吕米伊 France Delahalle Valérie Camille Erika Dentzler Nicole Ray Yvette Ducreux,一场无与伦比的视觉盛宴。,雅克·塔蒂精心构织、几乎无言的高科技时代迷惘喜剧，在本片中臻于化境。这部耗时近三年、耗资巨大的里程碑之作，塔蒂再次将他可爱老派的于洛先生与一众迷茫的灵魂抛入令人困惑的现代世界——此次的背景是巴黎。影片超宽画幅的每一寸都充盈着欢乐与巧思，成为了一个在遗忘边缘徘徊的现代时代的永恒印记。
随心所欲,1962,1962-09-20,剧情,84,77,法语,让-吕克·戈达尔,,Anna Karina Sady Rebbot 安德烈·S·拉巴尔特 Guylaine Schlumberger Gérard Hoffmann Monique Messine Paul Pavel Dimitri Dineff Peter Kassovitz,一位女性在寻找自我的过程中所展现出的千姿百态。,影片讲述了女主人公娜娜（安娜·卡里娜 Anna Karina饰）如何从一名普通售货员走上卖淫道路的悲情一生。娜娜厌倦了售货员的生活，想要成为一名演员，可命运却让她陷入了出卖肉体的色情深渊。她越是深入生命的深刻意义，越是怀疑生活的本来面目。命运辗转，就在她终于遇见她的爱人 时，命运又再一次跟她开了场玩笑，死在了皮条客的枪下。看似凌乱毫无关联的章节，充满哲理如呓语般的台词，为了“拯救灵魂而出卖肉体”么？影片抛掷给我们的又岂止是这一个问题。
绝境末路,2025,2025-06-06,惊悚 剧情 犯罪,85,77,英语,泰勒·佩里,,塔拉吉·P·汉森 雪莉·谢波德 缇雅娜·泰勒 大卫·阿德金斯 罗克蒙德·邓巴 Ashley Versher Mike Merrill 格林·图尔曼 Shalèt Monique,This is her last.,一名单亲妈妈（塔拉吉·P·汉森 Taraji P. Henson 饰）过着困顿的日子，生活混乱失序，甚至无意间成为罪案嫌疑犯。她本就对人性失望，而现在要想脱离困境，唯一的转机却是要对身边的人付出信任。
神秘肌肤,2005,2005-05-06,剧情,105,77,英语,Gregg Araki,Scott Heim,约瑟夫·高登-莱维特 布拉迪·科贝特 米歇尔·崔切伯格 Jeffrey Licon 玛丽·林恩·拉杰斯库布 伊丽莎白·苏 Lisa Long 威廉·塞奇 Chase Ellison,Two boys. One can't remember. The other can't forget.,拜恩，内敛害羞，相信自己是遭外星人缚架回来； 尼尔，冷漠酷男子，凭着点点美色，三两下手势便跟人搭上，尽揽男色。 他们一个人在途人，各自上路，拜恩渐渐与缚架他的外星人灵性互通，看见一头被肢解的母牛，仿佛领略了甚么。另一边厢，尼尔则摇身一变，变成纽约大都会炙手可热的男妓，展开他那惊险刺激的桃色生涯。
家宴,1998,1998-06-19,剧情,105,77,丹麦语,托马斯·温特伯格,Mogens Rukov,乌尔里希·汤姆森 赫宁·莫里岑 托马斯·博·拉森 Paprika Steen 碧尔特·诺伊曼 崔娜·蒂虹 Helle Dolleris Therese Glahn Klaus Bondam,Every family has a secret.,如同惊雷般震撼世界影坛的丹麦道格玛95运动，始于托马斯·温特伯格这部享誉国际的突破之作。这部采用数字视频的经济与美学自由、达到毁灭性情感强度的室内剧，以其辛辣的笔触剖析人性。在一位富商六十岁寿宴上，众多亲友齐聚乡间庄园庆祝，却因一系列爆炸性真相的揭露而陷入疯狂——这些真相撕裂了中产体面的表象，暴露出暗涌的创伤。标志性的手持摄影、颗粒质感的自然光线、嘈杂的同期声以及后来成为道格玛标签的原始表演风格，加剧了这部对父权罪恶的辛辣控诉所带来的震撼性感官冲击。影片在极致的黑色幽默与阴郁悲剧之间游走，将一个家庭的病态灵魂层层剥露。[标准收藏]
必胜球探,2022,2022-06-03,剧情 喜剧,117,77,英语,Jeremiah Zagar,威尔·法特斯,亚当·桑德勒 奎恩·拉提法 胡安乔·埃尔南戈麦斯 本·福斯特 肯尼·史密斯 安东尼·爱德华兹 罗伯特·杜瓦尔 Jordan Hull 玛丽亚·博托,Are you obsessed with this game?,一名时运不济的篮球星探在西班牙发现了一个有潜力成为巨星的球员。于是，他决心要证明两人能在NBA闯出一片天。
马耳他之鹰,1941,1941-10-18,悬疑 犯罪 惊悚,101,77,英语,约翰·休斯顿,塞缪尔·达希尔·哈米特,亨弗莱·鲍嘉 玛丽·阿斯特 格拉迪斯·乔治 彼得·洛尔 巴顿·麦克莱恩 李·帕特里克 悉尼·格林斯特里特 埃德温·邦德 杰罗姆·考恩,恨意滔天时，他便是索命修罗！,一位私家侦探卷入一桩离奇案件，周旋于三名行事诡谲的罪犯与一位美艳的谎言家之间，众人共同追逐一尊价值连城的雕像。
廊桥遗梦,1995,1995-06-02,剧情 爱情,135,77,英语,克林特·伊斯特伍德,罗伯特·詹姆斯·沃勒,梅丽尔·斯特里普 克林特·伊斯特伍德 安妮·科利 维克多·斯勒扎克 吉姆·海尼 莎拉·赞恩 克里斯托弗·克鲁恩 菲利斯·里昂斯 黛布拉·蒙克,弗朗西斯卡·约翰逊的未来之路，因一个意外的岔路口而似乎注定……,弗朗西斯卡（Meryl Streep 饰）的子女翻看母亲的旧信，揭开了母亲生前不为人知的一段动人感情。1965年的一天，弗朗西斯卡独自在家，最后一个牛仔——摄影记者罗伯特•金凯（Clint Eastwood 饰）把车停在她门口，向她打听曼迪逊桥的所在。她带他来到桥边，完成工作 后他送她一把野菊花表示谢意。她的心中荡漾起难以言喻的滋味。她将一张纸条订在桥头，邀请他共进晚餐。欣然前来的他与她度过了美妙的一晚。此后2天二人整天厮守。 　　但是弗朗西斯卡割舍不下孩子和世俗的幸福，罗伯特最终独自上路。几年后二人在超市门口有过短暂的一瞥，当时弗朗西斯卡强忍奔上前去的冲动，漫天的雨成了他们诀别的泪。 　　1982年3月，她知道了罗伯特的死讯。在生命的最后旅程，她立下遗嘱：要子女们将自己的骨灰撒在曼迪逊桥畔，生前她把所有的时光都留给了家庭，但求死后能永远依偎在爱人的身边。
早安,1959,1959-05-12,喜剧 家庭 剧情,94,77,日语,小津安二郎,野田高梧,佐田敬二 久我美子 笠智众 三宅邦子 杉村春子 设乐幸嗣 岛津雅彦 泉京子 殿山泰司,重要的事情往往难以言表。,本片以小津安二郎一贯探讨的代际关系难题为主题，以轻松诙谐的笔触，讲述了两名男孩因父母拒绝购买电视机而缄默抗议的故事。小津在这幅家庭画卷中编织了大量微妙笑料，其细腻程度不亚于他的严肃作品，通过孩童视角调侃成人世界的种种弱点。影片以绚丽的色彩拍摄，背景设定在东京郊区——主妇们闲聊邻居家的新洗衣机，失业的丈夫们挨家挨户推销谋生。这部迷人的喜剧改编自小津本人的默片经典《我出生了，但……》，温和讽刺了战后日本的消费主义风潮。[标准收藏]
哈利·波特与密室,2002,2003-01-24,冒险 奇幻,161,77,英语,克里斯·哥伦布,J·K·罗琳,丹尼尔·雷德克里夫 鲁伯特·格林特 艾玛·沃森 肯尼思·布拉纳 托比·琼斯 罗彼·考特拉尼 理查德·哈里斯 艾伦·瑞克曼 汤姆·费尔顿,某种邪恶再度回到霍格沃兹,哈利·波特结束了假期，即将回到霍格沃兹继续学习魔法。然而一个叫多比的家养小精灵出现警告哈利不要回到霍格沃兹，否则会陷入极大的危险。哈利没有听从多比的劝告，回到了霍格沃兹。很快，霍格沃兹发生了一连窜怪事：接二连三出现学生被石化，一直找不出原因。而哈利总能听到一种奇怪的声音，从墙壁里传出来。传说，霍格沃兹有一个密室，里面记录着伏地魔年轻时的秘密，只有斯莱特林的继承人才能打开密室。哈利偶然发现自己能听懂蛇说话，一时传闻是哈利打开了密室。难道多比所指的危险就隐藏在密室？
七大罪：被光诅咒的众人,2021,2022-09-01,动画 奇幻,79,77,日语,滨名孝行,池田临太郎,梶裕贵 雨宫天 久野美咲 悠木碧 铃木达央 福山润 高木裕平 坂本真绫 杉田智和,,"完全新作剧场版【被光诅咒之人】特报公开 ！​​​​2021年7月2日上映！电影版《被光诅咒的人》描绘了""最后一章的目的地""，其中可怕的阴谋威胁着所有部落，因为那些想要世界混乱的人会破坏他们的日常生活。 此外，作为电影版，这是18年上映的剧场版《七大罪：天空中的囚禁者》之后的第二部。  本作以上古时代为舞台，讲述王国史上最凶最恶的骑士团“七大罪”，挺身对抗世界危机的英雄奇幻故事。而梅里奥达斯和伊丽莎白3000年旅途完结的最终章，电视动画《七大罪 愤怒的审判》现正播映中，电影版则是发生在稍早之前，为最终章增添色彩的壮大原创故事。"
浪客剑心：传说的完结篇,2014,2014-09-13,动作 冒险 奇幻,135,77,日语,大友启史,藤井清美,佐藤健 武井咲 青木崇高 苍井优 大八木凯斗 江口洋介 伊势谷友介 土屋太凤 田中泯,,为了救神谷薰（武井咲 饰），绯村剑心（佐藤健 饰）纵身跃入大海，昏迷中他飘到某座小岛，最终为传授了他飞天御剑流的师父比古清十郎（福山雅治 饰）所救。深感到自身与志志雄真实（藤原龙也 饰）的巨大差距，为了拯救全日本，剑心恳请师傅传授他飞天御剑流的最高奥义。与此同时，志志雄剑指东京，迈出武力夺国的下一步。他强迫伊藤博文（小泽征悦 饰）对刽子手拔刀斋发布全国通缉令，得知消息的薰、左之助（青木崇高 饰）则匆匆向东京赶去。再度上路的剑心率先遭到御庭番众的首领四乃森苍紫（伊势谷友介 饰）的阻击，他一路披荆斩棘，将迎来与宿命的对手志志雄最终的对决……
母亲,2009,2009-05-28,犯罪 剧情 悬疑,128,77,朝鲜语,奉俊昊,朴恩乔,金惠子 元斌 晋久 尹宰文 全美善 宋清晨 李英书 Moon Hee-ra 千玗嬉,她不达目的誓不罢休。,因为儿子泰宇（元斌 饰）是智障，所以母亲（金惠子 饰）总是担心他受伤。一次，泰宇被一辆奥迪车撞到了，他被朋友拉去找那些打高尔夫球的富商报仇，结果因为朋友踢坏了后视镜，他们被带回了警察局。被富人索赔时，泰宇被当成了挡箭牌。为了还债，做非法针灸师的母亲更加卖力地工作。不过，厄运并未就此结束。一天，泰宇酒后尾随一个名叫雅中的女学生，结果第二天后者的尸体就出现在屋顶。他被当做唯一的嫌疑人带回了警局，接着警察连蒙带骗让他签字画押低头认罪。得知儿子被判入狱，心急如焚的母亲到处托关系、找线索，不惜放弃自尊祈求著名律师为他翻案。但是，儿子的病影响了他的记忆，她在替儿申冤的道路上步履蹒跚……
史酷比：勇敢面对,2021,2021-09-14,动画 悬疑,72,77,英语,John R. Dilworth,Cecilia Aranovich,马修·利拉德 Thea White 格蕾·德里斯勒 弗兰克·维尔克 凯特·米库奇 杰夫·本内特 Paul Schoeffler Marty Grabstein 杰夫·伯格曼,Two hounds are better than one!,卡通界最高人气两大汪星人首度跨界出击，准备料理千奇百怪的神秘谜团！史酷比和神秘事件公司为了侦办最新案件，来到堪萨斯州乡下的无名小镇，意外遇上胆小狗英雄和它的老夫妻主人。没想到这个临时成军的团队马上就遇到可怕敌人，他们不仅要勇闯阴森豪宅、对抗邪恶的昆虫大军，更要放下彼此成见，才能克服难关！
牺牲,1986,2024-06-14,剧情,149,77,瑞典语,安德烈·塔可夫斯基,,厄兰·约瑟夫森 Susan Fleetwood Allan Edwall Guðrún Gísladóttir Sven Wollter Valérie Mairesse Filippa Franzén Tommy Kjellqvist Per Källman,安德烈·塔可夫斯基的最后一部电影,当一个富裕的瑞典家庭正在庆祝家长亚历山大（厄兰·约瑟夫森 饰）的生日时，第三次世界大战爆发的消息传到了他们偏远的波罗的海小岛上——欢快的气氛骤然转为恐怖。这个家庭陷入了心理上的崩塌，塔尔科夫斯基以引人注目的、发光的灰色调笼罩着家园周围荒凉的风景，精彩地渲染出这种状态。对于这位因人类缺乏灵性而深感困扰的哲学家亚历山大来说，即将到来的毁灭迫使他做出终极牺牲；为了拯救被恐惧笼罩的亲人，他与上帝达成了一场浮士德式的交易。
相见恨晚,1945,1945-11-25,剧情 爱情,86,77,英语,大卫·里恩,诺埃尔·皮尔斯·科沃德,Celia Johnson 特瑞沃·霍华德 斯坦利·霍洛威 Joyce Carey Cyril Raymond Everley Gregg Marjorie Mars Margaret Barton Wilfred Babbage,一个女人生命中最珍贵时刻的故事！,在火车站月台偶然邂逅后，一位已婚医生与郊区家庭主妇展开了一段克制却炽烈、注定无果的恋情。大卫·里恩执导的这部作品改编自诺埃尔·考沃德戏剧《静夜》，以雾霭迷蒙的场景营造、令人心醉的拉赫玛尼诺夫配乐，以及两位演员的精湛演绎，细腻地探索了禁忌恋情中的悸动、痛苦与温存。自上映以来，这部影片已成为后世无数银幕邂逅故事的灵感源泉。
铁血战士：杀戮之地,2025,2025-11-07,动作 科幻 冒险,107,77,英语,丹·特拉亨伯格,帕特里克·艾森,艾丽·范宁 迪米特里乌斯·科罗马坦基 拉维·纳亚兰 迈克尔·霍米克 斯特凡·格鲁比 鲁本·德容 卡梅伦·布朗 艾莉森·莱特 马特·达菲,初猎，终局,一名外星猎手被所属部族驱逐后，意外与一台受损的机器人结为盟友，随后踏上险象环生的旅程，寻找自己的终极宿敌。
金属之声,2020,2020-11-20,剧情 音乐,121,77,英语,Darius Marder,Abraham Marder,里兹·阿迈德 奥利维亚·库克 保罗·拉奇 劳伦·里德洛夫 马修·阿马立克 Domenico Toledo 切尔西·李 沙希姆·桑切斯 克里斯·佩尔费蒂,Music was his world. Then silence revealed a new one.,在本片这个关于声音、愤怒与自我发现的故事中，里兹·阿迈德以全情投入的表演，诠释了情绪不稳定的鼓手鲁本。他与主唱女友露组成噪音金属二人组，在炽热的现场演出中找到了新的人生目标。当鲁本突然丧失大部分听力后，他被迫踏上了一场深刻的奥德赛之旅——经历否认、愤怒、悲伤，并逐渐学会接受——他开始理解身为聋人的意义，并认识到失聪并非一种残疾，而是一个丰富的文化与社群。导演达里尔斯·马德通过令人身临其境、荣获奥斯卡奖的音效设计，邀请我们以鲁本的视角体验世界，捕捉了一个沉默蕴含千种色调的声音频谱。[标准收藏]
每分钟120击,2017,2017-08-23,剧情,143,77,法语,Robin Campillo,Philippe Mangeot,纳威尔·佩雷兹·毕斯卡亚特 Arnaud Valois 阿黛拉·哈内尔 安托万·赖纳茨 Félix Maritaud Ariel Borenstein Aloïse Sauvage Simon Bourgade Mehdi Touré,,1990年代早期。艾滋病肆虐近十年已夺走无数生命，ACT UP巴黎分会的活动家们通过频繁行动，对抗社会的普遍漠视。组织新成员内森的世界，被激进斗士肖恩彻底颠覆——后者正倾尽最后的气力投身于这场抗争。[戛纳电影节]
红鞋子与七个小矮人,2019,2019-07-25,动画 奇幻 家庭 喜剧 爱情 冒险,92,77,朝鲜语,Hong Sung-ho,Jeong Woo-cheol,Ahn So-yi 慎镛友 Jun Jin-ah Jeong Jae-heon 崔汉 Kwon Sung-hyuk 尹世雄 Yoo Ho-han Kim Myung-jun,Your true self is the fairest of them all,该片由韩国导演宋浩宏自编自导。影片是个现代版白雪公主的故事，她会遇到七个丑陋的小矮人，而实际上他们原本是几个虚荣又傲慢的王子。
公主新娘,1987,1987-09-25,冒险 家庭 奇幻 喜剧 爱情,98,77,英语,威廉·戈德曼,罗伯·莱纳,加利·艾尔维斯 罗宾·怀特 曼迪·帕廷金 克里斯·萨兰登 克里斯托弗·盖斯特 华莱士‧肖恩 安德烈·鲁西莫夫 弗雷德·萨维奇 彼得·福克,Heroes. Giants. Villains. Wizards. True Love.,一部很老派的童话式影片，爱情加冒险，但处理得当，融入了一丝嘲讽精神，故具有很强的观赏性。《公主新娘》这个关于爱与冒险的古老童话。邪恶的王子绑架了美丽的公主，并逼迫公主嫁给自己。公主儿时的玩伴、现在的勇敢海盗决定前去拯救公主，路上遇到了武艺超群的剑客、力大无比的巨人，二者成为海盗的同伴。
灵欲春宵,1966,1966-06-22,剧情,131,77,英语,迈克·尼科尔斯,恩斯特·莱赫曼,伊丽莎白·泰勒 理查德·伯顿 乔治·西格尔 Sandy Dennis Agnes Flanagan Frank Flanagan,You are cordially invited to George and Martha's for an evening of fun and games,剧情描写教授和他的妻子发生了矛盾冲突，妻子设下圈套，请一对很有才华的年轻夫妇吃饭，并伺机与那位年轻的丈夫调情。调情未遂就歇斯底里大发作，几乎毁了那年轻的一对。影片揭示了美国社会、家庭、婚姻关系上存在的问题，通过对上流社会知识分子阶层的虚伪和丑行，探讨了道德的标准和界限问题。
学校整蛊联盟,2016,2016-09-15,喜剧,100,77,西班牙语,Nacho G. Velilla,Claudio Herrera,奥马尔·查帕罗 玛莎·希加瑞达 Fernanda Castillo Carla Adell 丽贾娜·帕文 Karen Furlong Rosanna Engel Mónica Dionne Adal Ramones,"The students are bad, the teachers are worse.","After being released from prison, Zequi, a bank robber, sets out to recover money buried by his accomplice; but is horrified to learn that a high school gymnasium is now over the site where the loot is hidden."
火星救援,2015,2015-11-25,科幻 剧情 冒险,144,77,英语,雷德利·斯科特,安迪·威尔,马特·达蒙 杰西卡·查斯坦 克丽丝滕·威格 杰夫·丹尼尔斯 迈克尔·佩纳 肖恩·宾 凯特·玛拉 塞巴斯蒂安·斯坦 阿卡塞尔·亨涅,星际拯救 刻不容缓,载人航天宇宙飞船阿瑞斯3号成功抵达火星，谁知一场破坏力极其巨大的风暴向宇航员们袭来，阿瑞斯3号被迫中断任务，紧急返航。撤离途中，宇航员马克·沃特尼被飞船上吹落的零件击中，由于生还希望渺茫，队友们只得匆匆返航，并向世人宣告他已牺牲的事实。出乎意料的是，马克以极低的概率活了下来。他躲进驻火星的航天基地疗伤。下一次火星任务要等到四年后，而基地内的补给仅够他维持31天。短暂的绝望后，马克决定利用有限的食物，在这颗空无一人的星球上种植作物，寻找一线生机。与此同时，地球方面也很快发现马克生还的事实，他们想尽办法部署营救计划。孤军奋战的马克，能否等到救援队伍的到来？
如父如子,2013,2024-11-30,剧情,120,77,日语,是枝裕和,,福山雅治 尾野真千子 真木阳子 中川雅也 风吹纯 国村隼 树木希林 夏八木勋 井浦新,At what point does a father truly become a father?,普通上班族野野宫良多（福山雅治 饰）和妻子野野宫绿（尾野真千子 饰）结婚多年，感情十分要好，两人共同养育着聪明乖巧的儿子野野宫庆多（二宫庆多 饰），生活宁静中处处透露着幸福。令本以为平静生活将一直持续的三人没有想到的是，一通来自庆多出生的医院的电话将这个小家庭卷入了风口浪尖之上。原来，庆多并非良多和绿的儿子，而是由斋木雄大（利利·弗兰克 饰）和尤加利（真木阳子 饰）的爱情结晶。是朝夕相处的感情珍贵，还是血脉相连的羁绊重要？面对多年前一个小小误会所酿成的后果，良多和绿不知该何去何从。而对于雄大、尤加利和两人亦非亲生的孩子斋木琉晴（黄升炫 饰）来说，他们亦站在了人生的十字路口之前。
搜索者,1956,1956-05-26,西部,119,77,英语,约翰·福特,艾伦·勒梅,约翰·韦恩 Jeffrey Hunter 薇拉·迈尔斯 埃德温·邦德 娜塔莉·伍德 约翰·奎尔伦 Olive Carey Henry Brandon 肯·柯蒂斯,他必须找到她……他必须找到她……,一位美国内战老兵为从科曼奇人手中解救侄女，踏上了艰险的营救征程。
哭泣的玫瑰,1997,1997-03-21,剧情 音乐 历史,127,77,英语,Gregory Nava,,詹妮弗·洛佩兹 Jackie Guerra 康斯坦斯·玛丽 Alex Meneses 乔纳森·塞达 爱德华·詹姆斯·奥莫斯 雅各布·巴尔加斯 Pete Astudillo Rubén C. González,Discover the true story of one of America's brightest stars... that faded too soon.,墨西哥裔美国人赛琳娜（詹妮弗·洛佩兹 Jennifer Lopez 饰）从小就展现出了过人的音乐天赋，长相甜美可爱的她热爱唱歌和跳舞，这为她之后的人生历程奠定了坚实的基础。父亲埃布拉罕（爱德华·詹姆斯·奥莫斯 Edward James Olmos 饰）坚定的支持着赛琳娜向自己的理想前进，果不其然，没过多久，年纪轻轻的赛琳娜便成为了拉丁美洲最受欢迎的女歌手之一。  　　在事业蒸蒸日上的同时，赛琳娜邂逅了自己的一生挚爱，那就是之后成为了他丈夫的克里斯（乔恩·塞达 Jon Seda 饰），在亲人，爱人，朋友和歌迷会的陪伴下，赛琳娜来到了人生的顶峰。现在，这个快乐的女孩正在为打入美国乐坛而准备她的一张英语专辑……
蛇之拥抱,2015,2015-05-25,剧情 冒险,125,77,西班牙语,Ciro Guerra,Jacques Toulemonde,Nilbio Torres Antonio Bolívar 扬·贝弗特 Brionne Davis Yauenkü Miguee Luigi Sciamanna Nicolás Cancino Pediwake Daniel Martínez José Sabogal,A poetic and haunting journey into a lost world.,影片聚焦于卡拉马卡特——亚马逊河流域的一位萨满，也是其族人的最后幸存者——以及两位科学家在长达四十年的时间里与他建立的友谊。影片灵感源自两位探险家（西奥多·科赫-格伦伯格与理查德·埃文斯·舒尔茨）在二十世纪穿越哥伦比亚亚马逊雨林时留下的真实日记，他们当时正在寻找神圣而难以觅得的致幻植物“雅克鲁纳”。[Oscilloscope Pictures]
浪客剑心最终章：人诛篇,2021,2021-04-23,动作 冒险 历史 剧情,138,77,日语,大友启史,,佐藤健 武井咲 新田真剑佑 青木崇高 苍井优 伊势谷友介 土屋太凤 三浦凉介 江口洋介,The Future Starts Here,电影系列里最可怕的敌人雪代缘在本片现身。他对东京发动大规模攻击，意在报复剑心。参与《神剑闯江湖》前几部电影的王牌演员阵容再度聚首，替剑心扛下这最后一战，同时迈向崭新的终极高峰：《The Final》。
我的个神啊,2014,2014-12-19,喜剧 剧情 科幻,153,77,印地语,拉吉库马尔·希拉尼,阿希贾特·乔希,阿米尔·汗 安努舒卡·莎玛 沙鲁巴·舒克拉 博曼·伊拉尼 苏尚特·辛格·拉吉普特 桑杰·达特 帕里卡沙特.萨赫尼 瑞玛·德纳斯 鲁克萨尔·拉赫曼,Peeke hai kya?,贾古（安努舒卡·莎玛 Anushka Sharma 饰）意外邂逅了名为萨弗拉兹（苏翔特·辛·拉哈普特 Sushant Singh Rajput 饰）的男子，趣味相投的两人很快走到了一起。然而，萨弗拉兹是巴基斯坦人，他的国籍和信仰令这段恋情遭到了贾古家人的极力反对。不仅如此，贾古父亲信仰的教主塔帕斯维（沙鲁巴·舒克拉 Saurabh Shukla 饰）更是预言萨弗拉兹注定要欺骗和抛弃贾古。为了证明预言的荒谬，贾古决定同萨弗拉兹闪婚，然而，婚礼当天，贾古等到的却是一封分手信。心碎的贾古回到了家乡，成为了一名记者。一次偶然中，贾古遇见了名为PK（阿米尔·汗 Aamir Khan 饰）的男子，让贾古感到惊讶的是，PK竟然声称自己是一名外星人，因为宇宙飞船的钥匙被人抢走，所以流落至地球。刚开始，贾古以为PK在胡言乱语，不过，之后发生的种种令贾古开始相信PK所言，贾古甚至决定帮助PK寻找返回他的星球的方法。
孤胆特工,2010,2011-09-16,动作 惊悚 犯罪,119,77,朝鲜语,李桢凡,,元斌 金赛纶 金太勋 金熙元 金成伍 李宗弼 坦纳永·王特拉库 金孝书 宋永彰,"Nothing to lose, nothing to compromise.",住在小女孩小米隔壁的当铺大叔除过生意之外和邻居们从不来往，颓废的造型以及沉默的性格让人们对于他的身份有诸多怀疑。天真的小米从不理会这些传言，时常造访这位神秘邻居竟然使他俩慢慢的成为朋友。小米的妈妈牵连到黑帮的毒品抢夺之中，最终使自己和小米陷入危险之中。目睹小米和妈妈被人绑架的当铺大叔为了救出小米和妈妈，开始和黑道展开斗争。此时，警方也在着手调查这起案件，当铺大叔元泰锡的真正身份慢慢浮出水面。被摘除所有值钱器官的小米妈妈的尸体在一辆汽车的后备箱里被发现，但是，和她一起失踪的小米却依然下落不明……
阳光小美女,2006,2006-07-26,喜剧 剧情,101,77,英语,乔纳森·代顿,瓦莱丽·法里斯,格雷戈·金尼尔 托妮·科莱特 史蒂夫·加瑞尔 保罗·达诺 阿比盖尔·布雷斯林 艾伦·阿金 布莱恩·克兰斯顿 贝丝·格兰特 华莱士·朗廷,每个人都装作一切正常,7岁的奥利芙（阿比盖尔·布蕾斯琳 Abigail Breslin 饰），戴眼镜，小肚腩，做着一夜成名的美梦，坚信自己有朝一日能当选美国小姐。爸爸（格雷戈·金尼尔 Greg Kinnear 饰），推销成功学书籍的讲师，认为“世界上只有两种人，成功者和失败者”，四处贩卖他的“成功九部曲”；哥哥（保罗·达诺 Paul Dano 饰），自闭男，崇拜尼采，为了考上飞行学院发哑誓，九个月没有同家人说话；舅舅（史蒂夫·卡瑞尔 Steve Carell 饰），自称是美国最好的普鲁斯特研究学者，同性恋，恋人和同事跑掉、失业，自杀未遂，生活混乱；爷爷（艾伦·阿金 Alan Arkin 饰），被养老院赶出来的老流氓，满嘴脏话、吸毒；妈妈（托妮·克莱特 Toni Collette 饰），是这个疯狂家庭唯一正常的人。在家人的支持下，奥利芙参加了“阳光小美女”的选美比赛，一家人踏上了集体寻梦的旅程。
爱跃星空,2022,2022-09-28,动画 爱情 音乐,92,77,英语,Fletcher Moules,基德·库迪,基德·库迪 杰西卡·威廉姆斯 劳拉·哈里尔 Ty Dolla Sign 提莫西·查拉梅 凡妮莎·哈金斯 克里斯托弗·阿波特 基思·大卫 阿图罗·卡斯特罗,Love will find us all.,立志成为艺术家的贾巴里搬进了梦寐以求的曼哈顿公寓，并爱上了隔壁邻居。从此，他必须努力平衡事业成功与爱情生活。
洪水来临前,2016,2016-10-21,纪录,93,77,英语,费舍尔·史蒂文斯,马克·门罗,莱昂纳多·迪卡普里奥 比尔·克林顿 John Kerry 贝拉克·奥巴马 伊隆·马斯克 Pope Francis Ban Ki-moon 亚历杭德罗·冈萨雷斯·伊尼亚里图 Michael Brune,洪水泛滥之前,《洪水来临前》（英语：Before the Flood）是一部由奥斯卡奖制作人费舍·斯蒂文斯所导演、与奥斯卡影帝、联合国和平使者列奥那多·狄卡皮欧花了三年多的时间拍摄而成的记录片，于2016年9月9日在多伦多国际电影节中首播。片中揭露了地球在近世纪来的全球暖化现象，并以科学和人性的角度来分析其影响和可能的后果，目的是希望能唤起大众意识。此片由多人通力制作而成，其中包含列奥那多·狄卡皮欧。
阿祖尔和阿斯马尔,2006,2006-10-25,动画 家庭,99,77,法语,Michel Ocelot,,Cyril Mourali Rayan Mahjoub Karim M'Ribah Abdelsselem ben Amar 西亚姆·阿巴斯 Patrick Timsit Fatma ben Khell Thissa d'Avila Bensalah 索菲亚·波多拉,,很久以前，有一个奶妈同时照顾着两个孩子。Azur 是金发、碧眼的贵族子弟，而 Asmar 则是深色皮肤、深色眼睛的奶妈之子。奶妈给他们讲述一个关于精灵仙子等待一位英勇的王子将她救离她的宫殿的故事。两人在一起长大，情同手足，直到一天 Azur 的父亲残酷的分开他们，将奶妈与 Asmar 赶出了他们家，并把 Azur 送到寄宿学校。几年后，Azur 仍然被传奇的精灵仙子的故事所着迷，并独自旅行到奶妈的家乡寻找精灵仙子。当他们团聚的时候，奶妈已经成为了成功的商人，而 Asmar 则成为了皇家卫兵的一员。然而，Asmar 也渴望找到精灵仙子，他们两人中只有一个可以成功完成任务。
破碎之家,2012,2012-10-09,剧情,112,77,荷兰语,Felix van Groeningen,Carl Joos,Veerle Baetens Johan Heldenbergh Nell Cattrysse 基尔特·范·朗拜博格 Nils De Caster Robbie Cleiren Bert Huysentruyt 扬·贝弗特 Blanka Heirman,,故事背景是比利时的根特市。爱丽丝（薇儿拉·贝坦丝）经营一家纹身店，浑身布满纹身。迪迪尔（约翰·海尔登贝格）则是一支小型蓝草音乐（Bluegrass Music）乐队里的班卓琴手。内心向往着大美利坚，迪迪尔整日同朋友们一起伴着篝火吟唱着美国乡村民谣，生活得无忧无虑。如果不是比利时灰色的天空，你或许会把这里误认为是阿拉巴马。迪迪尔与爱丽丝就像是白天与黑夜，两个个性迥异的人却一见钟情，生活在了一起。
查理布朗的圣诞节,1965,1965-12-09,动画 家庭 喜剧 电视电影,25,77,英语,Bill Melendez,Charles M. Schulz,Peter Robbins Christopher Shea Tracy Stratford Cathy Steinberg Chris Doran Sally Dryer Ann Altieri Geoffrey Ornstein Karen Mendelson,这就是圣诞节，查理·布朗！,圣诞节就要到了，查理·布朗觉得很沮丧，因为他不知道什么是圣诞节。露茜让查理·布朗亲自参加一些圣诞活动，并让他做圣诞演出的表演，为了把戏演好，查理·布朗很认真地排演圣诞剧，最后大家一起祝查理·布朗圣诞快乐。
战地军魂,1953,1953-05-29,喜剧 剧情 战争,120,77,英语,比利·怀尔德,埃德温·布鲁姆,威廉·霍尔顿 Robert Strauss Don Taylor 奥托·路德维希·普雷明格 Harvey Lembeck Richard Erdman 彼得·格雷夫斯 Neville Brand 西格·鲁曼,向我们的战俘英雄们致以星光闪耀、笑声满载的敬意！,两名越狱的美军二战战俘遭杀害后，德国战俘营里的黑市贩子J·J·赛夫顿被怀疑是告密者。
白蛇：缘起,2019,2019-01-11,爱情 动画 奇幻,100,77,汉语,赵霁,黄家康,张喆 杨天翔 唐小喜 刘薇 张遥函 郑小璞 张博恒 张赫 马程,情定前生,晚唐年间，国师发动民众大量捕蛇。前去刺杀国师的白蛇意外失忆，被捕蛇村少年救下。为帮助少女找回记忆，两人踏上了一段冒险旅程。冒险的过程让两人感情迅速升温，但少女蛇妖的身份也逐渐显露，另一边国师与蛇族之间不可避免的大战也即将打响，两人的爱情将要接受巨大考验。
骄傲,2014,2014-09-12,剧情 喜剧,120,77,英语,Matthew Warchus,史蒂文·贝雷斯福德,乔治·麦凯 本·施奈策 弗雷迪·福克斯 比尔·奈伊 艾美达·斯丹顿 多米尼克·韦斯特 派迪·康斯丁 安德鲁·斯科特 约瑟夫·吉尔根,Based on the inspirational true story.,1984年，英国首相撒切尔夫人采取铁腕手段打压工人运动，矿工群体发起了史上规模最大的一次罢工。在同年的伦敦同志骄傲游行中，一群男女同性恋决定主动为罢工工人筹款。然而尴尬也随之而来：工会竟然羞于接受他们的资助！这群同性恋决定绕过工会，直接走进工人家中。他们驱车前往南威尔士的一个煤矿村庄，给工人家庭带去了钱和物资。两个出身背景天差地远的群体从此产生了意外温暖的接触，并且在政府高压下结成了最不可能的联盟。《骄傲》改编自真实事件，不仅拥有80年代工人运动的历史影像，也记载了英国同志史上最感人的一页。两个群体从偏见到包容、从误解到联盟的蜕变充满欢笑和泪水，又让人为之动容。《骄傲》获得第67届戛纳电影节酷儿棕榈大奖以及英国最佳独立电影奖，同时提名2015金球奖最佳喜剧电影。 ©豆瓣
樱桃的滋味,1997,1999-04-30,剧情,99,77,波斯语,阿巴斯·基亚罗斯塔米,,霍马尤恩·埃尔沙迪 Abdolrahman Bagheri Safar Ali Moradi Mir Hossein Noori Elham Imani Afshin Khorshid Bakhtiari Ahmad Ansari,,巴迪（Homayoun Ershadi 饰）驾驶着自己的汽车，在遍布工地的郊外漫无目的的行驶，他搭载了一名入伍不久的新兵，和他讲述当年从军的经历，而后提出了自己的要求：出钱要新兵掩埋自己自杀后的尸体，新兵惊慌失措，跑掉了。巴迪继续寻找埋尸人，可工地上的流浪汉、神学院的学生，全部拒绝了他的请求。一位在博物馆工作的老人巴格里（Abdolrahman Bagheri 饰）登上了巴迪的车，巴格里曾经自杀，但最终为樱桃的甜美滋味所挽留，巴格里为了治疗儿子的病，应承下了巴迪的请托。巴迪在博物馆外踯躅，心中似乎产生了动摇……
我亲爱的表哥,2019,2019-06-26,喜剧 爱情 剧情,83,77,葡萄牙语,Thiago Cazado,Mauro Carvalho,Thiago Cazado Paulo Sousa Juliana Zancanaro Denis Camargo Eduarda Esteves Carmem Lutcha Elenita Pessoa Ana Rosita Dilza Scarpa,,年轻的卢卡斯与虔诚的基督徒罗德丝姨妈两人一起居住在静谧的乡下，卢卡斯通过电子琴演奏圣曲来帮助姨妈进行礼拜。这样单调平淡的生活被姨妈的一个善举打破：姨妈接纳了另一个刚出狱的外甥马里奥进家里。看似性格迥异的两个男孩逐渐相互吸引，马里奥的到来为这个家带来生气，但他们的事情却被追求卢卡斯的一个女孩子发现…
敲开天堂的门,1997,1997-02-20,喜剧 犯罪 动作 剧情,89,77,德语,托马斯·雅恩,蒂尔·施威格,蒂尔·施威格 扬·约瑟夫·利弗斯 蒂埃里·范·韦韦克 莫里茲·布雷布奇 休伯·史塔普 伦纳德·兰辛克 拉尔夫·赫尔福特 科妮莉亚·弗罗博斯 鲁格·豪尔,,Martin Brest（蒂尔·施威格 Til Schweiger饰）和Rudi Wurlitzer（让·约瑟夫·莱佛斯 Jan Josef Liefers 饰）是两个身患不治之症的病人，两人在医院相遇了，相谈甚欢更一起喝了一瓶偶然找到的酒。两人喝醉后，Martin知道了Rudi一个秘密：长这么大Rudi竟然还没见过大海。Martin决定在Rudi临终之前实现他这个愿望。两人偷了一辆车，不想这辆车竟然是一黑帮老大的，里面更藏有大量现金。两人还一路抢劫，被警察追捕。黑帮的人为了追回车里的钱，也在追杀他们。在寻找大海的路上，两人到底要历经多少艰险，Martin和Rudi最后能否实现看一眼大海的愿望，天堂在前，两人要去敲开天堂的大门了......
凡间天使,2024,2024-02-23,剧情,118,77,英语,Jon Gunn,梅格·蒂莉,希拉里·斯万克 艾伦·瑞奇森 艾米丽·米切尔 天行者·休斯 南希·特拉维斯 塔玛拉·琼斯 安德鲁·鲍威尔 艾米·阿克 斯蒂芬妮·西,Find your purpose. Make a difference.,在肯塔基州路易斯维尔，理发师莎朗·史蒂文斯（Sharon Stevens）召集群众，帮助丧偶的父亲埃德·施密特（Ed Schmitt）拯救了他病危的5岁女儿米歇尔（Michelle），因为他们的社区在1994年遭受了北美寒潮的一场大暴风雪。
世上最快的印第安摩托,2005,2005-10-12,剧情 冒险 历史,127,77,英语,罗杰·唐纳森,,安东尼·霍普金斯 沃尔顿·戈金斯 黛安·拉德 布鲁斯·格林伍德 Iain Rea Tessa Mitchell Aaron Murphy Tim Shadbolt Annie Whittle,Based on one hell of a true story.,电影改编自世界著名摩托车手伯特·孟若的生平，真实而又生动的再现了一代传奇车手跌宕起伏的一生。故事开始于1899年，孟若降生到了这个世界上，从小体弱多病的他甚至被医生下达过“死亡通知书”，但幸运的是，孟若还是顺利的长大了。1915年，孟若有了自己的第一辆摩托车，从此开启了与风竞速的生涯，直到七十二岁那一年，孟若依然没有放弃自己曾经的梦想。他改装了二十年代购入的印第安牌侦查摩托车，从新西兰骑往美国。一路上，孟若结识了易装癖者蒂娜、寡妇艾达、销售员佛兰多等一干有趣的朋友们，在他们的帮助和鼓励下最终创下了新的世界纪录。
小马王,2002,2002-05-24,动画 冒险 家庭 剧情 西部,83,77,英语,凯利·阿斯伯里,Lorna Cook,马特·达蒙 詹姆斯·克伦威尔 Daniel Studi Chopper Bernet Jeff LeBeau John Rubano Richard McGonagle Matt Levin Adam Paul,Some legends can never be tamed.,广袤的美国西部地区，野马史比瑞特和他的族群过着平静的生活。然而，当史比瑞特第一次见到人类时，他就被抓去训练成战马。幸好善良的印第安小男孩小溪将史比瑞特从训练营里救了出来，并带他回到了自己部落。在小溪的部落，史比瑞特遇上了斑纹母马小雨。这一次，史比瑞特对回家乡还是留下来感到难以抉择，因为他深深爱上了小雨。小溪察觉出了两匹马的爱情，他决定让他们一起回史比瑞特的家乡。当史比瑞特刚刚依依不舍的和小溪告别后，小溪的部落就遭到了骑兵的袭击。.....
革命往事,1971,1971-10-29,西部,157,77,意大利语,赛尔乔·莱昂内,塞尔吉奥·多纳蒂,罗德·斯泰格尔 詹姆斯·柯本 Romolo Valli Maria Monti Rik Battaglia Franco Graziosi Antoine Saint-John Vivienne Chandler David Warbeck,两位亡命之徒为争夺一笔黄金财富展开激战，唯有出动军队方能阻止他们！,故事发生在二十世纪初的墨西哥革命中。一辆长途马车里，高贵的先生女士们对一位沉默寡言的农民大放厥词，然而突然农民摇身一变，显出家庭式匪帮头目胡安（Rod Steiger 饰）的真面目。胡安打劫后路遇爱尔兰革命军爆破专家约翰（James Coburn 饰），后者的爆破能力令抢劫梅萨维德银行如探囊取物，于是胡安苦苦尾随，不经意间却卷入了配合维拉革命军的梅萨维德暴动。胡安如愿与约翰搭档洗劫银行，但他所有的收获却是解放150名政治犯人。 政府军上校刚特率军镇压革命，胡安与革命队伍付出了惨痛的代价。在逆境中，约翰与胡安产生了真正的革命情谊，二人在前往美国的路上折返阻击刚特上校，当约翰中弹之时，这位老战士看到了昔日在爱尔兰的温馨场景……
杂种,2023,2024-04-24,动作 剧情 历史,127,77,丹麦语,尼科莱·阿尔赛,伊达·杰森,麦斯·米科尔森 阿曼达·科林 西蒙·本尼比约 克里斯汀·库贾斯·索普 古斯塔夫·林德 雅各布·乌尔里克·洛曼 莫滕 安德森 马格努斯·克雷佩 索伦·马林,"A captain’s ambition, a ruthless rival, and a land that defies them both.",麦斯·米科尔森主演，讲述17世纪中期，丹麦国王弗雷德里克五世宣布日德兰岛的野生荒地应被驯化、耕种、殖民化，以便文明可以传播，为王室带来新税收。但没有人敢去这片荒蛮土地，直到名叫路德维格·卡伦的士兵站了出来。
金橘,2013,2013-11-01,剧情 战争,87,77,爱沙尼亚语,Zaza Urushadze,,Lembit Ulfsak Giorgi Nakashidze Elmo Nüganen Misha Meskhi Raivo Trass Zura Begalishvili Dato Khakhidze Jano Izoria Gia Gogishvili,,1990年的阿布哈兹战争期间，爱沙尼亚人伊福被迫留下了收获金橘，流血冲突打到了他家门口，一个受伤的男人留了下来，伊福被迫之下收留了他。
黑天鹅,2010,2010-12-03,剧情 惊悚 恐怖,108,77,英语,安德雷斯·海因斯,达伦·阿罗诺夫斯基,娜塔莉·波特曼 米拉·库妮丝 文森特·卡塞尔 芭芭拉·赫希 薇诺娜·瑞德 本杰明·米派德 克塞尼亚·索罗 克里斯汀娜·安娜波 珍妮特·蒙哥马利,唯一阻碍你前进的人，是你自己。,纽约剧团要重排《天鹅湖》，因前领舞Beth离去，总监Thomas（文森特•卡索尔 Vincent Cassel. 饰）决定海选新领舞，且要求领舞要分饰黑天鹅与白天鹅。Nina（娜塔莉•波特曼Natalie Portman 饰）自幼练习芭蕾舞，在母亲的细心关照下，技艺出众。这次，她希望可以脱颖而出。然而，在竞争中，她发现心机颇重的Lily（米拉•库妮丝 Mila Kunis 饰）是自己的强劲对手。在选拔中，她的白天鹅表演的无可挑剔，但是黑天鹅不及Lily。她感到身心俱疲，回家还发现了背部的红斑与脚伤。她一个人找到总监，希望争取一下。总监趁机亲吻她，却被她强硬拒绝。结果，总监居然选了她。队友怀疑她靠色相上位。在酒会上，Beth甚至当众发泄。这种压力外加伤病，一直影响着她的发挥。总监启发她要释放激情，表现出黑天鹅的诱惑。在强大的心理暗示中，她似乎也滑向了黑天鹅的角色。
恋恋山城,1986,1986-08-27,剧情,122,77,法语,Claude Berri,Marcel Pagnol,Yves Montand 热拉尔·德帕迪约 丹尼尔·奥特伊 Elisabeth Depardieu 玛格丽塔·洛萨诺 Ernestine Mazurowna Armand Meffre André Dupon Pierre Nougaro,"For some men, land and water are more precious than flesh and blood.",故事发生在20年代的法国普罗旺斯。一个城里来的驼背汉在乡下继承了一小块地，于是携带妻子和美丽的女儿前来开垦，不料当地有个富农和他的侄子为了可以廉价买下那块地，竟然联手加害他，堵住了惟一的一口泉水，造成他土地干涸而活不下去。
江湖浪子,1961,1961-09-25,剧情 爱情,134,77,英语,罗伯特·罗森,沃尔特·特维斯,保罗·纽曼 Jackie Gleason 派珀·劳瑞 乔治·坎贝尔·斯科特 Myron McCormick 默里·汉密尔顿 迈克尔·康斯坦丁 Stefan Gierasch Clifford A. Pellow,They called him Fast Eddie. He was a winner. He was a loser. He was a hustler.,一位崭露头角的台球选手与一位卫冕冠军展开了一场孤注一掷的对决。
无论如何我爱你,2020,2020-03-07,剧情 动画,12,77,英语,Michael Govier,Will McCormack,,,《无论如何我爱你》是一部精美的插画式动画短片，它带领我们踏上了一段非同寻常的情感之旅，讲述了一对父母如何努力克服痛失女儿后留下的伤痛，并使他们的家庭永远改变的故事。这部影片是一个令人惊叹的故事，它将人所感受到的痛苦与人类精神的坚韧并列。《无论如何我爱你》对于任何曾经爱过和失去过的人来说，都是一次感人的经历。
抱紧他,2015,2015-08-27,剧情,128,77,英语,Timothy Conigrave,Neil Armfield,瑞安·科尔 Craig Stott 盖·皮尔斯 莎拉·斯努克 安东尼·拉帕利亚 杰弗里·拉什 Camilla Ah Kin 凯瑞·福克斯 Tom Hobbs,A love story for everyone.,帅气的高中男校足球队队长约翰，与戏剧社中跑龙套的小演员提姆，两人携手面对过许多外界的歧视、批评，也曾在诱惑与忌妒间摆荡，相识相恋15年至今，原本以为他们的爱情已是圆满，直到爱无法解决的问题逐渐浮现，考验着他们之间的关系。
男孩,2014,2014-01-08,剧情 爱情 电视电影,77,77,荷兰语,Mischa Kamp,Jaap-Peter Enderle,Gijs Blom Ko Zandvliet 乔纳斯·斯莫德斯 Ton Kas Stijn Taverne Myron Wouts Ferdi Stofmeel Lotte Razoux Schultz Rachelle Verdel,How does it feel to win a race when you know you lost a love?,15岁男孩西格（Gijs Blom 饰）性格温顺，喜爱运动。 他刚入选校田径队，经过一个夏天的训练，将和小伙伴们一起参加全国比赛。马克（Ko Zandvliet 饰）是西格的接力队友，两人关系亲昵，玩耍和练习都在一起，慢慢生出暧昧的情绪。清澈湖水中，两个男孩情不自禁的接 吻， 好像发生了什么，又好像什么也没发生......  　　因为叛逆飙车的哥哥，西格认识了邻家女孩杰西卡（Lotte Razoux Schultz 饰）。可是和她在一起，并不像和马克那么惬意，马克看他的眼神更让他揪心。为什么喜欢一个人却不能表达？西格需要时间来理清头绪。
足迹,1972,1972-12-10,惊悚 悬疑 犯罪,138,77,英语,约瑟夫·L·曼凯维奇,安东尼·约书亚·谢弗,劳伦斯·奥利弗 迈克尔·凯恩,想象一下完美的犯罪... 然后更进一步。,有钱的侦探作家Andrew Wyke（劳伦斯·奥利弗 Laurence Olivier 饰）邀请了Milo Tindle（迈克尔·凯恩 Michael Caine）来到了他富丽堂皇的家中。起初他们相谈甚欢，然而当Andrew指出他知道Milo是Andrew妻子的外遇对象时，整个气氛开始变得诡异，充满了矛盾。Milo也气定神闲的告诉Andrew，他知道Andrew和一个妓女的风流韵事，并且Andrew的妻子正准备和他离婚。两人针锋相对，唇枪舌剑，互不相让。Andrew提出要和Milo玩一个游戏，Milo答应了。故事的走向渐渐出乎意料......
哈利·波特与混血王子,2009,2009-07-15,冒险 奇幻,153,77,英语,大卫·叶茨,J·K·罗琳,丹尼尔·雷德克里夫 鲁伯特·格林特 艾玛·沃森 吉姆·布劳德本特 迈克尔·甘本 汤姆·费尔顿 艾伦·瑞克曼 邦妮·怀特 杰西卡·凯夫,黑暗的秘密已然揭晓,食死徒开始肆无忌惮横行于麻瓜和魔法两个世界中，霍格沃茨内忧外患，危机重重。邓不利多带着哈利辗转找到隐居多年的霍拉斯·斯拉格霍恩，请他出山接替斯内普担任魔药学的老师。霍拉斯曾经教授过无数优秀的学生，而汤姆·里德尔——伏地魔正是他最出色的一名弟子。邓不利多深信霍拉斯保有伏地魔不死身的秘密，他希望哈利能够说服霍拉斯交出秘密。另一方面，德拉科·马尔福宣誓效忠伏地魔，他想方设法将食死徒引入霍格沃茨。而此时，罗恩、赫敏他们却还沉浸在青春的躁动中，全然不知黑暗正渐渐逼近……
战胜自我,2019,2019-08-23,剧情,119,77,英语,亚历克斯·肯德里克,斯蒂芬·肯德里克,亚历克斯·肯德里克 普莉希拉·希勒 Cameron Arnett Shari Rigby Aryn Wright-Thompson Denise Armstrong Jack Sterner Caleb Kendrick Joshua Kendrick,What do you allow to define you?,教练约翰·哈里森(Alex Kendrick饰)的生活一夜之间发生了变化，他的高中篮球队和州冠军梦想在意外消息的重压下破灭了。在勉强同意担任越野教练后，约翰和他的妻子艾米(Shari Rigby饰)遇到了一位有抱负的运动员，她在通往发现的旅程中突破了自己的极限。在一位新朋友的话语和祈祷的鼓舞下，约翰成为最不可能的教练，帮助最不可能的跑步者在一年中最大的比赛中尝试不可能的事情。
大白鲨,1975,1975-11-26,恐怖 惊悚 冒险,124,77,英语,彼得·本奇利,史蒂文·斯皮尔伯格,罗伊·谢德 罗伯特·阿奇博尔德·肖 理查德·德莱福斯 洛林·加里 默里·汉密尔顿 卡尔·哥特列布 杰弗里·克莱默 苏珊·巴克林尼 乔纳森·菲利,这部令人胆战心惊的电影，改编自那本令人毛骨悚然的畅销榜首之作。,当海滨小镇艾米蒂遭遇一头危险大白鲨的袭击时，当地的警长（罗伊·谢德 饰）、一位年轻的海洋生物学家（理查德·德莱福斯 饰）与一位身经百战的老练鲨鱼猎人（罗伯特·肖 饰）联手展开殊死追捕，决心在这头猛兽再次发动攻击前将其消灭。
晒后假日,2022,2023-04-20,剧情,101,77,英语,夏洛特·威尔斯,,保罗·麦斯卡 弗兰基·科里奥 布鲁克林·图尔森 西莉亚·罗尔森-霍尔 莎莉·梅沙姆 艾斯·帕拉克 索菲亚·拉马诺娃 斯派克·费恩 哈里·佩尔迪奥斯,Memory burns.,在一座日渐萧索的度假村里，11岁的苏菲珍藏着与深情而理想主义的父亲卡卢姆共度的罕见时光。当青春期世界悄然迫近时，苏菲未曾察觉的是：父亲正在父亲身份之外的生活重压下挣扎。二十年后，苏菲对那次最后假日的温柔追忆，逐渐凝结成一副关于他们关系的深刻而令人心碎的情感画卷——她试图将自己熟悉的父亲与那个不曾了解的男人重新拼合。夏洛特·威尔斯这部精湛而灼人的导演处女作，以记忆的微光重塑了爱与理解的沉默地带。
驯龙高手2,2014,2014-06-13,奇幻 动作 冒险 动画 家庭,102,77,英语,迪恩·德布洛斯,,杰伊·巴鲁切尔 凯特·布兰切特 杰拉德·巴特勒 克雷格·弗格森 亚美莉卡·费雷拉 乔纳·希尔 克里斯托弗·明茨-普拉斯 T·J·米勒 克丽丝滕·威格,训练结束了,故事发生在前部的五年之后，赛龙比赛已成为岛上最受欢迎的一项运动，男女主人公小嗝嗝与阿斯特丽德驾着自己的龙开始探索未知的世界。他俩发现自己已卷入一场战争的中心地带，必须率领族人捍卫这片土地的平静。
烈血大风暴,1988,2001-06-01,剧情 犯罪 悬疑 惊悚,128,77,英语,艾伦·帕克,Chris Gerolmo,吉恩·哈克曼 威廉·达福 弗兰西斯·麦克多蒙德 布拉德·道里夫 罗纳德·李·埃尔梅 盖拉德·萨坦 斯蒂芬·托布罗斯基 迈克尔·鲁克 普路特·泰勒·文斯,密西西比在燃烧,1964年6月21日，三K党徒在美国密西西比州劫持一辆载有三名民权主义者的旅行车，从此他们便失去踪影。为调查他们的下落，联邦调查局派来两名特工人员——艾伦·沃得和鲁珀特·安德森。调查工作进展困难，无论白人或黑人都不对他们说实话。沃德决定派海军后备队参加行动。当地的三K党以袭击黑人和火烧教堂作为回答。小镇的副镇长皮尔就是个三K党徒。他经常野蛮地殴打他娇小的妻子，痛苦的皮尔太太爱上了同情她的安德森。安德森敏锐地嗅出皮尔太太可能是个关键的知情人。
和巴什尔跳华尔兹,2008,2008-06-12,动画 纪录 剧情 战争,90,77,希伯来语,Ari Folman,,Ari Folman Mickey Leon Ori Sivan Yehezkel Lazarov Ronny Dayag Shmuel Frenkel Zahava Solomon Ron Ben-Yishai Dror Harazi,One man's journey to uncover his past.,酒吧里的一夜，老友向导演阿里吐露反复出现的噩梦：总被26条恶犬追赶。夜夜如此，犬数不变。两人推断这与八十年代初的第一次黎巴嫩战争中以军任务有关。阿里惊觉自己对那段岁月竟毫无记忆。受此谜团牵引，他动身寻访散居世界各地的战友与故人，试图揭开往昔真相与自我迷失的根源。随着探询逐渐深入，记忆开始以超现实的画面悄然浮现。[索尼经典]
康斯坦丁：恶魔之城,2018,2018-10-04,奇幻 动画 恐怖 动作,90,77,英语,J. M. DeMatteis,Jamie Delano,马特·瑞安 罗宾·阿特金·唐斯 劳拉·贝利 Rachel Kimsey 吉姆·麦司奇门 艾米丽·奥布莱恩 达米安·奥黑尔 凯文·迈克尔·理查森 瑞克·D·沃塞曼,"To stop a devil, you must summon a bigger one.",CW Seed的网剧《康斯坦丁：恶魔之城》准备发布一部长篇的版本正如网剧《雌狐》一样，5集的《康斯坦丁：恶魔之城》将汇编在一起并加入新片段，最终转换成一部完整的电影。
凡尔杜先生,1947,1947-09-26,喜剧 犯罪 剧情,124,77,英语,查理·卓别林,奥逊·威尔斯,查理·卓别林 Mady Correll Allison Roddan 罗伯特·路易斯 Audrey Betz Martha Raye Ada May 伊莎贝尔·埃尔索姆 Marjorie Bennett,一场谋杀喜剧。,1930年经济危机前的银行职员安·凡尔杜，为了摆脱窘境而用许多假名字和一些有钱的女人结婚，然后把她们杀死，十四个女子依次成为他的牺牲品，他本人也最终被判死刑。  本片的点子来自奥森·威尔斯，公映后被认为非常失败，以致卓别林将它冷藏了17年，现在已被公认是一部相当超前的融喜剧和思想性为一体的杰作。
蚀,1962,2017-04-11,剧情 爱情,126,77,意大利语,米开朗基罗•安东尼奥尼,托尼·诺格拉,阿兰·德龙 Monica Vitti 弗朗西斯科·拉巴尔 Lilla Brignone Rossana Rory Mirella Ricciardi Louis Seigner Cyrus Elias Alba Maiolini,爱的痛楚与狂喜。,天空微白，已是黎明时分。可对于里卡多（弗朗西斯科·拉瓦尔 Francisco Rabal饰）来说，这却是痛苦而残酷的一夜。无论里卡多怎样苦苦哀求维多利亚（莫尼卡·维蒂 Monica Vitti饰）回心转意，她已然心意已决，执意离去。维多利亚来到罗马证券交易所找她的母亲，远远地就看见母亲与经纪人皮耶罗（阿兰·德龙 Alain Delon饰）兴奋地聊着股票。皮耶罗年轻潇洒，风度翩翩，很会讨女人欢心，而这对维多利亚来说毫无兴趣。但一种莫名的强大吸引力在两人之间慢慢滋生，然而两人谁也未曾踏出第一步。当她再次来到交易所时，却遇到股票狂跌，维多利亚的母亲也亏了很多钱。不安的维多利亚，觉得皮耶罗可以成为自己可靠的保护人。然而当两人终于在一起时，隐藏在他们背后的复杂关系又使他们彼此疏远。由意大利现代主义电影导演米开朗基罗·安东尼奥尼执导的《蚀》，与《夜》、《奇遇》共同构筑了安东尼奥尼的《现代爱情三部曲》。安东尼奥尼的作品一直关注着人类精神状态的病态与疏离，本片的背后依旧是他所要传达出的人文道德危机和精神的空虚。本片荣获1962年第15届戛纳电影节评审团特别奖，入围1962年第15届戛纳电影节金棕榈奖。
终结者,1984,1984-10-26,动作 惊悚 科幻,108,77,英语,詹姆斯·卡梅隆,盖尔·安妮·赫德,阿诺德·施瓦辛格 迈克尔·比恩 琳达·汉密尔顿 保罗·温菲尔德 兰斯·亨利克森 里克·罗索维奇 贝丝·莫塔 阿尔·伯恩 迪克·米勒,他掌握你的未来。,一名半机械人（阿诺·施瓦辛格 饰）从21世纪被派往当代洛杉矶，刺杀一位看似无辜的女子——她的孩子将在杀手所处的未来世界中扮演关键角色。[米高梅]
消防员,2008,2008-09-26,剧情 爱情,118,77,英语,亚历克斯·肯德里克,斯蒂芬·肯德里克,柯克·卡梅隆 艾琳·贝西娅 肯  拜博 Stephen Dervan 瑞克·杨 Jason McLeod Harris Malcom Phyllis Malcom Perry Revell,Never leave your partner behind.,凯勒（柯克·卡梅隆 Kirk Cameron 饰）是一名消防员，凯瑟琳（Erin Bethea 饰）是医院的公关主任，尽管在各自的职业领域里叱咤风云，但两人都无法否认的是，是他们的冲动和不成熟导致了两人之间感情的破灭和婚姻的破裂。在经历过了无数次激烈的正常和令人沮丧的冷战后，离婚成为了两人唯一的选择。  　　目睹年轻人们为感情所困苦，约翰（Harris Malcom 饰）决定不再坐视不管。他劝说儿子约翰，带着凯瑟琳参加名为“挑战爱情”的为期四十天的旅程，将其作为修复夫妻之间感情的最后努力。没想到，正是在这段看似无望的旅程中，凯勒明白了自己所犯下的过错，他决定要挽回凯瑟琳对自己的爱和信任，然而，面对去意已决的凯瑟琳，凯勒的挽留能够奏效吗？ ©豆瓣
十二怒汉,1997,1997-08-17,剧情 电视电影,117,77,英语,雷金纳德·罗斯,威廉·弗莱德金,考特尼·伯纳德·万斯 奥西·戴维斯 乔治·坎贝尔·斯科特 阿明·缪勒-斯塔尔 多里安·哈伍德 詹姆斯·甘多菲尼 托尼·丹扎 杰克·莱蒙 休姆·克罗宁,,根据1957年同名黑白电影改编而成的电影。名气不大，口碑也不如旧版。在1957年由悉尼．卢曼特执导的《十二怒汉》是探讨美国陪审员制度和法律正义的经典作，本片则是由威廉．弗里德金重新拍摄的电视版，由杰克．莱蒙取代亨利．方达演男主角，其他合演者包括金像奖影帝乔治．C．斯科 特。
女神们,2016,2016-08-31,剧情,105,77,法语,Houda Benyamina,Malik Rumeau,Oulaya Amamra Déborah Lukumuena Kévin Mischel Jisca Kalvanda Yasin Houicha Majdouline Idrissi Farid Larbi Bass Dhem Maryama Soumare,,在一个宗教和地下势力统治的地区：Dounia 一个15岁渴望权利和成功的女孩，在好友Mainouna的支持下，她决定追随大女毒贩Rebecca的步伐，在遇到一个 年轻的舞蹈家Djigui后，他撩动了她的心，将会打破她的不变的生活.....
月升王国,2012,2012-05-25,喜剧 剧情 爱情,94,77,英语,韦斯·安德森,罗曼·科波拉,杰瑞德·吉尔曼 卡拉·海沃德 布鲁斯·威利斯 爱德华·诺顿 比尔·默瑞 弗兰西斯·麦克多蒙德 蒂尔达·斯文顿 杰森·薛兹曼 鲍勃·巴拉班,,1965年夏，新英格兰海岸的一座小岛。十二岁的萨姆与苏西坠入爱河，订立秘密约定，携手逃往荒野。当地方当局全力追查他们的下落时，一场猛烈的风暴正向海岸逼近……韦斯·安德森执导的本片由贾德·吉尔曼与卡拉·海沃德饰演私奔的年轻爱侣，布鲁斯·威利斯饰演岛屿警长夏普，爱德华·诺顿饰演卡其童子军团团长沃德，比尔·默瑞与弗兰西斯·麦克多蒙德饰演苏西的律师父母沃尔特和劳拉·毕晓普。出演阵容还包括蒂尔达·斯文顿、詹森·舒瓦兹曼与鲍勃·巴拉班。本片奇妙原声带精选了本杰明·布里顿的音乐作品。[标准收藏]
我的朋友叫哈维,1950,1950-12-21,喜剧 奇幻,104,77,英语,亨利·科斯特,奥斯卡·布罗德尼,詹姆斯·斯图尔特 Josephine Hull Peggy Dow Charles Drake Cecil Kellaway Victoria Horne Jesse White William H. Lynn Wallace Ford,The Wonderful Pulitzer Prize Play … becomes one of the Great Motion Pictures of our Time!,本片的主角艾尔伍德是个中年男人，同时也是个酒鬼。然而他常常臆想出来他有个好朋友——一只六英尺高的兔子。艾尔伍德向他的姐姐和侄女介绍这只名叫哈维的兔子。大家都认为他的神经有问题。他的姐姐忍无可忍，想把他送进疯人院。
有时快乐有时悲伤,2001,2001-12-14,喜剧 剧情,209,77,印地语,Karan Johar,Sheena Parikh,阿米塔布·巴强 沙鲁克·汗 李提克·罗森 卡卓儿 Jaya Bachchan 卡琳娜·卡普 拉妮·玛克赫吉 法莉達·賈勒爾 Jugal Hansraj,It's all about loving your parents.,理查德（阿米特巴·巴强 Amitabh Bachchan 饰）和妻子娜蒂尼（Jaya Bhaduri 饰）结婚多年，两人共同养育着两个儿子拉胡尔（沙鲁克·罕 Shahrukh Khan 饰）和罗汉（赫里尼克·罗斯汉 Hrithik Roshan 饰），夫妻两人用无尽的爱和关怀包容着两个孩子，尽管他们其中之一拉胡尔和他们并没有血缘关系。  　　拉胡尔很早就知道了自己的身世，也十分感激对他视如己出的父母，因此，父母说的每一句话，提的每一个要求，他总是竭尽全力的去完成，有时候甚至都忘记了自己的本意。某日，拉胡尔结识了名为安佳莉（卡卓尔 Kajol 饰）的美丽女孩，两人坠入了情网，然而，理查德却似乎对安佳莉不太满意，不同意两人的婚事。于是，拉胡尔第一次做出了忤逆父亲的举动，离家出走。
广岛之恋,1959,1959-06-10,剧情 历史 爱情,90,77,法语,阿伦·雷乃,玛格丽特·杜拉斯,埃玛妞·丽娃 冈田英次 Stella Dassas Pierre Barbaud Bernard Fresson,从一个女人深不可测的情感深处……,1957年，法国女演员来到日本广岛拍摄一部宣传和平的电影时，邂逅当地的建筑工程师，两人在短暂时间内忘记各自的有夫之妇、有妇之夫身份，产生忘我恋情。 然而因为广岛这块土地的特殊性，两人在激情相拥时，女演员脑海中总会闪现若干有关战争的残酷画面，建筑工程师也常令她回忆起她在战时于法国小城内韦尔与一名德国占领军的爱情。电影拍摄结束后，被纠缠的女演员感觉自己唯一能做的，是在有限的时间里，更加投入地把身体交于建筑工程师。
大内幕,1953,1953-10-14,犯罪 惊悚,89,77,英语,弗里茨·朗,西德尼·贝姆,格伦·福特 格洛丽亚·格雷厄姆 Jocelyn Brando Alexander Scourby 李·马文 Jeanette Nolan 彼得·惠特尼 Willis Bouchey Robert Burton,硬汉警探与柔情佳人。,侦探Dave Bannion正调查一个警官的自杀事件，一切都正常进行着，直到有一个酒吧女声称她有证明警官是被谋杀的证据，而此时Bonnion的上级叫他不要管这个案子。没有找到犯罪嫌疑人，Bannion怀疑是黑帮老大Lagana，一个狂热地从肮脏中获取他的自由生活的人。后来，一颗指向Bannion的炸弹杀手了一个无辜的旁观者，于是Bannion犹如一把白热的复仇之剑，开始独自对付这个腐败的世界。
新基督山伯爵,2002,2002-01-23,冒险 剧情 历史 动作 惊悚,131,77,英语,凯文·雷诺兹,亚历山大·仲马,吉姆·卡维泽 盖·皮尔斯 理查德·哈里斯 杰姆斯·弗莱明 达格玛拉·多敏齐克 迈克尔·温科特 路易斯·古兹曼 克里斯托弗·亚当森 JB·布兰科,Prepare for adventure. Count on revenge.,活力充沛的年轻水手爱德蒙·唐太斯是个正直诚实的小伙子，他原本有着平静的生活和一个美丽的未婚妻美塞苔丝，可这一切却被他人的妒忌给粉碎了——就在他们将要举行婚礼的时候，爱德蒙的好朋友费南德为了夺得美塞苔斯而设计陷害了他。清白的自己锒铛入狱，未婚妻则投入了仇人的怀抱，这一切彻底颠覆了爱德蒙的价值观和是非观念，改变了他对这个世界的看法。 　　所幸的是，十三年梦魇般的监狱生活没有折磨垮爱德蒙的身心，相反，却坚定了他报仇的决心。在一位同样被诬陷入狱的监友的点化下，爱德蒙精心策划了越狱行动并一举成功，永远离开了那座臭名昭彰的基督山城堡。此后，爱德蒙摇身一变成了神秘而富有的基督山伯爵，他凭着自己的魅力、狡诈和冷酷无情，逐渐混进了法国贵族的圈子，一步步对那个曾经背叛他的家伙实施着残酷的报复计划……
油炸绿番茄,1991,1991-12-27,剧情 喜剧,130,77,英语,Fannie Flagg,Jon Avnet,凯西·贝茨 杰西卡·坦迪 玛丽-露易丝·帕克 玛丽·斯图尔特·马斯特森 Cicely Tyson 斯坦·肖 克里斯·奥唐纳 盖拉德·萨坦 蒂莫西·斯科特,The secret of life? The secret's in the sauce.,一次偶然中，失意的艾弗林（凯西·贝茨 Kathy Bates 饰）在养老院里结识了老人妮妮（杰西卡·坦迪 Jessica Tandy 饰），为了开导艾弗林，妮妮为她讲了一个关于女孩爱姬（玛丽·斯图尔特·马斯特森 Mary Stuart Masterson 饰）的故事。爱姬从小生活在歧视和排挤的环境中，只有哥哥巴迪（克里斯·奥唐纳 Chris O'Donnell 饰）能给她带来短暂的快乐。可是，巴迪在一场车祸中失去了生命，这一巨大的打击让爱姬彻底陷入了自闭之中。这时，善良的露丝（玛丽·露易斯·帕克 Mary-Louise Parker 饰）出现在了爱姬的身边，她的陪伴和爱护让爱姬逐渐走出了阴影，但不久之后，露丝自己却在病痛中去世了。露丝的死让爱姬感触良多，她开始明白坦然接受生命里的发生的一切，努力帮助他人才是获得幸福的最佳途径。
后裔3,2019,2019-08-02,家庭 电视电影 冒险 奇幻 音乐,106,77,英语,肯尼斯·奥尔特加,乔桑·麦吉本,德芙·卡梅隆 索菲亚·卡尔森 Sarah Jeffery 卡梅隆·博伊斯 琪娜·安妮·麦克兰 布布·斯图尔特 Mitchell Hope Brenna D'Amico Zachary Gibson,"You didn't think this was the end of the story, did you?",迪士尼魔法童话题材的青春音乐剧《后裔》正式宣布要拍第3部，并发布前瞻预告，玛琳菲森(《睡美人》反派)的女儿Mal遇上了一个可能的新反派：她的父亲。《后裔3》制作已在温哥华开始，预计2019年夏天推出，继续讲述著名的童话反派们如邪恶皇。
慕德家一夜,1969,1969-06-04,爱情 喜剧 剧情,110,77,法语,埃里克·侯麦,,让-路易斯·特林提格南特 Françoise Fabian Marie-Christine Barrault Antoine Vitez Leonid Kogan Guy Léger Anne Dubot Marie Becker Marie-Claude Rauzier,,电影为侯麦《六个道德故事》系列之一。故事讲述一个34岁的天主教徒让-路易斯（简-路易斯·特林提格南特 Jean-Louis Trintignant 饰）爱上了一个年轻的女大学生。他偶遇老朋友维塔尔（安东尼·维特兹 Antoine Vitez 饰），被邀请到一个性情豪放的离婚女人慕德（弗兰西丝·法比安 Françoise Fabian 饰）家中共进晚餐。饭桌上，持有不同道德思想的三人大谈宗教、无神论、爱情、道德、以及哲学家帕斯卡尔的生活与哲学著作等话题。聊到深夜，外面下起了大雪，维塔尔离去，慕德劝说让-路易斯留宿一夜。慕德是情场高手，她极尽挑逗之能事去引诱他。保守忠诚的天主教徒让-路易斯面对了两难之境，一方面心中已有所爱，另一方面美艳的慕德实在又难以抗拒。他半推半就，最终还是抵制住了美色的诱惑。后来，他与心爱的女孩结婚，却发现她竟然曾是慕德丈夫的情妇。
十月的天空,1999,1999-02-19,剧情 历史,107,77,英语,乔·约翰斯顿,Lewis Colick,杰克·吉伦哈尔 克里斯·库珀 克里斯·欧文 劳拉·邓恩 威廉·李·斯科特 查德·林德伯格 娜塔莉·坎纳迪 埃利亚·巴斯金 克里斯·埃里斯,Sometimes one dream is enough to light up the whole sky.,美国五六十年代的一个小镇。霍默是镇上矿井负责人的儿子，他对太空充满着无限向往，业余时间在一个矿工的帮助下和高中的三个同伴一起研制微型火箭。经过无数次失败的试验，他们的火箭终于飞上了天空。报社记者采访了霍默，他中意的姑娘拿着报纸让他签名，就在火箭小子们意气风发的时候，警察来到了小镇。一处山林发生了火灾，警察在现场发现了一枚火箭，他们四个难逃其咎，被铐上手铐带走。保释出来后，他们再也不能试飞火箭了，在发射场伤心地烧掉了观测用的小木屋。没过多久矿井出事了，霍默的父亲挽救了许多矿工的生命，自己却受了重伤。为了更好的康复必须把父亲送到县里的医院，但是矿上不承担全部费用，为此霍默和哥哥必须有一个要到矿上去工作。哥哥由于球打得好得到了大学的奖学金，霍默为了哥哥能上大学而决定自己去。一直鼓励他们进行实验的莱丽老师对霍默非常失望，她不希望看到孩子们像他们的父辈一样做矿工，每天吸进大量的煤灰。矿工也不是霍默的追求，尽管大家都称赞他干得和他父亲一样出色。不甘现状的霍默想起了莱丽老师送给他的数学方面的书籍。利用一切空余时间学习的他终于算出了火箭下落的半径，得出了一个惊人的发现：那枚引起火灾的火箭并不是他们的。他去找一个同伴，和他一起算出了他们火箭坠落的地点，并真的找到了它。他们和校长一起来到警察局去辨认那枚肇事火箭，发现那只是一枚航空信号弹。事情澄清了，一直不赞成他们制造火箭的校长也支持他们去参加县里的科技博览会；但出院后的父亲不同意霍默离开矿井，他为霍默在矿井的出色表现感到骄傲，并希望儿子能够继承他的事业。为此霍默和父亲产生了激烈的冲突，并声称离开家再也不回来了。霍默代表大家去参加博览会，但是展品却意外失窃了。霍默打电话回去求助。在母亲的劝说下，父亲终于答应让工友连夜赶工做了一个新的寄过去。火箭小子们获得了博览会最高荣誉奖，四个人都获得了大学的奖学金。戴着奖牌回来的霍默在矿井前和父亲进行了一次谈话，邀请他来观看他们在小镇的最后一次火箭发射。一次都没来看过他们试验的父亲终于出现在了发射场。霍默把发射器递给了父亲。倒数声之后，火箭腾空而起，拖着长长的烟雾，飞向天空。
堕落天使,1995,1995-09-06,动作 爱情 犯罪,98,77,Cantonese,王家卫,,黎明 李嘉欣 金城武 杨采妮 莫文蔚 陈万雷 Toru Saito 江道海 陈辉虹,夜里满是怪人。,天使1号很懒惰，所以选择做了时间、地点、谁该死都不用操心的杀手。天使2号很冷艳，是1号的上线，喜欢华服夜出为1号清理房间。天使3号很怪异，从不讲话的他爱做的事是半夜撬开别人的店面做生意和拿着摄像机将老爸拍个遍。天使4号很“现实”，虽无法忘记旧男友，却也能转身用另外的方式将自己安慰。天使5号很神经，喜欢在大雨夜冒出。 五位天使在自己的生活轨道上固执寂寞地前行着，为了避免换回更多伤心，他们在轨迹交叉时会提醒自己“忘记他是他”，可是，他们的真情还是会不由自主地流露出来。
哈利·波特与凤凰社,2007,2007-08-10,冒险 奇幻,138,77,英语,大卫·叶茨,J·K·罗琳,丹尼尔·雷德克里夫 鲁伯特·格林特 艾玛·沃森 艾美达·斯丹顿 海伦娜·伯翰·卡特 罗彼·考特拉尼 加里·奥德曼 拉尔夫·费因斯 迈克尔·甘本,反动就要开始,逃过摄魂怪的追杀，通过魔法部的审查，哈利终于回到美丽的霍格沃兹。然而这个学期并不轻松，他不仅要完成魔法等级考试，还要应对夜晚的噩梦和黑魔法防御课老师乌姆里奇的打压。在好友的支持下，哈利秘密组建了邓不利多军团，与大家一起练习黑魔法防御术。噩梦中，哈利总是以伏地魔的视角出现，似乎他们之间有着某种神秘的联系。在邓不利多的指示下，哈利向斯内普教授学习大脑封闭术，却鲜有成效。终于在一次噩梦的诱使下，哈利偏执的赶往魔法部营救小天狼星，却不想陷入伏地魔的圈套，引发凤凰社与食死徒之间的正面冲突。在混战中，小天狼星不幸遇难。究竟哈利与伏地魔之间有着怎样的联系？在悲恸中，邓不利多为哈利揭开谜底，哈利还有更长、更艰难的路要走……
因爱富有,2020,2020-04-30,爱情 喜剧,95,77,葡萄牙语,Bruno Garotti,Sylvio Gonçalves,Danilo Mesquita 乔凡娜·朗切罗蒂 Jaffar Bambirra Lellê Ernani Moraes Bruna Griphao Jeniffer Dias Fernanda Paes Leme Caio Paduan,,富家公子特托决心向他爱慕的宝拉证明自己的品格，于是自称出身贫寒时，但这一谎言一发不可收拾。
被操纵的城市,2017,2017-02-09,动作 惊悚 犯罪,126,77,朝鲜语,朴光铉,吴相浩,池昌旭 沈恩敬 吴正世 安宰弘 金相浩 金民教 李荷妮 金浩贞 金瑟琪,Enter virtually. Reset reality.,权侑（池昌旭 饰）是一个在游戏世界里呼风唤雨的队长老大，然而在现实生活中，他则是个无所事事的无业游民。在权侑被莫名其妙地地指认为是杀人嫌犯后，在没有任何人相信他的清白时，权侑在游戏里的队员、初级骇客汝郁（沈恩京 饰）发现这一切是在短短的3分16秒里被人完美地捏造的。之后所有游戏成员全部集合，尽自己所能去追查案件真相。。。
柳媚花娇,1967,1967-03-08,爱情 喜剧 剧情,126,77,法语,雅克·德米,,凯瑟琳·德纳芙 Françoise Dorléac 雅克·贝汉 吉恩·凯利 丹妮尔·达里厄 米歇尔·皮科利 George Chakiris Grover Dale Jacques Riberolles,他们在街头载歌载舞。,迪芬（凯瑟琳·德纳芙 Catherine Deneuve 饰）和苏兰（弗朗索瓦·朵列 Françoise Dorléac 饰）是相依为命的两姐妹，她们一个红发，一个金发，一个擅长曼妙的舞蹈，一个拥有天籁的歌喉。夏日嘉年华将近，在逐渐热烈的气氛中，迪芬和苏兰也在嘉年华中有着各自的任务。  　　画商吉列姆（Jacques Riberolles 饰）钦慕于迪芬的美貌，无奈迪芬早已经芳心暗许给了替她画像的年轻画家麦桑思（雅克·贝汉 Jacques Perrin 饰），与此同时，苏兰遇见了名为米勒（吉恩·凯利 Gene Kelly 饰）的年轻人，两人心心相惜两情相悦。让苏兰没有想到的是，眼前的米勒正是她苦苦寻找无果的作曲家，她一直希望米勒能够读一读她所撰写的一段协奏曲。
鬼灭之刃：无限城篇 第一章 猗窝座再袭,2025,2025-11-14,动画 动作 奇幻,155,77,日语,外崎春雄,吾峠呼世晴,花江夏树 樱井孝宏 石田彰 下野纮 细谷佳正 早见沙织 宫野真守 上田丽奈 中村悠一,It's time to have some fun.,当鬼杀队的成员和柱之人在为即将到来的与鬼的战斗做准备，完成共同的体能训练——柱之训练时，鬼舞辻无惨在产屋敷宅邸出现。由于鬼杀队的主公处于危险之中，炭治郎和柱急忙赶往总部，但却被鸣女推入一个神秘的异空间。炭治郎和鬼杀队的目标是鬼的堡垒——无限城。因此，鬼杀队和鬼之间的最终战斗的战场已经准备就绪。
坏蛋联盟2,2025,2025-08-16,家庭 喜剧 犯罪 冒险 动画,104,77,英语,皮埃尔·佩里费尔,伊坦·科恩,山姆·洛克威尔 马克·马伦 奥卡菲娜 克雷格·罗宾逊 安东尼·拉莫斯 莎姬·贝兹 达尼埃尔·布鲁克斯 娜塔莎·雷昂 玛丽亚·巴卡洛娃,回到糟糕状态。,坏蛋联盟正在努力适应作为好人的新生活，寻求他人的信任和接受，它们被一个全女性阵容的犯罪团体强迫做最后一单生意，不得不脱离退休状态，再次出山重操旧业。
借东西的小人阿莉埃蒂,2010,2010-07-16,奇幻 动画 家庭,94,77,日语,米林宏昌,Mary Norton,志田未来 神木隆之介 三浦友和 竹下景子 树木希林 大竹忍 藤原龙也 羽鸟慎一,不能被人类发现 是我们生存的法则,虽然患有心脏方面的疾病，但是少年翔（神木隆之介 配音）的父母依然对他疏于呵护。为了准备即将到来的手术，翔来到了位于偏远乡间的姨婆（竹下景子 配音）家静养。姨婆家位于一片幽静的丛林中，这是一幢有着上百年历史的欧式别墅。这里除了生活着姨婆和女佣阿春（树木希林 配音）外，还有一个奇特的三口之家，“借东西一族”——小人阿莉埃蒂（志田未来 配音）和她的爸爸（三浦友和 配音）妈妈（大竹忍 配音），他们生活在别墅的地板下，只有几公分高，过着不为人类察觉的生活。遇到所需的日常用品时，便会在夜深人静之时偷偷潜入厨房借出来。翔无疑中瞥见阿莉埃蒂的身影，他有心接近这些传说中的小人，却不知不觉打扰了他们的生活……
芝加哥七君子审判,2020,2020-09-25,剧情 历史,130,77,英语,亚伦·索金,,埃迪·雷德梅恩 萨莎·拜伦·科恩 马克·里朗斯 约瑟夫·高登-莱维特 弗兰克·兰格拉 杰里米·斯特朗 约翰·卡罗尔·林奇 叶海亚·阿卜杜勒-迈丁 亚历克斯·夏普,"In 1968, democracy refused to back down.",影片改编自真实事件，1969年七名民权运动分子因在前一年芝加哥民主党代表大会召开时举行抗议活动而被控阴谋罪，这也成为60年代民权运动重要事件之一。
史酷比在僵尸岛,1998,1998-09-22,动画 悬疑 家庭 恐怖,77,77,英语,Glenn Leopold,威廉·汉纳,Scott Innes 比利·维斯特 Mary Kay Bergman 弗兰克·维尔克 B.J. Ward 阿德里安娜·巴比欧 塔拉·斯特朗 卡姆·克拉克 吉姆·卡明斯,"This time, the monsters are real!",神秘帮会重聚并造访月痕岛，这是一座隐藏着不为人知的秘密的偏远岛屿。达芙妮想要的不仅仅是一个穿着戏服的反派，而且他们得到的比他们想象的要多。
鬼婆,1964,1964-11-21,恐怖,105,77,日语,新藤兼人,,Nobuko Otowa 吉村实子 佐藤庆 宇野重吉 殿山泰司 松本染升 加地健太郎 田中笔子 山口博义,The most daring film import ever...From Japan!,日本南北朝时期，战乱不断，人民流离失所。一对婆媳生活在野草丛生的平原中，干着捕杀掉队士兵并剥掉铠甲换取食物的营生。 某晚，年轻的士兵八（佐藤庆 饰）从战场上归来，告诉婆婆（乙羽信子 饰）她的儿子已死，并留下来和婆媳一起生活。八不断挑逗儿媳（吉村实子 饰），终于有天晚上儿媳不顾一切，奔向八的住地，两人绞在一起…… 婆婆生怕儿媳离自己而去。正无计可施时，遇到带着鬼面具、声称拥有娇美面容的武士（宇野重吉 饰）。婆婆害死武士，戴着面具出没荒草之间，希望扮鬼吓退儿媳，但最终失败。然而更恐怖的是，婆婆戴上的正是一个被诅咒了的面具……
火车怪客,1951,1951-06-27,犯罪 惊悚,101,77,英语,阿尔弗雷德·希区柯克,帕特里夏·海史密斯,法利·格兰杰 Ruth Roman Robert Walker 里奥·G·卡罗尔 帕特里夏·希区柯克 Kasey Rogers Marion Lorne Jonathan Hale Howard St. John,一切始于火车汽笛的一声尖叫……最终以令人尖叫的兴奋收尾！,一位精神病态的富家子弟企图胁迫一名职业网球明星，意图验证其“两个陌生人可相互完成完美谋杀”的疯狂理论。
妙想天开,1985,1985-02-22,喜剧 科幻,143,77,英语,特里·吉列姆,Charles McKeown,乔纳森·普雷斯 罗伯特·德尼罗 凯瑟琳·赫尔蒙德 伊恩·霍姆 鲍勃·霍斯金斯 迈克尔·佩林 伊恩·理查森 彼得·沃恩 Kim Greist,It's only a state of mind.,在反乌托邦杰作中，乔纳森·普雷斯饰演一个沉溺白日梦的普通人，发现自己被卷入噩梦般官僚体系的碾压齿轮。这部由特瑞·吉列姆打造的警世寓言，作为上世纪80年代最伟大的电影之一，已与乔治·奥威尔、奥尔德斯·赫胥黎及库尔特·冯内古特的反极权作品并列于经典之林。而在场景设计、摄影技艺、配乐与视效层面，更是一场持续不断的视觉盛宴。[标准收藏]
犯罪都市,2017,2017-10-03,动作 犯罪 惊悚,121,77,朝鲜语,姜允成,,马东锡 尹启相 赵在允 崔奎华 林亨俊 陈善圭 洪基俊 许栋元 河俊,今晚，要把你们一网打尽！,2004年，来自哈尔滨的黑帮组织大举入侵首尔，引发社会恐慌，以张谦（尹启相饰）为首的新兴犯罪组织“黑龙派”目标制霸全国，不仅在各地深根铺路，同时也威胁到了当地的黑道势力，一时间黑社会的肃杀之气迅速席卷首尔全城。而此时，以铁拳闻名的怪物刑警马锡道（马东锡饰）带领全员强势扫荡，誓要将“黑龙派”一网打尽，不斩草除根绝不罢休
刀剑神域：序列之争,2017,2017-09-15,动画 动作 冒险 奇幻 科幻,120,77,日语,伊藤智彦,川原砾,松冈祯丞 户松遥 伊藤加奈惠 竹达彩奈 日高里菜 高垣彩阳 泽城美雪 平田广明 安元洋贵,It's just a game... Or so I thought—,"在 2022 年，以量子物理学者兼天才游戏设计师而闻名于世的程序员 —— 茅场晶彦，成功开发世界第一款完全潜行专用的装置“NERvGear”。“NERvGear”装置机器具有虚拟现实（VR）的功能，外型类似包覆头部的拳击用护具，创新的设计替世界带来无限可能，无论是医疗、通讯、交易等。因《SAO 事件》而产生以“强化安全性”的后续机种 —— “AmuSphere”。四年后，犹如与前两款虚拟现实装置抗衡的新世代增强现实（AR）机种“Augma”问世。其装置取消“完全潜行”功能并将增强现实功能发挥到极致，让使用者能在清醒的状态下使用，同时搭配更吸引玩家的一款名为“序列之争（Ordinal Scale, OS）”的专属 ARMMO RPG 游戏，在这样既方便又安全机制下，让“Augma”短时间就在玩家间广为流传、蔚为风潮。在参加游戏的同时，却也让桐人一行人卷入了新的事件之中。"
战士帮,1979,1979-02-09,动作 惊悚,92,77,英语,沃尔特·希尔,索尔·尤里克,迈克尔·贝克 詹姆斯·瑞马尔 大卫·帕特里克·凯利 多尔西·赖特 大卫·哈里斯 黛博拉·范·法尔肯伯格 布莱恩·泰勒 汤姆·麦基特里克 Marcelino Sánchez,"These are the armies of the night. They are 100,000 strong. They outnumber the cops five to one. They could run New York City. Tonight they're all out to get the Warriors.",勇士队是1979年美国犯罪片由导演沃尔特·希尔和基于索尔·里克的 1965年的同名小说的。这部小说反过来是基于色诺芬的 Anabasis。在纽约市的黑帮故事中心谁必须让30英里（48公里）一个城市的旅程，从北端的布朗克斯区在南部的老巢在康尼岛布鲁克林之后，又是为的谋杀陷害受人尊敬的帮派头目。它于1979年2月9日在美国上映。  在有关故意破坏和暴力的报道之后，派拉蒙暂时停止了他们的广告活动，并让剧院所有者免于展示这部电影的义务。尽管最初的负面接受，勇士队已成为一部邪教电影，并产生了多个衍生产品，包括视频游戏和漫画系列。
花火,1997,1998-01-24,犯罪 剧情,103,77,日语,北野武,,北野武 岸本加世子 大杉涟 寺岛进 渡边哲 白龙 药师寺保荣 五味太郎 矢岛健一,那时，是否有人会将你拥入怀中？,西在个人与职业的双重困境中离开警队。他陷入抑郁，并做出可疑的决定。
弱点,2009,2009-11-20,剧情,128,77,英语,小约翰·李·汉考克,,桑德拉·布洛克 蒂姆·麦格罗 昆顿·亚伦 杰·海德 莉莉·柯林斯 雷·麦金农 金·迪肯斯 阿德里安·莱诺克斯 凯西·贝茨,Based on the extraordinary true story,窗明几净、精致餐点、其乐融融，对于住在田纳西州的图伊一家，这样温馨的生活仿佛是与生俱来的事情。妻子莉安 温柔贤惠，丈夫西恩 事业有成，还有一双听话乖巧的儿女，更在杯觥交错中深受上流社会欢迎。如果不是那天下午的意外，如果不是莉安心思细腻，他们或许还是像原来一样活在自己完美无缺的世界中。 那是一个高大壮硕、皮肤黝黑的孩子，面无表情的脸上，掩不住些许苦愁的滋味。明明天气阴冷，他却穿着单薄的T恤和短裤，在寒风中瑟瑟发抖。不管他看起来高大得多么让人戒备，他只是个16岁的孩子，和自己儿子同校的孩子。更别提这个名叫迈克尔·奥赫 的孩子从小就成了孤儿，辗转于无数收养家庭之间，在9年里上过11个学校，连小学一年级也能留级一年！莉安又有什么理由不收留他呢？从领进家门暂住一宿到提供衣食住所视为己出，甚至专门为他请来了私人家教苏小姐，奥赫第一次从图伊一家身上感觉到了家的温暖。 除了无微不至的照顾，因为图伊夫妇的鼓励，奥赫决定善用自己的天赋，加入学校的橄榄球队。在赛场上，他就像一堵铜墙铁壁，没人能够突破他的防线。很快，奥赫就成为了橄榄球场上的风云人物，不仅为所在的中学赢得了区域冠军，还吸引了众多大学球队星探的注意，愿意为他提供全额奖学金。可是，对于平均成绩只有0.9分，IQ仅在低智边缘的奥赫，要想顺利踏上橄榄球之路，眼前还横亘着诸多障碍……
正午,1952,1952-07-30,西部 剧情 惊悚,85,77,英语,弗雷德·金尼曼,卡尔·福尔曼,加里·库珀 托马斯·米切尔 劳埃德·布里奇斯 凯蒂·朱拉多 格蕾丝·凯利 奥托·克鲁格 小朗·钱尼 哈利·摩爾根 伊恩·麦克唐纳,The story of a man who was too proud to run!,这部1952年的经典西部片中，刚刚完婚的警官威尔·凯恩本欲卸任小镇警长之职，与新娘开始新生活，却得知宿敌——枪手弗兰克·米勒将于正午时分抵达小镇，前来清算旧账。
铁血战士：狩猎,2022,2023-11-24,惊悚 动作 科幻,100,77,英语,丹·特拉亨伯格,帕特里克·艾森,安伯·明迪桑德 达寇塔·比弗 米歇尔·史拉斯 斯托米·基普 朱利安·布莱克·安蒂洛普 戴恩·迪利格罗 斯蒂芬·马蒂亚斯 贝内特·泰勒 迈克·帕特森,They hunt to live. It lives to hunt.,以18世纪初科曼奇民族的世界为背景，讲述了一位年轻女子纳鲁不为人知的故事。纳鲁是一位凶猛且武艺高超的战士，从小和一群伟大的猎人在大平原上闯荡。她坚信自己和其他年轻的猎人一样有能力保护人民免遭外敌入侵。纳鲁用最原始的武器跟踪猎物，结果发现敌人竟然是一位高度进化的外星铁血战士，而且配备先进武器。最终两人进行了一场毁天灭地的大决战。
炎热的夜晚,1967,1967-08-02,犯罪 剧情 悬疑 惊悚,109,77,英语,诺曼·杰维森,约翰·鲍尔,西德尼·波蒂埃 罗德·斯泰格尔 沃伦·奥茨 彼得·惠特尼 李·格兰特 安东尼·詹姆斯 威廉·沙勒特 斯科特·威尔森 拉里·盖茨,They got a murder on their hands. They don’t know what to do with it.,一个从芝加哥来到斯巴达准备建工厂的商人Mr. Colbert被发现死于街头。一个正在火车站等车的黑人Virgil Tibbs（西德尼·波蒂埃 Sidney Poitier 饰）被警察当作嫌疑犯抓到警察局。一番盘查之下，Tibbs告诉当地警方，他也是一名警察，而且擅长处理凶杀案件。他遭到调查的原因只是因为他是黑人，他迫切想离开当地，然而Tibbs的上司让他留在当地，和当地警长Bill Gillespie（罗德·斯泰格尔 Rod Steiger 饰）一起查案。在这个种族歧视极为严重的地方，Tibbs的调查遭遇了重重阻拦，Bill也劝他早日离开，不要再插手。然而Tibbs却始终不肯放弃，坚持要查出真相......
不一样的天空,1993,1993-12-17,爱情 剧情,118,77,英语,彼得·赫奇斯,莱塞·霍尔斯道姆,约翰尼·德普 莱昂纳多·迪卡普里奥 朱丽叶特·刘易斯 玛丽·斯汀伯根 达琳·凯茨 劳拉·哈灵顿 玛丽·凯特·谢尔哈特 凯文·蒂格 约翰·C·赖利,Life is a terrible thing to sleep through.,因为不能面对丈夫自杀的事实，吉伯特的母亲不停进食，致使体重剧增至六百磅，难以行动。吉伯特的智障弟弟阿尼(莱昂纳多·迪卡普里奥 饰)一出生就被医生诊断活不过十岁，却即将过十八岁生日，最小的妹妹爱伦却正值叛逆的青春期。整个家庭的生计及阿尼的日常起居成了吉伯特的生活全部，姐姐是他唯一的帮手。四处旅游、活泼开朗的贝琪(朱丽叶特·刘易斯 饰)路过小镇，与吉伯特一见钟情，两人很快沉浸在甜蜜的爱情中。贝琪对生活的热情也让吉伯特渐渐认识到，除了家人，生命中他也该有属于自己的追求。阿尼就要过十八岁生日了，这是母亲最后的心愿，待这一切结束，吉伯特能有一个不一样的天空吧。
越过山丘,2023,2023-08-18,历史 剧情,126,77,英语,Jeff Celentano,安杰洛·皮佐,科林·福特 丹尼斯·奎德 乔丽·卡特 斯科特·格伦 Siena Bjornerud Ryan Dinning Carina Worm 邦妮·贝黛莉亚 Randy Houser,Never give up hope.,去探寻瑞奇·希尔(Ricky Hill)不可思议的美国职业棒球大联盟(Major League Baseball)之旅的精彩真实故事。
绅士们,2020,2020-01-01,喜剧 犯罪,113,77,英语,盖·里奇,马恩·戴维斯,马修·麦康纳 查理·汉纳姆 米歇尔·道克瑞 杰里米·斯特朗 琳·勒内 科林·法瑞尔 亨利·戈尔丁 汤姆·吴 奇迪·阿朱福,绅士们,美国移民Mickey Pearson（马修·麦康纳 饰）成功在英国伦敦建立大麻帝国，发了大财后，他试图将资产转卖给一个美国富豪。然而风声走漏，一连串的阴谋及谎言开始从Mickey展开。私家侦探Fletcher（休·格兰特 饰）用尽各种手段，收集所有Mickey的黑材料，企图从中得利。这时，新崛起的唐人街帮会龙头Dry Eye（亨利·戈尔丁 饰）对Mickey的生意虎视眈眈，最后Mickey如何保护自己的生意与生命呢？
总统班底,1976,1976-04-09,剧情 悬疑 惊悚,138,77,英语,Alan J. Pakula,威廉·戈德曼,罗伯特·雷德福 达斯汀·霍夫曼 杰克·沃登 马丁·巴尔萨姆 哈尔·霍尔布鲁克 杰森·罗巴兹 简·亚历山大 梅雷迪斯·巴克斯特 尼德·巴蒂,The most devastating detective story of this century.,1972年6月17日，水门大厦内灯光亮起，四名窃贼潜入民主党全国总部的行径被当场抓获。那个夜晚所引发的连锁曝光，最终将一位美国总统逼下台。《华盛顿邮报》记者鲍勃·伍德沃德（罗伯特·雷德福 饰）与卡尔·伯恩斯坦（达斯汀·霍夫曼 饰）率先抓住这起闯入事件，并顶住重重质疑、否认与挫折，坚持追查到底。[华纳兄弟]
米奇的圣诞颂歌,1983,1983-12-16,家庭 动画,25,77,英语,伯尼·马丁森,查尔斯·狄更斯,艾伦·杨 Wayne Allwine 克拉伦斯·纳什 Hal Smith Will Ryan Patricia Parris Dick Billingsley Eddie Carroll,All your Disney pals star in this retelling of a Dickens Christmas classic.,轻盈的雪片纷纷落下，又是一年圣诞节到来。在小气鬼艾伯纳德的店里，却丝毫感觉不到节日的气氛，他准许员工米老鼠放半天假，却要扣掉相应的半天工钱；他拒绝了外甥唐老鸭的圣诞晚会邀请，更将为穷人们募捐的善良人士拒之门外。在他看来，世界上只有赚钱才是重要的事情。夜幕降临，艾伯纳德只身一人回到空旷清冷的房子，却遭遇了早已死去的好朋友的鬼魂。他的朋友因为吝啬而受到严酷的惩罚，因此告诫艾伯纳德要及时改正，并且准备迎接即将拜访他的三个灵魂。深夜，三个灵魂相继到来，带着艾伯纳德回忆了他的过去，见证了米老鼠一家寒酸而幸福的圣诞晚宴，更预见了他万劫不复的未来……  　　本片根据著名作家查尔斯•狄更斯的小说《A Christmas Carol》改编。
荒岛余生,2000,2000-12-22,冒险 剧情,143,77,英语,罗伯特·泽米吉斯,小威廉·布罗伊尔斯,汤姆·汉克斯 海伦·亨特 克里斯·诺斯 保罗·桑切斯 拉里·怀特 列昂尼德·西特 大卫·艾伦·布鲁克斯 Semion Sudarikov 彼得·冯·伯格,"At the edge of the world, his journey begins.",查克（汤姆•汉克斯 Tom Hanks饰）任职于美国联邦快递，他系统工程师的职业决定了他的生活忙碌、自律、充满时间紧迫感。而查克总能把一切工作都井井有序的安排在每天的日程里，时间就在他的控制之下。他无暇顾及的只是女朋友凯莉（海伦•亨特 Helen Hunt 饰）。 一场飞机失事改变了这一切。所有人都以为查克丧生于这场灾难中，然而事实上他活了下来，被困在一个荒无人烟的小岛上。荒岛上的生活就连吃喝都成问题，查克成为了现代鲁滨逊。但另一方面，他在这里却因为与大自然依存，与险境搏斗，与孤独作伴，与饥饿抗争，得到了以前从来没有领悟到的感受。当他回到现代社会时，人生有了新的开始。
黑猫白猫,1998,2024-04-20,喜剧 爱情 犯罪,127,77,塞尔维亚语,埃米尔·库斯图里卡,戈丹·米希奇,Bajram Severdžan Srđan 'Žika' Todorović Zabit Memedov Florijan Ajdini Branka Katić Ljubica Adžović Sabri Sulejmani Salija Ibraimova Jasar Destani,,这是一部有些荒诞的电影。吉普赛人马特高（布赖恩•斯维登 Bajram Severdzan 饰）为了摆脱贫穷潦倒的生活，决心抓住眼前的一个发财良机，那就是在伊斯坦布尔和巴格达之间的列车上走私汽油，虽然要冒风险，但利润相当可观。为了凑足本钱，马特高和儿子去向当地的“教父”皮泰借了款。  　　但马特高出师不利，被年轻的抢匪达丹（瑟丹•托德诺维奇Srdjan Todorovic 饰）抢了生意，这下本钱泡了汤。债务缠身，无奈之下马特高只好去请求达丹借钱。达丹满口应承了，条件就是马特高的儿子扎拉必须和他的妹妹结婚。扎拉虽然早已有心爱的恋人，但为了父亲他只能和达丹的妹妹举行婚礼。婚礼上，达丹的妹妹忽然逃跑了……
非常杀手,2022,2022-07-13,动作 犯罪 惊悚,95,77,朝鲜语,崔在勋,南智雄,张赫 李西英 方恩晶 金又石 李承俊 刘瑞真 申承焕 洪瑞俊 李彩英,Mission: save the girl.,本片是一部小说改编的韩国动作电影，讲述传说中的杀手方义江（张赫饰）在退休后和妻子原本过着安逸的生活，有一天，妻子和好友要去度假，把好友的女儿允智（李西英饰）交托给他照顾。义江因此被卷入一起少女绑架案，唤醒了他隐藏的杀手本能。
阿伊达，你往何处去？,2021,2020-10-10,战争 剧情 历史,101,77,塞尔维亚语,Jasmila Žbanić,Hasan Nuhanovic,Jasna Đuričić Izudin Bajrović Boris Ler Dino Bajrović Johan Heldenbergh 雷蒙德·蒂里 Boris Isaković Emir Hadžihafizbegović Reinout Bussemaker,,波斯尼亚，1995年7月11日。艾达是联合国在斯雷布雷尼察小镇的翻译。当塞尔维亚军队占领该镇时，她的家人与成千上万的民众一同在联合国营地寻求庇护。作为谈判的知情者，艾达接触到她需要解读的关键信息。她的家人和同胞面临的前景是拯救还是死亡？她该如何抉择？[Super LTD]
父亲只有一个,2019,2019-08-02,喜剧 家庭,96,77,西班牙语,圣地亚哥·塞古拉,Marta González de Vega,圣地亚哥·塞古拉 Toni Acosta Martina D’Antiochia Calma Segura Luna Fulgencio Carlos González Morollón Sirena Segura Wendy Ramos Silvia Abril,,"Javier is what we have dubbed as a ""husband-in-law."" That is that without taking care of the care of the house and children at all, he knows exactly what needs to be done, and that he continuously collects a sum of sentences from the type: ""It is that you do not organize"", or ""do not get nervous"", you already consider that overflowing woman drowns in a glass of water. Javier will have to face the reality of dealing with five children (between four and twelve years old) when his wife decides to go on a trip and leave him alone with them. The chaotic situation that takes place at home will progressively evolve ecologically to the most absolute disaster, but at the same time it will give parents and children the opportunity to meet and enjoy themselves for the first time."
新蝙蝠侠,2022,2022-03-18,犯罪 悬疑 惊悚,176,77,英语,马特·里夫斯,鲍勃·凯恩,罗伯特·帕丁森 佐伊·克拉维茨 杰弗里·怀特 科林·法瑞尔 保罗·达诺 约翰·特托罗 安迪·瑟金斯 彼得·萨斯加德 巴里·基奥恩,谜雾暗涌危机四伏 哥谭侠影重磅出击,布鲁斯·韦恩（罗伯特·帕丁森 饰）化身蝙蝠侠于哥谭市行侠仗义两年后，罪犯皆闻风丧胆，他也因此深入接触到哥谭市的阴暗面。他潜行于哥谭市腐败的政要名流关系网中，身边仅有的几个值得信赖的盟友——管家阿尔弗雷德·潘尼沃斯（安迪·瑟金斯 饰）与詹姆斯·戈登警长（杰弗里·怀特 饰）。这位独行的“义警侠探”在哥谭市民心中已成为“复仇”二字最当仁不让的代名词。
吸血鬼猎人D：血欲,2001,2001-04-21,动画 奇幻 恐怖 动作 冒险 科幻,103,77,日语,川尻善昭,菊地秀行,Andrew Philpot John Rafter Lee 帕梅拉·阿德隆 温迪·李 迈克尔·麦克肖恩 Julia Fletcher Matt McKenzie 约翰·迪·马吉欧 Alex Fernandez,"When the sun sets, the hunt begins.",吸血鬼猎人D是吸血鬼王和人类女子生的后代，他身手敏捷，是响当当的吸血鬼猎人。这次，埃尔邦家族的千金夏洛特被吸血鬼掳了去，庄园主请来了D和吸血鬼猎人马克思兄妹前往营救。途中，D和马克思兄妹因为争夺酬金而互相较量，弄得不欢而散。随后，D受到了贵族三杰的袭击，紧要关头D突然发病，危在旦夕之际马克思兄妹中的蕾拉救了D，他们相互约定日后谁先死对方就要前往其墓前献花。其后，他们查明了夏洛特并不是被吸血鬼掳走了，而是恋上了吸血鬼马埃尔，两人一起私奔，正前往吸血鬼伯爵夫人卡米拉的城堡搭乘卡米拉的飞船前往世外桃源“夜之都”开始他们的新生活。然而卡米拉只是将他们骗去，她的真正目的是吸干夏洛特的鲜血让自己复活。D及时赶到，和卡米拉展开了一场生死大战。
杀戮演绎,2012,2012-11-08,纪录 历史,159,77,丹麦语,Joshua Oppenheimer,,Anwar Congo Herman Koto Syamsul Arifin Ibrahim Sinik Yapto Soerjosoemarno Safit Pardede Jusuf Kalla Adi Zulkadry Suryono,A story of killers who win and the society they build.,一部纪录片，其中印尼前处决队成员以各类电影风格重演他们现实中的大规模杀戮。
最后华尔兹,1978,1978-04-26,纪录 音乐,117,77,英语,马丁·斯科塞斯,麦迪克·马丁,罗比·罗伯森 Rick Danko Levon Helm Richard Manuel Garth Hudson Eric Clapton Neil Diamond 鲍勃·迪伦 Neil Young,始于一场音乐会，终成一场庆典。,这不仅仅是一部史上最伟大的音乐会电影，本片更是一次对美国摇滚乐黄金时代既狂热又深怀悼意的总结。1976年感恩节，马丁·斯科塞斯受邀记录传奇乐队“乐队”在旧金山冬季宫舞厅的告别演出，由此构思出一种全新的音乐纪录片形式。他集结了七位摄影师（由摄影指导迈克尔·查普曼领衔，还包括著名电影摄影师维尔莫斯·日格蒙德与拉兹洛·科瓦奇），并邀请美术指导鲍里斯·莱文设计极具戏剧张力的舞台布景，斯科塞斯打造出一场宏大而沉浸的体验，将观众带上舞台，引入音乐的内核之中。那些由“乐队”与一众定义时代的艺术家——包括鲍勃·迪伦、琼尼·米歇尔、范·莫里森、斯泰普尔合唱团、马迪·沃特斯及尼尔·杨——所演绎的音乐，至今依然回响，宛如对摇滚乐超越性可能的一种近乎信仰的宣示。
谜中谜,1963,1963-12-05,喜剧 悬疑 爱情,113,77,英语,彼得·斯通,斯坦利·多南,加里·格兰特 奥黛丽·赫本 沃尔特·马修 詹姆斯·柯本 乔治·肯尼迪 多米尼克·迈诺特 内德·格拉斯 雅克·马林 保罗·博尼法斯,真的有人表里如一吗？,在这部喜剧惊悚片中，三名歹徒为夺回她已故丈夫窃取的财富，于巴黎街头对一位美国少妇（奥黛丽·赫本 饰，身穿纪梵希华服）紧追不舍。她唯一能信任的，只有加里·格兰特饰演的那位风度翩翩、身份成谜的陌生人。导演斯坦利·多南为本片染上了一层酣畅淋漓的暗黑气质，使其成为六十年代风格与黑色幽默的闪耀标志。[标准收藏]
钢铁侠,2008,2008-04-30,动作 科幻 冒险,126,77,英语,乔恩·费儒,阿特·马库姆,小罗伯特·唐尼 泰伦斯·霍华德 杰夫·布里吉斯 格温妮斯·帕特洛 莱丝莉·比伯 肖恩·托布 法兰·塔希尔 克拉克·格雷格 比尔·斯米托洛维奇,精钢战甲 打造正义不死身 万吨火力 粉碎全球危机,斯塔克军火公司是美军在全球范围内第一大军火供应商，其新任掌门人托尼·斯塔克风流倜傥，天资聪颖。他与公司元老俄巴迪亚·斯坦合作无间，共同将斯塔克公司的业务推向顶峰。现实生活中的托尼热衷收集名贵跑车，搞点儿发明创造，当然露水姻缘更不可少。所幸他身边有维吉尼亚·波茨这样的好助手细心打理一切，才让他能自由自在过着贵公子的生活。在前往中东为军方展示新型武器的途中，托尼一众遭到恐怖分子袭击。他被弹片击中险些丧命，在英森博士的帮助下，托尼体内移植了一颗核动力的人工心脏。恐怖分子要求托尼制造强大的杀伤性武器，他和英森虚与委蛇，暗中制造了一套由聚变能源驱动的钢铁盔甲。穿上盔甲托尼大闹恐怖分子的基地，回到美国后又对其进行了改进。却不知，接下来有更为黑暗的阴谋等着他……
风的传人,1960,1960-10-12,剧情,128,77,英语,Stanley Kramer,Harold Jacob Smith,斯宾塞·屈塞 Fredric March 吉恩·凯利 迪克·約克 Donna Anderson 哈利·摩爾根 克劳德·艾金斯 Elliott Reid Paul Hartman,It’s all about the fabulous “Monkey Trial” that rocked America!,根据1925年真实案件“猴子审判”（也称“斯科普斯案”）改编。一名美国高中生物老师因在课堂教授进化论，被州政府起诉。案件轰动整个美国，教会势力前来小镇声援，教授、科学家等另一阵线也来支持，加上媒体的持续报道，令小镇顿时热闹起来。 　　政治家马修·哈里森·布拉迪（弗雷德里克·马奇饰演）代表控方出庭，辩方律师则由著名律师亨利·德鲁蒙德（斯宾塞·屈塞饰演）代表。审讯期间，两人针锋相对，渐渐成为一场关于进化论与创世纪、科学与宗教的世纪大辩论。
五至七时的克莱奥,1962,1962-04-11,剧情,90,77,法语,阿涅斯·瓦尔达,,Corinne Marchand Antoine Bourseiller 多米妮克·达夫雷 Dorothée Blanck Michel Legrand 约瑟·路易斯·德·维拉龙卡 Loye Payen Renée Duchateau Lucienne Marchand,全世界……都约好了与……,巴黎，下午五至七时。美丽的女歌手克莱奥正游荡在巴黎街头。她一袭黑衣，摘掉假发，面无声色地穿越着内心中的恐惧与焦灼。一切都由一份体检报告引发，她担心自己会如占卜的人所言，患上胃癌。忐忑不安的克莱奥游走在巴黎街头、咖啡厅、或是家里，遇到了各类形形色色的男人，她的情人或是朋友，对他们诉说她生命中的每一个段落，但似乎没人真正理解她。直到最后，她遇见了即将远赴阿尔及利亚战场的年轻士兵。在与他的交谈下，克莱奥开始重新看到了世界，坦然地面对现实。
瑞奇·热维斯：人性,2018,2018-03-13,喜剧,79,77,英语,John L. Spencer,瑞奇·热维斯,瑞奇·热维斯,,"In his first special in seven years, Ricky Gervais slings his trademark snark at celebrity, mortality and a society that takes everything personally."
My Mom Is a Character 2,2016,2016-12-22,喜剧,96,77,葡萄牙语,César Rodrigues,Paulo Gustavo,Paulo Gustavo Rodrigo Pandolfo Mariana Xavier Patrícya Travassos Alexandra Richter Herson Capri Samantha Schmütz Suely Franco Bruno Bebianno,,"Dona Hermínia is back, but now rich and famous since she is the host of her own successful TV show. However, the overprotective character will have to deal with her children's departures, as Marcelina and Juliano decide to move out. In counterpart, she will welcome, as a visitor, her sister Lúcia Helena, who's been living in New York."
一级恐惧,1996,1996-04-03,犯罪 剧情 悬疑 惊悚,130,77,英语,格里高利·霍布里特,William Diehl,理查·基尔 劳拉·琳妮 爱德华·诺顿 约翰·马奥尼 阿尔弗雷·伍达德 弗兰西斯·麦克多蒙德 特里·奥奎因 安德鲁·布劳尔 史蒂文·鲍尔,"Sooner or later, a man who wears two faces forgets which one is real.",芝加哥发生了一桩震惊全城的恐怖血案。当地一间教堂的主教罗森惨遭杀害，身上被刻上神秘数字，警方逮捕了当时在场身染血迹的犯罪嫌疑人阿伦（ Edward Norton 饰）。马丁（理查•基尔 Richard Gere 饰）作为阿伦的辩护律师，和他的前女友检控官珍妮特较上了劲。　　马丁并不在乎事实，他为阿伦辩护的唯一目的就是要赢得官司，让自己一战成名。而珍妮特作为正义的代表当然寸步不让。珍妮特（劳拉•琳妮 Laura Linney 饰）调查得知罗森主教生前曾对阿伦等人进行性侵犯，而阿伦关于自己患有“时间失忆”症的辩解亦显得荒唐，关于他提到的凶案证人一直都未找到。珍妮特认为杀人动机等一切证据俱全。　　马丁借口阿伦患精神病使其成功脱罪，然而，一切皆出人意料。
民主的边缘,2019,2019-06-19,纪录,121,77,葡萄牙语,Petra Costa,,迪尔玛·罗塞夫 路易斯·伊纳西奥·卢拉·达席尔瓦 米歇尔·特梅尔 Eduardo Cunha Jair Bolsonaro Sérgio Moro Paulo Maluf Jean Wyllys Aécio Neves,民主的边缘,这是一个在民主陷入危机的时代发出的警示故事——个人与政治相互交织，共同探索巴西历史上最戏剧性的时期之一。电影制作人佩特拉·科斯塔结合了以前所未有的方式接触到的包括前总统迪尔玛·罗塞夫和路易斯·伊纳西奥·卢拉·达席尔瓦在内的历任与现任领导人，并穿插她自己家族错综复杂的政治与工业历史，见证了他们及其家族政坛生涯的兴衰，以及这个国家遗留至今的惨痛分裂。[Netflix]
自由坠落,2013,2013-05-27,剧情 爱情,97,77,德语,Stephan Lacant,Karsten Dahlem,Hanno Koffler 马克斯·里梅尔特 凯瑟琳娜·舒特勒 Maren Kroymann Luis Lamprecht Attila Borlan Oliver Bröcker Horst Krebs Shenja Lacher,,马克（汉诺·科弗勒 Hanno Koffler 饰）即将成为防暴警察，他和女友正期待着孩子的出生，生活看似一帆风顺。在警校集训期间，马克认识了室友凯（马克思·雷迈特 Max Riemelt 饰）。两人一起跑步、游泳、抽大麻，马克感到前所未有的自在。情愫渐生的他终于意识到了内心潜伏着同性爱慕的欲望。而当凯申请调去马克的警队后，他们发现这段感情原来是双向的。前所未有的刺激将马克的安逸生活打乱，在家人和女友眼中他变成了另一个人。马克的世界正在出现真空，他开始体验生命中的自由落体......
诺斯费拉图,1922,2019-06-21,恐怖 奇幻,89,77,德语,F·W·茂瑙,布莱姆·斯托克,Max Schreck Gustav von Wangenheim Greta Schröder Georg H. Schnell Ruth Landshoff Gustav Botz Alexander Granach John Gottowt Max Nemetz,一部恐怖的交响曲。,布特是一家不来梅地产公司的职员，受公司委派去一座古堡与诺斯费拉图伯爵做房屋买卖交易，但是在古堡附近的旅店投宿时，人们得知他目的地的反应都很奇怪。到了古堡，见到面目枯槁、行为古怪的诺斯费拉图伯爵，也得知他昼伏夜出的生活习惯，布特对他的身份心生窦疑，终于探知他就是传说中的吸血鬼。布特逃出古堡，伯爵也一路奔向他买好的、位于不来梅的房子。布特回家后，得知吸血鬼伯爵已经到来，而且正是他令小城瘟疫肆虐，他和妻子艾伦一起，开始设法消灭吸血鬼伯爵。
Frankenstein,2025,2025-10-17,剧情 奇幻 恐怖,152,77,英语,吉尔莫·德尔·托罗,玛丽·雪莱,奥斯卡·伊萨克 雅各布·艾洛蒂 克里斯托弗·瓦尔兹 米娅·高斯 费利克斯·卡默雷尔 查尔斯·丹斯 大卫·布拉德利 拉尔斯·米克尔森 克里斯蒂安·康佛瑞,唯有怪物才敢扮演上帝。,"Dr. Victor Frankenstein, a brilliant but egotistical scientist, brings a creature to life in a monstrous experiment that ultimately leads to the undoing of both the creator and his tragic creation."
美国队长2,2014,2014-04-04,动作 冒险 科幻,136,77,英语,乔·罗素,安东尼·罗素,克里斯·埃文斯 塞缪尔·杰克逊 斯嘉丽·约翰逊 罗伯特·雷德福 塞巴斯蒂安·斯坦 安东尼·麦凯 寇碧·史莫德斯 弗兰克·格里罗 马克斯米利亚诺·赫尔南德斯,复仇者联盟 强势回归前哨战,渐渐习惯了现代生活的美国队长史蒂夫·罗杰斯（克里斯·埃文斯 Chris Evans 饰），在一次行动后隐隐嗅到神盾局内部所弥漫出来的凶险气味。而当得知神盾局正秘密进行的“洞察计划”后，他更为此感到愤怒。某天，神盾局指挥官尼克·弗瑞（塞缪尔·杰克逊 Samuel L. Jackson 饰）遭到一群武装分子袭击，他拼尽全力将一支U盘交到美国队长手中，这里面藏着该局二战以来最重要且最可怕的秘密。在此之后，美国队长因涉嫌杀害尼克而遭到前局长亚历山大·皮尔斯（罗伯特·雷德福 Robert Redford 饰）的通缉和追杀，逃亡中他得到黑寡妇（斯嘉丽·约翰逊 Scarlett Johansson 饰）和退伍老兵“猎鹰”（安东尼·麦凯 Anthony Mackie 饰）的帮助。他们必须争分夺秒解开神盾局的秘密，阻止“洞察计划”的施行……
阿拉丁,1992,1992-11-25,动画 家庭 冒险 奇幻 爱情,90,77,英语,罗恩·克莱蒙兹,约翰·马斯克,斯科特·维内尔 罗宾·威廉姆斯 琳达·拉金 乔纳森·弗里曼 吉尔伯特·戈特弗雷德 Douglas Seale 弗兰克·维尔克 布拉德·凯恩 丽娅·萨隆加,"Imagine if you had three wishes, three hopes, three dreams and they all could come true.",本片叙述少年阿拉丁的冒险故事。市井小民阿拉丁和猴子好友阿布原本过着快乐自在的生活，一场意外让他获的一张飞天魔毯以及一盏神灯。逗趣的神灯精灵把阿拉丁变成风度翩翩的王子。阿拉丁要赢得茉莉公主的芳心，可是王宫里邪恶的巫师贾方却掳走了神灯和公主。在猴子阿布及飞天魔毯的帮忙下，阿拉丁能够克服自己不是真正王子的心理障碍，勇敢面对挑战，把心爱的公主从贾方的魔掌中救出吗？而且，阿拉丁的第三个愿望也面临抉择：他是要继续假扮王子身份以追求公主，还是要信守诺言放精灵自由呢？本片中由罗宾·威廉姆斯配音的精灵是最抢眼的人物，在片中模仿许多美国的明星、政要，实在令人捧腹。片中利用电脑科技作出神奇洞穴一景，给人视觉上的震撼，是迪士尼电脑动画部门继《美女与野兽》的舞池后又一杰作。本片推出虽然大受欢迎，但却遭到回教组织的强烈抗议，因为在“天方夜谭”的歌词中把他们说成一群“不喜欢你就砍你耳朵”的民族，后来迪士尼在发行录影带时，硬是把这段歌词给换掉，把原声带和录影带这首歌的部分听来比较看看即可发现。
漩涡之外,1947,1947-11-25,犯罪 惊悚,97,77,英语,丹尼尔·梅因沃林,雅克·特纳,罗伯特·米彻姆 Jane Greer 柯克·道格拉斯 Paul Valentine Virginia Huston 朗达·弗莱明 Richard Webb Steve Brodie Dickie Moore,远离阳光，远离月光，远离往昔。,一名私家侦探为逃离过去，隐姓埋名在小镇经营加油站，但往日恩怨终找上门来。如今他不得不重返危机四伏的大都市，再度面对腐败、背叛与诡计多端的致命女人。
快乐，告诉我,2000,2000-12-15,喜剧,100,77,意大利语,Aldo Baglio,Giacomo Poretti,Aldo Baglio Giovanni Storti Giacomo Poretti 玛丽娜·马西罗尼 Silvana Fallisi Antonio Catania 朱塞佩·巴蒂斯顿 保拉·科泰莱西 奥古斯托·祖基,,Aldo (阿尔多饰)，Giovanni(吉欧瓦尼饰)和Giacomo(吉阿克默饰) 是三个积极上进的剧场演员，他们心中正设想着一个美丽的蓝图：要在将来哪一天上演属于他们自己的特别版本的《大鼻子情圣》（Cyrano de Bergerac）。为了这一天早日来到，他们开始在各种各样的演出场所争取表演的机会：Aldo在盛大的歌剧上客串演出，Giovanni在电视电影上扮演一些跑龙套的角色，还有Giovanni站在百货大楼前当人体模特……
歼匪喋血战,1949,1949-09-02,犯罪 剧情 惊悚,114,77,英语,拉乌尔·沃尔什,伊万·戈夫,James Cagney Virginia Mayo Edmond O'Brien Margaret Wycherly Q2094606 John Archer Wally Cassell 弗雷德·克拉克 Paul Guilfoyle,"Pick up the pieces folks, Jimmy's in action again!",一名身患恋母情结的精神变态罪犯成功大胆越狱，随即带领旧日团伙，策划实施一起针对化工厂工资款的抢劫行动。
可怜的东西,2023,2023-12-08,科幻 爱情 喜剧,141,77,英语,欧格斯·兰斯莫斯,阿拉斯代尔·格雷,艾玛·斯通 马克·鲁法洛 威廉·达福 拉米·优素福 克里斯托弗·阿波特 苏西·本巴 杰罗德·卡迈克尔 凯瑟琳·亨特 薇姬·佩珀代因,你从未见过这样的她,由导演欧格斯·兰斯莫斯与制片人艾玛·斯通携手呈现，讲述贝拉·巴克斯特——一位由才华横溢且不拘传统的科学家戈德温·巴克斯特博士塑造而成的年轻女子——那不可思议的际遇与奇幻蜕变。在巴克斯特的庇护下，贝拉渴望汲取知识。为了填补她所欠缺的世俗认知，贝拉与油滑堕落的律师邓肯·韦德伯恩私奔，展开一场横跨各大洲的旋风冒险。挣脱时代偏见的束缚，贝拉历经性的试炼，亦萌生出对平等的追求。[探照灯影业]
小海鸥与猫,1998,1998-12-23,家庭 动画,76,77,意大利语,Enzo D'Alò,Luis Sepúlveda,Carlo Verdone Luis Sepúlveda Antonio Albanese Melba Ruffo Sofia Baratta Veronica Puccio Domitilla D'Amico Margherita Birri Gabriele Patriarca,Together they learn the true meaning of friendship.,"A seagull is caught by the black tide of a sinking petrol ship. She manages to fly inland and falls down in a garden by a cat. Moribund, she asks the cat to fulfill three promises: that when she lays her egg he must not eat it; that he must take care of it until it hatches; that he would teach the newborn how to fly."
维莉蒂安娜,1962,1963-10-10,剧情,90,77,西班牙语,路易斯·布努埃尔,贝尼托·佩雷斯·加尔多斯,Silvia Pinal 弗朗西斯科·拉巴尔 费尔南多·雷伊 何塞·卡尔沃 玛格丽塔·洛萨诺 Victoria Zinny Teresa Rabal Luis Heredia Joaquín Roa,我们没什么可隐瞒的……,长年在修女会中修行的维莉蒂安娜（Silvia Pinal 饰）即将立誓归宗，嬷嬷建议她在仪式前探望资助人叔叔海麦，维莉蒂安娜前往叔叔在乡间的大宅，岂料海麦因她酷似自己妻子而动情，维莉蒂安娜短暂停留后即将返回修女会，在动身的前夜，海麦央求她穿上了妻子的婚纱并向维莉蒂安娜求婚，被拒后指使女仆用药麻醉了她。第二天海麦自杀身亡，维莉蒂安娜返回大宅决定留下，海麦的私生子何塞（Francisco Rabal 饰）携女友也来到大宅，马上雇人重整荒芜田地，同时维莉蒂安娜邀请一些流浪汉与病乞共享大宅，维莉蒂安娜照顾他们的生活，带领他们虔诚祷告，试图为他们提供神的帮助。何塞的女友大感失落宣布分手，趁维莉蒂安娜与何塞进城的功夫，病乞和流浪汉们登堂入室，将大宅搞得一团混乱。
伊卡洛斯,2017,2017-07-26,纪录,121,77,英语,Bryan Fogel,Jon Bertain,Bryan Fogel Dave Zabriskie Don Catlin Grigory Rodchenkov Scott Brandt Ben Stone Richard Pound Richard McLaren Nikita Kamaev,Truth is the new banned substance.,一名美国单车运动员和一位俄罗斯专家在国际体坛引爆严重丑闻后，一场对用药行为的调查引发了全球追逐战。
剑风传奇 黄金时代篇3：降临,2013,2013-02-01,动画 动作 冒险 剧情 奇幻,110,77,日语,洼冈俊之,大河内一楼,岩永洋昭 行成飞亚 樱井孝宏 藤原贵弘 寿美菜子 小山力也 松本吉朗 三宅健太 矢尾一树,I sacrifice.,传奇佣兵部队“鹰之团”，在团长格里菲斯（樱井孝宏 配音）的率领下结束了百年战争，一跃成为米特兰王国的正规军。但是荣誉的顶点也正是衰落的开始，格里菲斯被国王投入“再生之塔”最底层的死牢，遭受常人难以想象的折磨，鹰之团也沦为叛军潜入丛林荒野，时刻遭到追兵的屠戮。黑暗而漫长的一年后，战神格斯（岩永洋昭 配音）重新归队，与代理团长卡思嘉（行成桃姬 配音）建立深深的信任，并在夏洛特公主（丰崎爱生 配音）的帮助下冒险救出格里菲斯。格斯让走投无路的鹰之团看到新的希望，而丧失了一切的格里菲斯则跌入绝望的谷底。当216年一次的日食出现，格里菲斯与霸王之卵再次邂逅，恶魔的血腥盛筵拉开序幕。本片根据漫画家三浦健太郎的同名原作改编，为“剑风传奇剧场版三部曲”的最后一部。
人猿星球,1968,1968-02-07,科幻 冒险 剧情 动作,112,77,英语,Franklin J. Schaffner,皮埃尔·布尔,查尔顿·赫斯顿 罗迪·麦克道尔 金·亨特 Maurice Evans 小詹姆斯·艾伦·惠特莫尔 James Daly 琳达·哈里逊 Robert Gunner Lou Wagner,在宇宙中的某处，一定有比人类更好的某样东西,一艘出发自二十世纪的宇宙飞船经过6个月的近光速飞行，相当于经历了七百年时间，船长泰勒（查尔登·海斯顿饰）设定自动飞行状态后，飞船最终坠落在公元3978年的一颗陌生星球上。泰勒和两名幸存队员发现该星球与地球环境相当，而且竟然存在没有语言能力靠采集为生的人类，不待泰勒进行进一步的考察，一群具有智能的人猿突然出现将一众人类捕获。原来这颗星球的主人是人猿，人类只不过是供他们捕猎研究的野兽，人猿博士基拉（金·亨特饰）和男友康奈利分别进行着人类行为学和人猿历史的研究，喉部受伤的泰勒暂时失去语言能力，但他的沟通行为很快引起了基拉的注意，在顽固的人猿学术界引发了争议。一直设法争取自由的泰勒不久终于发现了人猿星球的真相……
留校联盟,2023,2024-09-27,剧情 喜剧,133,76,英语,亚历山大·佩恩,David Hemingson,保罗·吉亚玛提 多米尼克·塞萨 达文·乔伊·伦道夫 凯莉·普雷斯顿 布雷迪·赫普纳 伊恩·多利 吉姆·卡普兰 迈克·普罗沃斯 安德鲁·加曼,Discomfort and joy.,新英格兰一所预科学校里，一位古板苛刻的老师被迫在圣诞假期留守校园，照看几个无处可去的学生。最终，他与其中一人——一个内心受创却聪明的捣蛋鬼，以及刚在越战中失去儿子的学校主厨——建立了意外的联系。
冰原鸡动队,2022,2022-12-14,动画 冒险 喜剧 家庭,91,76,西班牙语,Rodolfo Riva Palacio Alatriste,Gabriel Riva Palacio Alatriste,Bruno Bichir Carlos Espejel Angélica Vale 玛伊特·佩罗尼 Gabriel Riva Palacio Alatriste Rodolfo Riva Palacio Alatriste Dione Riva Palacio Santacruz Oliver Díaz Barba Lulú Morán,,"In the final Huevos adventure, Toto and his family will have to travel to the South Pole to fulfill their promise to return a polar bear and some Spanish penguins to their home. In order to do so, they will have to overcome some obstacles that will teach them how important teamwork is."
巴克劳,2019,2019-08-29,悬疑 西部 惊悚,131,76,葡萄牙语,克莱伯·门多萨·费略,Juliano Dornelles,Bárbara Colen Thomás Aquino Silvero Pereira 索尼娅·布拉加 乌多·基尔 Thardelly Lima Rubens Santos 威尔逊·拉贝洛 Carlos Francisco,"If you come, come in peace",数年后的某日……巴西腹地的小村庄巴克劳正为94岁离世的老族长卡梅里塔哀悼。几天后，村民们发现他们的村庄从大部分地图上消失，一架不明飞行物形状的无人机开始在上空盘旋。有一股势力试图将他们驱逐家园。
叛徒,2019,2020-08-23,剧情 犯罪 惊悚,151,76,意大利语,马可·贝罗奇奥,Valia Santella,皮尔弗朗西斯科·法维诺 Maria Fernanda Cândido Fabrizio Ferracane 福斯托·鲁索·阿莱西 路易吉·洛·卡肖 Bruno Cariello Giovanni Calcagno Rosario Palazzolo Nicola Calì,The true story about the man who brought down the Mafia,本片根据意大利真实事件改编而成。上世纪80年代初期，黑帮首脑多玛索·布西达从意大利移居巴西，然而远在意大利的自己的哥哥与孩子却相继被黑帮团伙杀害。为了惩治凶手，他开始与意大利警方合作，在两方的不断努力下，多玛索·布西达不仅抓住了杀害自己亲人的幕后黑手，并将意大利盘根错节的黑帮团伙连根拔起…
追捕野蛮人,2016,2016-06-24,冒险 喜剧 剧情,101,76,英语,塔伊加·维迪提,Barry Crump,山姆·尼尔 朱利安·丹尼森 瑞玛·特·维塔 瑞秋·豪斯 蒂欧蕾欧尔·娜塔-墨尔本 奥斯卡·奈特力 Stan Walker 迈克·米洛 科恩·霍洛威,Nature just got gangster.,听着嘻哈音乐在寄养家庭中长大的叛逆城市小子瑞奇，在新西兰乡间开启了新生活。他很快与新的寄养家庭——慈爱的贝拉阿姨、脾气暴躁的赫克叔叔以及狗狗图派克——打成一片。当一场变故威胁着要将瑞奇再次送往别的家庭时，他和赫克一起躲进了丛林。随着全国范围的追捕展开，这对新晋“亡命之徒”必须直面他们的选择：要么轰轰烈烈地干一场，要么放下分歧，像家人一样活下去。[The Orchard]
浪荡儿,1953,1953-09-17,喜剧 剧情,103,76,意大利语,费德里科·费里尼,恩尼奥·弗拉亚诺,Franco Interlenghi 阿尔贝托·索尔迪 Franco Fabrizi 里奧普爾多·特里斯特 Riccardo Fellini Leonora Ruffo Jean Brochard Claude Farell Carlo Romano,我们是空心人，在这最后的相聚之地，我们摸索着彼此却避而不语。聚集在这条灼热之河的滩涂上。,年近30岁的5位年轻人，他们终日游手好闲，热衷于恶作剧并沉溺于梦幻般不切实际的计划里。其中最年长的浮士德让最年少的摩拉德的妹妹桑德拉怀了孕，基于责任心及周围人的力劝而结了婚。浮士德在一家古董店工作，但因为恶习不改企图勾引店主的老婆而被解雇。一天，桑德拉得知浮士德带着一名舞娘到一家廉价的旅馆过夜，于是第二天她带着孩子离家出走；狼狈的浮士德第一次感到桑德拉的重要性。于是和她的兄弟四人拼命寻找桑德拉的下落，终于找到桑德拉的浮士德一边遭到父亲的痛斥；一边恳求桑德拉的原谅。见到二人重修旧好的摩拉德在次日清晨不辞而别，踏上了自己的旅程。
杀手,1956,1956-06-06,犯罪 惊悚,85,76,英语,斯坦利·库布里克,莱昂内尔·怀特,斯特林·海登 科琳·格雷 Vince Edwards Jay C. Flippen 泰德·德·科西亚 Marie Windsor Elisha Cook Jr. Joe Sawyer James Edwards,在其全部的愤怒与暴烈之中……,斯坦利·库布里克对一场野心勃勃的赛马场劫案的刻画，是好莱坞最精悍冷峻、曲折复杂的黑色电影之一。影片通过打破常规的时间叙事、低俗小说家吉姆·汤普森锋利如刃的对白，以及斯特林·海登、科琳·格雷、蒂莫西·凯里、小伊莱莎·库克、玛丽·温莎等一众杰出性格演员的演绎，本片既是一部恣意张扬的惊悚片，也是一记直击脏腑的冷酷重拳。其精准的跟踪镜头与令人酣畅的讽刺感，无不透出纯粹的库布里克气质。[标准收藏]
浪客剑心最终章：追忆篇,2021,2021-06-04,动作 冒险 剧情 爱情,137,76,日语,大友启史,,佐藤健 有村架纯 高桥一生 村上虹郎 安藤政信 北村一辉 江口洋介 荒木飞羽 大西信满,人间不见白梅香 生者独守十字伤,在成为守护者之前，剑心曾是名为拔刀斋的可怕杀手。但在遇到温柔的雪代巴之后，他的故事开始发生变化。
狙击手·白乌鸦,2022,2022-08-24,战争 动作 剧情,120,76,乌克兰语,Marian Bushan,Mykola Voronin,Pavlo Aldoshyn 玛丽娜·科什金娜 Andrii Mostrenko Roman Semysal Roman Yasinovskyi Oleh Shulha Yehor Kozlov Yevhen Chernykov Vadym Kurylko,"On the battlefield, one bullet can change everything.",Mykola 是一个古怪的和平主义者，他希望对人类有用。 当战争在顿巴斯打响时，武装分子杀死了他怀孕的妻子并将他的家烧成平地，米科拉的天真世界正在崩溃。 康复后，他做出了重大决定，并被招募到了一家狙击连。 遇到杀害妻子的凶手后，他情绪崩溃，为敌人布置“狙击恐怖”。 他被自己受了致命伤的导师从一场毫无意义的死亡中救了出来。 朋友的去世留下了“伤疤”，Mykola 准备牺牲自己的生命。
系统破坏者,2019,2019-09-19,剧情,118,76,德语,Nora Fingscheidt,,海伦娜·曾格尔 阿尔布雷希特·舒赫 Gabriela Maria Schmeide Lisa Hagmeister Maryam Zaree Melanie Straub 马蒂亚斯·布伦纳 Tedros Teclebrhan Gisa Flake,系统破坏者,本尼是一个娇弱的女孩，有着不受约束的精力。她是个“系统破坏者”。这个术语用来描述那些违反每一条规则的儿童；那些拒绝接受任何形式的结构的儿童，以及那些逐渐从德国儿童和福利服务的裂缝中跌落的儿童。不管这个9岁的孩子被带到哪里，她都会在短时间内再次被解雇。这正是她所追求的，因为她所想要的就是能够再次和她母亲生活在一起，一个完全无法应付女儿不可估量的行为的女人。
为人师表,1988,1988-03-11,剧情,103,76,英语,拉蒙·梅嫩德斯,汤姆·穆斯卡,爱德华·詹姆斯·奥莫斯 卢·戴蒙德·菲利普斯 罗珊娜·德索托 安迪·加西亚 埃斯特尔·哈里斯 马克·费兰 弗吉尼亚 帕里斯 艾略特 阿德莱达·阿尔瓦雷斯,为人师表,故事背景是以南美移民子女为主的洛杉矶加菲莆高中。原来任职电脑公司的伊斯克兰特为施展抱负到该校任教，因该校经费拮据没有电脑，只好改教数学。他用强悍的教学方式台阶驯服了以菲利浦为首的顽劣学生，并帮他们以高分通过了越级考试，不料竟被人怀疑为集体作弊。学生们为了澄清误会决定重考，师生之间合作无间，终创下合格人数之最高纪录，也为该校争取到购卖电脑的经费
双姝怨,1961,1961-12-19,剧情,108,76,英语,威廉·惠勒,约翰·迈克尔·海耶斯,雪莉·麦克雷恩 奥黛丽·赫本 詹姆斯·加纳 Miriam Hopkins Fay Bainter Karen Balkin 维罗尼卡·卡维特 Sally Brophy Mimi Gibson,Can an ugly rumor destroy what's beautiful?,凯伦和玛莎共同管理着一间私立学校，尽管身为女流之辈，但她们特立独行英明果断的作风还是赢得了许多学生和老师的喜爱，两人之间的友谊也十分坚固。玛丽从小就过着娇生惯养的生活，成长于溺爱之中的她逐渐养成了乖僻的扭曲个性。在一次犯错之后，玛丽遭到了凯伦与玛莎的惩罚，可这种惩罚在玛丽看来简直是奇耻大辱，仇恨的种子在她幼小的心灵里生根发芽。玛丽告诉祖母，她无意之中看到了凯伦和玛莎接吻的场面，愤怒的祖母将这子虚乌有的诽谤公之于众。面对来势汹汹的欲加之罪，凯伦和玛莎先是奋起反抗，但很快她们便发现，她们手中唯一的筹码——真诚与坦荡竟然是这样的无足轻重。
不可能的事,2019,2019-04-18,剧情,116,76,英语,罗克珊·道森,格兰特·尼波特,Chrissy Metz 乔什·卢卡斯 托弗·戈瑞斯 麦克·柯尔特 Marcel Ruiz 山姆·特拉梅尔 丹尼斯·海斯伯特 Maddy Martin Isaac Kragten,Based On The Impossible True Story,克丽丝·梅斯(《我们这一天》《美国恐怖故事》)将主演新片《不可能的事》(The Impossible)，Fox 2000制作。基于Joyce Smith所著自传《The Impossible: The Miraculous Story of a Mother’s Faith and Her Child’s Resurrection》，讲述一个不同寻常的真实故事：Joyce14岁的儿子John在某个冬天掉进了密苏里州的一条冰河里，被宣告死亡，通过Joyce的祈祷和信仰，1个小时后，John的心脏再次跳动了起来，16天以后，John不靠外力走出了医院，完全康复了。
二分之一的魔法,2020,2020-08-19,动画 家庭 奇幻 冒险 喜剧,102,76,英语,丹·斯坎伦,基思·布宁,汤姆·赫兰德 克里斯·帕拉特 朱莉娅·路易斯·德雷福斯 奥克塔维亚·斯宾瑟 梅尔·罗德里格斯 凯尔·博恩海默 丽娜·维特 黄阿丽 格蕾·德里斯勒,他们的征程就此启程。,影片设定在一个由精灵、巨魔和灵魂等组成的郊外幻想世界，在那里独角兽在垃圾桶中穿行，像是有着糖果条纹的负鼠。影片提供了一个前提，即魔法是真实的，但它早已被现代技术所遗忘和取代。一对十几岁的兄弟，在他们尚不更事时父亲便已离世，他们决定进入这个幻想世界，与父亲共度最后一个神奇的日子。霍兰德配音弟弟伊安、帕拉特配音聒噪的哥哥、德瑞弗斯配音兄弟二人的母亲、斯宾瑟则会利用其声线的优势。
同流者,1971,1971-01-29,剧情,108,76,意大利语,贝纳尔多·贝托鲁奇,阿尔贝托·莫拉维亚,让-路易斯·特林提格南特 斯特法尼娅·桑德雷莉 加斯通·莫辛 多米尼克·桑达 Enzo Tarascio Fosco Giachetti José Quaglio Yvonne Sanson Milly,一部令人目眩神迷的电影。,故事背景设定在1930年代的罗马。一名墨索里尼政权特工，奉命前往巴黎追捕并清除一位在法西斯掌权后逃离意大利的老教授。
我的朋友们2,1982,1982-12-22,喜剧,130,76,意大利语,马里奥·莫尼切利,莱昂纳多·本韦努蒂,Ugo Tognazzi 阿道夫·切利 加斯通·莫辛 Renzo Montagnani 菲利浦·诺瓦雷 米莱娜·武科蒂奇 Fiorella Bucci Franca Tamantini Paolo Stoppa,,四位老朋友在他们中的第五位佩罗齐的坟墓上相遇，佩罗齐在第一集结束时去世。时间已经过去了，但他们仍然在冒险和开残酷的玩笑，当他们回忆起他们和已故朋友一起创造的那个时，新的故事正在路上，从墓地开始。
艺伎回忆录,2005,2005-12-06,剧情 爱情 历史,146,76,英语,罗伯·马歇尔,亚瑟·戈尔登,章子怡 巩俐 杨紫琼 渡边谦 大后寿寿花 桃井薰 役所广司 工藤夕贵 伊川东吾,A story like mine has never been told.,有着一双蓝灰色眼睛的小百合（章子怡 饰）出生于贫穷小渔村，被卖到京都一家知名的艺妓馆。小百合在那里学习了舞蹈、茶艺等，渐渐成为当地头牌艺妓，同时也不断受到京都第一红妓初桃（巩俐 饰）的压迫与挑战。一个偶然的机会，全日本最美丽、知名的艺妓真美羽（杨紫琼 饰）要认小百合为“妹妹”，此举从此改变了小百合的一生……
仁心与冠冕,1949,1949-06-21,喜剧 犯罪,106,76,英语,Robert Hamer,Roy Horniman,Dennis Price 亚历克·吉尼斯 Joan Greenwood Valerie Hobson Audrey Fildes 迈尔斯·马勒森 Clive Morton John Penrose Cecil Ramage,He chopped down the family tree...,路易斯的母亲出身高贵的阿斯特内家族，但因和一个意大利歌唱家私奔，至死都受到家族排斥。已经长大成人的路易斯深深牢记贵族亲戚们拒绝母亲葬在家庭墓地的嘴脸，又经历心爱的少女茜贝拉因他贫穷拒绝他的求婚，于是着手展开他的复仇计划。他把有爵位继承权的男性亲属一个个用计谋杀掉，旨在自己可以得到公爵爵位，在杀人变得越来越得心应手后，连老弱妇孺都不肯放过，反正他总能制造各种巧合，从来没有人怀疑到他身上。但在复仇计划执行的同时，他也陷入感情困扰——嫁人后的茜贝拉和他藕断丝连，又有个家族内美丽的遗孀艾迪丝爱上了他，愿意和他订婚，在路易斯得意洋洋继承爵位和举办婚礼之际，他的罪行似乎也要败露。
光辉岁月,2000,2000-09-29,剧情,113,76,英语,鲍兹·亚金,Gregory Allen Howard,丹泽尔·华盛顿 威廉·巴顿 伍德·哈里斯 瑞恩·赫斯特 唐纳德·费森 克雷格·柯克伍德 伊桑·苏普利 基普·帕杜 海顿·潘妮蒂尔,History is written by the winners.,《光辉岁月》是由华特·迪士尼影片公司2001年03月30日在西班牙发行的一部故事片。该片由Boaz Yakin执导，丹泽尔·华盛顿等人主演。  该片讲述的是由于学校合并，在种族歧视气氛很重的情况下，黑人教练出任橄榄球总教练，在面对内忧外患的情况下，依然带领着球队取得胜利的故事。
穿着鞋子的贝壳马塞尔,2022,2023-04-20,动画 喜剧 剧情 家庭,89,76,英语,迪恩·弗莱舍·坎普,珍妮·斯蕾特,珍妮·斯蕾特 迪恩·弗莱舍·坎普 伊莎贝拉·罗塞里尼 乔·加布勒 Shari Finkelstein Sam Painter Blake Hottle Scott Osterman Jeremy Evans,Everybody loves Marcel.,改编自Dean Fleischer-Camp和珍妮·斯蕾特的网络短片系列，Dean亲自执导并出演一个也叫Dean的人类纪录片导演，他搬进一所Airbnb的租房，发现里面已经有了住客——一个贝壳动物Marcel，它的外婆Connie，还有它的宠物：一坨叫Alan的绒毛。Marcel由珍妮·斯蕾特配音，Connie由伊莎贝拉·罗西里尼配音。
脸庞，村庄,2017,2017-06-28,纪录,94,76,法语,阿涅斯·瓦尔达,JR,阿涅斯·瓦尔达 JR Patricia Mercier Amaury Bossy Claude Flaert Clemens Van Dungern Didier Campy Comte Jacky Patin 让-吕克·戈达尔,,作为阿涅斯·瓦尔达提名奥斯卡的晚年力作，这部充满手工温度的人文主义杰作，记录下八旬导演与三十余岁的街头摄影师JR的跨界合作。二人驾驶可即时输出巨幅肖像的摄影车，穿梭于法国乡间，将沿途相遇的农民、退役矿工、码头工人等普通人的肖像张贴于当地墙垣。这些故事拼贴出一幅传统在现代化浪潮中绵延的国度图景。这部布满岔路的公路电影、迷人的跨代际伙伴电影，以及献给各行匠人的颂歌，在瓦尔达追溯往昔与编织新忆的过程中，最终凝结成对艺术、人际关系与生命本身转瞬即逝的深刻沉思。[标准收藏]
一条狗的使命,2017,2017-03-03,冒险 喜剧 奇幻 家庭 剧情,101,76,英语,W·布鲁斯·卡梅隆,莱塞·霍尔斯道姆,乔什·盖德 K·J·阿帕 布丽特·罗伯森 丹尼斯·奎德 佩吉·利普顿 朱丽叶·里兰斯 卢克·柯比 约翰·奥提兹 柯比·豪威尔-巴蒂斯特,Every dog happens for a reason.,一只狗狗陪伴小主人长大成人，甚至为他追到了女朋友。后来它年迈死去又转世投胎变成其他性别和类型的汪：第二次轮回狗狗变成了警犬威风凛凛；再次转轮回，又成了陪伴一位单身女青年的小柯基犬。在经历了多次轮回之后，最终回到最初的主人身边。
明日边缘,2014,2014-06-05,动作 科幻,113,76,英语,道格·里曼,樱坂洋,汤姆·克鲁斯 艾米莉·布朗特 布莱丹·格里森 比尔·帕克斯顿 乔纳斯·阿姆斯特朗 Tony Way 奇克·盖瑞 弗朗茨·德拉梅 德拉古米尔·米希克,生 死 轮回,未来世界陷入外星人入侵的恐慌中，军事演说家凯奇少校畏惧上战场，他从没想过将军会让他去指挥即将开始的“诺曼底战役”，拒绝接受命令之后将军居然恶整了他，那就是把他当做逃兵扔进了军营中。凯奇被归入了J小队中进行战斗，战役的第一天就惨死在战场，没想到这一死让他拥有了时空循环的能力，而唯一相信他的人就是被称为“全金属战士”的丽塔·沃拉塔斯基。二人开始了时空循环作战，在训练凯奇的同时他们发现了控制时间的奥秘，这与外星人“主脑”欧米茄有关，但是唯一能取得胜利的方法就是让凯奇不断死去、不断重启时间。在不断重复登陆那天的战斗的同时，凯奇越来越不想失去丽塔……
朱门巧妇,1958,1958-08-29,剧情,108,76,英语,理查德·布鲁克斯,James Poe,保罗·纽曼 伊丽莎白·泰勒 伯尔·艾夫斯 朱迪思·安德森 杰克·卡森 玛德琳·舍伍德 沃恩·泰勒 拉里·盖茨 布莱恩·科克伦,Just one pillow on her bed... and just one desire in her heart.,布里克，一位酗酒的前足球运动员，终日借酒浇愁，冷漠抗拒妻子玛吉的深情。他与身患癌症、濒临死亡的父亲“大老爹”重逢，激起父子二人对往昔记忆与真相的汹涌回溯。
基督圣体,2019,2019-10-11,剧情,116,76,波兰语,扬·科马萨,Mateusz Pacewicz,Bartosz Bielenia Aleksandra Konieczna Eliza Rycembel Tomasz Ziętek Barbara Jonak Leszek Lichota Zdzisław Wardejn Łukasz Simlat Anna Biernacik,Sinner. Preacher. A Mystery.,本片由扬·科马萨执导，讲述20岁的丹尼尔在青年管教所生活时所经历的精神转变。他想要成为一名牧师，但由于他的犯罪记录，这让他的理想变得不可能。而当他被送到一个小镇的木匠工作室工作时，他乔装成一名牧师，并阴差阳错地接管了教区。年轻、有魅力的传教士来到这个刚刚发生过悲剧的社区，社区的重建给了丹尼尔无限机会。
奶牛阴谋：永远不能说的秘密,2014,2014-07-01,纪录,90,76,英语,Keegan Kuhn,Kip Andersen,Kip Andersen,,美国导演吉普·安德森希望通过这部纪录片探索畜牧业对生态环境的影响和与荒漠化、污染及其他环境问题的关联。
细细的蓝线,1988,1988-08-28,犯罪 纪录,103,76,英语,埃洛·莫里斯,,Randall Adams David Harris Gus Rose Jackie Johnson Marshall Touchton Dale Holt Sam Kittrell Hootie Nelson Dennis Johnson,Erases the border between art and activism.,本片采用了事件重现的方法再现了1976年美国得克萨斯州达拉斯市一起枪杀警察案。导演埃罗尔•莫里斯（Errol Morris）11年后采访了被判死刑、后转终身监禁的犯罪嫌疑人兰道•亚当姆斯（Randall Adams）、指证亚当姆斯的惯犯大卫•哈里斯（David Harris）、当年案件审判的三位证人米勒夫妇和麦克•兰道（Michael Randall），以及参与此案侦破与审判的警察、法官与律师们。通过不同人物对案件发生情形不同角度的描述，莫里斯成功证实了亚当姆斯的冤屈，并借片中一位公诉员之口点名警察是区分一个民主社会与极权的“细蓝线”。  　　此片的公映在美国引起极大反响。德克萨斯罪犯申诉庭推翻了对亚当姆斯的判决。由于达拉斯拒绝对此案进行重审，亚当姆斯终于1989年被无罪释放，后成为积极反对死刑的社会活动家。本片也成为美国纪录片史上极为重要的一部，赢得国际纪录片协会大奖、美国国家影评人协会奖，并入选美国国家电影保护局保护名单。 ©豆瓣
棋逢敌手,1997,1999-11-20,动画 喜剧 家庭,4,76,英语,Jan Pinkava,,鲍勃·彼得森,Sometimes you don't need more than one person to not feel alone.,这是一部只有4分钟的动画短片，影片在一片落叶中开始，一位老人在秋风中独自摆好棋盘，一人孤独下棋，周围没有一个人。老人自己一人反复扮演着桌旁的两位棋手，一位是老奸巨猾的高手，一位是沉默胆小的学者。整个影片没有一句对白，却在结尾出现了戏剧性的转折。影片虽然只有短短的4分钟，却留给人们无限的思考，人生如棋。Pixar花了将近十年的时间，总算将人类动作，表情，还有皮肤毛发等，做到栩栩如生的境界，本片中的基里先生后来出现在《玩具总动员2》中修理玩具。
赎罪,2007,2007-09-07,剧情 爱情,122,76,英语,乔·赖特,伊恩·麦克尤恩,詹姆斯·麦卡沃伊 凯拉·奈特莉 西尔莎·罗南 罗莫拉·加莱 凡妮莎·雷德格雷夫 布兰达·布莱斯 朱诺·坦普尔 本尼迪克特·康伯巴奇 哈丽特·沃尔特,Torn apart by betrayal. Separated by war. Bound by love.,影片时间跨度长达数十年。1935年，13岁的初露头角的作家布里奥妮·塔利斯与家人居住在一座巨大的庄园中，过着富裕优越的生活。在一年中最炎热的日子里，乡间庄园笼罩在一种令人不安的温室氛围中，催生了布里奥妮活跃的想象。管家的儿子、受过良好教育的罗比·特纳暗恋着布里奥妮倔强的姐姐塞西莉亚。他期望塞西莉亚怀有同样的感情，只需一点火花便能点燃这段关系。当火花终于迸发时，一直迷恋罗比的布里奥妮受冲动驱使横加干涉，甚至诬告罗比犯下他并未实施的罪行。塞西莉亚与罗比互诉爱意，但罗比却遭逮捕——由于布里奥妮作伪证，三个人的命运从此永远改变。布里奥妮终其一生都在为她儿时的过错寻求宽恕。通过一次痛苦而勇敢的想象，她找到了通往不确定的赎罪之路，也领悟到恒久之爱的力量。[焦点影业]
俄罗斯方块,2023,2023-03-31,惊悚 历史 剧情,118,76,英语,乔·拜尔德,诺亚·平克,塔伦·埃哲顿 尼基塔·叶夫列莫夫 索菲亚·列别杰娃 安东尼·博伊尔 本·迈尔斯 山村宪之介 伊戈尔·格拉布佐夫 奥列格·斯特凡 长渊文音,The game you couldn't put down. The story you couldn't make up.,艾格顿饰演荷兰游戏设计师Henk Rogers，他获得了在游戏机发行《俄罗斯方块》的权利，其很快在全球大受欢迎，而在1980年代，Rogers卷入了一场有关版权的纠纷。
毒药与老妇,1944,1944-09-01,喜剧 犯罪,118,76,英语,弗兰克·卡普拉,朱利叶斯·J·爱泼斯坦,加里·格兰特 普莉希拉·莱恩 Josephine Hull Jean Adair 雷蒙德·马西 John Alexander 彼得·洛尔 杰克·卡森 Edward Everett Horton,她在凯里家昏倒了！这并不奇怪……她刚刚发现，他最喜爱的几位阿姨竟然毒害了她们的第十三位男性朋友！,在纽约布鲁克林区的公寓里，住着两名表面看起来十分和善慈祥的老太太，不料她们竟用自己酿制的毒酒杀了来访的一些孤独老头。此秘密让她们的侄儿加里·格兰特偶然发现，该怎么善后？
疯狂的麦克斯4：狂暴之路,2015,2019-04-13,动作 冒险 科幻,120,76,英语,乔治·米勒,尼克·蓝瑟里斯,汤姆·哈迪 查理兹·塞隆 尼古拉斯·霍尔特 休·基斯-拜恩 乔什·赫尔曼 内森·琼斯 佐伊·克拉维茨 罗茜·汉丁顿-惠特莉 芮莉·克亚芙,疯狂才是生存之道,在我们星球最偏远的角落，一片荒芜的沙漠景观中，人性已然破碎，人人都在为生存必需品而战。两位反抗者或许能恢复秩序——一个是麦克斯，他行动果决、沉默寡言，在经历混乱失去妻儿后寻求内心平静；另一个是弗瑞奥萨，她坚信唯有穿越沙漠重返童年故土，才能找到生存之路。
蓝白红三部曲之蓝,1993,1993-09-08,剧情,98,76,法语,克日什托夫·基耶斯洛夫斯基,克日什托夫·皮耶谢维奇,朱丽叶·比诺什 贝努特·里格恩特 弗罗伦斯·派梅尔 夏洛特·韦里 海伦娜·文森特 菲利普·沃尔特 克劳德·达内顿 休格·奎斯特 埃玛妞·丽娃,,在《蓝白红三部曲》震撼人心的开篇之作中，朱丽叶·比诺什贡献了令人叹为观止的表演。她饰演的朱莉在丈夫与幼女猝然离世后陷入人生崩解。然而本片不仅是对悲痛的灼热剖析，更是一则关于解脱的寓言——朱莉在试图挣脱过往枷锁的同时，不得不直面亡夫（一位作曲家）生前生活的真相。影片由斯瓦沃米尔·伊齐亚克以湛蓝色调执镜，佐以兹比格涅夫·普赖斯纳谱写的非凡歌剧式配乐，成就了一场压倒性的极致感官体验。[标准收藏]
爱情是狗娘,2000,2000-06-16,剧情 惊悚,154,76,西班牙语,亚历杭德罗·冈萨雷斯·伊尼亚里图,吉列尔莫·阿瑞加·乔丹,埃米利奥·埃切瓦里亚 盖尔·加西亚·伯纳尔 凡妮莎·鲍什 戈雅·托莱多 阿尔瓦罗·格雷罗 豪尔赫·佩雷斯 马可·佩雷斯 罗德里戈·穆雷 温贝托·布斯托,Love. Betrayal. Death.,这部亚利桑德罗·冈萨雷斯·伊纳里图灼目的长片处女作，以其令人震撼的视觉风格与大胆的多线叙事，如一声原始的呐喊般带来心跳骤停的冲击力，在墨西哥电影界乃至全球引发震荡。在墨西哥城，三个陌生人的命运在悲剧性的转折中相撞：一个深陷斗狗地下世界的青年、一位看似拥有一切的迷人女子、一名渴望与疏远女儿重聚的神秘杀手。这场碰撞永远改变了他们各自的人生轨迹。凭借手持摄影疾速捕捉的暴力与情感，本片将人无情抛入一个残酷而痛楚、彼此相连的人性世界，令人过目难忘。[标准收藏]
双面劳伦斯,2012,2012-05-18,剧情 爱情,168,76,法语,泽维尔·多兰,,梅尔维尔·珀波 Suzanne Clément 纳塔莉·贝伊 Monia Chokri Susan Almgren Yves Jacques Sophie Faucher Magalie Lépine-Blondeau Catherine Bégin,,“天空是我们的边界。”弗蕾德（苏珊·克莱门特 Suzanne Clément 饰）这样告诉那些好奇打探她对男友劳伦斯（梅尔维尔·珀波 Melvil Poupaud 饰）变性有什么看法的人。那是1989年，她相信她们这代人已可以接纳变性人了。只是无论弗蕾德还是劳伦 斯，都要用近十年时间发现，真正手足无措的是他们自己。电影以闪回倒叙的手法讲述一个女人同她的变性男友之间跨越世纪的情缘。对劳伦斯来说，变性是生存的前提，是令他在水底闭气30年终于呼吸的第一口氧气。然而劳伦斯只是决定了自己的性别，他没想过变性后的人生，他更没有想过，要用十年来验证和生命中最重要的朋友/恋人——弗蕾德的感情……
女巫,1922,1922-09-18,纪录 恐怖 历史,105,76,瑞典语,本杰明·克里斯滕森,,本杰明·克里斯滕森 Ella La Cour Emmy Schønfeld Kate Fabian Oscar Stribolt Wilhelmine Henriksen Elisabeth Christensen Astrid Holm Karen Winther,But isn’t superstition still rampant among us?,《女巫们》也叫《历代的巫术》，可以看作是一部有关宗教巫术的准记录片。1919 到1921间丹麦导演创作了这部瑞典与丹麦合拍的超越时代杰作，并在该片中扮演魔鬼一角。这部影片构思新奇、造型技巧高超、画面结构严谨，运用富于表现力的特写镜头和动作感强的蒙太奇均很恰当。但是由于宗教原因，这部电影当时被瑞典和其他欧洲国家列为禁片，直到1929年，经过严格删剪的版本才在美国出现。导演也因为当时Hollywood的纳贤口号而移居美国，但也并未得志，郁郁而终。这部作品的意义不仅在于题材的敏感和手法的前卫，在视觉成就方面，本片无疑更是电影史上的翘楚之一。
毕业生,1967,1967-12-21,剧情 爱情 喜剧,106,76,英语,迈克·尼科尔斯,查尔斯·韦伯,达斯汀·霍夫曼 安妮·班克罗夫特 凯瑟琳·罗斯 默里·汉密尔顿 威廉·丹尼尔斯 伊丽莎白·威尔逊 巴克·亨利 布莱恩·艾弗里 沃尔特·布鲁克,This is Benjamin. He’s a little worried about his future.,作为美国影史上最受珍爱的作品之一，本片为迈克·尼科尔斯赢得了奥斯卡最佳导演奖，让西蒙和加芬克尔的音乐为更广泛的观众所熟知，并将一位名叫达斯汀·霍夫曼的年轻演员介绍给了世界。本杰明·布拉多克（霍夫曼 饰）刚刚大学毕业，便已陷入困惑与压抑焦虑的海洋。他与父母的朋友、强势的罗宾逊太太（安妮·班克罗夫特 饰）发生了性关系，随后又将注意力转向了她正值大学年龄的女儿（凯瑟琳·罗斯 饰）。影片视觉上富有想象力，表演无可挑剔，巴克·亨利（根据查尔斯·韦伯的小说改编）创作的剧本机敏睿智、金句频出。本片所引发的文化影响，堪称一代人仅此一次的震撼。[标准收藏]
哥斯拉,1954,1954-11-03,惊悚 恐怖 科幻,96,76,日语,本多猪四郎,香山滋,宝田明 河内桃子 平田昭彦 志村乔 村上冬树 堺左千夫 山本廉 Toyoaki Suzuki 小川虎之助,哥斯拉,二战结束后不久，日本南海惊现离奇事件，打捞船荣子丸在平静的海面上突然遇难，幸存者寥寥，前去搜救的宾果丸也一去不返。不久，南海附近的岛屿大户岛遭受到恐怖的袭击，岛上的老人声称这便是传说中的怪兽哥斯拉作怪。古生物专家山根京平教授受命前往调查，根据现场遗留的痕迹断定，这个怪物是200万年前侏罗纪时代存活下来的恐龙，并且在原子弹辐射的影响下，化身为更具破坏力的恐怖怪兽。该论断一经公布，便在日本国内引起轩然大波。政客和军队纷纷行动，意欲置哥斯拉于死地。而哥斯拉也闯入东京，进行一场毁灭性的破坏。人类的命运悬于一线……
所有明亮的地方,2020,2020-02-28,爱情 剧情,107,76,英语,Jennifer Niven,Brett Haley,艾丽·范宁 贾斯提斯·史密斯 亚历山德拉·希普 Kelli O'Hara 拉马尔·约翰逊 弗吉尼亚·加德纳 菲利克斯·馬拉德 Sofia Hasmik 科甘-迈克尔·凯,Live life at full brightness,影片根据詹妮弗·尼文2015年畅销小说改编，故事讲述维奥莱特·马基(范宁饰)和西奥多·芬奇(史密斯饰)这两个高中生和精神疾病不断作斗争，他们相遇并发现各自内心的世界。
蜂巢幽灵,1973,2024-04-20,剧情 奇幻,98,76,西班牙语,维克托·艾里斯,安赫尔·桑托斯,Ana Torrent Fernando Fernán Gómez Teresa Gimpera Isabel Tellería Laly Soldevila Miguel Picazo José Villasante Juan Margallo Estanis González,,1940年，一辆放映车驶入卡斯蒂利亚高原的某个村子，孩子们马上围拢了上去。放映的电影是《科学怪人》，座位上有女童安娜（Ana Torrent 饰）和她的小姐姐伊莎贝尔（Isabel Tellería 饰）。放映室外，父亲痴迷于自己的新蜂房，他掏出怀表，结束了今天的工作。母亲正在写一封信，尽管对方收到信的可能渺茫，母亲在信纸上倾诉思念之情，在火车站将信投递。安娜久久不能忘记科学怪人，伊莎贝尔向她虚构出荒原上一座孤立的砖房是怪人的出没之地。安娜惊慌逃开，但从此不时返回砖房查看。伊莎贝尔似乎洞悉了某种秘密，她装死、跳过火堆，诸如此类。不久一名受伤军人躲进砖房被安娜发现，当晚军人中枪死亡。父亲来到村公所拿走军人的物品，包括一只怀表。安娜独自一个跑出村子，夜里她在湖边遇到了科学怪人……
酒精计划,2020,2020-09-24,喜剧 剧情,110,76,丹麦语,托马斯·温特伯格,托比亚斯·林德霍尔姆,麦斯·米科尔森 托马斯·博·拉森 马格努斯·米朗 拉尔斯·兰特 Maria Bonnevie Helene Reingaard Neumann 苏西 沃尔德 Magnus Sjørup Silas Cornelius Van,What is youth? A dream. What is love? The content of the dream.,马丁（麦斯·米科尔森饰）是一名感到生活乏味的教师，他和三位同事——汤米（托马斯·博·拉森饰）、尼古拉（马格努斯·米兰饰）和彼得（拉斯·兰特饰）——决定尝试一种理论，即人类天生缺少0.05%的血液酒精浓度，适量饮酒可以提升创造力和幸福感。起初，实验带来了积极的变化，他们的教学效果显著提高，生活也变得更加有趣。然而，随着时间的推移，酒精的负面影响逐渐显现，四人的生活开始失控。
甜蜜香草,2018,2018-11-21,喜剧 剧情,100,76,法语,Kheiron,,Kheiron 凯瑟琳·德纳芙 安德烈·杜索利埃 Hakou Benosmane Leila Boumedjane 阿尔班·勒努瓦 Louison Blivet Adil Dehbi Youssouf Wague,,一位受过去阴影所扰的行骗高手，向来与养母以诈骗维生，却在辅导一群难缠学生的过程中，找到了救赎。
魔弦传说,2016,2017-01-13,动画 冒险 家庭,102,76,英语,Marc Haimes,特拉维斯·奈特,阿特·帕金森 查理兹·塞隆 布伦达·瓦卡罗 田川洋行 Meyrick Murphy 武井穗乡 鲁妮·玛拉 拉尔夫·费因斯 马修·麦康纳,Be bold. Be brave. Be epic.,机智善良的久保在滨海小镇以讲述奇幻故事为生，苦心经营着平凡的生活。然而，当他意外召唤出自己过往记忆中的神话精魂——一个为履行古老誓约而从天而降的复仇之灵——他相对宁静的日子彻底被打破。被迫逃亡的久保与猴子、甲虫联手，踏上了一段惊心动魄的旅程，只为拯救家人并揭开已故父亲——这位世人眼中最伟大的武士——的陨落之谜。借助三味线这件魔法乐器的力量，久保必须迎战神魔强敌，包括复仇心切的月神与邪恶的双生姐妹，从而揭开自身传承的秘密，重聚家人，并肩负起命中注定的英雄使命。
地球,2007,2009-04-22,纪录,90,76,英语,Mark Linfield,艾雷斯泰·法瑟吉尔,帕特里克·斯图尔特 Constantino Romero 詹姆斯·厄尔·琼斯 渡边谦 乌尔里希·图库尔 Anggun,在地球上的一天,"电视系列片""行星地球""(2006)的电影版本，拍摄了几个动物家庭的迁徙路线。 　　一部由英国BBC和德国联合制作的关于地球、大自然的纪录片，用了将近3年的时间，通过对地球生命的神秘实录，通过表现大自然美丽景象与野生动物纯粹的生死之搏的真实纪录，再配合柏林爱乐乐团的美妙配乐，将地球的魅力在大银幕上毫无保留的完美呈现出来，旨在呼吁人们保护环境。 　　由阿拉斯泰尔·福斯基尔（Alastair Forthergill）和他的团队穿越7大洲、62个国家、用45部摄像机耗费5年时间精心制作的纪录片，向我们展现了全球变暖时代动物的迁徙和生活的改变，大自然的宏伟壮观、生命的脆弱和坚强、变迁的无常。整部影片的场面和音乐从头至尾都让我们深深震撼……2007年10月法国上映。"
罗拉秘史,1944,1944-10-11,剧情 悬疑,88,76,英语,奥托·路德维希·普雷明格,薇拉·路易丝·卡斯帕里,达纳·安德鲁斯 吉恩·蒂尔尼 Clifton Webb 文森特·普莱斯 朱迪思·安德森 Dorothy Adams Wally Albright Bobby Barber Harry Carter,The story of a love that became the most fearful thing that ever happened to a woman!,"影片讲述的是关于一名美丽商人罗娜神秘死亡的调查过程。负责这个案件的警探麦克在调查有关人等时,从专栏作家华度的口中知悉罗娜过去的很多事情,因而对罗娜家中悬挂着的一幅画像产生很多幻想。没想到罗娜根本没死,他们发现的尸体是另有其人。"
原始星球,1973,1973-12-06,动画 科幻,72,76,法语,赫内·拉鲁,斯特凡·伍尔,Gérard Hernandez Jean Valmont Jennifer Drake Yves Barsacq Jeanine Forney Éric Baugin Jean Topart William Coryn Sylvie Lenoir,一次到美好新世界的崇高旅行！,茫茫宇宙中一颗无名星球上，生活着体形悬殊的两种生物。占主导地位的是戴格斯人，他们身形巨大，拥有极高的文明和智慧，可以使精神摆脱肉体自在游弋；与之相对的是奥姆斯人，他们具有地球人的外表和身形，社会形态原始落后，在戴格斯人面前有如蝼蚁，于是当仁不让成为这些巨人的奴隶和玩物。奥姆斯人具有顽强的生命力和繁殖能力，他们的数量与日俱增，造成了统治者的困扰。于是，一场针对奥姆斯人的剿灭战随即展开。这本是一场微不足道的如同剿灭害虫的行动，但一个不起眼的奥姆斯人改变了双方的格局。泰尔是被一个戴格斯女孩豢养的奥姆斯男性宠物，他通过主人的教学机器学到了戴格斯人先进的科学文化知识。偶然机会，泰尔逃离戴格斯家庭，成为了领导奥姆斯人对抗统治者的领袖……
蝙蝠侠与超人：超凡双子之战,2022,2022-10-18,动画 动作 科幻,79,76,英语,鲍勃·凯恩,Mike Sekowsky,杰克·迪伦·格雷泽 傑克·格里佛 劳拉·贝利 特洛伊·贝克 达林·德保罗 汤姆·肯尼 诺兰·诺斯 泽诺·罗宾逊 Myrna Velasco,The ultimate threat. The greatest battle. The perfect team.,DC Animation 正在以 DC 超级之子之战的形式制作其首部全 CGI 动画电影，该电影将于 2022 年登陆家庭视频。
八座山,2022,2022-12-21,剧情,147,76,意大利语,Charlotte Vandermeersch,Felix van Groeningen,卢卡·马里内利 Alessandro Borghi Lupo Barbiero Cristiano Sassella Elisabetta Mazzullo Andrea Palma Surakshya Panta Elena Lietti Filippo Timi,,八座山讲述了一段友情的故事。孩子成长为男人，他们在这一过程中试图不重复父亲的命运，但他们选择的人生道路却最终把他们带回了各自的家园。彼得罗是一个城里的孩子，而布鲁诺则是一座被遗忘的山中小村的最后一个孩子。随着时光的流逝，布鲁诺依然忠于大山，而彼得罗则回来又离开。各自的经历都让他们品尝到爱与失去，带他们回忆各自的起源，看命运的画卷徐徐展开。彼得罗和布鲁诺也最终发现了永恒友谊的真谛。
更好的我,2024,2025-06-27,音乐 剧情,134,76,英语,迈克尔·格雷西,奥利弗·科尔,罗比·威廉斯 约诺·戴维斯 史蒂夫·佩姆伯顿 Alison Steadman 凯特·马尔瓦尼 弗雷泽·哈德菲尔德 达蒙·海瑞曼 瑞谢尔·班诺 汤姆·巴治,Fame makes monkeys of us all.,见证巨星罗比·威廉姆斯波澜壮阔的不凡人生，除了名利、金钱、欲望之外，还有很多你不知道的事……
超脱,2011,2012-03-16,剧情,98,76,英语,托尼·凯耶,卡尔·隆德,阿德里安·布罗迪 马西娅·盖伊·哈登 詹姆斯·凯恩 克里斯蒂娜·亨德里克斯 刘玉玲 布莱斯·丹纳 蒂姆·布雷克·尼尔森 威廉·彼德森 布莱恩·克兰斯顿,你根本无法从这一切中超脱,亨利·巴赫特来到社区学校担任代课老师。学校因学生反叛、经营不善而濒临绝境，多丽丝为首的一批教师备受煎熬。亨利的第一堂课就遭遇了顽劣学生的挑衅，但是被他巧妙地化解。他赢得了女教师萨沙的好感。同时，他的教学方式引起了同学们的兴趣，其中就包括因肥胖而苦闷的梅丽迪斯。她一直默默地承受着因体重带来的各种责骂与嘲笑。但是因为老师，她似乎又找到了一切的理由…… 但是，亨利其实内心也有很大的压力，他的爷爷处于弥留之际，他的母亲自杀阴影始终在脑海中萦绕。某天夜里，他在公车上黯然神伤，独自流泪。这情形被一个刚收到嫖客凌辱的雏妓艾瑞卡看到了。她尾随他，希望获得他的帮助。他起初拒绝了她的要求，后来他还是把她带回了单身公寓……
摄影机不要停！,2017,2017-11-04,喜剧 恐怖 剧情,96,76,日语,上田慎一郎,,滨津隆之 秋山柚稀 长屋和彰 主滨晴美 真鱼 市原洋 细井学 山崎俊太郎 大泽真一郎,Don't Stop Shooting!,一个三流导演和剧组在二战遗留的废弃设施里拍摄低成本僵尸电影时，遭遇真实僵尸的袭击，局势瞬间失控。
科特·柯本：烦恼的蒙太奇,2015,2015-04-24,纪录 音乐 剧情,132,76,英语,Brett Morgen,,科特·柯本 考特尼·洛夫 Krist Novoselic 戴夫·格羅爾 Frances Bean Cobain Pat Smear Dale Crover Buzz Osborne Eric Erlandson,,这部官方纪录片追溯了科特·柯本从华盛顿州阿伯丁的早年生活，直至其带领垃圾摇滚乐队涅槃走向成功的历程。
不羁夜,1997,1997-10-10,剧情,155,76,英语,保罗·托马斯·安德森,,马克·沃尔伯格 毕·雷诺斯 朱丽安·摩尔 约翰·C·赖利 海瑟·格拉汉姆 唐·钱德尔 菲利普·塞默·霍夫曼 威廉·H·梅西 托马斯·简,梦想家的生活，白日的奔波与夜晚的间隙。,一部多棱镜般呈现1970至1980年代洛杉矶色情产业的影片，聚焦一位年轻人从餐厅洗碗工成长为色情明星，继而开启更广阔人生的历程。
土拨鼠之日,1993,2024-04-18,爱情 奇幻 喜剧,101,76,英语,哈罗德·拉米斯,丹尼·鲁宾,比尔·默瑞 安迪·麦克道尔 克里斯·艾略特 斯蒂芬·托布罗斯基 布赖恩·道尔 马瑞塔·杰拉蒂 安吉拉·帕顿 里克·杜科蒙 里克·奥弗顿,人生多是单曲循环，有爱才不算浪费，生活则更大。,菲尔（Bill Murray饰）是个气象播报员，每天除了在摄像机前给观众做风趣幽默的天气预报外，每年的2月2日他还要前往一个名为普苏塔尼的边境小镇，报导当地的土拨鼠日庆典。事实上，菲尔对这一节日相当嗤之以鼻并开始对工作感到厌倦，当他例行公事完成今年的报导后，便急不可待地想重返家园，却因为一场突如其来的暴风雪耽搁了。第2天醒来后，菲尔意外地发现时间仍然停留在前一天土拨鼠日，昨日的一切重新上演。惊讶、不信、刺激、狂喜、烦闷、焦虑、不安、绝望、倦怠等各种情绪轮流侵占菲尔的感官领域，可无论他如何选择度过这一天，他都始终无法再前进一步，开始了他重复的人生。
最长的旅程,2015,2015-04-10,剧情 爱情,128,76,英语,小乔治·蒂尔曼,尼古拉斯·斯帕克斯,布丽特·罗伯森 斯科特·伊斯特伍德 阿伦·阿尔达 杰克·休斯頓 奥娜·卡斯蒂利亚 梅莉莎·班诺伊 Lolita Davidovich Elea Oberon Kate Forbes,Two couples. Two love stories. One epic tale.,职业牛仔卢克（斯科特·伊斯特伍德 Scott Eastwood 饰）和大学生苏菲亚（布丽特·罗伯森 Britt Robertson 饰）在一次牛仔竞技比赛中相遇，两人一见倾心迅速坠入爱河。然而，身处两个不同世界的他们，对未来和理想都有许多冲突，两人多舛的爱情也处处充满挑战。在一次意外中他们救了一位老人伊拉（阿伦·阿尔达 Alan Alda 饰），得知老人与他已故妻子露丝（奥娜·卓别林 Oona Chaplin 饰）之间动人的爱情故事后，他们深受鼓舞，这能否让他们跨越重重阻碍，共同迎向美好的未来……
饮食男女,1994,1994-08-03,喜剧 剧情 爱情,124,76,汉语,李安,詹姆斯·沙姆斯,郎雄 杨贵媚 吴倩莲 王渝文 张艾嘉 赵文瑄 陈昭荣 陈捷文 陈妤,一部唤醒你味蕾的喜剧。,李安执导的这部家庭剧杰作，由郎雄、吴倩莲、杨贵媚、王渝文主演，讲述一位退休名厨与三位成年女儿同住一个屋檐下的故事。随着传统周日家宴的进行，二女儿的人生规划被突如其来的变故与家人的命运转折打乱，在饮食烟火与人间情欲交织中，演绎出中国家庭特有的含蓄波澜与温情裂变。
雀斑公主,2021,2022-08-26,动画 科幻 剧情 音乐,121,76,日语,细田守,,中村佳穗 成田凌 染谷将太 玉城蒂娜 几田莉拉 森山良子 清水美智子 Fuyumi Sakamoto 岩崎良美,遇见更好的你,住在乡下的高中生铃，是个内向、平凡的少女。多年来，她始终躲在影子中生活。然而，当她进入名为“U”的巨大虚拟世界后，便化身线上歌姬“贝儿”——一位歌声风靡全球、备受喜爱的耀眼歌手。某日，她的演唱会遭一头被义警追捕的骇人野兽闯入。随着追捕愈演愈烈，铃开启了一场情感丰沛且波澜壮阔的探索，誓要揭开这头神秘“野兽”的真实身份，并在这个“人人皆可成任何人”的世界里，寻找到真正的自己。
我的警察,2022,2022-10-21,剧情 爱情,113,76,英语,Michael Grandage,Bethan Roberts,吉娜·麦琪 莱纳斯·罗彻 鲁伯特·艾弗雷特 哈里·斯泰尔斯 艾玛·科林 大卫·道森 卡迪夫·柯万 Emily John Dora Davis,Let it take hold of you.,《我的警察》围绕40年前警察汤姆（哈里·斯泰尔斯/莱纳斯·罗彻）、教师玛丽安（艾玛·科林/吉娜·麦基）和博物馆馆长帕特里克（大卫·道森/鲁伯特·艾弗雷特）之间的三角恋，讲述了一个有关禁忌之恋和社会习俗变迁的动人故事。
银行家,2020,2021-11-26,剧情,120,76,英语,乔治·诺尔菲,布拉德·凯恩,安东尼·麦凯 塞缪尔·杰克逊 尼古拉斯·霍尔特 尼娅·朗 Scott Johnson 杰西·厄舍 科尔姆·米尼科曼 保罗·本-维克多 詹姆斯·杜蒙特,Don't pay the man. Be the man.,影片基于伯纳德·加勒特(安东尼·麦凯饰)和乔·莫里斯(塞缪尔·杰克逊饰)两个非裔美国企业家的真实故事改编，1950年代他们试图挣脱种族歧视的传统枷锁，招募白人工人为其工作。尼古拉斯·霍尔特扮演他们商业帝国的一名白人负责人。
降临,2016,2017-01-20,剧情 科幻 悬疑,116,76,英语,丹尼斯·维伦纽瓦,埃里克·海瑟尔,艾米·亚当斯 杰瑞米·雷纳 福里斯特·惠特克 迈克尔·斯图巴 马克·奥布莱恩 马泰 阿比盖尔·尼奥斯基 朱丽亚·斯嘉丽·丹 嘉登·马隆,它们为何而来？,当神秘的外星飞船在全球各地降落时，一支精英团队被召集起来展开调查——其中包括语言学家露易丝·班克斯。当所有人都在争相寻求答案时，人类濒临全球战争的边缘——而为了找到答案，班克斯将冒一次可能威胁到她生命，甚至可能威胁到全人类的险。
失去的周末,1945,1945-11-29,剧情,101,76,英语,比利·怀尔德,查尔斯·R·杰克逊,雷·米兰德 Jane Wyman Phillip Terry Howard Da Silva Doris Dowling 弗兰克·费伦 Mary Young Anita Sharp-Bolster Lilian Fontaine,屏幕敢于翻开那部惊世骇俗畅销书中离奇野蛮的篇章！,改编自查尔斯．杰克逊的同名小说，也是讽刺喜剧导演比利怀尔德的一部严肃的作品。 　　描述有才华的知识分子唐包翰是个自尊心很容易受挫的人，在一次退稿的打击后开始酗酒。后遇女友海伦，爱情的力量使唐把酒精抛开，但由于海伦的父亲批评他醉生梦死，使他再次失去自信，沉溺在酒精中不能自拔。后来他失去生存的勇气，想要自杀，在海伦的极力劝阻和鼓励下，又使他重新燃起生活的希望。 　　这是美国影史上出现的第一部以严肃态度探讨酗酒问题的电影。 　　影片开始的第一个镜头是纽约市高楼大厦的全景，暗示这是一个有普遍性的故事。编导单刀直入切进主题，紧盯着男主角在这个三天的长周末饱受酒精折磨的遭遇，将酒徒的精神状态和肉体行为都刻划得入木三分。
大牌明星,2008,2008-05-28,剧情,113,76,意大利语,保罗·索伦蒂诺,,Toni Servillo Anna Bonaiuto Giulio Bosetti 弗拉维奥·布奇 Carlo Buccirosso 乔治·科兰杰利 阿尔贝托·克拉科 Piera Degli Esposti Lorenzo Gioielli,,在罗马，黎明时分，当所有人都在沉睡，有一个人醒着。那个人就是朱利奥·安德烈奥蒂。他醒着是因为他必须工作、写书、活跃于时尚圈，并且，同样重要的是，祷告。沉着、狡黠而深不可测，安德烈奥蒂在四十多年里一直是意大利权力的代名词。九十年代初，这个不动声色却暗藏机锋、模棱两可却又令人安心的形象，正准备不带傲慢亦无谦卑地第七次出任总理。年近七十的安德烈奥蒂是一位老人政治家，他与上帝一样无所畏惧，不知敬畏为何物——因为他早已习惯于在所有人的脸上看到这种神情。他的满足感是微弱的，难以捉摸的。对他而言，满足即权力，他与权力之间是一种共生关系。以他所钟爱的方式存在的权力：从始至终，坚定不移，不可动摇。他从一切事件中全身而退：选举大战、恐怖袭击、诽谤指控。他毫发无损，岿然不动。直到意大利最强大的反制力量——黑手党——向他宣战。然后，事情变了。或许，对于神秘莫测、似乎不朽的安德烈奥蒂而言，也是如此。但问题是：它们真的改变了，抑或只是看起来变了？有一点我们可以肯定：想要玷污安德烈奥蒂——这个比我们任何人都更通晓世故的人——可没那么容易。[Music Box Films]
地中海,1991,1991-01-31,喜剧 爱情 战争,96,76,意大利语,Enzo Monteleone,Gabriele Salvatores,Diego Abatantuono Claudio Bigagli Giuseppe Cederna 克劳迪奥·比西奥 Gigio Alberti Ugo Conti Memo Dini Vasco Mirandola Luigi Montini,On a magical Greek island a soldier is about to discover that it is better to make love instead of war,二战后期，在地中海的某个小岛，某舰艇上有一群意大利守卫负责守卫这个军事重地。然而，这群被战争遗忘的士兵无意中闯入了一座小镇，他们发现那里的居民并没有被战争侵袭，依旧过着无忧无虑的生活。起初，这几个士兵总是提心吊胆，生怕有外敌入侵，因为误会还差点搞出人命。熟悉环境后，中尉干脆决定在这里安营扎寨。他们慢慢熟悉了这里的生活，有的踢球，有的绘画，有的读书，有的跳水，甚至上尉还爱上了一个当地的妓女（凡娜•巴伯 Vanna Barba 饰），他们一起调情，共同享受着男女之欢，但惟独没有肌肤之亲，因为上尉对她动了真感情……
坠入,2006,2008-05-30,冒险 奇幻 剧情,117,76,英语,塔西姆·辛,丹·吉尔罗伊,李·佩斯 贾斯汀·瓦德尔 Daniel Caltagirone 里奥·比尔 肖恩·吉尔德 朱利安·弗莱奇 马库斯·卫斯理 Robin Smith 吉图·维尔玛,A little blessing in disguise.,电影特技演员罗伊·沃克（Lee Pace 饰）在拍摄一组骑马从桥上一跃而下的镜头时严重受伤，导致下半身瘫痪失去知觉。此时的他极度绝望，万念俱灰，只想一死了之。正当罗伊沮丧之际，因摔断胳膊住进医院的5岁小女孩亚历珊卓（Catinca Untaru 饰）闯入了罗伊的世界。
这个男人来自地球,2007,2007-06-10,科幻 剧情,87,76,英语,理查德·申克曼,杰罗姆·比克斯比,大卫·李·史密斯 托尼·托德 约翰·比灵斯列 艾伦·克劳福德 安妮卡·彼得森 阿丽西丝·索普 威廉·凯特 理查德·里勒 史蒂文·利特尔斯,From one of the acclaimed writers of Star Trek and The Twilight Zone comes a story that transcends both time and space...,一个普通男人的秘密在他的辞职事件中开始显示出端倪。历史教授约翰奥德曼（David Lee Smith饰）说自己身上有一个让大家都匪夷所思的秘密，而为了保守这个秘密他不能在一个地方超过十年。他的朋友们试图去发掘他的故事中的秘密，这一举动让约翰非常生气，而他的朋友却发现约翰的故事是无法被否定也无法查证的，究竟约翰身上有着怎样的秘密？一幕幕碎片联系起来，带给我们一个意料之外的故事高潮。
蒂凡尼的早餐,1961,2015-04-22,喜剧 爱情 剧情,115,76,英语,布莱克·爱德华兹,杜鲁门·卡波特,奥黛丽·赫本 乔治·佩帕德 帕特里夏·尼尔 巴迪·艾布森 马丁·巴尔萨姆 约瑟·路易斯·德·维拉龙卡 约翰·麦吉弗 Alan Reed 多萝西·惠特尼,"Audrey Hepburn plays that daring, darling Holly Golightly to a new high in entertainment delight!",清晨的纽约街头，相貌清丽的霍莉（Audrey Hepburn 饰）在橱窗前徜徉，她就是纽约上流社会的交际花。对金钱和物质崇拜，同时却不失天真善良的霍莉，就像是纽约的“茶花女”。在她心里，还有一个重要的目标，那就是嫁得金龟婿。霍莉的新邻居是一个作家保罗（George Peppard 饰），梦想着成名，却也是依靠富太太的供给度日。遇见霍莉的保罗堕入情网，千方百计让霍莉过回正常生活，并向她求婚。然而霍莉似乎并不愿意，在她心中，嫁给这么一个人，放弃她之前的努力，未免太不值。然而，霍莉在寻找幸福路上跌跌撞撞，直到有一天才突然明白了幸福的含义。
一百万英里之外,2023,2023-09-08,剧情 历史,122,76,英语,Alejandra Márquez Abella,贝蒂娜·吉卢瓦,迈克尔·佩纳 罗莎·萨拉查 胡里奥·凯撒·赛迪罗 维罗尼卡·法尔孔 Juanpi Monterrubio 加瑞特·迪拉胡特 莎拉尤·拉奧 鲍比·索托 阿什利·西亚拉,It takes more than a dream to reach the stars.,《一百万英里之外》的灵感来自美国宇航局飞行工程师何塞赫南德兹的真实故事，他和他挚爱的移民农场工家人们经历了长达数十年的旅程，从墨西哥米却肯州的一个乡村到圣华金河谷的田野，再到距离地球320多公里的国际空间站。在家人的支持下，何塞凭借自己的干劲和决心，最终有机会实现他看似不可能的目标。
逃出绝命镇,2017,2018-04-12,悬疑 惊悚 恐怖,103,76,英语,乔丹·皮尔,,丹尼尔·卡卢亚 艾莉森·威廉姆斯 凯瑟琳·基纳 布莱德利·惠特福德 卡莱伯·兰德里·琼斯 马库斯·亨德森 贝蒂·加布里埃尔 拉基思·斯坦菲尔德 斯蒂芬·鲁特,"Just because you're invited, doesn't mean you're welcome.",克里斯与女友萝丝的恋情到了“见父母”的阶段，她邀请他去郊外与米西和迪安共度周末。起初，克里斯将这家人的过分殷勤理解为面对女儿跨种族恋爱时的紧张表现，但随周末渐深，一连串愈发令人不安的发现，将他引向一个他从未想象过的骇人真相。
死侍,2016,2016-02-12,动作 冒险 喜剧,108,76,英语,蒂姆·米勒,略特·里斯,瑞安·雷诺兹 莫雷纳·巴卡林 艾德·斯克林 T·J·米勒 吉娜·卡拉诺 莱斯莉·奥加姆斯 布里安娜·希尔德布兰 斯特凡·卡皮契奇 卡兰·索尼,不死现身,油嘴滑舌的雇佣兵韦德·威尔森与俏皮可爱的瓦内莎邂逅，但在爱情最美满的时刻，他被诊断患有晚期癌症，留在世上的时间所剩无几。极度绝望之际，他接受了弗朗西斯私人组织的邀请，对其基因做了改造，以谋求体能的突变。在忍受了一系列的残酷折磨后，韦德终于治好了癌症，蜕变成拥有不死之身的超级战士，但是代价却是失去了人类的面容。狡猾的弗朗西斯逃之夭夭，而韦德却无法以恐怖的面容去面对女友。在此之后，他化身死侍，穿梭于每一个黑暗角落，寻找阿贾克斯的踪影。
艾迪·墨菲：精神错乱,1983,1983-10-15,喜剧,69,76,英语,布鲁斯·高尔斯,艾迪·墨菲,艾迪·墨菲 James Argiro,,喜剧演员艾迪·墨菲带来了他得意地不修边幅的喜剧表演到了诸如性取向，青春期，交友，规律的母亲，冰淇淋卡车，以及某些歌手的个性特征满座的球场和pontificates在自己的俗热闹的时尚。
欲望号街车,1951,1951-09-19,剧情 惊悚,125,76,英语,伊利亚·卡赞,奥斯卡·索尔,费雯·丽 马龙·白兰度 金·亨特 卡尔·马尔登 Rudy Bond Nick Dennis Peg Hillias Wright King Richard Garrick,那个一心只想维持淑女风范的布兰奇。,精神恍惚的布兰奇·杜波依斯搬往新奥尔良与妹妹同住，在现实世界逐渐崩塌之际，又遭受野蛮妹夫的残酷折磨。
罗马,2018,2019-05-10,剧情,135,76,西班牙语,阿方索·卡隆,,亚利扎·马丁内斯 玛丽娜·德·塔维拉 迭戈·科尔蒂纳·奥特雷 卡洛斯·佩拉尔塔 马可·格拉夫 丹妮拉·德梅萨 南希·加西亚·加西亚 维罗妮卡·加西亚 费尔南多·格雷迪亚加,历史长河中，有些时期会给社会留下深刻的伤痕；人生旅途里，某些时刻会彻底改变我们自身。,在其第八部、也是最私人化的作品中，阿方索·卡隆重现了他童年时代1970年代初的墨西哥城，通过原住民帮佣克莱奥（雅利扎·阿帕里西奥 饰，以其启示性的银幕首秀）的视角，讲述了一个中产阶级家庭动荡时期的生活。克莱奥负责照看四个遭父亲遗弃的幼童，在个人生活亦被政局与情感波澜所撼动之际，仍悉心维系着这个家庭。卡隆集编剧、导演、摄影及联合剪辑于一身，本片是电影史上鲜有匹敌的呕心沥血之作，运用纪念碑式的黑白摄影、沉浸式声效，以及专业与非专业演员的混搭，将作者的记忆雕琢成一个质感丰盈的世界，以此致敬那位抚育他成长的女性。[标准收藏]
仆人,1963,1963-11-14,剧情,116,76,英语,Joseph Losey,Robin Maugham,德克·博加德 威廉·福克斯 Sarah Miles Wendy Craig Catherine Lacey Richard Vernon 哈罗德·品特 Ann Firbank Doris Nolan,A Terrifyingly Beautiful Motion Picture!,被好莱坞列入黑名单后旅居英国的多产导演约瑟夫·洛塞，以这部对阶级、性与权力进行令人目眩的解剖的作品，用冷冽的现代主义风格为英国电影体系带来了震撼。一名颓废的豪门子弟雇用了看似完美的男仆来打理他的伦敦新宅。然而当传统社会等级逐渐发生令人不安的松动时，一切表象开始崩塌。流光溢彩又令人眩晕的摄影，与剧作家哈罗德·品特精妙的剧本在本片中交融，成就了这部心理与性张力层层攀升的杰作。[标准收藏公司]
王牌特工：特工学院,2015,2015-03-27,犯罪 喜剧 动作 冒险,125,76,英语,马修·沃恩,马克·米勒,塔伦·埃哲顿 科林·费尔斯 塞缪尔·杰克逊 马克·斯特朗 索菲·库克森 索菲亚·波多拉 迈克尔·凯恩 爱德华·霍尔克罗夫特 汉娜·奥斯特罗姆,不知礼，无以立也,17年前，英国秘密特工组织金士曼（Kingsman）的一位特工在任务中为保护同伴而牺牲，他的牺牲保护了所有同伴，金士曼成员之一的哈 利·哈特找到其家属并且赠予了其子一枚属于金士曼特有的项链徽章。17年后 ，这个小男孩艾格西长大成人，但因家庭境遇无选择地成为小混混。因为一次事件，哈利重遇艾格西，并意识到他有着过人却深藏不露胆量与智慧。艾格西的忠诚与聪慧打动了哈利，哈利决定改造埃格西成为下一任金士曼。此时，一位叫瓦伦丁的百万富翁正计划着自己的正义诡计去维护、规划世界。金士曼拯救地球的超级英雄之旅正式展开。
最后一场电影,1971,1971-10-03,剧情 爱情,126,76,英语,彼得·波格丹诺维奇,拉里·麦克默特,提摩西·玻特姆斯 斯碧尔·谢波德 杰夫·布里吉斯 克洛里斯·利奇曼 艾伦·伯斯汀 本·约翰逊 兰德尔·奎德 克鲁·古拉格 艾琳·布伦南,1951年，德克萨斯州阿纳雷内。没有什么变化…,作为美国七十年代电影复兴时期的关键之作，本片将故事背景置于五十年代初，聚焦于德克萨斯州一个尘沙漫卷、荒僻至极的小镇。这部改编自拉里·麦克默特里小说的作品，以沉郁笔触描绘了西部精神的衰亡，围绕三个前途渺茫的青少年——神秘寡言的索尼、桀骜不羁的运动员杜安、渴求追捧的富家女杰茜——以及那些如夜间飘荡的滚草般与他们偶然碰撞的迷惘暮年灵魂，缓缓铺展其日常生活的轨迹。影片以极具感染力的黑白影像与深邃动人的表演，静谧勾勒出美国价值观的崩塌。这部作品至今仍是电影史学巨匠、导演彼得·博格丹诺维奇职业生涯中至关重要的里程碑。[标准收藏公司]
杀人短片,1988,1988-03-11,犯罪 剧情,85,76,波兰语,克日什托夫·基耶斯洛夫斯基,克日什托夫·皮耶谢维奇,Mirosław Baka Krzysztof Globisz Jan Tesarz Zbigniew Zapasiewicz Barbara Dziekan Aleksander Bednarz Jerzy Zass Zdzisław Tobiasz 阿图尔·巴奇斯,,Jacek Lazar（米罗斯洛·巴卡 Miroslaw Baka 饰）是一个二十一岁的男子，他在街上游荡，吓走广场上的鸽子，在天桥上朝底下的汽车扔石头，在照相店让人将他口袋里那张已经出现了折痕的照片放大，是一个小女孩的照片。Waldemar Rekowski（Jan Tesarz 饰）是一个普通的的士司机，调戏年轻女子，捉弄乘客，故意按喇叭惊吓动物，他的下一个乘客是Jacek。Piotr Balicki（Krzysztof Globisz 饰）是一个年轻的律师，认为刑罚并不能防止犯罪，而防止犯罪正是法律的目的，他刚刚通过律师考试，他为杀人犯Jacek辩护。Jacek坐上了Waldemar的的士，他们开车到野外，Jacek用一条绳子勒死了司机。Balicki极力为Jacek辩护，希望避免死刑，但Jacek最后还是被判处了死刑。临终前，Jacek和Balicki长谈，说起因为他和一个卡车司机喝酒，致使卡车司机开车碾死他妹妹的事情......
关于我母亲的一切,1999,1999-04-16,喜剧 剧情,101,76,西班牙语,佩德罗·阿莫多瓦,,Cecilia Roth 玛丽萨·帕雷德斯 Candela Peña 安东尼亚·圣胡安 佩内洛普·克鲁兹 Rosa María Sardà Fernando Fernán Gómez Fernando Guillén Toni Cantó,每个女人的内心都住着母亲、演员、圣徒与罪人。而每个男人的灵魂里，都藏着一个女性的身影。,这部荣获奥斯卡奖的剧情片，作为佩德罗·阿尔莫多瓦尔最受喜爱的作品之一，以令人目眩神迷的动人笔触，探索了母性的深刻内涵。护士玛努埃拉（塞西莉亚·罗特 饰）在瞬间失去了她独自抚养成人的少年儿子。满怀悲恸的她前往巴塞罗那寻找孩子失联多年的父亲，在那里她于一个由特殊成员组成的家庭中重获新生——这个家庭包括一位感染艾滋病毒的怀孕修女（佩内洛普·克鲁兹 饰）、一位辉煌的戏剧明星（玛丽莎·帕雷德斯 饰），以及一位跨性别性工作者（安东尼娅·圣胡安 饰）。影片演绎精湛，处处闪耀着对电影艺术的致敬，既是对女性坚韧精神的礼赞，亦是一幅独一无二的家庭群像，更是一部充满无边人文关怀的杰作。
火线,1985,1984-09-23,战争 剧情 科幻,117,76,英语,米克·杰克逊,Barry Hines,Karen Meagher Reece Dinsdale David Brierly Rita May Nicholas Lane Jane Hazlegrove Henry Moxon June Broughton Sylvia Stoker,The closest you'll ever want to come to nuclear war.,1980年代中期的冷战时期，英国谢菲尔德市的居民鲁思·贝克特和吉米·坎普正在为即将到来的婚姻和第一个孩子的出生做准备，谢菲尔德是皇家空军基地的所在地，拥有主要的钢铁、能源和化工生产基地。但是苏联向伊朗进军，计划将其转变为苏联的卫星国。美国、英国以及北约和联合国的其他成员 愤怒地谴责苏联的侵略和军事活动，尤其是在附近的R.A.F.基地，露丝和吉米的家人忙于他们的日常事务，很少关注伊朗发生的事情，一个春日，没有任何警告，苏联用ICBMs袭击了英国——其中两个袭击了谢菲尔德，摧毁了大部分建筑和居民，但更可怕的是随之而来的后果——一个没有公共秩序的世界，没有干净的食物、水、电，也没有能力生产其中任何一种。露丝挣扎了10多年才在这个可怕的，贫瘠的，放射性的国土上生存……
兰闺艳血,1950,1950-05-17,惊悚 剧情 爱情 悬疑,93,76,英语,尼古拉斯·雷,安德鲁·索尔特,亨弗莱·鲍嘉 格洛丽亚·格雷厄姆 Frank Lovejoy Carl Benton Reid 亚瑟·史密斯 Jeff Donnell Martha Stewart Robert Warwick Morris Ankrum,这部博加特主演的悬疑片有着令人意想不到的结局！,迪克逊·史蒂尔是一个剧作家，但不幸的是他被卷入了一宗凶杀案，他的女邻居劳雷尔．格雷因给他 作证而成为了恋人。但劳雷尔因混淆视听之言怀疑情人就是真正的凶手，因此伤害了他们之间的纯真感情 ，最后只好痛苦地分手。
Shottas,2002,2002-02-27,动作 冒险 犯罪 剧情,95,76,英语,Cess Silvera,Adam Doench,Ky-Mani Marley Spragga Benz Paul Campbell Louie Rankin Wyclef Jean Screechie Bop San San Jabba Assassin,"Friendship, loyalty & greed.","A raw urban drama about two friends raised on the dangerous streets of Kingston, Jamaica. Biggs and Wayne take on the ""Shotta"" way of life to survive. As young boys, they begin a life of crime, eventually moving to the US where they begin a ruthless climb from the bottom. They remain bound to each other by their shottas loyalty as they aggressively take control of the Jamaican underworld."
永远的莉莉亚,2002,2002-08-23,剧情 犯罪,109,76,瑞典语,卢卡斯·穆迪松,,奥莎娜·阿金什那 Artyom Bogucharsky Ljubov Agapova Liilia Šinkarjova Elina Benenson Pavel Ponomaryov Tomasz Neuman Anastasiya Bedredinova Tõnu Kark,,影片以当代俄罗斯为背景，讲述了13岁的莉莉亚在残酷街头挣扎求生的故事。
从三开始,1981,1981-03-05,喜剧,110,76,意大利语,Massimo Troisi,Anna Pavignano,Massimo Troisi Fiorenza Marchegiani Lino Troisi Deddi Savagnone Vincent Gentile Laura Nucci 雷纳托·斯卡帕 Luciano Crovato 马可·梅塞里,,"Gaetano, a young Neapolitan, decides to leave home, work and friends, to look for other moments of life and meet other people."
活死人之夜,1968,1968-10-04,恐怖 惊悚 科幻,96,76,英语,乔治·A·罗梅罗,约翰·A·罗素,Judith O'Dea Duane Jones Marilyn Eastman Karl Hardman Judith Ridley Keith Wayne Kyra Schon Charles Craig S. William Hinzman,"If it doesn't scare you, you're already dead!",这部由恐怖大师乔治·A·罗梅罗执导的作品，是独立电影史上一个传奇：它最初作为午夜场电影走红，随后票房大爆，最终成为影史上最具影响力的影片之一。一队志在留名的电影人凭借微薄预算在匹兹堡郊外完成拍摄。影片讲述一群陌生人被困农舍，被迫抵御大量刚复活食人尸鬼的围攻，这个看似简单的故事实则暗藏深意。罗梅罗通过幽闭恐怖的视角，呈现了1960年代末美国自我撕裂的社会图景，以血腥画面融合尖锐社会评论，并悄然突破时代局限——启用黑人演员杜安·琼斯担任主角，由此改写了恐怖类型的创作规则。[标准收藏]
陆上行舟,1982,1982-03-04,剧情 冒险,157,76,德语,沃纳·赫尔佐格,,克劳斯·金斯基 克劳迪娅·卡汀娜 José Lewgoy Miguel Ángel Fuentes Paul Hittscher Huerequeque Enrique Bohórquez Grande Otelo Peter Berling David Pérez Espinosa,敢于梦想那些不可能的事。,20世纪初南美秘鲁。痴迷歌剧的白人菲茨杰拉德（克劳斯·金斯基 Klaus Kinski饰）被当地人称为空想家“菲茨卡拉多”。菲茨卡拉多经常做出一些令人无法理解的举动，尤其当他在巴西的亚马逊大剧院欣赏到世界著名男高音卡鲁索的演出之后，居然萌生出要在秘鲁小镇上也修建出一座宏大剧院的疯狂念头。为了获得足够的资金，菲茨卡拉多接受了当地橡胶大亨向他提出到神秘恐怖的乌圭里亚林区进行收割的任务，一段惊险刺激的旅程随之开始。
小岛惊魂,2001,2001-08-10,恐怖 悬疑 惊悚,104,76,英语,亚历桑德罗·阿曼巴,,妮可·基德曼 阿拉济纳·曼恩 詹姆斯·本特利 菲奧娜拉·弗拉納根 克里斯托弗·艾克斯顿 埃里克·赛克斯 伊莱恩·卡西迪 基思·艾伦 雷妮·阿舍森,Sooner or later they’ll find you.,一个名叫葛瑞丝(妮可基嫚饰）的女人在二次大战末期，带著两个孩子避居到小岛上，等著丈夫从战场回来。由于她的孩子们患有疾病，不能接触阳光，所以一家人必须被迫孤独地生活在陌生的小岛上。葛瑞丝在日常生活上订有种种奇怪的规定，如：不可随便把门打开，除非先确定前一扇门已经关上。  葛瑞丝一家虽然过著与世隔绝的生活，但她总觉得这座房子有那麽点不对劲，尤其她的女儿一直声称屋子裡还有其他人... 加上新来的三个古怪又神祕的僕人，葛瑞丝究竟会遭遇到什麽样的危险呢？
峡谷,2025,2025-02-13,爱情 科幻 惊悚,127,76,英语,斯科特·德里克森,扎克·迪恩,迈尔斯·特勒 安雅·泰勒-乔伊 西格妮·韦弗 索佩·迪瑞苏 威廉·休斯顿 寇布勒·霍尔德布鲁克-史密斯 詹姆斯·马洛 朱丽安娜·库洛卡娃 鲁塔·盖德敏塔斯,世界上最危险的秘密就隐藏于他们之间,两名训练有素的特工被派去看守一个神秘峡谷，期间相隔两侧的两人反而越走越近。峡谷中的邪恶力量浮现后，他们必须携手合作，才能与之抗衡，生存下去。
考拉大冒险2,2021,2021-12-03,家庭 动画 冒险 喜剧,92,76,英语,Harry Cripps,Claire Knight,艾拉·菲舍尔 蒂姆·明钦 艾瑞克·巴纳 盖·皮尔斯 Miranda Tapsell 安格斯·里 Keith Urban Aislinn Derbez Diesel La Torraca,Dangerously cute and on the loose,厌倦了被关在爬行动物馆里，人类像看怪物一样盯着它们，一群澳大利亚最致命的生物计划从动物园逃到内陆地区，在那里它们可以不受评判地适应环境。
流浪者之歌,1988,2024-04-20,剧情 喜剧 犯罪 奇幻,142,76,Serbo-Croatian,埃米尔·库斯图里卡,戈丹·米希奇,Davor Dujmović Borivoje Todorović Ljubica Adžović Husnija Hasimović Sinolička Trpkova Zabit Memedov Elvira Sali Suada Karišik,,巴尔干某城市边缘的茨冈村落里，小伙子贝汉（Davor Dujmovic 饰）与外婆一家四口生活在一起，嗜赌的舅舅梅尔桑每次输光后就开始怀念在德国的生活，妹妹的腿疾因无钱而得不到救治。贝汉与同村的阿兹娜相恋，但对方母亲嫌弃贝汉一家贫穷坚决回绝。长年在意大利赚钱的族长阿梅德回到村子，在赌桌上让梅尔桑输到丧失理智，毁掉了自家人的木屋。但外婆却用巫术救回了阿梅德的孩子，为表谢意，阿梅德答应带妹妹出国治病，并让身怀隔空移动小铁器特异功能的贝汉随行。贝汉很快发现阿梅德不过是利用儿童乞讨盗窃的团伙头子，但已无力摆脱只得随顺，不久阿梅德患病，将小团伙交予贝汉管理，贝汉摇身一变成为有钱人，遂回乡将阿兹娜接到米兰，但阿兹娜腹中的骨肉让贝汉大为光火，坚持要将孩子卖掉……  　　本片获1989年戛纳电影节最佳导演奖。
刺猬索尼克3,2024,2025-01-10,动作 科幻 喜剧 家庭,110,76,英语,帕特·凯西,乔什·米勒,金·凯瑞 本·施瓦茨 基努·里维斯 伊德瑞斯·艾尔巴 科琳·欧肖内希 詹姆斯·马斯登 迪卡·桑普特 李·马贾道布 克里斯滕·丽特,New adventure. New rival.,前所未有的劲敌“暗影”（基努·里维斯 Keanu Reeves 配音）高能袭来，轻松击败索尼克（本·施瓦茨 Ben Schwartz 配音）和他的伙伴纳克鲁斯（伊德里斯·艾尔巴 Idris Elba 配音），索尼克只好去找昔日老对手蛋头博士（金·凯瑞 Jim Carrey 饰）共同联手对抗“暗影”，而退休的蛋头博士已日渐发福，他们能否联手抗敌？
小公主,1995,1995-05-10,剧情 家庭 奇幻,97,76,英语,阿方索·卡隆,弗朗西丝·霍奇森·伯内特,莉塞尔·马修斯 埃莉诺·布朗 利亚姆·坎宁安 拉丝蒂·休默 凡妮莎·李·切斯特 蕾切尔·贝拉 卡米拉·贝尔 凯尔西·穆鲁尼 劳伦·布鲁门菲尔德,再微小的奇迹也值得被珍视。,当小女孩与军人父亲分离，被送往一所严格的寄宿学校时，她必须依靠自己的智慧与想象力面对生活。[华纳兄弟]
红圈,1970,1970-10-19,犯罪 惊悚,140,76,法语,让-皮埃尔·梅尔维尔,,阿兰·德龙 布尔维尔 吉安·玛丽亚·沃隆特 Yves Montand François Périer Paul Crauchet André Ekyan Paul Amiot Pierre Collet,No place to hide . . . nowhere to run . . .,阿兰·德龙饰演一名刚出狱的天才窃贼，与恶名昭彰的越狱犯及酗酒的前警察意外结盟。这三个本不可能合作的同谋策划了一场看似不可能的劫案，直到一名铁面无情的探长与他们各自的过往，最终锁定了他们的命运。凭借其恪守道义的反英雄角色、冷冽的氛围感摄影与震撼的场面调度，本片堪称让-皮埃尔·梅尔维尔——这位专注于暧昧内省的犯罪电影大师——的典范之作。[标准收藏]
街区男孩,1991,1991-07-12,犯罪 剧情,112,76,英语,约翰·辛格尔顿,,小库珀·古丁 劳伦斯·菲什伯恩 艾斯·库珀 莫里斯·切斯纳特 安吉拉·贝塞特 尼娅·朗 泰拉·法瑞尔 雷吉娜·金 Meta King,Once upon a time in South Central L.A... It ain't no fairy tale.,在美国西部的黑人街区中，暴力与犯罪几乎随时都在发生，街上闲晃的青年与草丛里发臭的尸体点缀着小学生提瑞·斯代尔每天与伙伴们的生活，提瑞性格多话好胜，在课堂上与同学大打出手，为了他的教育问题，母亲将提瑞送到了前夫福瑞斯（劳伦斯·菲什伯恩 Laurence Fishburne 饰）那里，父亲有着强悍的个性，提瑞在他的引导下成长着……七年之后，提瑞（小库珀·古丁 Cuba Gooding Jr 饰）已是一名青年，黑人街区的混乱状况并没有改善，提瑞和他的朋友们卷入了宿命般的街头仇杀中……  　　本片编导约翰·辛格顿以23岁之龄获得奥斯卡最佳导演提名，保持着最年轻获提名导演的纪录。 ©豆瓣
达荷美女战士,2022,2022-09-16,动作 剧情 历史 战争,126,76,英语,达娜·史蒂文斯,吉娜·普林斯-拜斯伍德,维奥拉·戴维斯 图索·姆贝杜 拉什纳·林奇 希拉·阿蒂姆 约翰·博耶加 乔丹·博尔格 赫洛·费因斯-提芬 Jimmy Odukoya 玛萨利·班度萨,她的统治开始了。,影片讲述了史上最英勇女战士的非凡故事，改编自发生在19世纪非洲西海岸的真实历史事件。  　　当外来侵略者虎视眈眈，位于西非的达荷美王国组建了一支完全由女性组成的军团，她们骁勇善战、所向披靡，誓要粉碎侵略者的野心。影片展现了纳尼斯卡将军震撼人心的旅程——她训练下一代新兵，并让她们做好准备，不惜一切代价保卫家园……
小王子,2015,2015-10-16,冒险 动画 奇幻 家庭,108,76,英语,马克·奥斯本,安托万·德·圣-埃克苏佩里,莱利·奥斯本 麦肯基·弗依 杰夫·布里吉斯 瑞秋·麦克亚当斯 玛丽昂·歌迪亚 詹姆斯·弗兰科 本尼西奥·德尔·托罗 巴德·库特 瑞奇·热维斯,Growing up isn't the problem... forgetting is.,灰蒙蒙的都市丛林，美丽的小女孩眼神中没有渴望和雀跃，她跟随妈妈穿梭钢筋水泥的光影之间，按照社会既定法则亦步亦趋。她的未来似乎早被注定和规划，即使生日礼物也找不到些许惊奇。为了进入好学校，母女俩搬到郊外一幢独栋房子里，旁边则是一间与周遭格格不入的破房子。某天，一个飞机螺旋桨突然破墙而入，从而建立起女孩和隔壁那个怪爷爷的友谊。老人自称曾是一名飞行员，年轻时他迫降沙漠，在那里认识了有着纯真心灵的小王子。女孩听老人讲述着有着童话般瑰丽色彩的往事，不知不觉间心驰神往……
德意志零年,1948,1948-12-01,剧情,74,76,意大利语,罗伯托·罗西里尼,马克斯·科尔佩,Edmund Moeschke Ernst Pittschau Ingetraud Hinze Franz-Otto Krüger Erich Gühne Heidi Blänkner Jo Herbst Barbara Hintz 阿道夫·希特勒,士兵可以失去一切，唯独不能失去勇气。,影片主要讲述战争给给人民带来的灾难，战争不仅使人民陷入饥饿贫困，还是儿童的心理产生畸形。影片中的主角是个儿童，他把他那卧床不起、患有心脏病的父亲毒死，因为他认为父亲对社会豪无用处。事后，他又因内心不安而自杀。影片表面上把这个儿童产生杀父和自杀的心理归咎于一个老师的教育错误，实际上则是在揭露德国的纳粹主义，认为他们才是这一切罪恶的根源。
龙珠Z：绝望的反抗!! 残留的超战士・悟饭和特兰克斯,1993,1993-02-24,动画 动作 科幻,48,76,日语,鸟山明,上田芳裕,野泽雅子 田中真弓 鹤弘美 堀川亮 草尾毅 渡边菜生子 乡里大辅 龙田直树 宫内幸平,绝望中的反抗﹗孤独的超级战士,悟空病死半年， 17、18号的出现让大部分人都被杀死。过了13年悟饭和特兰克斯找人造人挑战，悟饭为救特兰克斯而断臂。伤好之后悟饭一个人找人造人挑战不幸战死，特兰克斯看到他的尸体愤怒的变身成为超级赛亚人。3年后特兰克斯再次挑战人造人，战败但未死，于是坐上时光机器回了过去
人生不再重来,2011,2011-07-15,剧情 喜剧 爱情,154,76,印地语,卓娅·阿赫塔尔,瑞玛·卡格蒂,李提克·罗森 Abhay Deol Farhan Akhtar Katrina Kaif 卡尔基·科奇林 纳西鲁丁·沙阿 Ariadna Cabrol 迪普提·纳瓦尔 Anisa,Lets Make This The Most Memorable Road Trip Ever,Kabir和Natasha相识半年后订婚了，结婚前Kabir打算邀请死党Imraan和Arjun和他一起去西班牙共度人生中最后一次的单身汉派对。Arjun因为繁忙的工作而脱不了身，经过一番威逼利诱之后，3个男人终于踏上了为期3周的公路旅行。其实这次计划并不是Kabir一时的心血来潮，而是早在4年前，那时刚从大学毕业的他们就为这个美妙的旅行假期制定好了计划，却由于各种借口迟迟未能成行。  在这次公路之旅中，每个人必须选择一项极限运动，而另外两人也必须跟着他一起完成。在巴塞罗那碰面之后，三人就此开始了一段冒险之旅。总而言之，这个假期将会永远改变他们的生活。  电影由Zoya Akhtar导演，赫里尼克·罗斯汉、阿布依·多尔和法拉汗·阿克塔尔主演，是一部关于三个男人友情的公路片，在西班牙、埃及和印度等多个地方取景拍摄。
虎豹小霸王,1969,1969-09-24,冒险 西部 犯罪 剧情 历史,110,76,英语,乔治·罗伊·希尔,威廉·戈德曼,保罗·纽曼 罗伯特·雷德福 凯瑟琳·罗斯 斯特罗瑟·马丁 亨利·琼斯 杰夫·科里 乔治·弗斯 克洛里斯·利奇曼 泰德·卡西迪,"Not that it matters, but most of it is true.",19世纪末，威名四震的“虎豹小霸王”布奇（保罗·纽曼 Paul Newman 饰）与搭档太阳舞小子（罗伯特·雷德福 Robert Redford 饰）在美国西部的一个小镇上四处抢劫银行，与对手凶残搏杀，与警察机智周旋。一次，两人抢劫“飞人”公司邮车，引来警长与当地居民的追捕。但他俩依旧我行我素，抢占强占了女教师埃塔（凯瑟琳·罗斯 Katharine Ross 饰），逍遥自在地过着快乐时光。当他们再次抢劫“飞人”邮车后，招来一队骑警，对他们紧追不舍，展开天罗地网的搜捕，迫使布奇和太阳舞小子展开了逃亡之路。从悬崖跳下逃命的两人找到埃塔，商议去玻利维亚谋生。在异国他乡，他们尝试金盆洗手走上正道，终究还是认为这种生活不适合他们，于是重操旧业。埃塔一气之下，抛下他们重回美国。他们在一座小镇不慎暴露身份，被追捕的警察重重包围。前有拦截，后有追兵，虎豹小霸王是否能够在重重夹击之下浴火重生？
人类之子,2006,2019-04-07,科幻 惊悚,109,76,英语,阿方索·卡隆,P. D. 詹姆斯,克里夫·欧文 克莱尔-霍普·阿什蒂 切瓦特·埃加福 朱丽安·摩尔 迈克尔·凯恩 帕姆·费里斯 查理·汉纳姆 丹尼·休斯顿 彼得·穆兰,公元2027年：人类最后的时光。十八年来再无新生儿降临。他必须守护我们唯一的希望。,本片勾勒出距今仅一代之遥的未来图景：因人类丧失生育能力，世界紧随其后陷入混乱。全球最年轻的公民刚于18岁离世，人类正面临自身灭绝的危机。故事背景设定在暴力肆虐、民族主义教派割裂的伦敦，影片跟随理想幻灭的官僚西奥（克里夫·欧文 饰），看他如何意外成为拯救地球存亡的关键人物。[环球影业]
欲海情魔,1945,1945-10-20,犯罪 剧情,111,76,英语,迈克尔·柯蒂斯,詹姆斯·马勒汉·凯恩,瓊·克勞馥 杰克·卡森 Zachary Scott Eve Arden Ann Blyth 布鲁斯·贝内特 李·帕特里克 Moroni Olsen Veda Ann Borg,请不要告诉任何人米尔德丽德·皮尔斯做了什么！,好莱坞大师迈克尔·柯蒂兹在这幅浸染着黑色影调的母性牺牲肖像中，谱写了一曲家庭伦理悲剧。琼·克劳馥饰演的米尔德里德，是一位执意让子女摆脱经济困窘之辱的单亲母亲，这一标志性演出不仅巩固了克劳馥的事业回归，更为她斩获演艺生涯中唯一一座奥斯卡奖杯。然而，当米尔德里德凭借顽强毅力从沉着镇定的女侍者一路拼搏成为连锁餐厅的阔绰业主时，她那物质至上的长女（安·布莱丝 饰，其演绎堪称邪典）却以毒蛇噬心般的忘恩负义，不断触发绝望的妥协与无情的责难，使母女陷入无尽循环的深渊。影片将詹姆斯·M·凯恩笔下层次丰富的心理小说重构为一桩凶案谜题，这杯混杂着盲目母爱与美式野心的苦涩鸡尾酒，既拥有冷酷无情的故事质地，亦饱含汹涌澎湃的情感张力。
关山飞渡,1939,1939-03-02,西部 冒险,96,76,英语,约翰·福特,达德利·尼科尔斯,Claire Trevor 约翰·韦恩 George Bancroft 安迪·戴芬 托马斯·米切尔 John Carradine 唐納德·米克 Berton Churchill Louise Platt,九个奇异人物的强大故事。,一切传奇由此启程。约翰·福特轰动影坛的传世杰作彻底革新了西部片，将其从B级片提升至A级制作，奠定了这一类型片的现代范式。这部讲述一群陌生人被抛入极端境遇的典范之作，汇聚了克莱尔·特雷弗、约翰·卡拉丹、托马斯·米切尔等好莱坞巨星的出色演绎，更标志着约翰·韦恩首度在福特镜头下担纲主角——饰演亡命之徒林戈小子。凭借精湛的摄影与凝练的剪辑，本片堪称好莱坞叙事艺术的巅峰呈现。[标准收藏公司]
亲吻亭2,2020,2020-07-24,喜剧 爱情,132,76,英语,Vince Marcello,Beth Reekles,乔伊·金 雅各布·艾洛蒂 乔尔·考特尼 莫莉·林沃尔德 泰勒·扎克哈尔·佩雷斯 麦茜·理查森-塞勒斯 Meganne Young Stephen Jennings Carson White,Rules can be broken...but so can hearts.,艾儿·埃文斯（乔伊·金饰）刚刚和改过自新的坏男孩男友诺亚·弗林（雅各布·艾洛蒂饰）度过了她人生中最浪漫的一个夏天。但现在诺亚要去哈佛了，艾儿要回到高中开始自己的高三生活。她不得不进行一段异地恋，和她最好的朋友李（乔尔·考特尼饰）一起进入她梦寐以求的大学，而且她与英俊、有魅力的新同学马尔科（泰勒·佩雷斯饰）的亲密友谊也带来了一系列麻烦。当诺亚与一名看似完美的大学女孩（麦茜·理查森·塞勒斯饰）走得很近，艾儿不得不认清自己对他的信任程度，认清自己内心真正喜欢的人。
银河护卫队2,2017,2017-05-05,科幻 冒险 动作,136,76,英语,詹姆斯·古恩,吉姆·斯特林,克里斯·帕拉特 佐伊·索尔达娜 戴夫·巴蒂斯塔 范·迪塞尔 布莱德利·库珀 库尔特·拉塞尔 迈克尔·鲁克 凯伦·吉兰 庞·克莱门捷夫,银河天团贱走偏疯 燃爆漫威宇宙,火箭浣熊偷走了大祭司阿耶莎的能量电池，包括星爵、卡魔拉、德拉克斯在内的一行人遭到了后者派出的舰队的袭击。一个神秘人物乘坐着飞船救下了银河护卫队的众人，而驾驶着飞船的不是别人，竟然正是星爵的亲生父亲伊戈。 在伊戈的带领下，星爵、卡魔拉和德拉克斯来到了由伊戈一手制造的星球上，而剩下的成员们则着手修复损坏的飞船。那边厢，阿耶莎委托勇度抓住星爵替自己报仇，而卡魔拉亦渐渐发现了伊戈和善面目下隐藏的巨大阴谋。
魔发奇缘,2010,2010-11-24,动画 家庭 冒险,100,76,英语,威廉·格林,雅各布·格林,曼迪·摩尔 扎克瑞·莱维 唐娜·墨菲 朗·普尔曼 迈克·康纳·盖尼 杰弗里·塔伯 布拉德·加勒特 保罗·F·汤普金斯 理查德·基尔,They're taking adventure to new lengths.,女巫Gothel靠着一朵神奇的金色花朵保持青春。王后重病，国王派人找到了这朵金花给王后治病，王后病愈，生下了一个一头金发的小女孩Rapunzel。女巫失去金花，却发现小公主的金发有 着同样的魔力，因此她偷走Rapunzel，把她关到森林中的一座没有楼梯高塔之上。十八年后，Rapunzel在女巫的抚养下长成一个拥有长长金发的美人，她越发渴望外面的世界，女巫为了自己青春永驻，想方设法把Rapunzel留在身边。一天，窃贼Flynn盗取公主王冠后逃入森林，在好奇心趋势下登上了这座神秘的高塔，误打误撞见到了塔中的长发公主。在Flynn的陪伴下，Rapunzel走下高塔，开始了人生和爱情的大冒险。
心灵想要大声呼喊。,2015,2015-09-19,动画 剧情 音乐 爱情,119,76,日语,长井龙雪,冈田麿里,水濑祈 内山昂辉 雨宫天 细谷佳正 村田太志 高桥李依 石上静香 大山镐则 古川慎,那些被封闭在心里的话，真的好想大声说出来。,少女成濑顺（水濑祈 配音）有着一段不堪回首的童年往事，曾经，年少无知的她因为口无遮拦，导致了家族的悲剧，而她本人亦被封印了言语，无法再开口说话。这样的顺终日生活在悲伤之中，和所有人都保持着距离，紧紧的关闭上了心门。某一天，浑浑噩噩迷迷糊糊的少年坂上拓実（内山昂辉 配音）、因为受伤而无法完成棒球梦想的田崎大树（细谷佳正 配音）、深陷令人苦恼的恋爱之中的拉拉队员仁藤菜月（雨宫天 配音）以及顺，这四人被老师任命组成了“地域沟通交流会”，他们要在交流会上表演一出音乐剧，可是班级里的大部分学生对此兴趣寥寥。在一片争执声中，顺突然出声，担下了演唱的任务。
勇气,2011,2011-09-30,剧情,129,76,英语,亚历克斯·肯德里克,斯蒂芬·肯德里克,肯  拜博 亚历克斯·肯德里克 Kevin Downes Renee Jewell Rusty Martin Lauren Etchells Ben Davies Robert Amaya Angelita Nelson,Honor Begins at Home,影片讲述了四个执法者的故事。作为打击犯罪的执法者，每天都生活在危险之中。虽然他们可以保护自己的安全，可是他们的家人还是遭遇到了不幸。剩下的这些男人只有依靠自己的力量和命运、希望、信仰和责任角力。正如同打铁的工具是另一块铁一样，这种命运改变了他们接下来的命运，在友谊和父爱的支撑下，他们做出了改变自己下半生的决定。
突袭2：暴徒,2014,2014-03-28,动作 犯罪 惊悚,150,76,印尼语,加雷斯·埃文斯,,伊科·乌艾斯 阿里芬·普特拉 蒂奥·帕库苏德沃 奥卡·安塔拉 亚历克斯·阿巴德 塞塞普·阿里夫·拉赫曼 朱莉·埃斯特尔 维利·崔·尤里斯曼 松田龙平,It's not over yet.,伊科·乌艾斯饰演的警察Rama正想从罪案现场返回警署时，上级Tama(Ray Sahetaphy 饰演)临时增派危险任务给他，使得Rama陷入危险境地...
最长的一天,1962,1962-10-04,战争 动作 剧情,178,76,英语,Cornelius Ryan,Andrew Marton,约翰·韦恩 罗伯特·米彻姆 亨利·方达 理查德·伯顿 肖恩·康纳利 莱斯利·菲利普斯 罗伯特·瑞安 保罗·安卡 Wolfgang Büttner,THE INTERNATIONAL ACCLAIMED HIT JUST AS IT WAS SHOWN IN THE MAJOR CAPITALS OF THE WORLD!,影片描绘的是登陆诺曼底的第一天所发生的事件，所谓最长的一天是该片分别从盟军和德军双方面的角度同时描述诺曼第登陆这一历史战役的来龙去脉，以及双方在此期间的重要反应，手法平实，场面逼真，让整个事件在观众眼前重现。并且粗中有细，无论是决策的将军还是登陆的士兵都写得栩栩如生：英军战机低空飞过攻击；美国特种部队遭德军射击；一群法国修女冒着枪林弹雨抢救联军伤兵……备战实况规模之伟大，叫人印象深刻；过程中做出的种种错误决定及各项导致这场历史上其中一场最浩大战争的大小事件，影响深远。
蓝丝绒,1986,1986-09-19,悬疑 惊悚 犯罪,120,76,英语,大卫·林奇,,伊莎贝拉·罗塞里尼 凯尔·麦克拉克兰 丹尼斯·霍珀 劳拉·邓恩 霍普·兰格 迪恩·斯托克韦尔 George Dickerson 普莉希拉·波因特 弗朗西斯·贝,这个世界真是奇妙，不是吗？,大学生杰弗里回到小镇照顾生病的父亲，这个表面平静安逸的小镇却让杰弗里在归家途中的草丛里就发现了一只被残忍割下的人耳，杰弗里当场呕吐。这只耳朵引来了警察威廉斯的调查，威廉斯有个纯情年少的女儿桑迪，她与杰弗里相爱了，为了讨爱人欢心她向他透露案情进展，杰弗里循着线索开始调查……
怪房客,1976,1976-05-26,惊悚 悬疑 剧情,126,76,法语,罗曼·波兰斯基,罗兰·托波尔,罗曼·波兰斯基 伊莎贝尔·阿佳妮 梅尔文·道格拉斯 Jo Van Fleet Bernard Fresson 雪莉·温特斯 Lila Kedrova 克劳德·多芬 Claude Piéplu,公寓出租：楼内安静，带家具，两室。前租客曾在此自杀。,一位青年只身到人地生疏的巴黎居住，他找到一所合适的房子，但原来前一位房客是一位女子，在该处跳楼受伤。当男主角去探望她时，她受伤的模样深印男主的脑海中。随后，男主角感到四周的人要把他代替女房客的角色，他不断抗拒，却又不由自主地买了很多女性衣服，把自己装扮成女性的模样，最后也从该房子跳下受伤，所受的伤和女房客一模一样。
安娜斯塔西娅,1997,1997-11-21,动画 家庭 奇幻 冒险,94,76,英语,Gary Goldman,Don Bluth,梅格·瑞恩 约翰·库萨克 凯尔塞·格拉玛 克里斯托弗·劳埃德 汉克·阿扎里亚 伯纳黛特·彼得斯 克斯汀·邓斯特 安吉拉·兰斯伯瑞 Rick Jones,Discover the adventure behind the greatest mystery of our time.,故事发生在1916年的俄国，沙皇的灭亡让尚且还是婴孩的公主娜塔西娅（梅格·瑞恩 Meg Ryan 配音）和祖母朵瓦格（安吉拉·兰斯伯瑞 Angela Lansbury 配音）流离失所，在兵荒马乱之中，两人失散了。一晃眼十年过去，曾经的公主已经出落成为了名为安雅的美丽女孩，而一直惦念孙女的朵瓦格则开始花重金寻找公主的下落。一次偶然中，骗子德米特（约翰·库萨克 John Cusack 配音）遇见了安雅，并不知道安雅就是娜塔西娅公主的德米特决定让安雅假扮娜塔西娅，以骗取高额的赏金，在此过程中，两人之间却意外的产生了真挚的感情。一直以来，安雅都对自己的过去和身份耿耿于怀，这一次，她能够得到所谓的真相吗？
哈罗德与莫德,1971,1971-12-20,喜剧 剧情 爱情,88,76,英语,哈尔·阿什比,Colin Higgins,Ruth Gordon 巴德·库特 Vivian Pickles 西里尔·库萨克 Charles Tyner Ellen Geer 埃里克·圣诞 G. Wood Judy Engles,They were meant to be. But exactly what they were meant to be is not quite clear.,20岁的上流社会男孩哈洛（Bud Cort 巴德•库特 饰）对死亡异常迷恋，喜欢伪装自杀吓唬母亲，热衷参加葬礼，甚至购买了一辆灵车。母亲习以为常，却也不堪忍受，因此催促哈洛早日成家，成熟起来。在他人的葬礼上，哈洛认识了79岁的穆德（Ruth Gordon 露丝•高登 饰），一个与他有着相同爱好的老妇人，从此走入慕德奇妙多彩的世界。  　　开朗搞怪的慕德使阴郁的哈洛逐渐开朗，并最终向她展开心扉。哈洛的死亡游戏接连吓跑多个应征女孩，忍无可忍的母亲决定让他参军，他和慕德却设计摆脱了兵役困扰。两个忘年交的朋友越走越近……
泥醉天使,1948,1948-04-27,剧情,98,76,日语,黑泽明,植草圭之助,志村乔 三船敏郎 山本礼三郎 木暮实千代 中北千枝子 千石规子 Shizuko Kasagi 进藤英太郎 清水将夫,,战败后的日本，真田（志村乔饰）是名喜欢喝酒的贫民社区医生，他擅长治疗肺结核。一天黑社会头目松永（三船敏郎饰）由于手上受伤找他治疗，谁知被真田看出了肺结核的症状。他劝松永去照X光检查一下，可松永不愿接受自己生病的事实，反而大骂真田一通并争执起来。但是松永回去以后症状越来越严重，拍片后证实确实是肺结核，嘴上逞强的他还是接受了真田的治疗。然而，松永的黑社会大哥冈田（山本礼三郎饰）从监狱里出来，他逐渐取代松永在黑帮里的位置并拥有了一切，病入膏肓的松永只能孤注一掷……
巨人传,1956,2014-04-16,剧情 西部 爱情,201,76,英语,乔治·史蒂文斯,埃德娜·费伯,伊丽莎白·泰勒 Rock Hudson 詹姆斯·迪恩 卡罗尔·贝克 Jane Withers 奇尔·威尔斯 Mercedes McCambridge 丹尼斯·霍珀 萨尔·米涅奥,Sometimes any man can be a giant . . .,本片改编自埃德娜·费伯的德克萨斯题材长篇巨著，以气势恢宏的史诗笔触，描绘了当代牧场大亨与新晋石油巨擘的沧桑沉浮。
调音师,2018,2018-10-05,犯罪 悬疑 惊悚 喜剧,139,76,印地语,斯里兰姆·拉格万,Hemanth M. Rao,阿尤斯曼·库拉纳 塔布 拉迪卡·艾普特 马纳夫·维吉 扎克尔 侯赛因 安尔·德霍万 阿什维尼·卡尔塞卡 拉什米·阿格德卡 查亚·卡达姆,Every artist has a secret.,改编自2010年的同名法国高分悬疑短片。  双目失明的钢琴家阿卡什（阿尤斯曼·库拉纳 Ayushmann Khurrana 饰）为了参加国际大赛，平日里通过私人授课赚取经费。事实上他的眼睛完全正常，只不过希望通过这种方式感受不同的生活。  因为一场意外，阿卡什结识了美丽的姑娘苏菲（拉迪卡·艾普特 Radhika Apte 饰）。凭借出色的演奏技巧，阿卡什在苏菲父亲经营的西餐馆谋得兼职。他的演奏不仅令食客们倾倒，更虏获了苏菲的心。  某天，阿卡什接受过气的影星普拉默（安尔·德霍万 Anil Dhawan 饰）的邀请，登门为对方的妻子西米（塔布 Tabu 饰）演奏庆生，谁知却亲眼目睹了倒在血泊中的普拉默的尸体。惊慌失措的阿卡什假装镇定，虽然暂时骗过了西米及其情夫，但是他的秘密还是慢慢被人戳穿……
一个叫欧维的男人决定去死,2015,2015-12-25,喜剧 剧情,116,76,瑞典语,汉内斯·霍尔姆,弗雷德里克·巴克曼,罗夫·拉斯加德 巴哈·帕斯 菲利普·伯格 埃达·英格薇 托比亚斯·阿姆博瑞 克拉斯 查塔琳娜·拉尔森 博瑞·伦贝里 斯蒂芬·戈迪克,Misery hates company.,欧维（罗夫·拉斯加德 Rolf Lassgård 饰）是一个刻板而又固执的老头，他的妻子早年间死于疾病，留他一人生活在这个混乱不堪的世界之中。每天早晨，欧维都会定时在社区里进行巡视，确认所有的车辆都停在应停的位置，呵斥违反规定私自驶入社区的车辆，赶走四处乱转破坏环境的猫狗，在社区居民眼里，欧维是“来自地狱的恶邻”，可每个人都明白，这其实是欧维对于社区爱之深刻的表现。某一日，欧维遭到了上司的解雇，离开了恪守了几十年的工作岗位，心灰意冷对现世了无牵挂的欧维决定自杀。然而，就在这个节骨眼上，一位名为帕维娜（巴哈·帕斯 Bahar Pars 饰）的女子和丈夫带着两个孩子搬到了欧维的隔壁，成为了欧维自杀计划的绊脚石。
莫里斯,1987,1987-11-06,剧情 爱情,140,76,英语,詹姆斯·伊沃里,爱德华·摩根·福斯特,James Wilby 休·格兰特 鲁珀特·格雷夫斯 丹霍姆·艾略特 西蒙·卡洛 比莉·怀特劳 Barry Foster 朱迪·帕菲特 Phoebe Nicholls,A love story of unforgettable passion.,1908年的剑桥，他们相遇，心中隐约情动。那时的克里夫（休•格兰特 Hugh Grant 饰）和莫里斯（詹姆斯•威尔比James Wilby 饰）还是青葱年岁，克里夫终于突破同性禁忌向莫里斯吐露爱意，莫里斯欣然接受，甚至爱得比克里夫还要真诚炽热。在克里夫选择了仕途而放弃这段感情时，莫里斯仍然坚守。他在等待克里夫回来，却只等到了他和一个贵族女子的婚姻。 莫里斯认识了克里夫的家仆桑德。他身上有着异于克里夫的气质。当他爱上莫里斯时，万念俱灰的莫里斯没有拒绝这段新感情的开始。然而，两个阶层，不同志趣，终究是二人发展的绊脚石。桑德家人叫桑德辞工前往阿根廷定居，桑德却宁愿留在莫里斯的天地。
超级礼物,2007,2007-03-09,爱情 剧情 家庭,114,76,英语,Michael O. Sajbel,Jim Stovall,Drew Fuller 阿比盖尔·布雷斯林 詹姆斯·加纳 比尔·科布斯 阿里·希利斯 李·梅里韦瑟 布莱恩·丹内利 布雷特·萊斯 D. David Morin,超级礼物,杰森（德鲁·傅勒 Drew Fuller 饰）与爷爷霍华德·史蒂文斯（詹姆斯·加纳 James Garner 饰）之间似乎从未有过所谓祖孙情深的桥段，杰森唯一知道的就是向爷爷要钱。当爷爷去世后，杰森满心以为可以继承一大笔财产，前途无忧之时，他发现爷爷竟在他和这笔财产之间设置了十二道障碍，他必须依次完成遗嘱上的十二个有关“礼物”的任务后，方能得到这笔最终的超级礼物。为了获得遗产，杰森只好着手完成第一个任务，没想到得到的礼物竟是让他尝尝破产的滋味，而这仅仅是开始，对于几乎没有过正式工作的富二代杰森来说，遗嘱上的每一个任务都是一次艰难挑战，他不知道在这条发现之旅上他还会遇到什么，也不知道爷爷到底在卖什么药，然而他的人生却因为这份遗嘱正悄悄地被改写……  　　本片改编自吉姆·斯托维尔的同名畅销小说
玩具总动员2,1999,1999-11-24,动画 喜剧 家庭,92,76,英语,约翰·拉塞特,Doug Chamberlin,汤姆·汉克斯 蒂姆·艾伦 琼·库萨克 凯尔塞·格拉玛 唐纳德·杰伊·里克尔斯 吉姆·法尼 华莱士‧肖恩 约翰·拉岑伯格 安妮·波茨,玩具们又回来了,胡迪和巴斯光年等一班玩具们经历了上回的历险后友谊日益增强。同时，多迪的看家狗也成为了他们要好的朋友，大家在一起真是其乐融融。一天，胡迪不幸失足掉到院子里，被经过的一个胖玩具商偷走，并把他带回到了一个玩具工厂。当胡迪惊恐万分急着要逃出工厂时，却发现这里有许多的牛仔玩具，并且他们见到胡迪后显得十分激动。原来，这些玩具都是胖玩具商搜罗来的，他们是过去一部热门卡通片中的人物，这里就缺少胡迪这个主角了。为了让胡迪明白自己的身世，他们为胡迪播放了牛仔卡通片的剧集，胡迪这才知道了自己过去的很多英雄故事，也才知道这些玩具都是当年和自己一起出道的伙伴，同时他还知道了一个他不安的消息，胖玩具商将要把他和这些牛仔伙伴一块儿被卖到日本的一家玩具博物馆去！在家里所有的玩具都很担心胡迪，因此巴斯光年自告奋勇去寻找胡迪，但是当他们在玩具工厂找到胡迪时，他却似乎不再愿意回去过那平凡的生活……
十二猴子,1995,1995-12-29,科幻 惊悚 悬疑,129,76,英语,特里·吉列姆,珍妮特 皮波斯,布鲁斯·威利斯 玛德琳·斯托 布拉德·皮特 克里斯托弗·普卢默 大卫·摩斯 乔纳森·塞达 克里斯托弗·米洛尼 Joey Perillo 丽莎·盖伊·汉密尔顿,未来已经成为历史。,公元2035年，人类被12只猴子军研制的一种病毒侵袭，大部分人类都在这场病毒灾难中死亡，只有少数人侥幸逃生，但也只能在阴暗的地下，苟且偷生。科学家们决定派人穿越时光回到1996年追查12只猴子军的来历。囚徒詹姆斯·科尔(布鲁斯·威利斯 Bruce Willis 饰)被挑选为志愿者。阴差阳错，科尔回到了1990年，当他向当时的人们描述未来的那场大灾难时，被当作精神病捉了起来并被医生凯瑟琳·雪莉（玛德琳·斯通 Madeleine Stowe 饰）诊断为精神分裂症。科尔在病友杰弗里·戈因斯帮助下逃脱，回到了未来。因为没查清12只猴子军的来历，科尔再次被派回了1996年。科尔这次发现了12只猴子军的起源地在费城，他找到了医生凯瑟琳，二人一起展开了追查12只猴子军的冒险之旅!
河狸变身计划,2026,2026-03-20,动画 家庭 科幻 喜剧 冒险,99,76,英语,丹尼尔·钟,杰西·安德鲁斯,派珀·柯达 鲍比·莫伊尼汉 乔恩·哈姆 凯茜·纳基麦 戴夫·弗兰科 爱德华多·佛朗哥 Aparna Nancherla Tom Law 山姆·理查森,表现得自然一点。,梅宝是一位对动物世界充满好奇的年轻女孩，她利用先进的意识上传技术，将自己的思维注入一只机械河狸体内。以这种独特的形态，梅宝结识了河狸王国的乔治国王等动物伙伴。然而，一个由房地产开发计划带来的威胁，正试图破坏动物们的栖息地。梅宝与她的新朋友们联手，利用机械河狸的能力和人类的智慧，共同对抗这个危机，守护动物们的家园。
国王理查德,2021,2021-11-19,剧情 历史,138,76,英语,雷纳尔多·马库斯·格林,扎克·贝林,威尔·史密斯 安洁纽·艾莉丝-泰勒 萨尼亚·西德尼 黛米·辛格尔顿 乔·博恩瑟 米凯拉·拉谢·巴塞洛缪 托尼·戈德温 苏茜·阿布罗梅特 迪伦·麦克德莫特,"Venus, Serena and a plan for greatness.",该片讲述理查德·威廉姆斯的真实故事，这位精明务实、不屈不挠、没有任何网球背景的父亲培养 出了两个网球天才，她们后来成了超级巨星——维纳斯·威廉姆斯和塞雷娜·威廉姆斯（大威小威）。理查德·威廉姆斯为女儿们的职业网球生涯起草了一份78页的计划，女孩们在康普顿破旧、杂草丛生的公共球场上学会了这项运动。据报道，在那之前，她们的父亲与一些不喜欢这项运动、不肯让位的年轻硬汉发生了争执。威廉姆斯姐妹后来成为了网球史上最伟大的女选手之二。
倒数时刻,2021,2021-11-12,剧情 音乐,120,76,英语,林·曼努尔·米兰达,史蒂文·莱文森,安德鲁·加菲尔德 亚历山德拉·希普 罗宾·德·赫苏斯 米凯拉·杰·罗德里格斯 本·列维·罗斯 乔纳森·马克·谢尔曼 凡妮莎·哈金斯 约书亚·亨利 布莱德利·惠特福德,How much time do we have to do something great?,前途光明的音乐剧作曲家新秀即将步入 30 岁大关，他需要应对爱情、友情，还有及时创作出优秀作品的压力。
芭比之十二个跳舞的公主,2006,2006-09-19,动画 家庭,83,76,英语,罗丝·汉德勒,Greg Richardson,Kelly Sheridan 凯瑟琳·欧哈拉 Christopher Gaze Nicole Oliver 詹妮弗·科平 Lalainia Lindbjerg Kathleen Barr Chiara Zanni Adrienne Carter,Enchanted dancing in a magical world!,约瑟芬国王（Christopher Gaze 配音）膝下有十二个如花似玉的女儿，在享受天伦之乐之余，国王开始担心起这十二个过分活泼好动的小公主的未来命运了。为了让公主们健康成长，国王找到了公爵夫人罗薇娜（凯瑟琳·欧·哈拉 Catherine O'Hara 配音），让她做她们的“教导老师”，希望这位真正的贵族淑女能够带领女孩们走上正途。
疯狂动物城2,2025,2025-11-26,动画 家庭 悬疑 冒险 喜剧,108,76,英语,贾里德·布什,拜恩·霍华德,詹妮弗·古德温 杰森·贝特曼 关继威 福琼·费姆斯特 安迪·萨姆伯格 大卫·斯特雷泽恩 伊德瑞斯·艾尔巴 夏奇拉 帕特里克·沃伯顿,他们带着一个转折回来了。,在成功侦破动物城历史上最重大的案件后，警官兔朱迪与狐尼克发现自己陷入了一个错综复杂的谜团之中。一只神秘爬行动物的到来，把温馨的动物城搅动得天翻地覆。面对全新的城市危机，朱迪与狐尼克将继续携手为保卫动物城而奔波。在追捕行动中，这对老搭档不仅要揭开新角色的神秘面纱，还要前往被迷雾笼罩的新领域，探索未知的地下黑市。一场疯狂动物城的全新冒险即将展开……
阿凡达,2009,2010-01-02,科幻 动作 冒险,162,76,英语,詹姆斯·卡梅隆,,萨姆·沃辛顿 佐伊·索尔达娜 西格妮·韦弗 史蒂芬·朗 米歇尔·罗德里格兹 吉奥瓦尼·瑞比西 乔尔·大卫·摩尔 希·庞德 韦斯·斯塔迪,超越想象 新世界,杰克·萨利是一名身困轮椅的前海军陆战队员。尽管身躯残破，杰克内心仍是一名战士。他受招募前往数光年外的潘多拉星球人类前哨站——一家企业集团正在那里开采一种稀有矿物，这被认为是解决地球能源危机的关键。由于潘多拉的大气对人类有毒，他们启动了“阿凡达计划”，将人类“驾驶员”的意识与一具能在致命空气中存活的远程控制生物躯体“阿凡达”相连。这些阿凡达是通过人类DNA与潘多拉原住民纳威人的DNA混合基因工程培育的杂合体。以阿凡达之躯重生后，杰克得以再次行走。他奉命渗透纳威人，后者已成为开采珍贵矿石的主要障碍。但一位美丽的纳威女性妮特丽救了杰克的命，这改变了一切。杰克被她的部落接纳，学习成为他们的一员，历经诸多考验与冒险。随着杰克与这位不情愿的导师妮特丽的关系加深，他逐渐学会尊重纳威人的生活方式，并最终在他们之中找到了自己的位置。很快，他将面临终极考验，带领纳威人投入一场决定整个世界命运的史诗之战。[20世纪福克斯]
七磅,2008,2008-12-18,剧情,123,76,英语,加布里埃尔·穆奇诺,格兰特·尼波特,威尔·史密斯 罗莎里奥·道森 伍迪·哈里森 迈克尔·布朗 巴里·佩珀 埃尔皮迪亚·卡里略 罗宾·李 比尔·斯米托洛维奇 乔·努内斯,Seven names. Seven strangers. One secret.,西装革履的国税局官员Ben Thomas（ Will Smith ）在四处走访纳税人的同时，已经做好了自己的自杀计划。带着对自己不幸去世的妻子的怀念，也带着自己身上所背负的歉疚，Ben对这个世界已经没有什么留恋的了。但是还有最后的几件事他要做——他要尽他的能力去帮助七个人。他们无一例外的都是病魔缠身，亟待帮助的人。可问题是，他们究竟是不是值得Ben的慷慨相助的人呢？
沉睡者,1996,1996-10-18,犯罪 剧情 惊悚,147,76,英语,巴里·莱文森,Lorenzo Carcaterra,凯文·贝肯 罗伯特·德尼罗 达斯汀·霍夫曼 布鲁诺·柯比 杰森·帕特里克 布拉德·皮特 明妮·德里弗 布拉德·伦夫罗 朗·埃达德,Four friends have made a mistake that will change their lives forever.,纽约街头，四名顽皮少年策划着一场好戏捉弄一下街边卖热狗的小贩以打发午后无聊的时光。不料玩笑开大了，他们错手杀死了小贩，被判进入男童院监禁数月。在男童院里，每到半夜，他们都会被狱卒们叫出去，被殴打、鸡奸。当他们重获自由后，四个伙伴决定将这段屈辱永埋心底。  　　多年后，其中两个 伙伴迈克尔（布拉德•皮特 Brad Pitt 饰）成了副检察官，洛伦左（杰森•帕特里克 Jason Patric 饰）成了记者，然而另外两个约翰（朗•埃达德 Ron Eldard 饰）和汤米（比利•克鲁德普 Billy Crudup 饰）却无法走出当年阴影，成了黑帮分子。当约翰和汤米在餐厅碰到当年鸡奸他们的狱卒之一肖恩（凯文•贝肯 Kevin Bacon 饰）时，毫不犹豫射杀了他。为了帮助伙伴，迈克尔想出了一个周全的计划：他们请来著名的糊涂律师为他们作辩护，而迈克尔为肖恩担任控方，努力要将官司打输；洛伦左则通过手段将肖恩卑劣的人品揭露……
永远是我的女孩,2018,2018-01-26,爱情 剧情,108,76,英语,Bethany Ashton Wolf,Heidi McLaughlin,亚历克斯·罗伊 杰西卡·罗德 约翰·本杰明·海基 艾比·莱德·弗特森 Peter Cambor 吉莲·韦格曼 Morgan Alexandria Lauren Gros James Rackley,Find your way back home.,乡村音乐巨星Liam Page在婚礼上丢下新娘走了，选择追逐功名利禄，但他一直都没忘记Josie。多年后Liam回到家乡参加一场葬礼，意外和Josie重逢，发现自己居然有个女儿，三人开始重新组建家庭。
末路狂花,1991,1991-05-24,剧情 犯罪 冒险,130,76,英语,雷德利·斯科特,卡莉·克里,苏珊·萨兰登 吉娜·戴维斯 哈威·凯特尔 迈克尔·马德森 克里斯托弗·麦克唐纳 斯蒂芬·托布罗斯基 布拉德·皮特 蒂莫西·卡哈特 露辛达·珍妮,有人说要活得精彩……于是他们做到了。,两位女性，一辆青绿色雷鸟跑车，一场终身难忘的旅程。凭借这部流行文化里程碑之作，编剧卡莉·库利与动作片名导雷德利·斯科特改写了公路电影的规则，讲述一对闺蜜在周末旅行失控后意外沦为亡命之徒的故事——她们在西南公路上急速狂飙，躲避追捕的同时以自我意志追寻自由。苏珊·萨兰登与吉娜·戴维斯令人屏息的表演（加上布拉德·皮特性感耀眼的首秀）推动着剧情，影片获六项奥斯卡提名，并为库利赢得一座奖杯。本片这场酣畅淋漓的灵魂洗礼，堪称电影史上对生死与共的女性情谊最极致的礼赞。[标准收藏]
最后的武士,2003,2003-12-05,剧情 动作 战争,154,76,英语,爱德华·兹威克,约翰·洛根,汤姆·克鲁斯 渡边谦 蒂莫西·斯波 托尼·戈德温 真田广之 小雪 小山田新 比利·康诺利 伊川东吾,"In the face of an enemy, in the heart of one man, lies the soul of a warrior.",1865年，美国内战结束。但战士的心却无法安宁，在随即而来的大规模西进运动中，刚刚从内战硝烟中幸存下来的白人士兵，又被带到了击杀印第安人的第一线。 上尉纳森.欧格仁在战争中见证了过多的鲜血与暴力，以至于迷失了自己的灵魂；特别是看到上级军官——上校本杰明巴格利屠杀印第安人时，他更感到作为战士的荣誉感消失殆尽。在义勇与牺牲精神被新时代的功利与自私主义代替时，沉浸在往日光荣梦想中的纳森.欧格仁只能整日借酒浇愁。
通往绞刑架的电梯,1958,1958-01-29,犯罪 剧情 惊悚,92,76,法语,路易斯·马勒,Noël Calef,珍妮·莫罗 Maurice Ronet Georges Poujouly Yori Bertin Jean Wall Elga Andersen Sylviane Aisenstein Micheline Bona Gisèle Grandpré,"Frantic for life and love, frantic for excitement.",二十四岁的路易·马勒在其长片处女作中，集结了珍妮·莫罗令人屏息的表演、亨利·德卡极具感染力的摄影，以及迈尔斯·戴维斯谱写的传世爵士配乐。这部氛围浓郁的犯罪惊悚片发生在一个躁动不安的巴黎夜晚，莫罗与莫里斯·罗内饰演一对恋人，他们谋杀她丈夫（也是他的雇主）的计划突生变故，引发一连串决定命运的事件。作为导演与女演员职业生涯的里程碑，本片以惊艳之姿开启了马勒多变创作的序幕，也奠定了莫罗作为银幕女神的不朽地位。[标准收藏]
成功的滋味,1957,1957-07-04,剧情,96,76,英语,恩斯特·莱赫曼,Alexander Mackendrick,伯顿·兰开斯特 托尼·柯蒂斯 Susan Harrison Martin Milner Jeff Donnell 山姆 莱文 Joe Frisco Barbara Nichols Emile Meyer,Beware these “Gentlemen” of the press!,"J.J. Hunsecker, 在纽约最有力的报纸专栏作家,决定阻止他的姊妹与史蒂夫达拉斯，一位爵士乐吉他手结婚。 他因此雇用席德尼，一个职业媒体中间人+狗仔, 及时阻止这件事。"
刺杀肯尼迪,1991,1993-10-01,剧情 惊悚 历史,189,76,英语,奥利弗·斯通,Zachary Sklar,凯文·科斯特纳 汤米·李·琼斯 加里·奥德曼 凯文·贝肯 迈克尔·鲁克 杰克·莱蒙 劳拉·梅特卡夫 茜茜·斯派塞克 乔·佩西,The story that won't go away.,肯尼迪的遇刺成为了一桩美国历史上的悬案，电影重新审视了那一段历史，到底杀手是一个普通人，还是整个庞大的政治阴谋，真相和幻象，都在调查中渐渐露出端倪。  　　总统遇刺的两小时内，官方认定的凶手即被逮捕，他就是里•哈威•奥斯瓦多。然而巧合的是，在随后的一个小时，这个嫌疑犯却火速被一名流氓杀死。经过调查，官方还是认定里•哈威•奥斯瓦多为真凶。但是，二十多年后的一个美国律师吉姆•加里森（凯文•科斯特纳 Kevin Costner 饰），却发现肯尼迪中弹的蹊跷，从而推测当年官方的误判，接下来，他的侦查牵连着一个历史上的惊天阴谋。
发之恋,2019,2019-08-14,动画 家庭 喜剧,7,76,英语,Matthew A. Cherry,Bruce W. Smith,伊萨·雷,,一位父亲第一次尝试梳理女儿的头发。
巴菲的奇妙命运,2012,2012-09-14,剧情 爱情 喜剧,151,76,印地语,Anurag Basu,Tani Basu,兰比尔·卡普尔 朴雅卡·乔普拉 伊萊亞娜·德克魯茲 沙鲁巴·舒克拉 Jisshu Sengupta 阿希瑟·维德亚迪 Akash Khurana Roopa Ganguly Sujata Sehgal,,不会说话也听不见的Barfi（兰碧 卡普尔 Ranbir Kapoor 饰）是个快乐的青年。他聪明机灵鬼点子不少，四处惹是生非，让人又爱又恨。这样的日子因为Shruti（艾琳娜 Ileana 饰）的到来而发生变化，Barfi恋爱了。但Shruti早已定有婚约，在妈妈的一 番劝说阻拦之下，Shruti离开了大吉岭，去往加尔各答和她“对的人”结婚，留下Barfi一人失魂落魄。  　　为此郁郁的Barfi还没来得及调整，和其相依为命的父亲却因为肾衰竭而住进了医院。手术需要7000卢比。Barfi慌乱中想到了一个办法，绑架当地有钱人家的自闭症孙女Jhilmil（朴雅卡•乔普拉 Priyanka Chopra 饰）。结果这个想法被人先行一步实施了，但阴差阳错，Barfi意外拾到了Jhilmil，筹到钱赶到医院时，父亲却已离去。对Barfi抱有好感的Jhilmil不肯回家，对此无可奈何的Barfi带着Jhilmil浪迹天涯起来。二人在山水田园城市巷道里，滋生了默契与爱意。在看似顺利的表面下，却潜伏着不安的因素，Barfi再次遇见了Shruti，且被认为是绑架犯，在这变化中，Barfi能否与Jhilmil再次相遇携手呢？
本杰明·巴顿奇事,2008,2008-12-25,剧情 奇幻 爱情,166,76,英语,大卫·芬奇,埃里克·罗思,布拉德·皮特 凯特·布兰切特 塔拉吉·P·汉森 朱莉娅·奥蒙德 杰森·弗莱明 蒂尔达·斯文顿 马赫沙拉·阿里 杰瑞德·哈里斯 埃利亚斯·科特亚斯,生命的价值并非以分秒计算，而是由那些值得铭记的瞬间所定义。,飓风正在侵袭美国新奥尔良，一位病危的老妇睁开了她的睡眼。老妇名叫戴茜，她叫女儿凯若琳 为她阅读一本日记。这本日记的作者叫本杰明•巴顿。本杰明出生在第一次世界大战停战之时，但生来便像个老人的他被父亲当作怪物，被遗弃在了养老院。本杰明在养老院与老人们一起生活。但谁都没有想到，本杰明逆向发育——越活越年轻！也许“越活越年轻”是某些人的梦想，但真正这样成长的本杰明却有了别人无法理解的烦恼与快乐。穿越半世纪的世界变革，本杰明身处其中，感受别人感受不到的感受。
船长二世,1928,1928-05-20,喜剧 爱情,70,76,英语,查尔斯·赖斯纳,巴斯特·基頓,巴斯特·基頓 Tom McGuire Ernest Torrence Tom Lewis Marion Byron James T. Mack Ford West,时代的欢笑特辑。敬请观赏。,船长老比尔已多年未见自己的儿子了，可当儿子终于大学毕业出现在老比尔面前时，他矮小的身材却不禁让万分期待的老比尔颇感失望。与此同时，小比尔的女友也回乡拜访父亲，没想到却是老比尔的死对头金船长。两人的感情面临危机。一天，一场飓风突如其来，更让港口险象环生。
终极斗士,1992,1992-03-06,剧情,101,76,英语,罗伯特·马克·卡门,罗迪·赫灵顿,詹姆斯·马歇尔 T.E. Russell 小库珀·古丁 罗伯特·洛吉亚 布莱恩·丹内利 奥西·戴维斯 卡拉·布欧诺 Richard Lexsee 小约翰·赫德,地上拳王,家道中落，汤姆无奈之下跟随父亲搬到了贫民窟，在这里，残酷的生活等待着他。一名拳击经纪人看上了体格健壮的汤姆并将他介绍给了拳击教练诺亚，没过多久，经验丰富的诺亚就将汤姆训练成为了一名职业拳击手。  　　首战告捷的诺亚吸引了拳击俱乐部老板何恩的注意，他买下了汤姆父亲所欠下的全部债务，就这样，汤姆成为了何恩赚钱的工具。在拳击场上，汤姆结识了志同道合的好友林肯，两人饰生活中的好伙伴，同时也是赛场上的竞争对手。随着时间的推移，汤姆逐渐看清了何恩贪婪而又残忍的真面目，与此同时，汤姆得知，他的下一个对手，竟然正是林肯。
福音战士新剧场版：序,2007,2007-09-01,动画 科幻 动作 剧情,98,76,日语,庵野秀明,摩砂雪,绪方惠美 林原惠美 三石琴乃 山口由里子 石田彰 立木文彦 清川元梦 长泽美树 子安武人,见证传奇的重建。,突袭世界的大灾难“第二次冲击”后，世界在废墟之上重建，14岁的少年碇真嗣被父亲碇元渡叫到第三新东京市。本以为能见到父亲迎接的他，却见到名为“使徒”的巨大生物与军队交火。危急之下，NERV的葛成美里将真嗣救下，并将其带往碇元渡所统领的NERV总部。但迎接真嗣的，却是是父亲冷酷地命令：驾驶称为“EVA”的巨大人型机器人与使徒战斗。本已表示拒绝的真嗣，看到重伤的替补驾驶员绫波丽后，决定遵从父亲的命令。就这样，从未受过作战训练的真嗣，准备驾驶EVA初号机迎战使徒。世界的命运托付在了一位年仅14岁的少年身上，而“第二次冲击”所隐藏的“人类补完计划”似乎也开始了行动。掌握一切答案的碇元渡，却只是不动生色地观察，仿佛一切早已写入剧本。
启示,2006,2006-12-08,动作 剧情 历史,138,76,英语,梅尔·吉布森,法哈德·萨菲尼亚,鲁迪·扬布拉德 劳尔·楚吉罗 杰拉尔多·塔拉塞纳 伊阿祖娅·拉里奥斯 安东尼奥·蒙罗伊 玛丽亚·伊莎贝尔·迪亚兹·拉戈 达莉亚·埃尔南德斯 乔纳森·布鲁尔 莫里斯·博德耶洛海德,No one can outrun their destiny.,故事发生在15世纪末期，辉煌的玛雅文明即将走完最后的历程。青年猎手“美洲虎之爪”加夸尔（鲁迪·杨布拉德饰）是一个丛林小村落中数一数二的勇士，守着身怀六甲的妻子和年幼的爱子，过着自足而平静的生活。然而突然天降横祸，加夸尔的部落遭到一个强大部落的侵袭，一夜之间，奋起反抗的族人们不是当场毙命，就是被掠为战俘，在被俘之前，加夸尔匆忙间把即将分娩的妻子和爱子藏在了洞穴之中。随后，加夸尔与被俘的族人们一道踏上了前往玛雅帝国都城的漫长苦旅。      当时的玛雅帝国正日渐衰落，在神权政治的体制下，玛雅王族和祭司将种种“衰败之象”都归结为神的不满，为了显示对神的忠诚，他们一味奴役百姓修建更多的神殿，他们相信活人祭品是他们所信仰的神的食物，因此更频繁、更隆重的进行祈祷、祭祀，期盼能借神力扭转乾坤。被选为活人祭品的加夸尔不愿像其他受害者那样接受命运的安排，他选择了拚命逃离。为了回到故乡、为了与妻儿团聚，加夸尔一次又一次的陷入极度危险的境地，经历了无数次的磨难…… 【一句话评论】      从影片可以得出一个结论，梅尔·吉布森是一位能力超凡的电影人。 ——奥斯汀纪事      影片不但呈现出一个我们前所未见的世界，还让我们瞥见了令人担忧的未来。 ——迈阿密先驱
无名,2009,2009-03-20,剧情 动作 惊悚 犯罪,96,76,西班牙语,凯瑞·福永,,宝琳娜·盖坦 埃德加·弗洛雷斯 克里斯蒂安·费雷尔 特诺奇·韦尔塔·梅希亚 杰拉尔多·塔拉塞纳 Memo Villegas 路易斯·费尔南多·佩尼亚 戴安娜·加西亚 Gabino Rodríguez,The greatest sin of all is risking nothing.,墨西哥青年人帮派“拉马拉”手段凶残，占据着每天运送大量偷渡客的火车站。作为帮派份子，卡斯帕在执行任务期间却外出约会，并冒着被视为叛徒的危险隐瞒自己恋爱的事实，但女友仍在卡斯帕受处罚的聚会上出现，并被首领里马尔戈误杀。洪都拉斯少女塞拉长年在美国的父亲终于出现，为了能和亲人团聚，父女登上了偷渡的火车，火车路经拉马拉势力范围时，里马尔戈同帕斯卡攀车打劫，为救塞拉，帕斯卡将里马尔戈砍落车下。塞拉与帕斯卡萌生了情意，但他们前方是未知的旅途，而背后是帮派的追杀……  　　本片获2009年爱丁堡国际电影节最佳新导演奖，2009年圣丹斯电影节导演奖、摄影奖。
奇迹少女,2023,2023-08-18,动画 奇幻 动作 爱情 家庭,102,76,法语,Jeremy Zag,Nathanaël Bronn,Anouck Hautbois Benjamin Bollen Fanny Bloc Alexandre Nguyen Antoine Tomé Marie Chevalot Marie Nonnenmacher 马夏尔·勒米缪 Flora Kaprielian,The fate of the world is in their hands.,热门动画剧《奇迹少女》(Miraculous-Tales of Ladybug & Cat Noir)改编成动画电影《奇迹少女》(Miraculous: Ladybug and Cat Noir The Movie)。动画剧导演Jeremy Zag继续执导该片，六获格莱美奖的Harvey Mason Jr.(《追梦女孩》)打造片中音乐。故事讲述怯懦又富有正义感的少女马丽娜获得“米可幻奇”的力量成为新手英雄“奇迹少女”，并在抗击罪恶中结识另外一位英雄“黑猫罗尔”。两人并肩作战一起共同成长并守护世界和平...
金刚,1933,1933-04-07,冒险 奇幻 恐怖,100,76,英语,Ernest B. Schoedsack,梅里安·C·库珀,Robert Armstrong Fay Wray 布鲁斯·卡博特 Frank Reicher Victor Wong James Flavin Sam Hardy Noble Johnson Steve Clemente,Beauty conquered the beast!,一支电影团队前往热带岛屿进行外景拍摄，发现一头爱上金发女郎的巨型猩猩。猩猩被捕获后运回纽约市进行公开展览。
真人快打传奇：天下之战,2021,2021-08-31,动画 动作 奇幻,80,76,英语,Ethan Spaulding,Jeremy Adams,Jordan Rodrigues 詹妮弗·卡朋特 乔尔·麦克哈尔 帕特里克·塞茨 戴夫·B·米谢尔 Bayardo De Murguia 弗雷德·塔特西奥 马修·默瑟 艾米丽·奥布莱恩,The battle to end all battles.,"电影紧接在《蝎子的复仇》之后，雷电和他的地球世界队伍参加了真人快打比赛。从绍康手中拯救地球世界，而蝎子则要抢在神秘的 ""One Being ""之前，找到Kamidogu（由太初神制作的神秘遗物），否则他将毁灭整个宇宙。"
致所有我曾爱过的男孩,2018,2018-08-16,喜剧 爱情,100,76,英语,Susan Johnson,珍妮·韩,拉娜·孔多尔 诺亚·森蒂尼奥 伊瑟尔·布罗萨德 贾娜尔·帕里希 安娜·卡思卡特 安德鲁·巴切勒 特雷佐·马霍洛 Emilija Baranac 玛德琳娜·亚瑟,The letters are out.,假使你曾经迷恋的对象们，在同一时间发现了你过去对他们的爱恋？萝菈·珍·宋·柯威写给五位她曾经迷恋的男孩的情书，突然全部离奇地被寄了出去，她的爱情生活顿时从单纯的幻想，失控到一发不可收拾！
使徒保罗,2018,2018-03-28,剧情,108,76,英语,Andrew Hyatt,Terence Berden,吉姆·卡维泽 詹姆斯·福克纳 奥利维尔·马丁内斯 琼妮·威利 约翰·林奇 Yorgos Karamihos 安东尼娅·坎贝尔·休斯 Alessandro Sperduti Alexandra Vino,Where sin abounds... grace abounds more,保罗独自在罗马监狱里受折磨，等待着罗马皇帝尼禄的处决。雄心勃勃的监狱长Mauritius无法看透到底是什么对这位潦倒破碎的男人构成威胁。他曾是Saul of Tarsus，基督教徒中高级又野蛮的杀手，他的信仰给罗马人带来了恐惧。医师Luke冒着极大风险前去探望保罗，安慰、照料他，将保罗的信件转录、偷偷带出去，交与日益增长的信徒们。在尼禄惨无人道的迫害下，这些人们将极力传播基督教福音，改变世界。
星运里的错,2014,2015-06-13,爱情 剧情,126,76,英语,乔什·布恩,约翰·格林,谢琳·伍德利 安塞尔·埃尔格特 纳特·沃尔夫 劳拉·邓恩 山姆·特拉梅尔 威廉·达福 洛特·弗贝克 安娜·德拉·克鲁兹 Randy Kovitz,Life doesn't have to be perfect for love to be extraordinary.,海泽尔（谢琳·伍德蕾 Shailene Woodley 饰）是一名十六岁的美丽少女，正处在黄金年代的她本该和其他同龄人一样尽情享受生命和青春带来的快乐与希望，但无情的病魔找上了海泽尔，她是一名肺癌患者。
阿凡达：水之道,2022,2022-12-16,动作 冒险 科幻,193,76,英语,詹姆斯·卡梅隆,里克·杰法,萨姆·沃辛顿 佐伊·索尔达娜 西格妮·韦弗 史蒂芬·朗 凯特·温斯莱特 克利夫·柯蒂斯 乔尔·大卫·摩尔 希·庞德 伊迪丝·法尔科,回到潘多拉。,十多年过去了，曾经截瘫的前海军士兵杰克·萨利（萨姆·沃辛顿饰）永久变身为拥有地球人基因和纳威人基因的“阿凡达”，并与奥马蒂卡亚部落的族长之女奈蒂莉（佐伊·索尔达娜饰）结为夫妇。杰克已经完全适应了他的新身体和族长的身份，并和奈蒂莉有了三个孩子，还收养了格蕾丝留下的女儿琪莉（西格妮·韦弗饰）。四个孩子里，老大纳特亚姆（杰米·福雷特斯饰）最为懂事听话，也很会照顾弟弟妹妹；老二琪莉（西格妮·韦弗 饰）因为不知道自己的父亲是谁，有些敏感；老三洛克（布里坦·道尔顿 饰）酷爱冒险，是家里的闯祸精；最小的妹妹图克（特里尼蒂·布利斯 饰）总是黏着哥哥姐姐们。四人跟人类留下的孤儿“蜘蛛”（杰克·尚皮永饰）是形影不离的好朋友。 原本，将地球人赶走后，杰克一家与族人过上了田园牧歌般的生活。然而，原本死去的迈尔斯·夸里奇上校（史蒂芬·朗饰）化身阿凡达重新归来，一心要找杰克和奈蒂莉复仇。为了族人的安危，也为了保护孩子，杰克决定带着家人离开，前往不易被找到的由罗娜尔（凯特·温斯莱特饰）和特诺瓦里（克利夫·柯蒂斯饰）领导的海洋部落，展开全新的生活。正当一家人经过重重磨合，终于适应以水构筑的新家园时，新的危机也在慢慢靠近。
战斗列车,1964,1965-03-07,战争 惊悚,133,76,英语,约翰·弗兰肯海默,Rose Valland,伯顿·兰开斯特 保罗·斯科菲尔德 珍妮·莫罗 苏珊娜·弗隆 米歇尔·西蒙 沃尔夫冈·普雷斯 阿尔伯特·雷米 查尔斯·米洛 理查德·明希,"It carried their hopes, their nation's honour!",以火车为主要叙事舞台的影片中，约翰．弗兰肯海默导演的这部战争动作片是令人难忘的杰作。故事时代背景是二次世界大战末期，德军眼看大势已去，深黯艺术无价的德国指挥官保罗．斯科菲尔德乃下令将一批法国名画从博物馆搬回德国去。负责驾驶这列火车的司机伯特．兰卡斯特在严密监视下，仍跟法国铁路局人员及地下游击队配合行动，用鱼目混珠及瞒骗等种种方式跟德军斗智，力保国宝不致流出国境之外。全片剧情结构严谨，气氛处理紧凑生动，常有令人捏一把汗的精彩场面出现。两位男主角的表演旗逢敌手，张力十足，也表现了各自的爱国心。
跳出我天地,2000,2000-09-28,剧情 喜剧 音乐,111,76,英语,史蒂芬·戴德利,李·哈尔,杰米·贝尔 加里·刘易斯 朱莉·沃尔特斯 Jean Heywood 杰米·德雷文 斯图尔特·威尔斯 迈克尔·埃利奥特 比利·费恩 Nicola Blackwell,Inside every one of us is a special talent waiting to come out. The trick is finding it.,比利（杰米•贝尔 Jamie Bell 饰）的家人是英国的一个底层矿工。他们参加罢工，挣扎在贫困的生活中，并认为比利应该学些男人的拳术。比利本来每周都去一回拳击班，偶然的机会却让他走上了不一样的路途。  　　因为一个小意外，比利发现了潜意识中对芭蕾的热爱，而挑剔世故的芭蕾老师威尔金森（朱丽•沃特斯 Julie Walters 饰）无意中发现了比利极具芭蕾天赋。二人一拍即合，威尔金森甚至放弃她的一班女学生，把全部心思放在培养小比利上。可是比利的家庭全然不理解儿子为何爱上女生的玩意。比利在家庭的反对下，痛苦的抉择。  　　然而大好机会就在当前。万一考上伦敦的皇家芭蕾学校，比利的芭蕾梦想将得到一个广阔舞台。比利站在一个十字路口，选择着他的人生。
拿针的女孩,2024,2024-09-26,剧情 历史,123,76,丹麦语,Magnus von Horn,Line Langebek Knudsen,维克·卡门·索纳 崔娜·蒂虹 Besir Zeciri 约阿希姆·菲尔斯特鲁普 Tessa Hoder Ava Knox Martin 阿里·亚历山大 Søren Sætter-Lassen Magnus von Horn,,年轻工厂女工卡罗琳在一战后的哥本哈根努力摆脱贫困，却发现自己遭遗弃且怀有身孕。挣扎之际，她遇见了魅力非凡的女人达格玛——她在一家糖果店背后秘密经营着一家收养机构，帮助贫困母亲为不想要的孩子寻找寄养家庭。为逃离贫困，卡罗琳当起了奶妈。两人之间建立了深厚的联系，然而，当卡罗琳偶然窥见自己无意间卷入的恐怖真相时，她的世界轰然崩塌。
富贵逼人来,1979,1979-12-19,喜剧 剧情,130,76,英语,耶日·科辛斯基,哈尔·阿什比,彼得·塞勒斯 雪莉·麦克雷恩 梅尔文·道格拉斯 杰克·沃登 理查德·戴萨特 理查德·巴塞哈特 露丝·阿塔韦 大卫·克伦侬 弗兰·布里尔,Getting there is half the fun; being there is all of it!,在其最精妙细腻的表演之一中，彼得·塞勒斯饰演纯真如孩童的强斯——一位园丁。当富有的监护人去世后，他被抛入华盛顿特区的纷繁世界。震惊地发现现实世界并不会响应遥控器按钮的操控，强斯在一位大亨（梅尔文·道格拉斯 饰，凭借此角色获得奥斯卡奖）的庇护下意外蹿红。这位大亨误将门徒关于园艺的喃喃低语当作对生活与政治的睿智宣言，而其妻子（雪莉·麦克雷恩 饰）则视强斯为欲望的对象。改编自杰西·科辛斯基的小说，这部既深具忧郁又极为滑稽的讽刺作品，是哈尔·阿什比在1970年代一系列杰出电影的巅峰之作，也是对塑造了那个十年美国文化的理想、焦虑与媒体煽动的幻觉一次精心铺陈的审视。[标准收藏]
夜长梦多,1946,1946-08-23,悬疑 犯罪 惊悚,114,76,英语,霍华德·霍克斯,雷蒙德·钱德勒,亨弗莱·鲍嘉 劳伦·巴考尔 John Ridgely Martha Vickers Louis Jean Heydt Charles Waldron 里吉斯·图米 Sonia Darrin Elisha Cook Jr.,他们为这一刻而生！,私家侦探菲利普·马洛受雇于一个富裕家族。未待这桩错综复杂的案件落幕，他已目睹谋杀、勒索，以及或许可称为爱情的情愫。
维多利亚,2015,2015-06-11,犯罪 惊悚 爱情,138,76,德语,塞巴斯蒂安·席佩尔,Eike Frederik Schulz,莱娅·科斯塔 弗雷德里克·劳 弗朗茨·罗戈夫斯基 Max Mauff Burak Yiğit 安德烈·亨尼克 Lena Klenke Philipp Kubitza Martin Goeres,One City. One Night. One Take.,维多利亚，一个西班牙女孩，独自在柏林的夜店里狂欢。她在夜店外认识了四个混混并迅速与他们打得火热，维多利亚更是与其中一个叫Sonne的男子一见钟情，两人借口脱离团队独自相处。就在两情相悦感情升温之际，两人却被Sonne的三个朋友打断了，因为对于Sonne的朋友们来说，这一晚还有更重要的事要做：还一个黑帮老大的人情债。可问题是，四个混混中有一人已经醉的不省人事，而他们急需第四个人来当驾驶员，在凌晨四点的柏林街头，Sonne和他的朋友们只能向维多利亚提出这个不情之请。于是本来是一个夜晚的浪漫邂逅，就这样突然变成了一场致命的犯罪。
战舰波将金号,1925,1925-12-24,剧情 历史 战争,75,76,俄语,谢尔盖·爱森斯坦,谢尔盖·特列季亚科夫,Aleksandr Antonov Vladimir Barsky 格里高利·亚历山德罗夫 Ivan Bobrov Mikhail Gomorov Aleksandr Levshin Nina Poltavtseva Konstantin Feldman Prokhorenko,革命是唯一合法、平等且有效的战争。这场战争正是在俄罗斯宣告并打响的。,1905年俄国革命期间，波将金号战舰的船员奋起反抗军官的残暴专制统治。起义在敖德萨引发的街头示威，最终招致了警察的血腥屠杀。
我的英雄学院：世界英雄任务,2021,2021-08-06,动画 动作 冒险 科幻,105,76,日语,Kohei Horikoshi,长崎健司,山下大辉 冈本信彦 梶裕贵 吉泽亮 中井和哉 林原惠美 三宅健太 稻田彻 中村悠一,Their fight is our future.,一个叫Humarize的神秘团体坚信怪癖奇点末日理论，该理论认为，当怪癖与后代进一步融合时，这种力量将带来人类的终结。为了拯救每一个人，世界各地的职业英雄们要求训练中的UA学院英雄们协助他们，组成一支世界经典的英雄选拔队伍。在我的英雄学院发生的最危险的危机中，拯救世界和英雄的未来取决于英雄们。
银翼杀手2049,2017,2017-10-27,科幻 剧情,164,76,英语,汉普顿·范彻,菲利普·K·迪克,瑞恩·高斯林 哈里森·福特 安娜·德·阿玛斯 戴夫·巴蒂斯塔 罗宾·怀特 西尔维娅·侯克斯 麦肯兹·戴维斯 杰瑞德·莱托 卡拉·朱里,未来的钥匙终于被发掘出来。,在《银翼杀手》（1982）事件发生三十年后，新一代银翼杀手、洛杉矶警察“K”发现了一个尘封已久的秘密，这个秘密有可能使所剩无几的社会陷入混乱。K的这一发现引领他踏上寻找失踪三十年的前洛杉矶警察银翼杀手瑞克·戴克之路。[华纳兄弟影业]
没有面孔的眼睛,1960,1960-01-11,剧情 恐怖 惊悚,84,76,法语,Jean Redon,Georges Franju,Pierre Brasseur 阿莉达·瓦莉 爱迪丝·斯考博 Juliette Mayniel Alexandre Rignault Béatrice Altariba Charles Blavette Michel Etcheverry 克劳德·布拉瑟,The horror film with a heart of mystery.,在法国乡间的幽僻城堡里，一位才华横溢而执念深重的医生（皮埃尔·布拉瑟尔 饰）试图通过激进的整形手术，以骇人代价恢复女儿毁损的容貌。由才华超凡的乔治·弗朗叙执导的本片，以其恐怖与诗意交织的独特气质在恐怖电影中独树一帜，上映数十年来持续影响着该类型创作。影片中那些关于恐怖、血腥与难以言喻之美的影像——一旦目睹便永生难忘。[标准收藏]
我恨你的十件事,1999,1999-03-31,喜剧 爱情 剧情,98,76,英语,吉尔·荣格,克尔斯滕·史密斯,希斯·莱杰 朱丽娅·斯蒂尔斯 约瑟夫·高登-莱维特 拉丽莎·奥蕾尼克 大卫·克鲁姆霍兹 安德鲁·基冈 苏珊·梅·普拉特 加布里埃尔·尤尼恩 拉里·米勒,How do I loathe thee? Let me count the ways.,比安卡是全校公认的甜心宝贝，可事实上，她甚至未有过一次约会——比安卡的老爸对女儿的管教极尽苛刻，男生们只能对她望而却步。在女儿的不断抗议下，老爸终于做了“让步”，他声明，比安卡可以约会，只要她的姐姐凯特也去。听到这个消息，暗恋比安卡的喀麦隆决心无论如何都要找到能和凯特约会的人。千挑万选之下，他找到派特里克帮忙。凯特可是人人眼中的怪物啊，仿佛愤世嫉俗般，对任何人和事都有一股不满的情绪。要让约会顺利进行，这是前所未有的挑战，还是一个不可能的任务？
无境之兽,2015,2015-10-16,剧情 战争,137,76,英语,凯瑞·福永,Uzodinma Iweala,Abraham Attah 伊德瑞斯·艾尔巴 Emmanuel Nii Adom Quaye Opeyemi Fagbohungbe Emmanuel Affadzi Richard Pepple Ama K. Abebrese Kobina Amissah-Sam John Arthur,Child. Captive. Killer.,广袤的非洲土地，奇珍异兽自由奔跑，然而贫穷饥饿、硝烟战火同时充斥着在这片黑土地的每一个角落。某国停站区内，黑人少年阿古（Abraham Attah 饰）调皮搞怪，和世界上其他和平国度的孩子没什么两样。只不过他所拥有的安宁脆弱不堪，政府军和反政府武装的协议一旦撕破，随之而来的便是呼啸而至的子弹与杀戮。阿古在小小的年纪和母亲生离死别，更眼睁睁目睹父兄被杀害的残忍一幕。他夺路狂奔，在密林中被一支由许多少年兵组成的游击队收留。  　　游击队长（伊德里斯·艾尔巴 Idris Elba 饰）巧舌如簧，他如仁慈的父亲一般鼓动着不谙世事的少年们拿起武器，享受同类相残的快感。少年过早长大，过早衰老…… ©豆瓣
血红街道,1945,1945-12-25,剧情 犯罪,103,76,英语,弗里茨·朗,乔治·德·拉·富沙迪埃,爱德华·罗宾逊 琼·贝内特 丹·德亚 Margaret Lindsay Jess Barker Rosalind Ivan Charles Kemper Anita Sharp-Bolster Samuel S. Hinds,她对男人所做的事，结局只有一个——谋杀！,老实勤恳的克劳斯（爱德华·罗宾逊 Edward G. Robinson 饰）是一名出纳，平日里，他最大的爱好就是画画，然而，克劳斯从来就没有想过靠出售自己的作品赚钱。某日，克劳斯遇见了名叫凯蒂（琼·贝内特 Joan Bennett 饰）的女子，虚荣心的驱使之下，他向凯蒂谎称自己是一名画家。凯蒂有一个交往多年的男友强尼（丹·德亚 Dan Duryea 饰），对于强尼来说，凯蒂不过只是他谋取利益的工具罢了，而克劳斯则成为了凯蒂的摇钱树。一直对克劳斯的身份有所怀疑的强尼拿着克劳斯的画去卖，没想到居然得到了美术评论家的一致认可，凯蒂更是声称自己就是这些画的作者。克劳斯向凯蒂求婚，却遭到了后者的无情嘲笑，一怒之下，克劳斯起了杀念。
美国黑帮,2007,2007-11-02,剧情 犯罪,157,76,英语,马克·雅各布森,雷德利·斯科特,丹泽尔·华盛顿 罗素·克劳 乔什·布洛林 切瓦特·埃加福 小库珀·古丁 Lymari Nadal 泰德·拉文 阿曼德·阿桑特 约翰·奥提兹,美国梦有着双重面貌。,上世纪70年代，哈莱姆黑人区，弗兰克•卢卡斯（丹泽尔•华盛顿 饰）是黑帮老大约翰逊的司机。约翰逊暴毙后，弗兰克充分利用了这个来之不易的机会，将地下世界的所有权利分配进行了重组，成功上位，接手大佬事业，掌控了毒品交易大权。期间他远赴东南亚金三角走私高纯度海洛因，张罗自己的家族兄弟，集结了一帮为他卖命的手下，一股黑暗势力正在兴起。 　　另一边，警察里奇•罗伯茨（卢塞尔•克劳 饰）家庭破裂，与主流社会格格不入，整天以一副邋遢鬼模样流连于街头。他慢慢觉察出毒品圈内的风起云涌，，并展开了秘密调查。 　　随着调查的深入，罗伯茨和卢卡斯之间的距离越来越短，两个气质相近，惺惺相惜的男人，不可避免地进行正面对决……
末代皇帝,1987,2023-07-27,剧情 历史,163,76,英语,贝纳尔多·贝托鲁奇,爱新觉罗 溥仪,尊龙 陈冲 彼得·奥图尔 英若诚 黄自强 丹尼斯·邓 坂本龙一 马吉·汉 瑞克·杨,一生 打从披上龙袍的那一刻 就身不由己,溥仪三岁登基，年幼的他眼中只有大臣身上的一只蝈蝈，江山在他心中只是一个不明所以的名词。长大了，他以为可以变革，却被太监一把火烧了朝廷账本。他以为自己是大清江山的主人……
超级马力欧兄弟大电影,2023,2023-04-05,家庭 喜剧 冒险 动画 奇幻,92,76,英语,亚伦·霍瓦特,迈克尔·杰勒尼克,克里斯·帕拉特 安雅·泰勒-乔伊 查理·戴 杰克·布莱克 科甘-迈克尔·凯 塞斯·罗根 弗雷德·阿米森 塞巴斯蒂安·马尼斯科 查尔斯·马丁内特,Not all heroes wear capes. Some wear overalls.,马力欧（克里斯·帕拉特 Chris Pratt 配音）和路易吉（查理·戴 Charlie Day 饰）是生活在布鲁克林的两名水管工，他们刚刚成立了自己的小公司，但很显然，他们的家人并不完全支持兄弟两人的这份事业。某日，在工作中，马力欧和路易吉被水管吸入到了一个光怪陆离的世界之中，两人在旅途中被迫分开，马力欧来到了由碧姬公主（安雅·泰勒-乔伊 Anya Taylor-Joy 配音）统治的蘑菇王国，而路易吉则不幸的被传送到了由酷霸王（杰克·布莱克 Jack Black 配音）统治的库巴王国。此时，酷霸王正准备大举进攻蘑菇国，掳走公主并和她结婚，在这个节骨眼上，马力欧的出现带给了碧姬公主希望，她带着马力欧来到了丛林王国，请求那里的国王和王子（塞斯·罗根 Seth Aaron Rogen 饰）的支援。
沙漠之花,2009,2009-09-24,剧情,120,76,英语,Sherry Hormann,Waris Dirie,莉雅·琦比德 莎莉·霍金斯 克雷格·帕金森 米拉·赛亚尔 安东尼·麦凯 朱丽叶·史蒂文森 蒂莫西·斯波 Lucrezia Phantazia Soraya Omar-Scego,The extraordinary true story of the woman who crossed the desert and changed the world.,"华莉丝（莉亚•科贝德 Liya Kebede 饰）出生在索马里的沙漠和母亲过着游牧民族的生活。在三岁时，华莉丝按照索马里习俗就被施以女性割礼。十二岁时父亲为了得到五头骆驼，要将华莉丝嫁给六十岁的老叟。就在出嫁前夜，华莉丝在母亲的默许下，在沙漠中徒步很久投奔摩加迪沙的外祖母,也在外祖母那里获得了去给当时索马里驻英国大使夫人的姨妈作女佣的机会。到英国后不久，索马里爆发战争，旧政府被推翻，华莉丝趁乱再次出逃大使馆而流浪英国街头。  　　华莉丝在街头邂逅了收留自己的玛丽莲（莎莉•霍金斯 Sally Hawkins 饰），跟着又在打工的餐厅里遇到伯乐，最终被发掘成为世界名模，并投身于妇女解放事业。  　　电影《沙漠之花》是根据出生于索马里的黑人模特华莉丝•迪里的自传畅销书改编。"
唐·卡米罗的小世界,1952,1952-03-28,喜剧,107,76,意大利语,朱利安·杜维威尔,Giovanni Guareschi,Fernandel Gino Cervi Vera Talchi Franco Interlenghi Saro Urzì Charles Vissières Sylvie Clara Auteri Pepe Italo Clerici,,在蒲河谷的一个村子里，土地贫瘠，生活困苦，牧师和共产主义市长总是为成为社区领袖而斗争。如果他们私下里互相钦佩和喜欢，政治仍然会像分裂国家一样分裂他们。当市长想要他的“人民之家”时；牧师希望他的“花园城市”能造福穷人。最富有和最贫穷、虔诚和无神论者之间，甚至恋人之间都存在分歧。但如果人民像国家一样坚强，他们内心深处是善良的。
戴夫·查普尔：一笑置之,2019,2019-08-26,喜剧,65,76,英语,Stan Lathan,大卫·查普尔,大卫·查普尔,,这部肆无忌惮的脱口秀特辑于亚特兰大拍摄，戴夫·查普尔在其中大谈枪枝文化、鸦片类药物危机，以及风起云涌的艺人丑闻。
墓碑镇,1993,1993-12-25,西部 动作,130,76,英语,乔治·潘·科斯马托斯,凯文·雅尔,库尔特·拉塞尔 方·基默 迈克尔·比恩 鲍尔斯·布特 罗伯特·约翰·伯克 达娜·德拉尼 山姆·艾里奥特 史蒂芬·朗 特里·奥奎因,Every town has a story. Tombstone has a legend.,厄普警长向来执法强悍，令匪徒闻风丧胆而威震四方，在19世纪无法无天的西部，自成一股安定人心的力量。然而，他曾有过厌倦之感，希望能在别的地方度日，从此不问世事，可是人在江湖身不由己，他无故被卷入一场纷争，为了维护自己所追求的和平，再次披甲上阵...
僵尸新娘,2005,2005-09-16,爱情 奇幻 动画,77,76,英语,迈克·约翰逊,蒂姆·伯顿,约翰尼·德普 海伦娜·伯翰·卡特 艾米丽·沃森 特蕾西·乌尔曼 保罗·怀特豪斯 乔安娜·拉姆利 阿尔伯特·芬尼 理查德·E·格兰特 克里斯托弗·李,There's been a grave misunderstanding.,故事背景设定在19世纪的欧洲村庄。这部定格动画长片讲述了年轻人维克多（约翰尼·德普 配音）的故事——他被带往冥界，与一位神秘的僵尸新娘（海伦娜·伯翰·卡特 配音）成婚，而他真正的新娘却在人世悲痛等候。[华纳兄弟]
头号玩家,2018,2018-03-30,冒险 动作 科幻,140,76,英语,欧内斯特·克莱恩,史蒂文·斯皮尔伯格,泰伊·谢里丹 奥利维亚·库克 本·门德尔森 丽娜·维特 T·J·米勒 西蒙·佩吉 马克·里朗斯 赵家正 森崎温,玩转未来，无所不能,2045年，处于混乱和崩溃边缘的现实世界令人失望，人们将救赎的希望寄托于“绿洲”，一个由鬼才詹姆斯·哈利迪（马克·里朗斯 饰）一手打造的虚拟游戏宇宙。在那里，想象力主宰一切，你可以去任何地方，做任何想做的事，成为任何想成为的人。哈利迪弥留之际，宣布将巨额财产和“绿洲”的所有权留给第一个闯过三道谜题，找出他在游戏中藏匿彩蛋的人，自此引发了一场全世界范围内的竞争。当韦德·沃兹（泰尔·谢里丹饰）成为首位解出第一道迷题的玩家，他和他的朋友们不可避免地卷入了这场奇遇和凶险共存，波澜壮阔的寻宝之旅——为拯救“绿洲”，也为拯救世界。
十二金刚,1967,1967-06-15,动作 冒险 战争,149,76,英语,Robert Aldrich,E.M. Nathanson,李·马文 欧内斯特·博格宁 查尔斯·布朗森 吉姆·布朗 约翰·卡萨维蒂 理查德·杰克尔 乔治·肯尼迪 Trini López 拉尔夫·米克尔,Train them! Excite them! Arm them!...Then turn them loose on the Nazis!,美军为了消灭德军将领，莱斯明少校奉命挑选十二位犯了军法的重刑犯来执行任务，但他们一个个叛逆不羁，莱斯明的死对头布立德上校偏偏看他们不顺眼，明后在双方对决里莱斯明的囚犯以寡散众打败了布立德的大军，也保住了这次任务。但最后虽然他们成功地完成目标，歼灭了敌人将领，但他们却死伤惨重……
绿野仙踪,1939,2015-06-14,冒险 奇幻 家庭,102,76,英语,维克多·弗莱明,莱曼·弗兰克·鲍姆,朱迪·加兰 雷·博尔格 小约翰·约瑟夫·海利 伯特·拉尔 弗兰克·摩根 玛格丽特·汉密尔顿 玛丽·伯克 查利· 格雷普韦恩 Pat Walshe,我们要去见魔法师，神奇的奥兹国魔法师！,改编自L·弗兰克·鲍姆永恒的儿童童话，讲述一位堪萨斯女孩跨越彩虹的旅程。
亡命驾驶,2011,2011-09-16,剧情 惊悚 犯罪,100,76,英语,尼古拉斯·温丁·雷弗恩,詹姆斯·萨利斯,瑞恩·高斯林 凯瑞·穆里根 布莱恩·克兰斯顿 艾伯特·布鲁克斯 奥斯卡·伊萨克 克里斯蒂娜·亨德里克斯 朗·普尔曼 卡登·莱奥斯 杰夫·沃尔夫,不存在干净的逃亡,黑夜里，他协助黑帮分子抢劫，是运送车手。白天，他在好友香农的车行从事电影飞车特技工作。在一次逛超市时，他邂逅了艾琳母子， 双方互有好感，并度过愉快的周末。不过，艾琳的老公斯坦德出狱了，这让他们的感情被拦腰斩断，尽管双方心有灵犀，却只剩无奈。香农把他推荐给黑帮大佬伯尼和尼诺。与此同时，他无意中发现斯坦德被人痛扁，原来后者在狱中欠了保护费。为了偿还高利贷并保证母子平安，斯坦德决定再次铤而走险。他为了艾琳决定帮斯坦德完成这一票。然而，在打劫银行的过程中，斯坦德被店主意外击毙，而他和女同伙布兰奇陷入了黑吃黑的迷局……
喋血双雄,1989,1989-07-06,动作 犯罪 剧情 惊悚,110,76,Cantonese,吴宇森,,周润发 李修贤 叶蒨文 朱江 曾江 Shing Fui-On 黄光亮 夏占仕 王俊棠,One vicious hitman. One fierce cop. Ten thousand bullets.,一名幻灭的杀手接下最后一单任务，希望用酬劳帮助他无意中致盲的歌女恢复视力，却遭老板背叛暗算。
日落黄沙,1969,1969-06-19,西部,134,76,英语,萨姆·佩金帕,瓦隆 格林,威廉·霍尔顿 欧内斯特·博格宁 罗伯特·瑞安 Jaime Sánchez 沃伦·奥茨 Edmond O'Brien 本·约翰逊 Albert Dekker 斯特罗瑟·马丁,不变之人，身处变迁之地。,当“传统”的美国西部在周遭悄然消逝，一群上了年纪的亡命徒正试图干成最后一票。
雷神3：诸神黄昏,2017,2017-11-03,动作 科幻 喜剧,130,76,英语,塔伊加·维迪提,埃里克·皮尔森,克里斯·海姆斯沃斯 马克·鲁法洛 汤姆·希德勒斯顿 凯特·布兰切特 伊德瑞斯·艾尔巴 杰夫·高布伦 泰莎·汤普森 卡尔·厄本 安东尼·霍普金斯,众神集结 雷霆万钧,在“索科维亚战役”两年后，雷神索尔（克里斯·海姆斯沃斯 Chris Hemsworth 饰）识破了洛基（汤姆·希德勒斯顿 Tom Hiddleston 饰）的伪装，辗转找到了被放逐到地球的奥丁（安东尼·霍普金斯 Anthony Hopkins 饰）。然而垂死的奥丁却告知两个儿子，“诸神的黄昏”已经开始，曾遭到奥丁封禁的死亡女神海拉（凯特·布兰切特 Cate Blanchett 饰）即将重返阿斯加德。与海拉的初次对决中，索尔失去了雷神之锤，他和洛基也被打落至混乱不堪的萨卡星。在萨卡的决斗场上，索尔重逢失踪许久的绿巨人，也见到了曾从海拉魔爪下逃得一生的女武神。历经千辛万苦，索尔和战友们重返阴云密布的阿斯加德，去正视这注定要到来的“诸神的黄昏”……
寻找薇薇安·迈尔,2014,2014-03-21,纪录,83,76,英语,John Maloof,Charlie Siskel,Vivian Maier John Maloof Daniel Arnaud Simon Amédé Maren Baylaender Eula Biss Bindy Bitterman Roger Carlson Phil Donahue,,纪录片《Finding Vivian Maier》定于9月份在多伦多国际电影节期间首映。影片揭示她的双面人生：生前才华横溢，却默默无闻做了40年保姆，去世后留下10万多张芝加哥街景和街头人像底片，2007年在一场拍卖会上被电影制片人John Maloof拍得后重见天日，她遂被摄影界公认为是20世纪最伟大的摄影师之一。
人之怒,2021,2021-05-10,惊悚 犯罪 剧情,119,76,英语,盖·里奇,马恩·戴维斯,杰森·斯坦森 霍特·麦克卡兰尼 罗奇·威廉姆斯 乔什·哈奈特 杰弗里·多诺万 斯科特·伊斯特伍德 安迪·加西亚 道比·欧帕瑞 赖斯·艾隆索,一人敌千军,在一次全副武装的运钞车劫案中，梅斯先生的儿子作为案发目击者被劫匪杀害。怒火中烧的梅斯为报丧子之仇，化身卧底成为运钞车安保，试图找出杀害他儿子的劫匪以及与劫匪暗中勾结的安保公司内鬼。
言叶之庭,2013,2013-05-31,动画 剧情 爱情,46,76,日语,新海诚,,入野自由 花泽香菜 平野文 前田刚 寺崎裕香 星野贵纪 井上优 潘惠美 小松未可子,,年方15岁的高中生秋月孝雄（入野自由 配音），专心学业的过程中不得不为了生计打工赚钱。母亲离家出走，他与哥哥过着看不到前方的生活。入梅之日，孝雄逃课来到日本庭园。在一座安静的小亭子里，27岁的职场女性雪野百香里（花泽香菜 配音）边吃巧克力边饮啤酒的样子引起了孝雄的注意。似曾相识的二人，仿佛约定好了一般，每到落雨之日便从世俗的烦恼中逃脱出来，相会于这座钢筋铁骨都市丛林中宛若世外桃源的幽静角落。在梅雨季节的日子里，他们的心渐渐向彼此靠拢。志愿成为手工鞋匠的秋月，决心以雪野为模特做一双鞋。  　　雨过天晴，艳阳高照，庭园中久久不见秋月和雪野的身影，相会无期亦有期……
午后的迷惘,1943,1943-01-01,悬疑 奇幻,14,76,英语,Maya Deren,Alexander Hammid,Maya Deren Alexander Hammid,,二十世纪最有影响力的实验电影之一。由Deren 本人和丈夫 Alexander Hammid出演剧中所有角色。这部女性主义的经典描述了一个女性的白日梦，在梦中日常生活物品都变得神秘而危险，电影转向对性与死的晦涩思考。
锦绣大地,1958,1958-10-01,剧情 西部 爱情,167,76,英语,威廉·惠勒,Donald Hamilton,格利高里·派克 简·西蒙斯 卡罗尔·贝克 查尔顿·赫斯顿 伯尔·艾夫斯 Charles Bickford 阿方索·贝多亚 查克·康纳斯 Chuck Hayward,Big they fought! Big they loved! Big their story!,由巨星名导合作的西部文艺片经典作。格利高里．派克、简．西蒙斯、卡罗尔．贝克 、查尔顿．赫斯登等人在威廉．怀勒的指导下均有颇具魅力的表现，片中的摄影构图尤其具现了西部大自然的美景，配乐亦有巨片的澎湃气势。毕克原为船长，他到西部与贝克结婚之后就在父亲的牧场中住下来。希斯顿是牧场的领班，但一开始便跟毕克互相敌视。与此同时，毕克的父亲贝克福与另一大地主艾维斯因为争夺水源而剑拔弩张。当地的小学老师西蒙斯被卷入双方的斗争中，毕克跟贝克婚变后爱上了西蒙斯，而希斯顿则与贝克凑成一对，继续统治着那一片锦绣大地。
换子疑云,2008,2008-10-24,犯罪 剧情 悬疑,141,76,英语,克林特·伊斯特伍德,J·迈克尔·斯特拉辛斯基,安吉丽娜·朱莉 约翰·马尔科维奇 杰弗里·多诺万 迈克尔·凯利 科鲁姆·费奥瑞 杰森·巴特勒·哈纳 艾米·莱安 杰夫·皮尔森 丹尼斯·奥黑尔,为了寻找儿子，她做了无人敢做的事。,1928年美国洛杉矶，在电话局接线台工作的克莉斯汀•柯林斯（Angelina Jolie 安吉莉娜•朱丽 饰）独自抚养儿子沃特（Gattlin Griffith 加特林•格里菲斯 饰），母子的生活简单而幸福。然而她们的生活很快被打乱，某天当克莉斯汀下班后，发现儿子不见踪影。  　　在公众的舆论压力下，腐败的洛杉矶警方于5个月后找回沃特，但克莉斯汀发现这并非自己的亲生儿子。她三番五次要求警方澄清事实，帮其寻找真正的沃特，却一次次受到阻挠和指责，甚至以妨碍警方公务的罪名被送入精神病院。一向以揭露警方暴行为己任的牧师古斯塔夫•布里格拉伯（John Malkovich 约翰•马尔科维奇 饰），为了这个可怜女人的不幸遭遇奔走呼告。  　　另一方面，探员莱斯特（Michael Kelly 饰）在侦办一件偷渡案时，无意中发现了一起重大的连环儿童杀人案。少年沃特的失踪案似乎渐露眉目……
神机妙算,1969,1969-12-05,犯罪 剧情,121,76,法语,Henri Verneuil,奥古斯特·勒布勒东,Jean Gabin 阿兰·德龙 Lino Ventura Irina Demick Amedeo Nazzari Yves Lefebvre Philippe Baronnet Marc Porel Karen Blanguernon,"Behind every gun is ""The Sicilian Clan!""",杀人犯罗杰在西西里黑手党越狱的同时一起逃脱了。然后他们密谋去偷盗一个罗马珠宝展。这伙劫匪的一个朋友托尼尼科西亚建议预期去展馆偷珠宝不如去劫持运输珠宝的飞机。检查员勒高夫一直在阻扰他们的计划……
地牢女孩,2021,2021-02-27,惊悚 犯罪 电视电影,88,76,英语,伊莉莎白·盧姆,芭芭拉·马歇尔,贾德·尼尔森 斯蒂芬妮·斯科特 Joely Fisher 布拉克斯顿·比耶肯 Kim Rosen Emily Topper 艾玛·迈尔斯 Jake Nuttall Liam Pileggi,,根据真实事件改编，一个充满活力的十几岁的女孩莎拉，她期待着她的18岁生日，这样她就可以离开她控制她的父亲唐（贾德·尼尔森）。但在她吹灭蜡烛 之前，唐把她关在他们家的地下室里，她的世界变得非常黑暗。当唐试图说服妻子艾琳（乔莉·费希尔饰）莎拉离家出走时，他会偷偷到地下室探望 她，折磨并强奸她，而艾琳和她的妹妹艾米（艾米丽·托普饰）继续住在楼上。随着时间的流逝，莎拉生下了几个孩子，独自在地下室里 。唐最终抚养了他们最小的儿子，把他留在了门阶上，艾琳发现了他和一张便条，便条上是莎拉写的，说那是她的儿子，她不能照顾他，艾 琳最终接受了唐关于莎拉的说法。在被囚禁禁了几十年之后，莎拉终于逃脱了，她的家人知道了20年来发生在他们脚下的毁灭性真相。
剧场版 命运石之门：负荷领域的既视感,2013,2013-04-20,科幻 动画 剧情,90,76,日语,滨崎博嗣,若林汉二,宫野真守 今井麻美 关智一 花泽香菜 田村由香里 桃井晴子 后藤沙绪里 寺杣昌纪 小林优,No one knows what the future holds. That’s why its potential is infinite.,"自称为“狂妄的疯狂科学家”,至今仍是中二病的大学生‧冈部伦太郎。他与他的同伴偶然发明了能送往过去的邮件D-MAIL。由此所引起的，是即使多次过去改变（世界线移动）也会到访的、同伴死去的未来……在绝望的冈部面前出现的曙光，是不论谁也不会死亡的未来，称为“命运石之门”的世界线。跨越时间轴解开各种谜团，冈部终于到达了“命运石之门”。可是，跨越了众多世界线的冈部的脑袋，开始出现了庞大的”负荷”……"
面对巨人,2006,2006-09-29,剧情,111,76,英语,亚历克斯·肯德里克,斯蒂芬·肯德里克,亚历克斯·肯德里克 Shannen Fields Bill Butler Bailey Cave Steve Williams Tracy Goode Jim McBride Tommy McBride Jason McLeod,Never give up. Never back down. Never lose faith.,《面对巨人》片讲述一位教练如何重拾信心与勇气，并用信仰击败恐惧的故事。
监狱淌血,2003,2003-04-11,剧情,145,76,葡萄牙语,埃克托·爱德华多·巴本科,Dráuzio Varella,Luiz Carlos Vasconcelos 米尔顿·贡萨尔维斯 Ivan de Almeida Aílton Graça Maria Luísa Mendonça Aida Leiner 罗德里戈·桑托罗 Gero Camilo Lázaro Ramos,Inside here nobody is guilty. Do you believe that?,位于圣保罗的卡兰迪鲁是拉美最大监狱。长期超负荷关押七千名犯人的卡兰迪鲁环境恶劣，俨然一个自有体系的犯罪社会，监狱中简陋的医疗设施无法避免犯人之间传播疾病，一位医生来此实施防御艾滋病的医疗计划，由此揭开了众多犯人过往的经历……毒贩兹克（Wagner Moura 饰）在进入监狱后本打算洗手不干，然而环境再次把他拖入毒品的漩涡；犯人“女士”（罗德里格•桑托罗 Rodrigo Santoro 饰）在监狱中爱上了医生的助手，最后成婚；抢劫犯米罗被妻子背叛，怒而连杀多人入狱；流浪汉海尼斯为爱情犯下了纵火的罪行。一幕幕人间悲剧汇聚在卡兰迪鲁，压抑的人群最终爆发出一场令人瞠目结舌的监狱暴动。
费城故事,1940,1940-12-05,喜剧 爱情,112,76,英语,乔治·库克,沃尔多·索尔特,加里·格兰特 凯瑟琳·赫本 詹姆斯·斯图尔特 Ruth Hussey John Howard Roland Young John Halliday Mary Nash Virginia Weidler,Broadway's howling year-run comedy hit of the snooty society beauty who slipped and fell - IN LOVE!,在这部机锋锐利的世情喜剧中，凯瑟琳·赫本凭借其精妙的自我经营，不仅重塑演艺事业，更奠定了她作为时代最具标志性女星的地位。当赫本主演菲利普·巴里同名舞台剧时，她果断购得电影改编权，并钦点好友乔治·库克执掌导筒。斯图尔特创作的醉人剧本，让这位光芒四射的费城名媛特雷西·洛德（赫本臻于极境的演绎）周旋于多位追求者之间——其中最具魅力的当属她的前夫（加里·格兰特 饰），这位不速之客携小报记者（詹姆斯·斯图尔特献出其唯一获奥斯卡奖的表演）突访家族宅邸，意图报道这场年度婚礼，却使她的再婚计划横生波澜。这部融合妙语连珠的神经喜剧与悔憾和解主题的杰作，汇聚黄金时代的巅峰才华，堪称美国影史最伟大的经典之一。[标准收藏]
超级无敌掌门狗：剃刀边缘,1996,1998-07-26,家庭 动画 喜剧,30,76,英语,尼克·帕克,Bob Baker,Peter Sallis 安妮·里德,A cracking wacky adventure.,这一次，华莱士（皮特·塞利斯 Peter Sallis 配音）和他忠心耿耿的狗狗阿高开办了清洁业务。在位羊毛店清洁时，华莱士迷上了女店主温德琳（安妮·雷德 Anne Reid 配音），却不知这家羊毛店正在从事不可告人的勾当。与此同时，华莱士的家来了一名不速之客——小羊肖恩。这个大胃王惹出了不少乱子，却也给华莱士和阿高带来许多乐趣。谁知好景不长，阿高竟被当作杀羊凶手而逮捕，为了救出它，华莱士和肖恩以及其他的绵羊们组织了缜密的营救行动……本片荣获1996年奥斯卡电影金像奖最佳短片奖、1997年安西国际动画电影节观众奖、1996年英国电影学院奖最佳动画片奖。
疯狂元素城,2023,2023-06-16,动画 家庭 爱情 奇幻 喜剧,102,76,英语,彼德·松,Brenda Hsueh,莉娅·刘易斯 马莫多·阿西 罗尼·德尔·卡门 希拉·沃索夫 温迪·麦丽登·康薇 凯瑟琳·欧哈拉 梅森·韦特海默 罗诺比尔·拉希里 威尔玛·博尼特,水火亦相容,曾几何时，火焰一族的火柱和怀孕的妻子灯花背井离乡，远渡重洋，来到了元素城开始新的生活。经过十数年的经营，火柱老板的杂货店开得有声有色，而气竭力衰的他也开始琢磨将这家店传给开朗热情却脾气火爆的独生女小焰。在独自筹备某次促销活动时，小焰家的地下室管道出现意外，她也进而邂逅了水一族的青年渡阿波。阿波感性善良，作为市政府检查员，他不得不准备给这家店开出罚单。可是，这个店凝聚了小焰父亲全部的心血啊！为了阻止阿波，小焰使出浑身解数。而就在这一过程中，水火不相容的两个人开始尝试了解对方…
艾米,2015,2015-07-03,纪录 音乐,128,76,英语,阿西夫·卡帕迪亚,,艾米·怀恩豪斯 马克·罗森 托尼·班奈特 Pete Doherty Juliette Ashby 亚辛·贝 Mitch Winehouse Tyler James Nick Shymansky,The girl behind the name.,以六次格莱美奖得主艾米·怀恩豪斯的自述，讲述其传奇人生。这位一代难遇的天才音乐人曾举世瞩目。作为最本真的纯粹爵士艺术家，她凭借天赋以心创作、以歌自省，其赤诚与卓绝才华缔造了当代乐坛独树一帜且备受热爱的作品。然而巨大的成功招致媒体无休止的侵扰，加之她陷入困境的情感关系与岌岌可危的生活方式，人生逐渐走向悲剧性的崩解。艾米·怀恩豪斯于2011年7月因酒精中毒逝世，年仅27岁。[A24]
塔巴德,2018,2018-10-12,奇幻 恐怖,105,76,印地语,Rahi Anil Barve,Narayan Dharap,Sohum Shah 穆罕默德·萨马德 Harsh K. Jyoti Malshe Dhundiraj Prabhakar Jogalekar Rudra Soni Madhav Hari Joshi Piyush Kaushik Anita Date-Kelkar,A Tale of Greed Beyond Fear.,20世纪初，印度有一条名叫Tumbbad的小村庄，Vinayak就住在村庄的郊外，他是村长不承认的私生子，痴迷于神话中一个祖传宝藏。他的曾祖母是一个被诅咒沉睡千年的女巫，Vinayak认为宝藏的秘密就藏在她身上。经过与曾祖母的对质，Vinayak最终直面宝藏的守护者邪恶的堕落之神。最初的几枚金币迅速升级变成一种不计后果，跨越几个世纪，永恒不灭的渴望，倘若Vinayak如愿以偿，这种渴望将变成一种会延续至下一代的魔咒。
爱尔兰人,2019,2019-11-01,犯罪 剧情 历史,209,76,英语,马丁·斯科塞斯,斯蒂文·泽里安,罗伯特·德尼罗 阿尔·帕西诺 乔·佩西 哈威·凯特尔 雷·罗马诺 鲍比·坎纳瓦尔 安娜·帕奎因 斯蒂芬·格拉汉姆 斯蒂芬妮·库尔祖巴,他的故事改写了历史。,以恢弘的黑帮史诗展现马丁·斯科塞斯集大成的电影艺术，凝结其六十载创作生涯的深邃回响。被时代抛弃的昔日杀手兼工会卡车司机弗兰克·希兰在疗养院中追忆往昔：从他涉足费城黑手党首领拉塞尔·布法利诺的犯罪集团，到与卡车工会领袖吉米·霍法的紧密关联，直至最终被迫在两人间做出抉择。这部基于现实人物希兰向作家查尔斯·布朗特坦白的《听说你刷房子》改编的作品，将忠诚与背叛的私密叙事投射于二十世纪中叶美国历史的巨幕之上。本片作为一部独具省思意义的晚期杰作，既延续了导演标志性的精湛场面调度，更以深切个人化的视角叩问岁月流逝、生死命题，以及那些塑造人生的抉择与遗憾。[标准收藏]
霍比特人2：史矛革之战,2013,2013-12-13,奇幻 冒险 动作,186,76,英语,彼得·杰克逊,J.R.R.托尔金,伊恩·麦克莱恩 马丁·弗瑞曼 理查德·阿米蒂奇 本尼迪克特·康伯巴奇 奥兰多·布鲁姆 伊万杰琳·莉莉 李·佩斯 卢克·伊万斯 斯蒂芬·弗莱,超越黑暗…除了荒凉…谎言是最大的危险。,距离孤山越来越近，矮人远征军的道路却变得异常艰险。他们躲过了苍白半兽人的不懈追杀，在幽暗密林前和甘道夫（伊恩·麦凯伦 Ian McKellen 饰）兵分两路，后者前往多尔哥多探寻索伦的动向，而霍比特人比尔博·巴金斯（马丁·弗里曼 Martin John C. Freeman 饰）和矮人们先是遭到巨大蜘蛛的袭击，随后又被精灵王子莱戈拉斯（奥兰多·布鲁姆 Orlando Bloom 饰）及其木精灵同伴捕获。比尔博急中生智，利用魔戒救出伙伴，继而引发了木精灵、半兽人和矮人远征军之间精彩纷呈的三方会战。借助巴德（卢克·伊万斯 Luke Evans 饰）的帮助，疲惫的矮人们暂时落脚长湖镇。近在咫尺的孤山城堡，沉睡在财宝中的巨龙即将醒来……
猜猜谁来吃晚餐,1967,1967-12-11,剧情 爱情,108,76,英语,Stanley Kramer,William Rose,斯宾塞·屈塞 西德尼·波蒂埃 凯瑟琳·赫本 凯瑟琳·霍顿 Cecil Kellaway Beah Richards Roy Glenn Isabel Sanford 弗吉尼亚·克里斯汀,A love story of today.,老马特是一个自由主义者，一贯主张反对种族歧视。但他的女儿却爱上了一个黑人青年约翰，这个事实让他好为难，同时约翰的父亲也因自卑而抵制这门亲事。后来马特把他们请来，将要遇到的困难对他们摆出来，要他们有个心理准备。黑白两家人并共进了晚餐。
哥斯拉-1.0,2023,2023-11-03,科幻 恐怖 动作,125,76,日语,山崎贵,,神木隆之介 滨边美波 山田裕贵 青木崇高 吉冈秀隆 安藤樱 佐佐木藏之介 永谷咲笑 田中美央,战后，日本。从无到负。,战后的日本，新的恐怖崛起：哥斯拉。遭受重创的人们能否生存……更不用说反击了？
孤注一掷,1969,1969-12-10,剧情,120,76,英语,悉尼·欧文·波拉克,霍勒斯·斯坦利·麦考伊,简·方达 Michael Sarrazin 苏珊娜·约克 吉格·杨 Red Buttons 邦妮·贝黛莉亚 Michael Conrad 布鲁斯·邓恩 Al Lewis,People are the ultimate spectacle.,由美国帕洛玛影片公司出品，导演悉尼．波拉克。三十年代初，正值美国经济大萧条时期，洛基为好莱坞举办百对舞蹈选手马拉松大赛，在这些选手中，每个人的目的不同，有的为了赚钱，有的为了能上电影，有的则感到无聊才来参赛。几个星期过去了，几对主要竞争者都遇到了不同的意外问题……
我的戈弗雷,1936,1936-09-02,喜剧,95,76,英语,Eric Hatch,Gregory La Cava,William Powell 卡罗尔·隆巴德 Alice Brady Gail Patrick Eugene Pallette Jean Dixon 艾伦·莫布雷 Mischa Auer Pat Flaherty,Butler! FOR THE COCK-EYEDEST FAMILY in the WHOLE WORLD!...and the butler-blonde battle was on!,卡罗尔·隆巴德与威廉·鲍威尔在这部由格雷戈里·拉·卡瓦执导的荒诞社会喜剧中火花四溅——一场糅合了俏皮对白与社会批判的迷醉鸡尾酒。艾琳，一位古怪的曼哈顿富家女，在垃圾场找到一位“被遗忘的人”——一个看似潦倒的流浪汉——从而赢得上流社会舞会的寻宝游戏。她让他担任家中管家，旋即对他情迷意乱。她试图追求戈弗雷并向他灌输家中种种怪癖的行为，引发了一连串至今未被超越的疯狂闹剧。拉·卡瓦的这部巧妙之作成为首部包揽奥斯卡全部四项表演类奖项提名的影片，也是好莱坞关于阶级与大萧条时代社会动荡的最伟大评述之一。[标准收藏]
秘密与谎言,1996,2023-06-10,剧情,142,76,英语,迈克·李,,布兰达·布莱斯 玛丽安·让-巴蒂斯特 蒂莫西·斯波 菲利斯·洛根 克莱尔·拉什布鲁克 李·罗斯 莱丝利·曼维尔 伊丽莎白·贝林顿 米歇尔·奥斯汀,Roxanne drives her mother crazy. Maurice never speaks to his niece. Cynthia has a shock for her family. Monica can't talk to her husband. Hortense has never met her mother.,作为洞察质朴人性的卓越观察者，编剧兼导演迈克·李通过探索那些塑造我们人际关系的或大或小的欺瞒，在这部作品中达到了表现力与叙事复杂度的新高度。黑人验光师霍滕丝（玛丽安娜·让-巴蒂斯特饰）自幼被收养，当她开始寻找生母时，并未料到这将引领她遇见辛西娅（布伦达·布莱森饰，戛纳电影节最佳女演员奖得主）——一位孤独的白人工厂女工。她对失散多年女儿迟疑的接纳，在她本就脆弱的家庭中激起了层层波澜。影片通过与实力派群星的精心排练和即兴创作孕育而生，这部荣获金棕榈奖的杰作，以贯穿始终的张力与情感释放，深刻揭示了潜伏于日常生活中的情感断层。[标准收藏]
甘泉玛侬,1986,2024-04-20,剧情,115,76,法语,Claude Berri,Marcel Pagnol,Yves Montand 丹尼尔·奥特伊 艾曼纽·贝阿 希波吕特·吉拉尔多 玛格丽塔·洛萨诺 Yvonne Gamy 蒂基·霍尔加多 Jean Bouchaud Elisabeth Depardieu,They destroyed her father. Now they offered her love. But the only thing she desired was revenge.,花圃主人塞萨·苏贝朗和侄子于果林·苏贝朗在十几年前设下毒计，他们堵死了“让”家赖以生存的水源，从他手里夺取了一片有泉水浇灌的园地。于果林爱上了“让”的女儿玛侬，但玛侬的心已另有所属。心存报复的玛侬在得知了多年前塞萨的阴谋以后，将村里的泉眼堵死。在教堂组织的祈祷仪式上，玛侬揭露了苏贝朗家族的丑恶嘴脸，于果林羞愧万分自缢而死。真相终于大白，原来让竟然是塞萨同他的旧情人弗罗雷特的亲骨肉，而玛侬正是塞萨的亲孙女……
机械姬,2015,2016-04-16,剧情 科幻,108,76,英语,亚历克斯·加兰,,多姆纳尔·格里森 艾丽西亚·维坎德 奥斯卡·伊萨克 水野索诺亚 科里·约翰逊 克莱尔·塞尔比 席马拉·坦普尔曼 嘎娜·巴亚尔赛汗 蒂芙尼·皮萨尼,There is nothing more human than the will to survive.,片中，伊萨克饰演一名神秘的亿万富翁，格里森饰演他公司的一名程序员，后者由于赢得公司一项幸运大奖而被邀请到老板的别墅共度周末。这栋别墅隐匿于林间，它其实是一座高科技的研究所。在那里，格里森被介绍给名为“伊娃”的人工智能机器人(艾丽西卡·维坎德 饰演)，原来他被邀请到这里的真正目的是进行针对伊娃的“图灵测试”(注：一项由图灵提出的测试机器是否具备人类智能的的著名实验）……
都灵之马,2011,2011-03-31,剧情,155,76,匈牙利语,拉斯洛·克拉斯纳霍凯,贝拉·塔尔,亚诺斯·德兹西 Erika Bók 米哈伊·科尔莫斯 Lajos Kovács Mihály Ráday,,“1889年1月3日，都灵。弗里德里克·尼采在维亚·卡罗·艾尔波特酒店的六号门前驻足。他的目光被酒店外的一个马车吸引。不远的地方，停着一辆小马车。马车的车夫遭遇到了一匹倔强的马。不管车夫怎么喊叫，马匹根本没有要移动的意思。最终，车夫失去了耐心，拿起了鞭子，朝马匹打去。尼采见到此番情景，挤进人群，冲到马匹跟前，阻止住马夫，抱住马的脖子，痛哭起来。酒店的主人赶来，拉走了尼采。回到酒店的尼采在沙发上安安静静地、一动不动地躺了两天。随后，他小声地说了几句话。接下来，就是尼采精神错乱、神经颠颠的十年，由他的妹妹和母亲照顾的日子。谁也不知道，在都灵，在那匹马的身上，在尼采的心里，发生了什么。”
告白,2010,2010-06-05,剧情 惊悚 悬疑,106,76,日语,中岛哲也,凑佳苗,松隆子 冈田将生 木村佳乃 西井幸人 Kaoru Fujiwara 桥本爱 Naoki Ichii 井之胁海 刈谷友衣子,她的学生杀害了她的女儿。她将得到她的复仇。,一所平凡的中学，1年B组即将迎来春假。不知天高地厚的学生们肆意吵闹，殊不知一场绵亘数月的风暴正向他们袭来。级任教师森口悠子（松隆子 饰）全然无视这片混乱，静静地向学生们做出最后的告白。这个单亲妈妈独自抚养着可爱的女儿（芦田爱菜 饰），然而女儿最终在游泳池中溺水身亡。警察 认定这是一起意外，森口则认定女儿死于班上两个学生之手。她不动声色地指责着犯人A和B，并宣布用自己的方式进行复仇。在此之后，森口辞去教师职务，1年B班的学生也心怀惴惴迎来了春假。新学期开始，残酷的风暴袭向了这群无知无畏的少男少女……本片根据湊かなえ的原作改编，并成为2010年电影旬报十佳影片；第34届日本电影学院奖最佳作品、最佳导演、最佳剧本和最佳剪辑4项大奖。
怒海沉尸,1960,1960-03-10,犯罪 剧情 惊悚,117,76,法语,勒内·克莱芒,帕特里夏·海史密斯,阿兰·德龙 Marie Laforêt Maurice Ronet Erno Crisa 富兰克·拉铁摩尔 Billy Kearns Ave Ninchi Viviane Chantel Nerio Bernardi,Passion at ten. Envy at eleven. Murder at noon.,汤姆是一个穷小子，最近，一桩好差事找上了门，好友菲利普的富豪父亲找到了汤姆，希望他能够替自己找回成日在外风流潇洒的儿子，作为回报，汤姆将得到价值不菲的报酬。循着菲利普的踪迹，汤姆来到了拿布里，见到了菲利普和他的未婚妻玛奇。菲利普纸醉金迷的生活让汤姆十分羡慕，玛奇的美丽和温柔更是摄取了汤姆的心魄，一个邪恶的念头应运而生。一次出游中，汤姆设计杀死了菲利普，之后，为了掩盖罪行，汤姆又杀死了菲利普的好友。一个谎言，要用无数个谎言来掩盖，在得到了自己想要的一切后，汤姆终将面临审判。
潜水钟与蝴蝶,2007,2007-05-23,剧情 历史,112,76,法语,Julian Schnabel,罗纳德·哈伍德,马修·阿马立克 艾玛纽尔·塞尼耶 Marie-Josée Croze 安娜·孔西尼 Patrick Chesnais 尼尔斯·阿莱斯楚普 Olatz López Garmendia 让-皮埃尔·卡塞尔 Marina Hands,Let your imagination set you free.,本片讲述了让-多米尼克·鲍比非凡的真实故事。这位曾担任法国《Elle》杂志主编的成功且富有魅力的总编，原本认为自己正充分享受着完满人生，却因突发中风陷入生命被彻底颠覆的状态。尽管身体的困境让鲍比对未来几乎失去希望，他却逐渐发现，生命中曾有的激情、丰富的记忆与新生的想象力，能够引领他抵达一个没有边界的崭新世界。[米拉麦克斯影业]
蝴蝶效应,2004,2004-01-23,科幻 惊悚,119,76,英语,J·麦基·格鲁伯,埃里克·布雷斯,阿什顿·库彻 艾米·斯马特 梅洛拉·沃尔特斯 埃尔登·汉森 威廉·李·斯科特 艾瑞克·斯托罗兹 伊桑·苏普利 罗根·勒曼 约翰·帕特里克·阿梅多里,改变过去后的未来，你有多少心理准备？,伊万曾经有一个糟糕的童年，因为他行为闯下了大祸，令他童年充满不堪回忆的往事。而事实上，他确实只是依稀记得一点可怕的情景，这些情景一直纠缠着他的正常生活。伊万接受心理学家建议，把琐碎生活记在记事本里，却偶然发现通过记事本回到过去。这时他才清楚记起，童年时候的自己做了那么多的错事。他幻想着用现在的意识，潜入童年的身体，去弥补种种过失给人们带来的伤害，尤其是希望与当年暗恋的凯西最终走回一起。然而他一次次的跨越时空的更改，只能越来越招致现实世界的不可救药。一切就像蝴蝶效应般，牵一发而动全身。
拨开迷雾之山达基教与信仰囚笼,2015,2015-03-20,纪录,119,76,英语,Alex Gibney,Lawrence Wright,保罗·哈吉斯 杰森·贝吉 Alex Gibney Lawrence Wright Sherry Stringfield 凯蒂·霍尔姆斯 南希·卡特赖特 柯斯迪·艾黎 凯伦·布莱克,,奥斯卡最佳纪录长片导演亚历克斯·吉布尼的新作，根据LawrenceWright的报告文学改编，关于8位前科学教的信徒，解密他们在好莱坞的秘闻，片子由影像资料、高层的演讲和场景重现等组成。
造梦之家,2022,2023-05-25,剧情,151,76,英语,史蒂文·斯皮尔伯格,托尼·库什纳,米歇尔·威廉姆斯 保罗·达诺 塞斯·罗根 加布里埃尔·拉贝尔 Mateo Zoryan Francis-DeFord 基利·卡斯滕 Alina Brace 朱莉娅·巴特斯 Birdie Borria,尽情捕捉每一个精彩瞬间,本片大致改编自斯皮尔伯格本人在二战后亚利桑那州的成长经历，讲述了一个名叫萨米·法贝尔曼的少年从七岁到十八岁的岁月。他偶然发现了一个震撼的家庭秘密，并在此过程中探索电影的力量如何帮助我们看清彼此，也看见真实的自己。
海街日记,2015,2015-06-13,剧情,127,76,日语,是枝裕和,,绫濑遥 长泽雅美 夏帆 广濑铃 加濑亮 铃木亮平 池田貴史 坂口健太郎 前田旺志郎,,在风光旖旎、阳光明媚的古都镰仓，城市一隅生活着香田家的三姐妹。长女幸（绫濑遥 饰）是某民营医院的护士，在妹妹面前有绝对的权威；次女佳乃（长泽雅美 饰）靓丽时尚，现供职于镰仓八幡信用金库，经常醉酒之际结交陌生男朋友；三女千佳（夏帆 饰）我行我素，搞怪不断，目前在某体育用品商店打工，时不时被二姐骂作宅女。15年前入赘到香田家的父亲和她们的母亲离婚，据外婆说是因为债务和女人的关系，但对年龄尚小的佳乃和千佳来说，童年的记忆早已模糊不清。母亲离婚后另行改嫁，撇下三姐妹跟随外婆过活。及至外婆过世后，她们变成了这间老旧却有着浓浓温情的住宅的唯一主人。在一个蝉鸣凄切的夏天，三姐妹突然接到父亲去世的噩耗。当年父亲和相熟的女人移居山形县，早和姐妹们失去了联系。在幸的命令下，佳乃和千佳启程参加父亲的葬礼，在那里她们不仅见到早已停止了呼吸的父亲，也邂逅了从未谋面的异母妹妹浅野玲（广濑丝丝 饰）。玲的母亲阳子（中村优子 饰）泣不成声，这个年仅13岁的女孩则选择坚强，从容沉稳地应对葬礼上的一切。她带着两个姐姐以及随后赶来的幸登上了山形的山顶，眺望父亲当年最为迷恋的风景。只有在这个无人的角落，她才能放声大哭，宣泄着心中的悲哀、不舍以及无法轻易道出的情愫。而香田三姐妹似乎也发掘到早已被深埋在时间尘埃中的美好记忆，关于父亲的碎片令女孩们的泪水夺眶而出。在离别的站台上，幸向玲发出邀请，希望这个小妹妹能搬到镰仓居住。以此为契机，玲的命运发生转变，她的脚步被引领到这个陌生同时蕴藏着熟悉痕迹的城市中来。小小的餐桌，四姐妹团团而坐，伴随着四季的流转，咀嚼品味人生路上的喜怒哀乐。在外婆去世的七周年忌上，久别的母亲（大竹忍 饰）姗姗而至，她的出现让幸、佳乃、千佳以及玲内心的秘密渐次浮现。不能原谅父母的长女，祈愿姐姐幸福的次女，并不了解父亲的三女，无法宽恕自己的四女，种种情绪交错碰撞，四姐妹的生活骤起波澜…
若能与你共乘海浪之上,2019,2019-06-21,动画 爱情 喜剧 剧情 奇幻,96,76,日语,汤浅政明,吉田玲子,片寄凉太 川荣李奈 松本穗香 伊藤健太郎 堀越真己 大地叶 西川舞 滨野大辉 杉村宪司,True love knows no boundaries.,夏天、阳光，沙滩、海浪，青年消防员雏罂粟港（片寄凉太 配音）和爱好冲浪的向水日菜子（川荣李奈 配音）相遇并迅速展开热恋。看似命中注定的这对恋人，却不幸遭遇生死别离。无法接受港已经离世的雏子，某天突然发现，只要唱起属于两个人的那首歌，港就会从水中出现……
网络谜踪,2018,2018-08-24,悬疑 惊悚 剧情,102,76,英语,阿尼什·查甘蒂,塞瓦克·奥哈尼安,约翰·赵 米切尔·拉 黛布拉·梅辛 约瑟夫·李 萨拉·米博·孙 布莱安娜·麦克莱恩 埃里卡·詹金斯 康纳·麦克雷思 多米尼克·霍夫曼,没有人会消失得无影无踪。,工程师大卫·金（约翰·赵 饰）一直引以为傲的16岁乖女玛戈特突然失踪。前来调查此案的警探怀疑女儿离家出走。不满这一结论的父亲为了寻找真相，独自展开调查。他打开了女儿的笔记本电脑，用社交软件开始寻找破案线索。大卫必须在女儿消失之前，沿着她在虚拟世界的足迹找到她…
浪客剑心：京都大火篇,2014,2014-08-01,动作 冒险 剧情 奇幻,138,76,日语,大友启史,藤井清美,佐藤健 武井咲 青木崇高 大八木凯斗 苍井优 江口洋介 伊势谷友介 田中泯 土屋太凤,Fate Hangs On His Sword.,进入了明治时代，曾经的“刽子手拔刀斋”绯村剑心已经习惯了神谷道场的安宁生活。谁知就在这一天，倒幕战争时的旧友——号称维新三杰之一的大久保利通将其请去。原来继承了剑心刽子手身份的志志雄真实当年被新政府背叛，侥幸活下来的志志雄正秘密筹措称霸日本的可怕计划。大久保死后，深感背负不可推卸责任的剑心只身上路，在途中不仅偶遇京都女忍卷町操，还在新月村和志志雄有了第一次的遭遇。与此同时，相乐左之助、神谷薫、明神弥彦、斋藤一也相继赶往京都。阴云密布的时代，酝酿着一场席卷全国的风暴。
预言者,2009,2009-08-26,犯罪 剧情,155,76,法语,雅克·欧迪亚,托马斯·比德盖恩,塔哈尔·拉希姆 尼尔斯·阿莱斯楚普 Adel Bencherif Hichem Yacoubi 瑞达·凯特布 Jean-Philippe Ricci Gilles Cohen 安托万·巴斯勒 Pierre Leccia,Escaping the prison of life.,被判处六年监禁的马利克·埃尔·杰贝纳既不识字也不会书写。初入监狱时他形单影只，看上去比其他囚犯更年轻、更脆弱。他19岁。在掌控监狱的科西嘉帮派头目的逼迫下，他被迫执行多项“任务”，在此过程中逐渐变得强悍，也赢得了帮派头目的信任。但马利克胆识过人且善于学习，暗中开始大胆筹划自己的道路。[索尼影业经典]
春光乍泄,1997,1997-05-30,剧情 爱情,97,76,Cantonese,王家卫,曼努埃尔·普伊格,张国荣 梁朝伟 张震 格利高里·戴顿,黎耀辉，不如我们从头来过。,黎耀辉与何宝荣是一对同性恋人，为了有新的开始，他们怀着美丽的梦想（去看南美洲大瀑布）离开香港来到阿根廷，却在布宜诺斯艾利斯迷了路。黎耀辉想安下心来过日子，无奈何宝荣于夜夜笙歌中放纵着自己的生命，以期找寻更多的刺激，只当黎耀辉是他受伤后的港湾，两人分歧 、争吵越来越多，心的距离越来越远。黎耀辉明白过去的日子不可能再复返时，决定离开何宝荣，而正是在他离开后，绝望的意味（对黎耀辉的爱）才在何宝荣的脑海中完整的浮现。
卡特教练,2005,2005-01-14,剧情 历史,136,76,英语,Thomas Carter,Mark Schwahn,塞缪尔·杰克逊 罗伯·布朗 罗伯特·里查德 瑞克·冈萨雷斯 Nana Gbewonyo Antwon Tanner 查宁·塔图姆 亚香缇 德克萨斯·巴特尔,It begins on the streets. It ends here.,本片根据1999年对于卡特教练和他的常胜不败的篮球队的新闻报道改编，萨缪尔·杰克逊在剧中饰演颇具争议的卡特教练。 　　里士满高中篮球队原本从未在任何比赛中获胜过，是一支屡败屡战的队伍，这一切在卡特执教之后发生了变化。他相信这支队伍在他的带领下可以成为最优秀的篮球队，所以他要求队员和他签订一个协议，约定如果队伍不团结或是成绩不佳就不再继续参加任何比赛。在他的带领下，这支队伍开始走上了上坡路，最后成为无人能敌的长胜王。但是在1999年举行的国家锦标赛上，队员们的表现却十分不尽人意，这让卡特教练沮丧不已，他真的关闭了训练馆，禁止队伍继续参加任何比赛。此举引起了极大的反响，他一时成了大众议论的焦点，有人赞赏他视篮球为生命的品格，但更多的人对他的举动表示不解，甚至是批评。
魔法满屋,2021,2022-01-07,动画 喜剧 家庭 奇幻,102,76,英语,贾里德·布什,拜恩·霍华德,斯蒂芬妮·比阿特丽斯 玛丽亚·塞西莉亚·卡达维 约翰·雷吉扎莫 黛安·格雷罗 Jess Darrow Carolina Gaitán Angie Cepeda Ravi Cabot-Conyers Mauro Castillo,在这里 一切都有魔法 除了她,讲述一个非同寻常的家庭——马利加家族的故事，他们隐居在哥伦比亚的山区一座神奇的房子里，生活在一个充满活力的小镇：一个奇妙的、充满魅力的地方，奇迹谷。奇迹谷的魔力使这个家庭的每个孩子都拥有独特魔法天赋，从超强大神力到治愈他人的能力……除了米拉贝（斯蒂芬妮·比翠丝 Stephanie Beatriz 配音）。但是，当她发现围绕奇迹谷的魔法处于危险之中时，米拉贝下定决心，她这唯一无魔法天赋的马利加人，将成为这个特殊家庭的希望。
篮球梦,1994,1994-09-12,纪录,174,76,英语,Steve James,Frederick Marx,William Gates Arthur Agee Gene Pingatore Steve James Dick Vitale Bobby Knight 斯派克·李 伊塞亚·托马斯,An Extraordinary True Story.,这部关于希望与信仰的史诗纪事，记录了两个平凡的芝加哥贫民区少年追逐看似遥不可及的梦想——职业篮球荣光。史蒂夫·詹姆斯、弗雷德里克·马克斯与彼得·吉尔伯特耗时五年跟拍，镜头跟随年轻的阿瑟·艾吉与威廉·盖茨及其家庭，记录两位少年在应对家庭与社区生活重压的同时，如何闯荡学术体育界复杂而残酷的竞争世界。这部具有启示意义的电影持续为观众带来启迪与鼓舞，被广泛视为美国非虚构电影的伟大杰作。[标准收藏]
春天不是读书天,1986,1986-06-11,喜剧,103,76,英语,约翰·休斯,,马修·布罗德里克 艾伦·鲁克 米娅·萨拉 杰弗里·琼斯 詹妮弗·格雷 辛迪·皮克特 莱曼·沃德 伊迪·麦克卢格 查理·辛,Leisure rules.,芝加哥又迎来了晴朗的一天，逃学高手菲利斯（马修•布罗德里克 Matthew Broderick 饰）自然不会在这天选择枯燥的测验，他伪装病重骗过父母，令同校的姐姐珍妮徒劳嫉妒。菲利斯找来好友凯伦（阿兰•卢克 Alan Ruck 饰），两人联手骗过训导主任罗宁，驾驶凯伦父亲珍藏的法拉利将菲利斯女友思朗接出学校兜风，菲利斯娴熟的电话骗术在凯伦和思朗的配合下将众人戏弄的团团乱转，学生们反而受他的影响颇深，在校内发起给菲利斯谎称的手术捐款。罗宁不堪忍受菲利斯一次次得欺骗，“微服私访”去校外希望能将菲利斯捉个正形，而在城中四处游荡的菲利斯三人则展开了一场隐藏自己身份的冒险……
心理游戏,1997,1997-09-12,剧情 惊悚 悬疑,129,76,英语,大卫·芬奇,约翰·布兰卡托,迈克尔·道格拉斯 西恩·潘 黛博拉·卡拉·昂格尔 詹姆斯·瑞布霍恩 彼得·多纳特 卡罗尔·贝克 安娜·卡塔莉娜 阿明·缪勒-斯塔尔 查尔斯·马丁内特,对于一个拥有一切的男人，你该送他什么……？,四十八岁的尼克是一个大富翁，他很富有，但精神却很空虚，他父亲在四十八生曰那天自杀的阴影一直部在他的心里。在他四十八岁生日那天，弟弟康罗送给他一张消费者娱乐服务会的游戏卡，没想到这张卡改变了他的一生。
铁拳男人,2005,2005-06-02,爱情 剧情 历史,144,76,英语,克里夫·霍林斯沃思,朗·霍华德,罗素·克劳 蕾妮·齐薇格 保罗·吉亚玛提 克雷格·比尔科 派迪·康斯丁 布鲁斯·麦克吉尔 大卫·胡班德 康纳·普莱斯 阿里尔·沃勒,One man's extraordinary fight to save the family he loved.,布洛克（罗素·克劳 Russell Crowe 饰）除了是一名过气的拳击手，还是三个孩子的父亲。当他的拳击生涯走下坡路后，紧接着而来的是生活的拮据和入不敷出的家庭状况。幸好有贤惠美丽的妻子梅（芮妮·齐薇格 Renée Zellweger 饰）理解支持，她的从不埋怨和勤劳持家，令这个家庭不至于毫无生机。布洛克放下自尊去排队领取救济金，却挡不住严冬的即将来临，家里食物短缺，生存问题迫在眉睫。  　　布洛克终于决定重上拳击台，这是他可以挽救家人的唯一办法。他的复出引来了民众的关注，成为了人们心中的平民英雄。他在比赛中英勇挥拳，为了男人的尊严，为了家人的生存。
我仍然相信,2020,2020-03-13,音乐 剧情 爱情,116,76,英语,Jon Erwin,Andrew Erwin,K·J·阿帕 布丽特·罗伯森 内森·帕森斯 加里·西尼斯 仙妮亚·唐恩 Reuben Dodd 尼古拉斯·贝克特尔 梅丽莎·罗克斯堡 特里·塞尔皮科,One love can change your life.,讲述了基督教音乐明星杰里米·坎普的真实生活故事和他爱与失去的旅程，这似乎证明了永远都有希望。
007：大战皇家赌场,2006,2007-01-30,冒险 动作 惊悚,144,76,英语,马丁·坎贝尔,伊恩·弗莱明,丹尼尔·克雷格 伊娃·格林 麦斯·米科尔森 朱迪·丹奇 杰弗里·怀特 吉安卡罗·吉安尼尼 卡特琳娜·莫里诺 西蒙·阿布卡瑞安 伊萨赫·德·班克尔,每一个角色都有过去 每一段传奇都有起点,英国军情六处特工詹姆斯·邦德（丹尼尔·克雷格 饰）这一次的任务是在赌场上赢取俄罗斯间谍手中的巨额财富，让其背后的恐怖组织势力无法达成阴谋并且击垮恐怖组织。这次，邦德有了一个漂亮的得力女助手琳德（伊娃·格林 饰）。邦德经过了赌场上的种种训练，最终来到了皇家赌场。随着赌注越来越大，这场赌局也愈来愈显示出背后交错的阴谋。邦德甚至险些死于非命。在共同的合作中，邦德和琳德不知不觉拥有了信任和默契，这种感情将会何去何从呢？
克莱默夫妇,1979,2024-06-14,剧情,105,76,英语,罗伯特·本顿,Avery Corman,达斯汀·霍夫曼 梅丽尔·斯特里普 简·亚历山大 贾斯汀·亨利 霍华德·达夫 乔治·科 玛格丽特·威廉姆斯 比尔·摩尔 豪兰·张伯伦,There are three sides to this love story.,泰德·克雷默是一位广告职员，他整天忙碌而无暇照顾妻子乔安娜和6岁的儿子比利。然而有一天，厌倦了整日忙碌家务事的乔安娜终于再也无法忍受这样的生活，抛下丈夫和儿子离家出走。泰德的生活骤然间陷入了混乱之中。他无法兼顾繁忙的工作和照顾孩子两件事，经常遭至上司和儿子两方面的不满。幸而有邻居泰尔玛帮忙，总算还能对付过去。泰德父子俩相依为命地生活着。渐渐地父子俩已是亲密无间，难以分离了。在一次游玩中比利不慎弄伤了眼睛，泰德抱着儿子疯狂地跑到医院。手术时，泰德紧紧地守在儿子身边寸步不离。转眼间一年多过去了，泰德忽然接到乔安娜的电话，两人在一家餐馆见了面。如今乔安娜已是收入丰厚的设计师，她前来纽约是想获得比利的抚养权，两人不欢而散。一场官司不可避免。然而就在此时，泰德却不幸失业。他几经努力，终于在二十四小时内又找到了一份工作。在法庭上，双方的律师全都咄咄逼人。虽然有泰尔玛出庭作证说泰德是位好父亲，法官还是把监护权判给了乔安娜。为了避免给比利带来影响，泰德放弃了上诉，但泰德在法庭上的陈词也已经打动了乔安娜。父子俩分离在即，俩人在一起做最后一顿早餐。就在等待中，乔安娜打来了电话，她见到了泰德，告诉他自己改变了主意，不再要求获得比利的监护权了。泰德父子终于不必分离了。
月球,2009,2009-07-17,科幻 剧情,97,76,英语,邓肯·琼斯,内森·帕克,山姆·洛克威尔 凯文·史派西 多米妮克·麦克艾丽戈特 罗茜·肖 阿德里安·肖 卡雅·斯考达里奥 王汉斌 马修·贝瑞 马尔科姆·斯图尔特,"250,000 miles from home, the hardest thing to face...is yourself.",未来世界，随着科技的飞速进步，地球的污染也越来越严重。为了遏制这种现状，一家名为月能工业有限公司的企业应运而生。该公司致力于月球能源的开发，通过采集氦-3来满足地球对能源的需求。月能公司在月球设有基地，山姆·贝尔（山姆·洛克威尔 Sam Rockwell 饰）正是该基地 上唯一的工作人员。山姆是公司聘用的合同工，他已在月球孤零零地生活3年，陪伴他的只有智能机器人戈蒂（凯文·斯派西 Kevin Spacey 饰）。枯燥乏味的生活令山姆归心似箭，在还有两周就离开月球的时候，山姆偶然遭遇一起事故。醒来后的他发现戈蒂似乎对其有所隐瞒，公司高层也拒绝他的回程请求。山姆借机逃出基地，却在事故发生地点发现另一个自己……本片荣获2009年爱丁堡国际电影节最佳英国影片奖、2009年西雅图国际电影节最佳男主角奖。
四角关系,2006,2006-06-16,剧情 喜剧 爱情,93,76,英语,奥尔·帕克,,塞尔坎·卡约格鲁 琳娜·海蒂 马修·古迪 西莉亚·伊姆里 安东尼·斯图尔特·海德 达伦·博伊德 Sue Johnston Boo Jackson 莎朗·霍根,There goes the bride.,瑞秋（派珀•佩拉博 Piper Perabo 饰）终于要嫁给了青梅竹马的男友海克（马修•古迪 Matthew Goode 饰）了，海克英俊温柔体贴忠厚，深深爱着瑞秋，瑞秋以为自己也同样深深爱着海克。婚礼上，就在通往神圣婚姻的红地毯上，瑞秋不经意地向旁边一瞥时，她突然像被闪电击中一样，而她，就是花店老板露丝（琳娜•海蒂 Lena Headey 饰），负责婚礼所有的鲜花。就这样，她们在婚礼上结识，并成为了朋友。虽然瑞秋和露丝彼此爱慕，但是她已经结婚了，而且海克是那么的好，最终瑞秋选择了放弃，露丝也选择了离开。瑞秋的变化被海克看到了眼里，他想给瑞秋幸福，于是，他选择了离开。瑞秋与露丝最终能否有情人终成眷属？ ©豆瓣
悲惨世界,2019,2019-06-16,犯罪 剧情 惊悚,103,76,法语,Ladj Ly,吉奥达诺·戈德里尼,达米安·勃纳尔 亚历克西斯·马恩蒂 Djebril Zonga Steve Tientcheu 让娜·巴利巴尔 Issa Perica Al-Hassan Ly Almamy Kanoute Nizar Ben Fatma,,刚从瑟堡来的斯蒂芬，加入了巴黎93省圣德尼的“反犯罪特种部队”。在这里，他遇到了新队友克里斯和瓦达，两位经验丰富的警察。但他很快就感受到了这个街区不同帮派间剑拔弩张的紧张氛围。在一次出警的行动中，局面变得不可控制，而这个事件意外地被一架无人机记录下来，进而引发了更为剧烈的冲突。
对她说,2002,2002-03-15,剧情 爱情,112,76,西班牙语,佩德罗·阿莫多瓦,,蕾欧诺·瓦特林 Rosario Flores 哈维尔·卡马拉 达里奥·格兰迪内蒂 Mariola Fuentes 杰拉丁·卓别林 Pina Bausch Malou Airaudo 卡埃塔诺·维洛索,,一个关于两个男人之间友谊、孤独与因激情而生的创伤漫长疗愈的故事。[索尼影业经典]
王者之路,2022,2022-06-23,剧情,113,76,英语,Akin Omotoso,阿拉什·阿梅尔,Uche Agada 戴奥·奥柯奈伊 Yetide Badaki Ral Agada Jaden Osimuwa Elijah Sholanke 泰勒·尼科尔斯 Panos Koronis 马尼什·达亚尔,A king will come from across the sea.,《王者之路》据真实的成功故事改编，讲述了一个非凡家庭培养出了联盟史上首个NBA总冠军三兄弟：密尔沃基雄鹿队的扬尼斯安特托昆博和萨纳西斯.安特托昆博，洛杉矶湖人队的科斯塔斯安特托昆博，以及他们的弟弟亚历克斯。
千钧一发,1997,1997-10-24,惊悚 科幻 悬疑 爱情,107,76,英语,安德鲁·尼科尔,,伊桑·霍克 乌玛·瑟曼 裘德·洛 艾伦·阿金 罗兰·迪恩 戈尔·维达尔 托尼·夏尔赫布 欧内斯特·博格宁 布莱尔·安德伍德,There is no gene for the human spirit.,未来的世界，科技的力量胜过一切，基因决定命运，几乎成为金科玉律。不幸文森特（伊桑·霍克 Ethan Hawke 饰）是一个基因不良的人，出生以来就决定了他近视和心脏病的缺陷，他只能活到30岁。
I型起源,2014,2014-07-18,科幻 剧情,106,76,英语,迈克·卡希尔,,迈克尔·皮特 布里特·马林 阿斯特丽德·伯格斯·弗瑞斯贝 史蒂文·元 雅奇·潘嘉比 卡拉·西摩 法妮勒 埃文斯 威廉·麥鮑瑟 Kashish,,伊恩·格雷是一名分子生物学在读博士，专攻眼睛的进化。在一个聚会上，他邂逅了一位神秘的面具女郎，凭着记忆里女孩美丽动人的眼睛，他找到了她，两人陷入爱河。尽管两人对于生活的基本信条完全不同，但却丝毫未影响感情。多年后，伊恩和他的实验搭档凯伦有了一次具有深远意义的发现，他必须要离开家人，穿越世界各地去找寻这项新发现的意义。
移魂女郎,1999,1999-12-21,剧情,127,76,英语,詹姆斯·曼戈尔德,苏珊娜·凯森,薇诺娜·瑞德 安吉丽娜·朱莉 克丽·杜瓦尔 布莱特妮·墨菲 伊丽莎白·莫斯 杰瑞德·莱托 杰弗里·塔伯 凡妮莎·雷德格雷夫 乌比·戈德堡,Sometimes the only way to stay sane is to go a little crazy.,本片根据苏珊娜凯森的自传体小说改编而成。苏珊娜（薇诺娜·瑞德 Winona Ryder饰）本是正值花季的普通少女，却被诊断为“边缘精神错乱症”而送进了精神病院。虽然苏珊娜深陷现实世界的精神压力中饱受折磨，但在精神病院苏珊娜结识到了一群看似乖戾却不同寻常的新朋友。具有反社会人格的莉莎（安吉丽娜·朱莉 Angelina Jolie饰），带领患有说谎癖的乔治娜（克丽·杜瓦尔 Clea DuVall饰），对火深怀恐惧的珀丽（伊丽莎白·莫斯 Elisabeth Moss饰），不能当着他人面进食的戴西（布莱特妮·墨菲 Brittany Murphy饰）等其他女孩，做出了很多令人瞠目结舌的举动，这令医院管理人员头痛不已。苏珊娜逐渐融入了女孩们的“秘密活动”中。这一次次离经叛道的疯狂冒险，使她踏上了一场寻找自我的精神之旅。
第五元素,1997,2015-04-17,科幻 动作 冒险,126,76,法语,吕克·贝松,罗伯特·马克·卡门,布鲁斯·威利斯 米拉·乔沃维奇 加里·奥德曼 伊恩·霍姆 克里斯·塔克 卢克·佩里 布莱恩·詹姆斯 小汤姆·里斯特 李·埃文斯,没有它就没有未来。,一头红发，perfect的“第五元素”莉露受命来到地球，她要协助人类与每隔五百年降临一次的邪恶力量对抗，联合风、火、水、土四块神石击退敌人。在实验室被复制出来后，言语不通的莉露在躲避人类的追捕中搭上了退役特工科本的出租车。科本带莉露找到了负责接头的神父，两人也渐渐的产生了好感。莉露与科本一同前往一个叫“失落天堂”的星球找寻另外四种元素的神石。但是，在战斗中莉露受伤昏迷，而且由于人类的暴行和无知杀戮，莉露陷入了内心的迷惘。大敌当前，科本究竟用什么力量才能唤醒莉露呢？
斯皮尔伯格,2017,2017-10-05,纪录,147,76,英语,苏珊·莱西,,史蒂文·斯皮尔伯格 马丁·斯科塞斯 理查德·德莱福斯 弗朗西斯·科波拉 汤姆·汉克斯 J·J·艾布拉姆斯 莱昂纳多·迪卡普里奥 凯特·布兰切特 德鲁·巴里摩尔,Direct from the heart,HBO将打造史蒂文·斯皮尔伯格纪录片《斯皮尔伯格》。该纪录片由苏珊娜·莱西执导。纪录片对准斯皮尔伯格数十年电影拍摄经历，于此同时还展现其《大白鲨》《夺宝奇兵》《E.T. 外星人》等佳作的幕后花絮。J·J·艾布拉姆斯、克里斯蒂安·贝尔、德鲁·巴里摩尔等会出镜。该片将于10月7日登陆HBO。
海洋奇缘,2016,2016-11-23,冒险 喜剧 家庭 动画,107,76,英语,罗恩·克莱蒙兹,约翰·马斯克,奥丽伊·卡瓦洛 道恩·强森 瑞秋·豪斯 特穆拉·莫里森 杰梅奈·克莱门特 妮可·舒可辛格 艾伦·图代克 路易丝·布什 奥斯卡·奈特力,The ocean is calling.,莫阿娜是一位充满活力、天生航海家的少女，她从古老的南太平洋岛屿启航，去寻找一座传说中的岛屿。在这场奇妙的旅程中，她与心目中的英雄——传奇的半神毛伊结伴，共同穿越广阔的海洋，开启一场惊心动魄的冒险之旅，途中遭遇巨大的海洋生物、令人叹为观止的海底世界以及古老的民间传说。[迪士尼影业]
大力士：乔治·福尔曼,2023,2023-04-28,历史 剧情,129,76,英语,小乔治·蒂尔曼,Frank Baldwin,Khris Davis 福里斯特·惠特克 Sullivan Jones Deion Smith Matthew Glave 约翰·马加罗 索尼娅·索恩 山姆·特拉梅尔 小拉里·吉拉德,当生活给你第二次机会时，不要为自己做。为你爱的每个人做这件事。,乔治·福尔曼在经历了贫困的童年之后将他内心的愤怒转化为追求奥林匹克金牌和世界重量级拳击冠军的动力。在他经历了一次濒死体验之后，他从拳击赛场走向了讲坛。但当他看到社区在精神和经济上的困境时，福尔曼决定重返拳击赛场。他再次创造了历史，重新夺回了他的头衔，成为有史以来年龄最大、最不可思议的世界重量级拳击冠军。
龙珠Z：独自一人的最终决战〜向弗利萨挑战的Z战士 孙悟空之父〜,1990,1990-10-17,动画 动作 科幻 剧情 奇幻,48,76,日语,桥本光夫,隅泽克之,野泽雅子 曾我部和恭 三田友子 渡部猛 盐屋浩三 中尾隆圣 速水奖 堀之纪 银河万丈,独自一人的最终决战 向弗利萨挑战的Z战士~孙悟空之父,弗里萨帝国最为强盛时期，其军团所到之处望风披靡，无数有文明存在的星球接连成为他的附属和商品，即使一向骁勇善战而闻名的赛亚人也臣服于弗里萨的麾下，心甘情愿成为他攻城拔寨的马前卒。孙悟空的父亲巴达克是一名低等赛亚人战士，在和伙伴们入侵某星球时，他遭到当地人的袭击，从此具有了预测未来的能力。他所看到的，不是民族光辉的未来，而是赛亚人因不断强大而遭致弗里萨忌惮继而被灭亡的悲惨命运。疗伤期间，小队伙伴受命前往攻击临近星球，结果全部被多多利亚杀害。随后赶到的巴达克发现预言全部为真，因此急忙赶回贝吉塔行星，准备召集族人与弗里萨决一死战，但这注定是一场孤独的战争……  　　本片为《龙珠Z》动画片的SP，基本可以视为整个故事的前传。
我是山姆,2001,2001-12-28,剧情,132,76,英语,Jessie Nelson,克里斯汀·约翰逊,西恩·潘 米歇尔·菲佛 黛安·韦斯特 达科塔·范宁 理查德·希夫 洛雷塔·迪瓦恩 马林·欣克尔 劳拉·邓恩 布拉德·西尔弗曼,Love is all you need.,"在星巴克工作的山姆（西恩•潘 饰），虽已成人，但智力水平只有7岁。一次偶然，他收留了一个流浪女。该女子帮山姆生下了一个女儿后消失得无影无踪。他给女儿取名叫露西（达科塔•范宁 饰）,因为他最喜欢甲壳虫乐队的《天空中戴钻石的露西》。他非常疼爱自己的孩子。露西在山姆的细心呵护下慢慢地长大了，她发现爸爸不能看懂稍微复杂一些的故事。她在拒绝长大，希望和爸爸一样。父女两的生活是那么幸福。地区的教育官员发现了这个特殊的家庭，他们认为山姆没有能力照顾露西，于是把露西带走了。伤心极了的山姆一心要挣回露西的抚养权，于是他自以为是的去找该地区最好的律师……"
星银岛,2002,2002-11-27,科幻 冒险 动画 家庭 奇幻,95,76,英语,罗恩·克莱蒙兹,约翰·马斯克,约瑟夫·高登-莱维特 Brian Murray 艾玛·汤普森 大卫·海德·皮尔斯 马丁·肖特 Dane A. Davis 迈克尔·温科特 劳拉·梅特卡夫 罗斯科·李·布朗,Find your place in the universe.,这天，15岁的少年占美阴差阳错的得到了一张球状星空藏宝图。这张地图记录了宇宙海盗搜刮来的巨额财宝的埋藏地点，于是少年占美踏上了一艘巨大的太空帆船，他的太空历险由此开始。  　　占美遇到了船上的厨师约翰，在约翰的帮助下，占美学习到了很多太空人的知识。在一系列的太空历险与战斗中，占美逐渐掌握在太空生存的技巧与法则。当他们越来越接近宝藏时，占美慢慢发现原来自己一路上的好朋友约翰原来是一个阴险狡诈的海盗。面对朋友的背叛，占美将如何是好？
深海长眠,2004,2004-09-03,剧情,125,76,西班牙语,亚历桑德罗·阿曼巴,马特奥·希尔,哈维尔·巴登 贝伦·鲁艾达 洛拉·杜埃尼亚斯 Joan Dalmau Josep Maria Pou Mabel Rivera Celso Bugallo 克拉拉·塞古拉 Alberto Jiménez,,雷蒙（贾维尔•巴尔登 Javier Bardem 饰）在一次跳海运动中出了意外，全身瘫痪。原本英俊壮健的他要在煎熬中度过余生。他忍受着常人无法理解的痛苦中过活了26年，已经无法领会到活着的意义。他一再申请安乐死，却无法获准。他请来律师朱莉娅（贝兰•鲁达 Belén Rueda 饰），这个女人在与雷蒙的相处中慢慢认同了他的观点，她不幸也身患绝症，二人更加惺惺相惜。朱莉娅承诺帮雷蒙出版诗集后，就和他一同赴死。
游戏王：次元的黑暗面,2016,2016-04-23,冒险 动画,130,76,日语,桑原智,彦久保雅博,津田健次郎 风间俊介 高桥广树 齐藤真纪 近藤孝行 松本梨香 竹内顺子 内藤玲 林遣都,战斗吧、为了心中的信念——。,本作是为了纪念在1996年起开始的《游戏王》系列漫画连载二十周年所推出的动画电影。
我是谁：没有绝对安全的系统,2014,2014-09-25,惊悚,105,76,德语,巴兰·博·奥达尔,扬特耶·弗里泽,汤姆·希林 埃利亚斯·穆巴里克 沃坦·威尔克·莫林 小安托万·莫诺特 汉娜·赫茨施普龙 崔娜·蒂虹 斯蒂芬·坎普沃斯 利奥波德·霍尔农 凯瑟琳娜·梅斯,No system is safe.,本杰明是一个这样的人：三次元现实世界中，他是一个十足的屌丝，难以找到存在感，没有时尚感、没有朋友，也没有女朋友。但是二十五岁的他却是一个的电脑极客，拥有对数字技术不可思议的天赋。而影片中另一位主人公马克思是一个渴望“黑客世界”的潜在革命者，他注意到了本杰明在 网络方面的惊人才华，马克思、本杰明和神童斯蒂芬以及保罗私人组建了黑客组织CLAY，并且为了正义入侵国际安全系统。他们凭借高超黑客技术的所为引起了德国秘密警察组织、欧洲刑警组织的重视，并且一个邪恶的黑客将他们视作威胁，想要将他们除去。本杰明因此感觉到自己正在面临生死攸关的考验，并且他们的目标似乎不值得他付出如此大的代价……
诗,2010,2010-05-13,剧情,139,76,朝鲜语,李沧东,,尹静姬 李大卫 金熙罗 安内相 Kim Yong-taek 朴明申 张慧珍 金南珍 金钟求,这里是寻找“自我”的地方。,一位年过六旬的女性在发现一桩残忍的家庭罪行后，通过报名诗歌课程寻得了内心的力量与生命的意义。李沧东继备受赞誉的《密阳》后执导的这部作品，以精湛的笔触细腻描绘了一位坚韧老年女性如何在平凡生活中悄然获得精神觉醒，并坚守自我的道德指引。
甘地传,1982,1982-11-30,剧情 历史,191,76,英语,理查德·阿滕伯勒,John Briley,本·金斯利 坎迪斯·伯根 爱德华·福克斯 约翰·吉尔古德 特瑞沃·霍华德 约翰·米尔斯 罗希尼·翰塔伽蒂 马丁·辛 伊恩·查尔森,His triumph changed the world forever.,本片记录了印度圣雄甘地史诗般传奇伟大的一生。1893年，24岁的甘地（本•金斯利 Ben Kingsley 饰）受邀前往南非任律师职，决心在当地带领印度移民开展非暴力不合作的抗议活动，并因此入狱。出狱后甘地回到祖国，在三八朗地区建立了高僧修行所，加入了国大党领导的印度独立运动，宣传非暴力不合作的斗争理念。运动中甘地曾四次入狱；在其不懈努力及国大党的带领下，印度独立终于提上议事日程，甘地也于1931年赴伦敦参加商讨独立的圆桌会议。然而随着独立的临近，印度国内穆斯林与印度教人民之间的宗教矛盾日益突出，甘地的非暴力不合作理念又面临着更为严峻的新挑战…… 　　本片获1982年奥斯卡最佳影片，最佳导演（理查德•阿滕伯勒Richard Attenborough），最佳男演员（本•金斯利），最佳原创剧本，最佳艺术指导，最佳摄影，最佳服装设计和最佳剪辑共八项大奖，并获奥斯卡最佳化妆，最佳电影音乐和最佳音效三项提名。
大话西游之月光宝盒,1995,1995-01-21,动作 冒险 奇幻 喜剧 爱情,88,76,Cantonese,刘镇伟,吴承恩,周星驰 吴孟达 罗家英 蓝洁瑛 莫文蔚 江约诚 陆树铭 刘镇伟 朱茵,,故事开始是观音菩萨要除掉孙悟空（周星驰 饰），因其伙同牛魔王欲杀害师父唐三藏（罗家英 饰），并偷走了月光宝盒。唐三藏慈悲为怀，愿自杀以换悟空重生。五百年后，孙悟空投胎为强盗头头至尊宝。不巧撞见预谋吃唐僧肉的妖怪姐妹--蜘蛛精三十娘（蓝洁瑛 饰）和白骨精白晶晶（莫文蔚 饰）。原来，500年前孙悟空和白晶晶曾有一段恋情，因而白晶晶与至尊宝一见钟情。此时，菩提老祖将二人的妖怪身份告诉了至尊宝，并同强盗们一起与二妖展开周旋。白晶晶为了救至尊宝打伤了春三十娘，却中毒受伤。至尊宝为了白晶晶来找春三十娘，却遭晶晶误会。白晶晶绝望自杀。至尊宝用月光宝盒使时光倒流却倒流回500年前。
热血警探,2007,2007-02-14,犯罪 动作 喜剧,121,76,英语,埃德加·赖特,西蒙·佩吉,西蒙·佩吉 尼克·弗罗斯特 吉姆·布劳德本特 派迪·康斯丁 拉菲·斯波 凯文·埃尔登 奥利维娅·科尔曼 比尔·贝利 卡尔·约翰逊,Big cops. Small town. Moderate violence.,在这部来自《僵尸肖恩》制作班底的动作喜剧中，尼古拉斯·安吉尔是伦敦最杰出的警察，逮捕率高出警队其他任何警官400%。他如此优秀，以至于让其他人都相形见绌。结果，上级将安吉尔派往一个他的才能不至于如此耀眼的地方——昏昏欲睡、看似没有犯罪的小镇桑福德。这个小镇即将迎来大城市的正义。[罗格影业]
跟随节拍跳起来,2020,2020-06-19,喜剧 音乐 剧情,107,76,英语,Elissa Down,Michael Armbruster,索菲亚·卡尔森 沃尔夫冈·诺沃格拉茨 唐娜·林恩·尚普林 恩里克·克兰东尼 Dennis Andres Rex Lee Brandon Kyle Goodman Eva Hauge 莉迪亚·朱维特,Take your chance. Make your move.,当才华横溢、以自我为中心的舞蹈演员艾珀耳（索菲亚·卡尔森）被驱逐出百老汇后，她不情愿地搬回了威斯康辛州的家乡小镇，与父亲（恩里克·克兰东尼饰）一起生活。艾珀耳竭尽全力避开她所在社区的每一个人，包括她的初恋尼克（沃尔夫冈·诺沃格拉茨饰），她不情愿地接受以前的舞蹈老师（唐娜·琳内·钱普林饰）的聘请，培训镇上一群问题颇多的年轻舞者。艾珀耳起初以为自己找到了回到百老汇的路，但现在她收获更多。《跟随节拍跳起来》是一封写给小镇的情书，是一部关于追逐梦想的温馨喜剧。
英勇废柴,2019,2019-08-15,喜剧 惊悚,115,76,西班牙语,Sebastián Borensztein,爱德华多·萨切里,里卡多·达林 路易斯·布兰多尼 奇诺·达林 Verónica Llinás Daniel Aráoz Carlos Belloso 丽塔·科尔特斯 Andrés Parra Marco Antonio Caponi,They messed with the wrong losers,影片改编自[谜一样的双眼]原著作者爱德华多·萨切里撰写的小说《植物之夜》，讲述一群小镇邻居在前足球运动员费尔明(里卡多饰)的领导下，向阴暗的律师和腐败的银行高管追讨他们被骗走的钱财。
包宝宝,2018,2018-06-15,动画 家庭 奇幻 剧情 喜剧,8,76,英语,石之予,,Daniel Kailin Sindy Lau Sharmaine Yeoh Tim Zhang,,画面开始，一双丰满的手灵巧地揉面、按记儿、擀皮儿、包包子。没过一会儿，一笼白白净净又馋人的包子就做得了。相貌平平的女主人推开厨房的窗户，短暂的歇息。稍后，包子蒸熟，女主人端着它来到餐桌前。此时，她的老公已经起床，正目不转睛地盯着电视的新闻。而他看了表后狼吞虎咽，便匆匆上班去了。失落的女主人拿起最后一个包子，可刚一张嘴包子便大哭了起来。不知为何包子有了生命，而倍感孤独的女主人格外开心，于是将包宝宝当做自己的孩子抚养。小包子一天天长大，他起初和女主人分外亲近，但是他渐渐有了自己的个性，渴望独立，渴望远行……  本片是《超人总动员2》的贴片短片，由皮克斯首位华裔女导演石之予执导，主角是一个孤独的母亲，主题则围绕从食物中孕育出生命展开。荣获奥斯卡电影金像奖最佳动画短片奖。
Love Don't Co$t a Thing,2003,2003-12-12,喜剧 剧情 家庭 爱情,100,76,英语,Troy Byer,Michael Swerdlick,尼克·卡农 克里斯蒂娜·米利安 基南·汤普森 卡尔·佩恩 史蒂夫·哈维 Vanessa Bell Calloway Reagan Gomez-Preston 妮可·舒可辛格 Melissa Schuman,Love Don't Co$t A Thing but it pays to be yourself.,A high school outcast pays a cheerleader to pose as his girlfriend so he can be considered cool.
星际宝贝,2002,2002-06-21,动画 家庭 喜剧,85,76,英语,迪恩·德布洛斯,克里斯·桑德斯,戴维·蔡斯 克里斯·桑德斯 蒂亚·卡雷尔 大卫·奥格登·斯蒂尔斯 Kevin McDonald 文·瑞姆斯 佐伊·考德威尔 杰森·斯科特·李 凯文·迈克尔·理查森,There's one in every family.,5岁女孩莉萝一直梦想养一只宠物狗，这天她终于得偿所愿，在姐姐的帮助下收养了一只流浪狗，并给它起名叫史迪奇。其实史迪奇并不是什么流浪狗，而是来自外星球的长着六支脚的危险分子，只是在流放中偷跑到地球上来的。为了在地球上隐藏身份，史迪奇只能“忍辱偷生”，把自己的两只脚藏起来，让自己看起来像是一只狗。在和莉萝相处的日子里，小女孩的善良单纯让她和史迪奇成了形影不离的好伙伴。然而另一方面，制造出史迪奇的外星人发现他逃走了，于是立刻全力出动，要将其逮捕归案！当外星人终于在地球上发现了伪装的史迪奇时，他们绑架了莉萝想逼史迪奇就范。为了救回自己的好朋友，也为了证明自己不是无可救药的危险分子，史迪奇只有使出浑身解数，放“脚”一搏了......
喋血街头,1990,1990-08-17,动作 犯罪 惊悚 战争,130,76,Cantonese,吴宇森,秦小珍,梁朝伟 张学友 Waise Lee Chi-Hung 任达华 袁洁莹 甄楚倩 林聪 鲍起静 曾近荣,"Once The Best of Friends, Now The Worst of... Enemies!",细荣(李子雄饰）、阿B（梁朝伟饰），辉仔（张学友饰）在石殎尾陡置区一同成长，三人情同手足，虽然各人家境贫困，年轻的心从没有失去对将来的幻想与憧憬。阿B因要与女友小珍（袁洁莹饰）结婚，众人各出奇谋为阿B筹钱。辉仔借来高利贷途中被劫，辉仔负伤往婚礼。及后，阿B与辉仔往复仇而误杀废强，细荣众人遂到越南逃亡。其时西贡市长外弛内张，对众人来说便是炼狱，更遇上越共刺杀越南政要，细荣遂决定要拼死捞一笔钱才离开越南。细荣远亲中、法混血儿阿乐（任达华饰）是职业杀手，阿乐得悉越南恶霸梁源盛在夜总会有黄金交易，遂与一众里应外合，激战后把黄金抢走，阿B为拯救一位香港女歌星陈秀青而险丧命……吴宇森巅峰时期的野心力作，对情与义的探讨有其深邃之处，动作场面火爆亮眼。是港片不可多得的佳作。
变身国王,2000,2000-12-15,冒险 动画 喜剧 家庭 奇幻,78,76,英语,马克·丁戴尔,大卫·雷诺兹,大卫·斯佩德 约翰·古德曼 Eartha Kitt 帕特里克·沃伯顿 溫蒂·馬利克 Kellyann Kelso Eli Russell Linnetz 斯蒂芬·J·安德森 鲍伯·伯根,It's all about... ME!,很久以前，在南方的崇山峻岭中有一座神奇的王国。王国里的人们不但丰衣足食，能够和睦相处，而且每个人都充满乐趣，懂得生活。只是年轻的国王卡克十分骄傲自负，爱慕虚荣。一天，他在筹划自己18岁的生日庆典时突发奇想，决定修建一个山间的水上乐园。尽管这个建议遭到了众人的反对——因为这将淹没王国中的一个村庄，但他仍旧一意孤行。  　　与此同时，一个篡权夺位的大阴谋正在秘密进行，幕后主使就是国王前任的行政顾问扎玛。通过周密的安排，国王卡克终于落入圈套——被库龙克变成一只骆驼。如今卡克发现自己已经成为巴夏的一份财产。巴夏是一个地位低下的牧民，他的家所在的村庄已被那座水上乐园淹没。  　　一次偶然事件使得巴夏得知了卡克的身份，两人私下达成协议，只要巴夏把卡克带回城市，并帮助他夺回王位，卡克就下令将水上乐园移走。于是，一个大胆的计划开始实施，一次疯狂的行动正式展开了……
他们是神,1970,1970-12-22,动作 喜剧 西部,115,76,意大利语,Enzo Barboni,,特伦斯·希尔 Bud Spencer Steffen Zacharias Dan Sturkie Gisela Hahn 埃琳娜·佩迪蒙特 法利·格兰杰 Ezio Marano Luciano Rossi,Look out! Here comes Trinity...,这是一个简单的故事，讲述的是当渴望土地的哈里曼少校派他的恶霸去骚扰热爱和平的摩门教徒，让他们放弃肥沃的山谷时，这对恋人来拯救他们。Trinity和Bambino成功地拯救了摩门教徒，并用闹剧般的幽默代替了过度的暴力，让坏人整装出动，挽救了局面。
变身特工,2019,2019-12-25,动画 动作 冒险 喜剧 家庭,101,76,英语,特洛伊·奎恩,尼克·布鲁诺,威尔·史密斯 汤姆·赫兰德 本·门德尔森 拉什达·琼斯 凯伦·吉兰 哈立德 瑞芭·麦肯泰尔 瑞秋·布罗斯纳安 丘增,Super Spy. Super Fly.,超级间谍兰斯·斯特灵（威尔·史密斯配音）和少年科学家沃尔特·贝克特（汤姆·霍兰德配音）几乎完全相反。 兰斯十分潇洒体面，而沃尔特恰恰相反。但是，当一次间谍任务发生意外的转折，兰斯因为阴差阳错，变成了一只勇敢而优雅的鸽子。他不得不和沃尔特临时组成不可能二人组，洗清自己名声的同时，更要拯救世界于水火之中。
异邦人：无皇刃谭,2007,2007-09-29,动作 动画 历史,103,76,日语,安藤真裕,高山文彦,长濑智也 知念侑李 山寺宏一 大冢明夫 石冢运升 宫野真守 坂本真绫 筈见纯 志村知幸,,在天下失序、列强割据的战乱时代，僧人祥庵将一名孤儿从中国带到了日本。孤儿名叫仔太郎，他背负着一个惊人的秘密。与祥庵失散后，孤苦无依的仔太郎带着爱犬飞丸前往赤池之国的万觉寺，在途中遇见了神秘剑士“无名”。仔太郎遭到追杀，危急时刻无名救了他一命。从此两人结伴同行。性格乖僻的浪人和紧闭心扉的少年虽然磕磕碰碰不断，但渐渐成了好朋友。  　　白鸾率领的追杀组织还是抓住了仔太郎，他们开始着手筹备某种仪式。金发碧眼的剑士“罗狼”也是追杀组织中的一员，他虽然听命行事但并不真正在意组织的目的，对他来说，寻找可以与自己匹敌的对手才是生命的意义。罗狼与无名之间的生死对决拉开了帷幕
死侍与金刚狼,2024,2024-07-26,动作 喜剧 科幻,127,76,英语,肖恩·利维,罗伊·托马斯,瑞安·雷诺兹 休·杰克曼 艾玛·科林 马修·麦克费登 达芙妮·基恩 乔恩·费儒 莫雷纳·巴卡林 罗伯·德兰尼 莱斯莉·奥加姆斯,天生一队 大银幕贱,史上最另类超级英雄、语不惊人死不休的死侍睽违六年终于重返大银幕，首次加入漫威电影宇宙！除了与一众昔日战友重新聚首，更与睽别15年的金刚狼二度并肩作战、再续兄弟情谊。直面时间变异管理局的追捕，迎战让人意想不到的神秘劲敌卡桑德拉·诺瓦。即便如此，死侍也毫不畏惧，自信满满地宣称自己就是“漫威救世主”，并将改写漫威电影宇宙！
野良犬,1949,1949-10-17,犯罪 剧情 惊悚 悬疑,122,76,日语,黑泽明,菊岛隆三,三船敏郎 志村乔 淡路惠子 三好荣子 千石规子 本间文子 河村黎吉 饭田蝶子 东野英治郎,七发子弹的悬疑故事！,年轻侦探村上倒霉的一天雪上加霜：在闷热拥挤的公交车上，他的配枪被扒手偷走。为了弥补过错，他潜入地下世界，在东京炎热的街头搜寻那条因走投无路而犯罪的“野狗”。每一步行动中，警察与罪犯的生活都愈加交织，调查逐渐演变为对村上自身阴暗面的审视。三船敏郎饰演菜鸟警察，志村乔饰演引导他恪守法律的老练侦探。本片超越了一般犯罪惊悚片，深入探究了战后日本的肮脏世界与犯罪心理的本质。[标准收藏]
冰峰168小时,2003,2003-12-12,纪录 动作 冒险 剧情,106,76,英语,Joe Simpson,凯文·麦克唐纳,Brendan Mackey Nicholas Aaron Ollie Ryall Joe Simpson Richard Hawking Simon Yates,The closer you are to death. The more you realize you are alive.,本片跟随登山者乔·辛普森与西蒙·耶茨，记录他们前往秘鲁安第斯山脉挑战修拉格兰德峰西坡的攀登历程。
月光光心慌慌,1978,1978-10-25,恐怖 惊悚,87,76,英语,约翰·卡朋特,黛布拉·希尔,唐纳德·普莱森斯 杰米·李·柯蒂斯 南希·凯斯 帕梅拉·杰恩·索尔斯 查尔斯·塞弗斯 凯尔·理查兹 布莱恩·安德鲁斯 约翰·迈克尔·格雷厄姆 南希·斯蒂芬斯,他归来的那个夜晚！,1963年万圣节之夜，六岁的迈克尔·迈尔斯持刀杀害了自己的姐姐。在精神病院监禁十五年后，迈尔斯逃脱并重返伊利诺伊州哈登菲尔德镇展开杀戮。
海边的曼彻斯特,2016,2017-08-25,剧情,137,76,英语,肯尼思·洛纳根,,卡西·阿弗莱克 卢卡斯·赫奇斯 米歇尔·威廉姆斯 凯尔·钱德勒 C·J·威尔逊 格瑞辰·摩尔 马修·布罗德里克 安娜·巴里什尼科夫 希瑟·伯恩斯,每个人都有权力不与自己的过去和解,在兄长猝然离世后，李·钱德勒震惊地得知自己被指定为侄子帕特里克的唯一监护人。李不得不暂停工作，勉强回到故乡曼彻斯特照顾这个十五岁的活泼少年，同时也被迫直面那段令他与妻子兰迪分离、与成长之地决裂的往事。曾被兄长凝聚的家庭纽带如今断裂，李与帕特里克在失去至亲的阴影下，艰难地摸索着与世界和解的方式。
血钻,2006,2006-12-08,剧情 惊悚 动作,143,76,英语,查尔斯·里维特,爱德华·兹威克,莱昂纳多·迪卡普里奥 杰曼·翰苏 詹妮弗·康纳利 卡吉索·库伊珀斯 阿诺德·沃斯洛 安东尼·科尔曼 贝努·马布纳 阿诺汀 卢科拉 大卫·哈伍德,你将为此失去一切,1999年，非洲塞拉利昂深陷内战的战乱纷飞之中。普普通通的渔民索罗蒙（迪杰蒙·豪索）被迫为一家钻石矿厂工作，一次偶然机会，在山涧河流中清洗淘到的石头时，索罗蒙发现了一颗精美的石头，那是一颗世上少有的粉红钻石，而它不仅能帮助自己的家庭，也能解救成为难民的妻女，挽救被抓去当童兵的最心爱的儿子迪亚。因此，虽然面对着死亡的危险，索罗蒙还是不顾一切地藏起了钻石。 丹尼（莱奥纳多·迪卡普里奥）是个靠非法交易钻石和武器为生的贩子，因为走私而被关进监狱的他无意得知了索罗蒙的钻石，他清楚那样稀有的钻石价值连城，完全能助他逃离非洲，逃出暴力腐败的罪恶圈。在一个调查钻石工业复杂黑幕的美国理想主义女记者曼迪（珍妮弗·康纳莉）的帮助下，三人开始了穿越战乱区域的长途逃亡。 对丹尼来说，他需要离开战乱的非洲；对索罗蒙来说，是要拯救自己的儿子和家庭；对曼迪来说，揭开钻石黑幕，成为第一个报导者，是她的夙愿。三个本不相关的陌生人，一颗罕有的粉钻，一场血腥杀戮的内战，在青葱广袤的非洲大陆之上，他们是否能得到最终的救赎？
冠军亚瑟,2024,2024-03-15,冒险 剧情,107,76,英语,Simon Cellan Jones,迈克尔·勃兰特,马克·沃尔伯格 刘思慕 朱丽叶·里兰斯 娜塔莉·伊曼纽尔 阿里·苏里曼 贝尔·格里尔斯 保罗·吉尔福伊尔 罗伯·柯林斯 Alani iLongwe,An unexpected encounter. An unlikely bond. An unforgettable adventure.,瑞典越野赛车手和队友们在比赛中穿越厄瓜多尔雨林时，给了一只可怜兮兮的流浪狗肉丸吃，没想到狗狗跟着他们完成了剩余的700公里比赛。
神圣无花果之种,2024,2024-09-18,剧情 惊悚 犯罪,168,76,法语,雷萨·阿克拉吉拉德,,索海拉·戈勒斯塔尼 米萨·扎雷 马萨·罗斯塔米 塞塔雷·马勒基 尼乌莎·阿赫希 雷萨·阿克拉吉拉德 希瓦·奥尔杜伊 阿米娜·马兹鲁·阿拉尼 Mohammad Kamal Alavi,,在德黑兰的政治动荡中，调查法官伊曼深受偏执困扰。当他的配枪不翼而飞，他将疑心指向妻子与女儿们，随着社会规则的崩塌，他实施的严苛措施使家庭纽带日益紧绷。
丹麦女孩,2015,2015-11-27,剧情,119,76,英语,汤姆·霍伯,David Ebershoff,埃迪·雷德梅恩 艾丽西亚·维坎德 马提亚斯·修奈尔 本·卫肖 塞巴斯蒂安·科赫 皮普·托伦斯 尼古拉斯·伍德森 艾梅柏·希尔德 Emerald Fennell,Find the courage to be yourself.,1926年哥本哈根，风景画家艾纳（埃迪·雷德梅恩 Eddie Redmayne 饰）和擅长人物画的格尔达（艾丽西亚·维坎德 Alicia Vikander 饰）结为夫妇。因为模特失约，格尔达为顺利完成画作说服了艾纳穿上女装救场。这次意外令艾纳多出一个女性人格“莉莉”，而后者亦成为妻子的灵感女神，让格尔达声名鹊起。只是随着沉睡女性人格的被唤醒，艾纳开始厌恶自己作为男性的身体，他渐渐发现莉莉不但是艺术存在，更是真正的自己。格尔达也没有想到只是临时起意的游戏，竟为自己人生投下了一颗震撼弹，她该如何继续爱她的伴侣？她们在各种社会非议和误解中不离不弃，最后格尔达鼓励艾纳彻底变成莉莉......
雪人,1982,1982-12-26,冒险 动画 家庭 奇幻,25,76,英语,Dianne Jackson,,雷蒙德·布雷格斯 大卫·鲍伊 梅尔·史密斯,,一个冬天的早晨，一个叫JAMES的小男孩醒来发现屋外一片雪白——下雪了。他欢快地冲下楼来到花园中，堆了一个雪人……午夜十二点，他醒了过来，决心去看看那个雪人。当他打开门时他不敢相信自己的眼睛——雪人活了过来！他们相互笑着，有礼貌地脱帽自我介绍。于是开始了一段神奇的旅程……
吸血鬼生活,2014,2014-06-19,喜剧 恐怖,86,76,英语,塔伊加·维迪提,杰梅奈·克莱门特,杰梅奈·克莱门特 塔伊加·维迪提 Jonny Brugh Cori Gonzalez-Macuer Stu Rutherford Ben Fransham Jackie van Beek Elena Stejko Jason Hoyte,Some interviews with some vampires.,讲述三位长生不老的吸血鬼室友应付人类生活的奇葩轶事。Viago，Vladislav以及Daecon三个人是室友 ，作为吸血鬼家族成员，三人都要定期摄取人血，此外还要应付人类社会的繁杂规矩，例如付房租、设法混进夜店、处理室友矛盾等等。惊悚与搞笑并行，极具特点。
无可奈何,2025,2025-09-24,喜剧 犯罪 惊悚,139,75,朝鲜语,朴赞郁,唐纳德 E·韦斯特莱克,李炳宪 孙艺珍 朴熙顺 李星民 廉惠兰 车胜元 Kim Woo-seung Choi So-yul 吴达洙,你会为了一份工作而杀人吗？,一名男子失业数年后，为获得新工作灵光一现想出独特计划：消灭自己的竞争对手。
终极斗士3：赎罪,2010,2010-04-17,动作 惊悚 犯罪 剧情,96,75,英语,艾萨克·佛罗伦汀,大卫·N·怀特,斯科特·阿金斯 米凯尔·珊农·詹金斯 马克·伊瓦涅 克里斯多·夏帕夫 马克·扎罗 迈克尔·巴拉尔 伊拉姆·崔 罗伯特·科斯坦佐 拉蒂夫·克劳德,One deadly tournament. Last fight for freedom.,犯人战士尤里•伯伊卡（Scott Adkins 饰）在上一集中膝盖受重伤，失去了搏击能力，只能在监狱中清理卫生，昔日的荣耀和战斗已离他远去，而监狱方面又驳回了他的假释要求，从不曾甘心失去自由的伯伊卡，将希望寄托在国际犯人格斗大赛上，因为大赛最终的冠军将获得自由。经过严酷的恢复性训练，伯伊卡战胜并取代了嘎卡（Mark Ivanir 饰）手下的参赛选手，两人再一次合作，前往格鲁吉亚境内的葛贡监狱，伯伊卡在那里将同世界各地的其他七名犯人战士，角逐出唯一的犯人格斗之王。  　　参赛选手中，美国的特伯（Michael Shannon Jenkins 饰）和哥伦比亚的“杀人狂”各具实力，伯伊卡为了自由必须战胜他们，然而他很快发现，真正的敌人并不是搏击场中的对手……
乌鸦,1943,1943-09-28,悬疑 剧情 惊悚,92,75,法语,Henri-Georges Clouzot,路易斯·沙旺斯,Pierre Fresnay Ginette Leclerc Micheline Francey Héléna Manson Jeanne Fusier-Gir Sylvie Liliane Maigné Pierre Larquey Noël Roquevert,One of the Most Discussed Films in the History of French Cinema!,在法国中部的一个乡村，雷米·吉尔曼医生居然成了一只“乌鸦”的受害者。原来，有人写了一封署名“乌鸦”的匿名信，诬告他犯有通奸罪和非法施行流产手术。很快，这封诬告信就在村子里广泛流传开来，闹得整个村子惶恐不安，每一个村民都被怀疑是这封神秘匿名信的作者。雷米医生在对此事展开调查的过程中，逐渐发现了同胞们的卑鄙无耻和小肚鸡肠。
漂亮男孩,2018,2018-10-12,剧情,112,75,英语,Felix van Groeningen,卢克·戴维斯,史蒂夫·加瑞尔 提莫西·查拉梅 莫拉·蒂尔尼 艾米·莱安 克里斯蒂安·康佛瑞 Oakley Bull 凯特琳·德弗 斯蒂芬妮·斯科特 Julian Works,"A true story of addiction, survival and family.",电影讲述由史蒂夫·卡瑞尔饰演的父亲，帮助蒂莫西·柴勒梅德饰演的儿子戒除药物上瘾的历程。
纽约提喻法,2008,2008-10-24,剧情,124,75,英语,查尔斯·考夫曼,,菲利普·塞默·霍夫曼 萨曼莎·莫顿 米歇尔·威廉姆斯 凯瑟琳·基纳 艾米丽·沃森 黛安·韦斯特 詹妮弗·杰森·李 霍普·戴维斯 汤姆·努南,,9月，伴随着秋天到来的，似乎还有戏剧导演凯顿（菲利普·塞默·霍夫曼 Philip Seymour Hoffman 饰）的孤独，因一次意外的受伤，凯顿陷入了无休止的诊疗，不停拜访各专业医生；另一方面，创作微缩油画的妻子阿黛尔（凯瑟琳·基纳 Catherine Keener 饰）和他日渐疏远，冷漠尴尬的家庭气氛加深了凯顿的自我怀疑，即便他的剧目获得巨大成功也不能掩盖这一切。凯顿与在剧场工作的女子以及一名女演员保持着暧昧关系，在妻子抛弃他之后，凯顿从这两个女人身上试图找到改善自我精神状态的可能性，然而他还是失败了。凯顿最后决定从戏剧中找到答案，他产生了一个庞杂的创作计划……
黑潮,1992,1992-11-18,剧情 历史,202,75,英语,斯派克·李,阿诺德·珀尔,丹泽尔·华盛顿 安吉拉·贝塞特 阿尔伯特·海尔 Al Freeman Jr. 德尔罗伊·林多 斯派克·李 特里萨·兰德尔 Kate Vernon 萝内蒂·麦基,学者、囚徒、领袖、门徒、潮人、父亲、投机者、牧师、黑人、众生相。,迈尔肯（丹泽尔•华盛顿 Denzel Washington 饰）出生于一个黑白通婚的家庭，其父是黑人牧师，其母是无偏见的白人。但是当时，美国种族矛盾激化，3K党经常骚扰他家，在他的幼小心灵中种下了复仇的种子。迈尔肯长大后，混迹于街巷酒吧之中，甚至染上了毒品、偷盗等恶习。一次偶然的机会，迈尔肯与白人女子索菲亚相遇，但这段爱情因种族偏见而夭折。迈尔肯因犯罪锒铛入狱，正当他处于困境之时，一位黑人教徒引领他皈依了伊斯兰教，这也成为他人生的转捩点。他通过阅读大量书籍，逐渐了解了种族歧视的文化根源，并多次在公开场合宣扬黑人要独立、对白人复仇的激进主张，引起轩然大波。迈尔肯成为很多人的眼中钉，甚至遭遇了背叛，引来了灭顶之灾……
生人勿进,2008,2008-10-24,恐怖 剧情,115,75,瑞典语,约翰·阿杰维德·林德奎斯特,托马斯·阿尔弗莱德森,凯尔·赫德布朗特 莉娜·莱安德森 皮尔·拉格纳 亨里克·达尔 卡琳·伯格奎斯特 彼得·卡尔伯格 伊卡·诺德 米凯尔·拉姆 Karl-Robert Lindgren,"Eli is 12 years old. She's been 12 for over 200 years, and she just moved in next door.",12岁的奥斯卡是个脆弱而焦虑的男孩，常被更强壮的同学欺凌却从不反抗。这个孤独的孩子渴望朋友，而当他隔壁搬来一个同龄的女孩艾丽时，愿望似乎成真了。艾丽是个苍白、严肃的小女孩，只在夜间出没，仿佛不受严寒天气影响。随着她的到来，一系列无法解释的失踪案和谋杀案接连发生：有人被绑在树上，有人冻死在湖中，有人脖颈被咬伤。鲜血似乎是共同点。但此时，奥斯卡与艾丽之间已悄然萌生出微妙的情感，而她也赋予他对抗施暴者的力量。[木兰花影业]
四月三周两天,2007,2007-09-14,剧情,114,75,罗马尼亚语,Cristian Mungiu,,安娜玛丽亚·马林卡 Laura Vasiliu Vlad Ivanov Alexandru Potocean Luminița Gheorghiu Adi Cărăuleanu Liliana Mocanu Doru Ana Ion Sapdaru,At what moment do we begin to live?,罗马尼亚导演克里斯蒂安·蒙吉凭借这部严谨现实主义的第二部长片荣获金棕榈奖，由此蜚声国际。影片设定在1987年齐奥塞斯库独裁时期，女大学生室友奥蒂莉娅与加比塔为后者寻求非法堕胎。影片以毫不妥协却又充满同理心的笔触，记述了她们生命中危机四伏的二十四小时，最终聚焦于她们与一名操控欲十足的威胁性堕胎医生的遭遇。凭借凸显角色缺陷人性的强大表演，本片成为一部椎心泣血的写实录，揭示了当女性掌控身体自主权意味着触犯法律时，所面临的艰难抉择。[标准收藏]
头脑特工队2,2024,2024-06-21,动画 冒险 喜剧 家庭,96,75,英语,凯尔西·曼恩,梅格·勒福夫,艾米·波勒 玛雅·霍克 肯辛顿·塔尔曼 丽莎·拉皮拉 托尼·海尔 刘易斯·布莱克 菲利斯·史密斯 阿尤·艾德维利 莉莉玛,为新的情感腾出空间。,小女孩莱莉刚步入青春期，在她的大脑总部，正经历着一场突如其来的大拆迁，为意想不到的新情绪腾出空间。一直以来配合默契的情绪小伙伴乐乐、忧忧、怒怒、怕怕和厌厌，在新情绪焦焦的突然到来时变得不知所措，并且她看起来不是孤身一人。
凯文怎么了,2011,2011-10-21,剧情 惊悚,110,75,英语,琳恩·拉姆塞,Lionel Shriver,蒂尔达·斯文顿 约翰·C·赖利 埃兹拉·米勒 Jasper Newell Rock Duer Ashley Gerasimovich 西奥本·法隆·霍根 亚历克斯·马内特 Kenneth Franklin,This conversation is long overdue.,伊娃是一名梦想周游世界的职业女性，但突如其来的婚姻和意外的怀孕使她放弃了自己的理想，成为了一名家庭主妇。可是，她的牺牲换来的却只有失望。从小凯文就不是个令人省心的孩子，无休止的哭闹，对母亲的关怀无动于衷，对于这样一个孩子，伊娃难免有些自暴自弃。很快，一个小女儿的诞生打破了僵局，遗憾的是，小姑娘天生失语，这悲惨经历更是让伊娃将自己全部的爱倾注在了她的身上。成年后的凯文与母亲之间的距离越来越远，倒是和父亲颇为亲近，他爱好射箭，父亲便送了一副弓箭给他，没想到，正是这副弓箭带给了这个家庭以及整个社会一次破灭性的打击。凯文到底怎么了？谁也无法回答，就连凯文自己，面对这样一个问题，也只能沉默以对。
迪兹先生进城,1936,1936-04-09,喜剧 剧情 爱情,115,75,英语,弗兰克·卡普拉,罗伯特·里斯金,加里·库珀 琪恩·亚瑟 George Bancroft 莱昂内尔·斯坦德 Douglass Dumbrille Raymond Walburn H.B. Warner Ruth Donnelly Walter Catlett,用笑声震撼美国！,一个非常富有的艺术赞助人在一场车祸中意外地丧生了，他身后留下的两千万巨额遗产由佛蒙特州的第兹（加里.库珀饰）来继承。此时的第兹在当地已是一个相当成功的商人，他感觉在他的生活中已没有什么更多的需要了，唯一的需要只是想有足够的时间练习练习乐器，如大号什么的，或者写写贺卡和打油事之类的。当地一家报社当得知第兹要去纽约时，便派记者芭比.贝内特（琼.阿瑟饰）前往跟踪采访，想从这个一夜暴富的“灰姑娘式的男人”身上挖掘出一些独家新闻。……
日瓦戈医生,1965,2016-04-15,剧情 爱情 战争,200,75,英语,大卫·里恩,鲍里斯·帕斯捷尔纳克,奥玛·沙里夫 朱莉·克里斯蒂 杰拉丁·卓别林 罗德·斯泰格尔 亚历克·吉尼斯 汤姆·康特奈 Siobhán McKenna 拉尔夫·理查森 丽塔·塔欣厄姆,革命烈火中的爱情。,幼年丧母的日瓦戈（Omar Sharif 饰）被过继给母亲的朋友，自此与继母一家的小女儿冬妮娅一同成长，并顺利修完医学专业，成为了一名优秀的医生。在另一条平行的生命线上，出生于裁缝之家的拉娜（Julie Christie 饰）正是十七岁的金色年华，母亲的情人维克多不时骚扰她，热衷于工人革命的未婚夫帕夏更让拉娜日日为其担忧。在工人运动风起云涌的日子里，日瓦戈目睹了当局对工人的残酷镇压，拉娜则因帕夏被卷入工人运动而遭到维克多的玷污，由于维克多的关系，日瓦戈与拉娜的人生终于汇合，在不久后混乱的一战中，他们终于不顾各自的伴侣陷入了热恋……不久布尔什维克掌握政权，返回家乡与冬妮娅团聚的日瓦戈发现生活却每况愈下，以至他们不得不远赴乡村谋生，岂料在遥远的北方村落，日瓦戈再次与拉娜相遇……  　　本片根据Pasternak的同名小说改编，获1966年奥斯卡最佳美术指导、最佳摄影等多项专业褒奖。
铁血战士,1987,1987-06-12,科幻 动作 冒险 惊悚,107,75,英语,约翰·麦克蒂尔南,吉姆·托马斯,阿诺德·施瓦辛格 卡尔·韦瑟斯 凯文·彼得·霍尔 埃尔皮迪亚·卡里略 比尔·杜克 杰西·文图拉 索尼·兰哈姆 理查德·查韦斯 R. G. 阿姆斯特朗,Soon the hunt will begin.,美军一架直升机在南美洲的原始森林坠毁，那里盘踞着不怎么友好的当地游击队。美军特种兵少校达奇（阿诺•施瓦辛格 Arnold Schwarzenegger）率领部下亲自前往搜救。他们在森林里很快就发现了失踪的飞行员的尸体，死状恐怖。大家都认为那是当地的游击队干的，愤怒的队员开始寻找当地游击队的基地，要为同伴报仇。然而当他们发现当地游击队的营地时，发现当地人也被一种恐怖气氛所笼罩着。随后，队员们相继被袭击身亡，但每次都没发现敌人的半个影子。对方就像凭空隐形了一样。孤身一人的达奇决心凭自己的力量面对这股神秘恐怖的力量……
祖与占,1962,1962-01-23,剧情 爱情,106,75,法语,弗朗索瓦·特吕弗,亨利-皮埃尔·罗歇,珍妮·莫罗 奥斯卡·维尔纳 亨利·塞尔 玛丽·杜布瓦 萨比娜·奥德潘 瓦纳·乌尔比诺 塞尔日·雷兹瓦尼 安妮·尼尔森 米歇尔·苏博尔,生命与爱的礼赞。,被誉为影史杰作的本片，在跨越二十五年的时光中，勾勒出两位挚友与他们共同痴迷的女子之间复杂的关系。传奇导演弗朗索瓦·特吕弗执导，让娜·莫罗饰演迷人而任性的凯瑟琳——她那神秘的笑容与炽烈的天性，将祖与占卷入电影史上最令人着迷的情爱三角。这部作品以鲜活又沉痛的笔触探讨自由、忠诚与爱的坚忍，1962年上映后风靡全球，至今依然大胆迷人如初。[标准收藏]
狂怒,2014,2014-11-21,战争 剧情 动作,135,75,英语,大卫·阿耶,,布拉德·皮特 希亚·拉博夫 罗根·勒曼 迈克尔·佩纳 乔·博恩瑟 吉姆·派瑞克 布拉德·威廉·亨克 凯文·万斯 沙维尔·塞缪尔,狂怒,情节设定在1945年二战硝烟即将消散之时，同盟国军队准备在欧洲战场发动最后一轮猛烈攻击。在以寡敌众、弹尽粮绝的不利条件下，身经百战的陆军中士Wardaddy指挥谢尔曼坦克的几名坦克手以及二等兵Norman深入纳粹德国的中心地带，执行一项死亡任务。
好人寥寥,1992,1992-12-11,剧情,138,75,英语,罗伯·莱纳,亚伦·索金,汤姆·克鲁斯 杰克·尼科尔森 黛米·摩尔 凯文·贝肯 基弗·萨瑟兰 凯文·波拉克 詹姆斯·马歇尔 詹姆斯·托马斯·帕特里克 克里斯托弗·盖斯特,在美国首都的心脏地带，在美国政府的法院里，一个人会不惜一切代价维护他的荣誉，一个人会不惜一切代价寻找真相。,在美国驻古巴关达那摩湾的海军基地，两名海军陆战队员道森和多尼被指控杀害了另一名士兵圣地亚哥。海军律师丹尼尔·卡菲（汤姆·克鲁斯 Tom Cruise 饰）和助手山姆被派接手此桩案件，他们调查到圣地亚哥曾希望调离基地，还举报过道森。卡菲本想进行庭外协调，争取两年刑期。然而 两名士兵坚持自己无罪，他们对圣地亚哥的行为是执行上级给他们下达的“红色条规”。所谓红色条规，就是一种军官默许的由士兵私下进行的训诫条规。  　　卡菲、山姆以及另一名女律师盖洛维（黛米·摩尔 Demi Moore 饰）组成辩方律师进行调查，而基地指挥官杰塞普上校（杰克·尼科尔森 Jack Nicholson 饰）是本案的关键人物，他拒绝了圣地亚哥的调离申请，对他下达了“红色条规”，事后私自篡改了飞行记录。卡菲虽然知道真相，却苦于证据不足，这种情况下若是指证杰塞普上校还会给自己带来麻烦。这场关乎正义的诉讼案，会有一个怎样的结果？
鬼玩人2,1987,1987-03-13,恐怖 喜剧 奇幻,84,75,英语,萨姆·莱米,斯科特·斯皮格尔,布鲁斯·坎贝尔 莎拉·贝瑞 丹·希克斯 卡西·德派瓦 泰德·雷米 丹尼斯·比克斯勒 理查德·多米耶 约翰·皮克斯 露·汉考克,Kiss your nerves goodbye!,本片接着上一集。太阳又要升起，Ash是唯一的幸存者。但由于种种原因，他没有来得及离开，这样他就不得不在小屋里再度过一个恐怖之夜。这一次，陪伴他的有教授的女儿、一个修理工和他的女友。夜幕降临，Ash死去的女友，他自己的手臂（在上一集中被电锯砍下）以及飞来飞去的眼球纷纷登场。又一个血腥的恐怖之夜开始了。就在这一夜，有史以来最惊怖刻骨的神秘现象，全在刹那爆发，你完全无法想像……漂游在第四空间缝隙的魔鬼一八三五年出现一次后，再也不见踪影，直到这一夜。
一世之雄,1938,1938-11-26,犯罪 剧情,97,75,英语,迈克尔·柯蒂斯,沃伦·达夫,James Cagney Pat O'Brien 亨弗莱·鲍嘉 Ann Sheridan George Bancroft Billy Halop Bobby Jordan Leo Gorcey Gabriel Dell,美国那些灰头土脸的孩子……以及生活从未给予他们的喘息之机！,洛可和杰瑞是童年的玩伴，之后 洛可成为黑帮份子，杰瑞则成为神甫。 洛可出狱后，回到了老家，他们因此重逢。 洛可认识一群年轻人，他们非常崇拜他。后来洛可被同党陷害，为了报酬和保护朋友，洛可杀了他们，因而被警方逮捕并判处死刑。在临刑之前，杰瑞要洛可假装求饶，如此这些年轻人才不会因崇拜他而走向犯罪之路。洛可原本不答应但最后还是同意了杰瑞的要求。本片是华纳公司所出品的一连串黑帮影片中之代表作。虽然故事颇为典型，但其中不仅有本类型中的代表明星詹姆斯 卡格尼(James Cagney)和汉弗莱 博加特(Humphrey Bogart)的演出，在音乐和摄影上也有杰出的表现，尤其是最后一幕的死刑画面，导演及演员都成分掌握了人物复杂的心境，成功地塑造了一个令人同情的黑帮人物形象。
欢乐满人间,1964,1965-08-18,喜剧 家庭 奇幻,139,75,英语,Robert Stevenson,Bill Walsh,朱莉·安德鲁斯 迪克·范·戴克 大卫·汤姆林森 格林尼斯·约翰斯 赫敏·巴德利 凯伦·多特里斯 马修·加伯 爱尔莎·兰切斯特 阿瑟·特雷彻,The fairest of them all...the funniest of them all!,一位魔法保姆来到一位冷漠的银行家那并不快乐的家庭中工作。
僵尸肖恩,2004,2004-04-09,恐怖 喜剧,99,75,英语,埃德加·赖特,西蒙·佩吉,西蒙·佩吉 尼克·弗罗斯特 凯特·阿什菲尔德 露茜·戴维斯 迪兰·莫兰 杰西卡·海因斯 佩内洛普·威尔顿 比尔·奈伊 马丁·弗瑞曼,A romantic comedy. With zombies.,肖恩（西蒙·佩吉 Simon Pegg 饰）事业不如意，爱情也不怎么顺心。认识了一帮同样游手好闲的朋友，整天和他们厮混，包括皮特，和只会打机和讨人厌的艾德。难得肖恩为了女朋友振作一次，却遭到同事嘲笑，女友也不能会意，肖恩只有继续和朋友醉酒纵乐。  但这天整个城市却有了翻天覆地的变化。僵尸入侵了，只要是被他们咬到的人，都会随之变成僵尸。而肖恩正和艾德在酒吧里豪饮，却发现陷入僵尸的重重包围中。现在肖恩必须拿出英雄气概，去捍卫家人朋友。
弹簧刀,1996,1996-11-27,剧情,135,75,英语,比利·鲍勃·桑顿,,比利·鲍勃·桑顿 德怀特·尤科姆 詹姆斯·托马斯·帕特里克 约翰 里特 卢卡斯·布莱克 娜塔莉·坎纳迪 James Hampton 罗伯特·杜瓦尔 Rick Dial,A simple man. A difficult choice.,一部南方哥特式故事，讲述名为卡尔（比利·鲍伯·松顿 饰）的男子在犯下骇人罪行的约二十五年后，从精神病院获释回到他少年时代的南方小镇。他沉静温和的举止与质朴的魅力为他赢得了一份工作，并使他意外地与一名男孩（卢卡斯·布莱克 饰）及其寡母建立起友谊。然而，当男孩母亲的施虐男友出现时，这个单纯的男人被卷入一场激烈的两难困境，给所有人带来深刻而动人的影响。[米拉麦克斯影业]
哥斯拉大战金刚,2021,2021-03-26,动作 科幻 冒险,114,75,英语,亚当·温加德,埃里克·皮尔森,亚历山大·斯卡斯加德 丽贝卡·豪尔 凯莉·霍特尔 布莱恩·泰里·亨利 米莉·波比·布朗 朱利安·丹尼森 德米安·比齐尔 艾莎·冈萨雷斯 小栗旬,世纪对决 激战解压,自从魔斯拉、翼龙拉顿、三头龙基多拉和哥斯拉混战结束后，帝王组织已经在骷髅岛建立了观察区，大部分资料也向公众开放；此时的金刚也已经长大。一家高科技公司APEX利用资料，尝试一项大胆的任务，意图消灭哥斯拉，但这一任务风险和危机共存。然而，哥斯拉感应到了APEX的机械巨兽，开始向人类发动攻击；APEX见状决定利用金刚探寻地心世界以获得更多能源。一心只想回到真正的家园的金刚与他的保护者们踏上了一次艰难的旅程。与他们一道前行的还有一个年轻的孤儿女孩——吉雅，这个女孩与金刚之间存在着一种独特而强大的紧密联系；但意想不到的是，他们在前行的航道上与愤怒的哥斯拉狭路相逢，深藏在地心深处的奥秘也由此揭开……
荒野猎人,2015,2016-03-18,西部 剧情 冒险,156,75,英语,亚历杭德罗·冈萨雷斯·伊尼亚里图,迈克尔·庞克,莱昂纳多·迪卡普里奥 汤姆·哈迪 多姆纳尔·格里森 威尔·保尔特 福勒斯特·古德勒克 杜安·霍华德 亚瑟·雷德克劳德 梅劳·纳克霍克 格蕾丝·多夫,死而复生的人，他回来了！,故事讲述19世纪一个皮草猎人被一头熊所伤，他乘的船的船长试图把他带回文明世界，但形势所迫，他无法做到，于是只好雇了两个人留下，目的是让他们送这个猎人最后一程。但这两个人利欲熏心，他们把这个受伤的可怜人洗劫一空，之后把他一个人抛弃在荒凉冰冷的野外等死。然而猎人奇迹般的活了下来，之后开始寻找这两个人开始复仇…
菲利普船长,2013,2013-10-11,动作 剧情 惊悚,134,75,英语,保罗·格林格拉斯,比利·雷,汤姆·汉克斯 巴克哈德·阿卜迪 巴哈德·阿布迪 法塞尔·阿迈德 马哈特·M·阿里 迈克尔·哲努斯 大卫·沃肖夫斯基 科里·约翰逊 克里斯·穆基,在这里生存就是一切。,本片是一部多层次的电影，深入探讨了2009年索马里海盗劫持美国货轮“马士基·阿拉巴马”号的事件。通过导演保罗·格林格拉斯特有的镜头语言，它既是一部扣人心弦的惊悚片，也是对全球化多重影响的一次复杂描绘。影片聚焦于“阿拉巴马”号指挥官理查德·菲利普斯船长与劫持他的索马里海盗头目缪斯之间的关系。当缪斯及其同伙盯上菲利普斯手无寸铁的货轮时，两人便踏上了无法避免的冲撞之路；在索马里海岸外145英里处随后的对峙中，两人都将发现自己受制于无法掌控的力量。[索尼影视娱乐]
摔角王,2008,2008-10-12,剧情 爱情,109,75,英语,达伦·阿罗诺夫斯基,罗伯特·D·西格尔,米基·洛克 玛丽莎·托梅 埃文·蕾切尔·伍德 马克·马戈利斯 托德·巴里 沃斯·史蒂文斯 贾达·弗雷德兰德 欧内斯特·米勒 迪伦·基思·萨默斯,爱。痛。荣光。,绰号“大锤”的兰迪•罗宾森（Mickey Rourke 米基•洛克 饰）是上世纪80年代美国独立摔角圈中一颗耀眼的明星，他留下了无数经典的比赛，其绝招“大锤粉碎压”更虏获众多狂热的摔角爱好者。
沙地传奇,1993,1993-04-07,家庭 喜剧 剧情,101,75,英语,David Mickey Evans,Robert Gunter,托马斯·吉里 Mike Vitar Patrick Renna Chauncey Leopardi Marty York Brandon Quintin Adams Grant Gelt 詹姆斯·厄尔·琼斯 丹尼斯·利瑞,They're more than a team. They're the best buddies in the entire history of the world.,斯科蒂随改嫁的母亲来到了人生地不熟的小镇，八个小男孩经常在小镇的一块废弃的操场打棒球。斯科蒂和八个小男孩中的头儿——球技高超的本尼交上了朋友。性格腼腆，对棒球一无所知的斯科蒂在本尼的帮助下，渐渐地融入了这个集体，同他们建立了兄弟般的友谊。就在那个夏天，就是那段友情，成了孩子们心中永远的回忆。
再见列宁,2003,2003-02-13,喜剧 剧情,121,75,德语,沃尔夫冈·贝克,阿希姆·冯·鲍里斯,丹尼尔·布鲁赫 卡特琳·萨斯 楚潘·哈玛托娃 玛丽亚·西蒙 弗洛里安·卢卡斯 亚历山大·拜尔 布尔格哈特·克劳斯纳 迈克尔·格维斯德克 克里斯汀·肖恩,,克里斯蒂娜（凯萨琳·萨斯 Kathrin Sass 饰）衷心拥护着社会主义东德，她的丈夫已经逃往西德，剩下她一人抚养一对儿女阿丽安娜（玛丽亚·西蒙 Maria Simon 饰）和阿历克斯（丹尼尔·布鲁赫 Daniel Brühl 饰）。1989年，阿历克斯上街游行被捕，母亲目睹了这一幕，心脏病发晕倒过去，不省人事了好一段时间。 当她醒来，她熟悉的国家已经改变——柏林墙推倒，民主德国的社会主义也随之瓦解。医生说，克里斯蒂娜不能再受刺激了。于是儿子想方设法营造一个过往的世界给母亲。母亲因此得以活在过去的民主德国里：包括邻居的衣饰，电视的新闻，换成苏联食品的罐头。然而，阿历克斯用心良苦不可能掩饰庞大的现实世界。终于，儿子以自己的方式去和母亲讲述东德的变迁。
失物招领,2017,2017-06-16,家庭 奇幻 动画 喜剧,6,75,英语,Dave Mullins,,,,一个爱偷玩具的小霸王让整个操场的孩子都无法好好玩耍，但有一样东西阻碍着他——失物招领箱。
忠奸人,1997,1997-02-27,犯罪 剧情 惊悚,127,75,英语,迈克·内威尔,Joseph D. Pistone,约翰尼·德普 阿尔·帕西诺 迈克尔·马德森 布鲁诺·柯比 詹姆斯·罗素 安妮·赫切 热利科·伊万内克 布莱恩·塔伦蒂纳 罗科·西斯托,"In 1978, the US government waged a war against organized crime. One man was left behind the lines.",为打击黑手党势力，美国联邦调查局委派探员乔皮斯通化名道尼布拉斯科打入黑帮卧底。通过一次珠宝生意，乔结识了黑帮头目本尼罗杰洛，并得到他的赏识。为取得罗杰洛的信任，乔不得不无恶不做，参与了一系列犯罪活动。但随着与罗杰洛接触的越久，乔竟对罗杰洛产生了友谊，为人处事的态度也发生了变化。由于工作的过度投入，更忽视了家人的感受，令妻子与其产生了隔阂。在心意彷徨的这段时间里，他没有按时间向联邦调查局发出情报，而罗杰洛已按奈不住抢班夺权的野心与道尼谋划干掉老大的计划。不料，联邦调查局由于长时间与乔失去联系，另派人进行跟踪监视，致使罗杰洛的计划败露。形势发生急转直下的变化……
耶稣受难记,2004,2004-03-19,剧情,127,75,英语,梅尔·吉布森,本尼迪克特·菲茨杰拉德,吉姆·卡维泽 Maia Morgenstern Christo Jivkov Francesco De Vito 莫妮卡·贝鲁奇 马蒂亚·斯布拉吉亚 Toni Bertorelli Luca Lionello 克里斯多·夏帕夫,"By his wounds, we were healed.",耶稣(詹姆斯·卡维泽 James Caviezel饰)拒绝了魔鬼的诱惑，受到了犹大的出卖。他被罗马人带到了罗马政权主持者比拉多那里。比拉多本来不想处死耶稣——他明知这样会引起一场政治风波。于是，他让希律王建议如何决断这件事。 　　希律王把耶稣的命运交到了人们手上。但是，愚蠢的民众宁愿放过罪犯，也不能容忍耶稣逃过刑罚。受尽苦难的耶稣还远远不能满足人们的愿望。他们要把耶稣推上绞刑架。 　　比拉多顺从民意，耶稣走往执行绞刑的山头。一路上，人们疯狂的往他身上扔杂物，耶稣受难日成为民众狂欢日。 　　耶稣的双手被钉在十字架上，这时还没有人意识到这一幕永远被后世铭记。
潘多拉,2016,2016-12-07,惊悚 剧情 动作,136,75,朝鲜语,朴柾佑,,金南佶 金珠贤 金明民 李璟荣 金英爱 郑镇荣 文晶熙 裴刚侑 金大明,We knew this day would come.,影片讲述的是韩国核泄漏灾难，金明民饰演应对危机的韩国总统，金南佶饰演核电站的技术人员，在核电站陷入危机时孤军奋战。和《隧道》一样，剧情并不复杂，套路也就是那些，最重要的还是讽刺政府，而且嘲讽的不留余地。看这片很容易使人想起几年前的日本福岛核泄漏事件。
我和厄尔以及将死的女孩,2015,2015-06-12,剧情 喜剧,105,75,英语,杰西·安德鲁斯,Alfonso Gomez-Rejon,奥利维亚·库克 托马斯·曼 RJ·塞勒 康妮·布里顿 尼克·奥弗曼 莫莉·香侬 乔·博恩瑟 切尔西·张 马萨姆·霍顿,A little friendship never killed anyone.,影片中的故事发生在匹兹堡，片名中的“我”名叫格雷格（托马斯·曼 饰演，他曾出演2012年的电影《X计划》），是一个17岁的瘦高个儿高中男生，时不时地用旁白音给观众讲述他的校园生活故事。像其他孩子一样，格雷格害怕自己无法融入周围的环境，因此他很努力地展现自己开朗的一面，与学校里的各种圈子和同学保持友好关系，在和他人的交往中低调而随和。这种小心翼翼甚至延伸到了他最好的朋友厄尔（RJ Cyler 饰演）身上，格雷格将他称为自己的“合作者”而不是“朋友”。
画廊外的天赋,2010,2010-04-16,纪录,86,75,英语,Banksy,,瑞斯·伊凡斯 Thierry Guetta Banksy Shepard Fairey INVADER Debora Guetta Monsieur André Zeus Swoon,The world's first Street Art disaster movie...,著名涂鸦艺术家班克西的首部电影在2010年圣丹斯电影节全球首映后一票难求。班克西是全球知名的涂鸦艺术家，其作品遍布从飓风后的新奥尔良到巴勒斯坦西岸隔离墙的世界各地墙面。为逃避法律追究，他始终严密守护匿名身份，至今从未被镜头捕捉到真容。本片讲述了一个令人难以置信的真实故事：一位古怪的法国店主转型为纪录片导演，试图寻找并结识班克西，结果反被这位艺术家调转镜头对准了自己——并收获了惊人的成果。影片独家收录了班克西、谢泼德·费尔雷、入侵者等多位世界最负盛名的涂鸦艺术家在墙面创作及接受访谈的珍贵影像。正如班克西所言：“这基本就是一个人试图拍摄无法拍摄之物，结果失败了的故事。”[Paranoid Pictures]
妖夜慌踪,1997,1997-02-18,剧情 惊悚 悬疑,134,75,英语,大卫·林奇,巴里·吉福德,帕特里夏·阿奎特 比尔·普尔曼 巴萨扎·盖提 罗伯特·布莱克 罗伯特·洛吉亚 迈克尔·马西 娜塔莎·格雷格森·瓦格纳 理查德·普赖尔 威廉·布西,“差评如潮！” 还有两个绝佳理由让你不得不看……,这被认为是大卫•林奇拍得最混乱的一部电影。爵士乐手（比尔•普尔曼 Bill Pullman 饰）和他的妻子（帕特丽夏•阿奎特 Patricia Arquette 饰）一天早上收到了一盒录影带，他们发现里面的内容竟然是他们日常生活的点点滴滴。从此，他们每天早上都会收到这样的录影带。这天，乐手发现录影带里的内容竟然是他杀死了妻子！当他冲进卧室时，发现妻子果然死在了床上。警察将他带走了。一晚过后，原本在监房里坐着的乐手变成一个年轻的维修工，莫明其妙的警察只好将他放了。维修工因一手出色的修车技术深得黑社会老大器重，这时，他发现老大的女人竟然和他的妻子长得一摸一样，只是头发颜色不一样。老大的女人主动勾引了维修工，两人携款潜逃。当他们来到荒漠公路时，维修工与女子疯狂做爱，之后他又变回了乐手……
招魂,2013,2013-07-19,恐怖 惊悚,112,75,英语,温子仁,查德·海耶斯,维拉·法米加 帕特里克·威尔森 莉莉·泰勒 朗·里维斯顿 海莉·麦克法兰 斯特林·杰林斯 Shanley Caswell 麦肯基·弗依 乔伊·金,改编自沃伦夫妇参与的真实案例,二十世纪七十年代，罗杰与卡罗琳两夫妇带着他们五个可爱美丽的女儿，搬到了位于罗德岛哈瑞斯维尔的一幢旧宅居住。房屋虽然古旧沧桑，历史悠久，但是却让佩隆一家体会到回归田园的快乐与喜悦。谁知好景不长，接二连三的怪异事件相继出现，令女孩们惊声尖叫，也让佩隆夫妇的神经绷到极点。为此，他们辗转找到当时最负盛名的沃伦夫妇。
真实罗曼史,1993,1993-09-09,动作 犯罪 爱情,120,75,英语,昆汀·塔伦蒂诺,托尼·斯科特,克里斯蒂安·斯莱特 帕特里夏·阿奎特 丹尼斯·霍珀 方·基默 加里·奥德曼 布拉德·皮特 克里斯托弗·沃肯 布隆森·皮诺切特 塞缪尔·杰克逊,偷窃，欺骗，杀戮。谁说浪漫已死？,漫画店打工仔Clarence Worley（克里斯汀·史莱特 Christian Slater 饰）生日的时候，在电影院邂逅了美女Alabama Whitman (帕特丽夏·阿奎特 Patricia Arquette 饰)，两人一夜春宵。第二天，Alabama告诉Cla rence她是个妓女，是Clarence的老板送给他的生日礼物，但她爱上了他。Clarence决定将Alabama从皮条客Drexl Spivey（加里·奥德曼 Gary Oldman 饰）手中拯救出来。夜总会的一阵混战后，Clarence开枪将Drexl杀死，并拿走了一个他以为属于Alabama的手提箱。后来两人发现，手提箱里竟有大量可卡因。两人欣喜若狂，开始流浪，寻找将可卡因换成现金的机会。两人一路来到了洛杉矶，找到了Clarence的老友Dick Ritchie（迈克尔·拉帕波特 Michael Rapaport 饰）。Dick是个在好莱坞混迹的演员，他把一位能转手可卡因的导演Lee介绍给二人。而另一边，被Drexl偷走了大量可卡因的黑帮老大Vincenzo Coccotti（克里斯托弗·沃肯 Christopher Walken 饰）也带着一帮人开始寻找两人的踪迹。一场场大战即将上演，到底这对恋人的罗曼史能否延续下去？
一周八天：披头士的巡演时代,2016,2016-09-16,纪录 音乐,106,75,英语,朗·霍华德,P.G. Morgan,保罗·麦卡特尼 Ringo Starr Larry Kane 乌比·戈德堡 Elvis Costello 爱德华·伊扎德 西格妮·韦弗 Richard Lester Kitty Oliver,The band you know. The story you don't.,《一周八天：披头士的巡演时代》记录的是披头士的“红色专辑”年代1963-1966。这段时间是披头士全世界巡演时代，也是披头士最辉煌的年代，“众筹”作品，大部分电影素材来自于网络。导演从2003年就开始搜集素材，除了来自地方电视台和档案机构，还来自上百位披头士粉丝、个人收藏者和非法偷录者。影像涵盖了这一时期披头士乐队的每一场重要演出，包括最著名的1965年谢亚球场演唱会和1966年的最后一次巡演。
误杀瞒天记,2015,2015-07-31,悬疑 惊悚 剧情,163,75,印地语,尼西卡特·卡马特,Upendra Sidhaye,阿贾耶·德乌干 塔布 施芮娅·萨兰 伊西塔·杜塔 Mrunal Jadhav 拉贾特·卡普尔 Kamlesh Sawant 里沙布·查达 Yogesh Soman,视觉效果可能具有欺骗性,翻拍自马拉雅拉姆语同名电影“较量” 。维杰（Ajay Devgan 饰）和妻子娜蒂尼（Shreya 饰）结婚多年，将两个女儿安久和安努抚养长大，一家人过着宁静的生活，平淡之中自有真味 。某日，安久去参加野营，结识了名为萨姆的男生，此时的她并不知道的是，这位看上去文质彬彬的男孩，会彻底粉碎她的生活。撕下了伪善面具的萨姆竟然想要强暴安久，在激烈的挣扎反抗之中，安久失手杀死萨姆。维杰决定挺身而出保护他无辜的家人，自小热爱看电影的他利用从电影里学到的知识对萨姆的尸体进行了处理和掩埋，但警察的来访让这个家庭再一次陷入了危机之中。
奇遇,1960,1960-09-29,剧情 悬疑 爱情,144,75,意大利语,米开朗基罗•安东尼奥尼,托尼·诺格拉,Monica Vitti 加布里埃尔·费泽蒂 Lea Massari Dominique Blanchar Renzo Ricci James Addams Dorothy De Poliolo Lelio Luttazzi Giovanni Petrucci,电影制作领域的一次全新探索...,安娜（蕾雅·马萨利 Lea Massari 饰）在与外交官父亲的一席不愉快的谈话之后，气愤地和女友克劳迪娅（莫尼卡·维蒂 Monica Vitti 饰）驾车去找男友桑德罗（加比利艾尔·费泽蒂 Gabriele Ferzetti 饰）。安娜犹豫着进了男友的公寓，留下克劳迪娅一人在外面等候。安娜虽然和桑德罗谈婚论嫁，但两人早已貌合神离。他们与一群朋友驾着游艇出海时，两人之间的矛盾越发尖锐。众人来到一个荒岛上休息，安娜与桑德罗言谈不和，两人不欢而散。正当众人准备返航时，却发现安娜神秘地失踪了。大家寻遍整个小岛，却不见安娜任何踪迹。在找寻安娜的过程中，克劳迪亚和桑德罗相互产生了暧昧，虽然克劳迪亚努力克制心中的悸动，但在桑德罗的热情追求下，她坠入了情网。内疚的克劳迪娅一直无法摆脱安娜的阴影，无法心无旁骛地与桑德罗在一起。而当她下定决心与桑德罗建立关系时，却发现他与别的女人在一起。
斯巴达克斯,1960,1960-10-13,历史 战争 剧情 冒险,197,75,英语,斯坦利·库布里克,霍华德·法斯特,柯克·道格拉斯 劳伦斯·奥利弗 简·西蒙斯 查尔斯·劳顿 彼得·乌斯蒂诺夫 约翰·加文 托尼·柯蒂斯 Nina Foch John Ireland,他们训练他以杀戮为乐……然而，他们的训练似乎有些过头了。,斯坦利·库布里克执导了这部由银幕传奇们出演的宏大史诗——柯克·道格拉斯饰演那位带领罗马奴隶起义的顽强角斗士。本片定义了一种类型片，并开创了好莱坞的新时代。其沉稳的表演、绚丽的特艺彩色摄影、大胆的服装设计以及震撼人心的搏斗场面，为本片赢得了四项奥斯卡奖；而其中政治与性暗示的交融则曾令观众哗然。如今，库布里克这部充满争议的经典之作，作为首部公开反抗好莱坞黑名单的电影，依然是电影艺术与历史的里程碑。[标准收藏]
战地信差,2024,2024-12-06,剧情 战争 历史,127,75,英语,泰勒·佩里,,凯丽·华盛顿 萨姆·沃特森 苏珊·萨兰登 迪恩·诺里斯 奥普拉·温弗瑞 埃博妮·奥西迪安 Milauna Jackson 凯莉·杰弗森 沙妮丝·威廉姆斯,They were ordered to provide hope...,《战地信差》取材自二战期间唯一全由有色人种女性组成且派驻海外的美国陆军部队，描述她们顶着种族歧视和性别歧视，不畏军中严峻的环境，坚持拿出最好的表现，光荣为国尽忠。这些无名英雄执行特殊任务，展现出钢铁般的团结意志，突破重重阻碍，也带来了希望的曙光。
黑水,2019,2019-11-22,剧情 惊悚,127,75,英语,托德·海恩斯,纳撒尼尔·里奇,马克·鲁法洛 安妮·海瑟薇 蒂姆·罗宾斯 比尔·普尔曼 比尔·坎普 维克多·加博 梅尔·温宁汉姆 威廉·杰克逊·哈珀 路易莎·克劳斯,The truth has a man on the inside.,改编自Nathaniel Rich在《纽约时报》上发表的文章《The Lawyer Who Became DuPont’s Worst Nightmare》，围绕罗伯特·比洛特展开，他担任辩护律师长达8年之久，他对化工巨头杜邦公司提起了环境诉讼，这场官司揭露了几十年来杜邦公司化学污染的历史。
意大利比赛,2016,2016-04-07,剧情 动作,118,75,意大利语,Matteo Rovere,Filippo Gravino,Stefano Accorsi 玛蒂尔达·德·安杰利斯 Paolo Graziosi Lorenzo Gioielli Roberta Mattei Cristina Spina Giulio Pugnaghi Rinat Khismatouline Tatiana Luter,,朱丽亚是一个年轻的赛车手，父亲突然离世让她的生活面临崩溃，唯一的希望是她的哥哥——一个瘾君子和前赛车冠军。她需要哥哥帮助她训练，成为顶尖选手，真正像家人一样互相扶持，赢得“意大利比赛”和属于自己的未来。
谁陷害了兔子罗杰,1988,1988-06-22,奇幻 动画 喜剧 犯罪,104,75,英语,罗伯特·泽米吉斯,Gary K. Wolf,鲍勃·霍斯金斯 克里斯托弗·劳埃德 乔安娜·卡西迪 查尔斯·弗莱舍 凯瑟琳·特纳 Stubby Kaye Alan Tilvern Richard LeParmentier Lou Hirsch,"It's the story of a man, a woman, and a rabbit in a triangle of trouble.",胶底鞋侦探埃迪·瓦利安特（鲍勃·霍斯金斯 饰）同时奔波于好莱坞与卡通城之间，当他试图解开一桩重大“谁是真凶”谜案时，现实与幻想的界限逐渐模糊。遇见性感“卡通宝贝”杰西卡兔时，他彻底晕头转向——她低语道：“我本性不坏，只是生就如此。”当埃迪与喋喋不休的“卡通先生”兔子罗杰（查尔斯·弗莱舍 配音）纠缠在一起时，他发现自己与一系列角色狭路相逢：搞笑的宝贝赫尔曼、出租车班尼、阴险的杜姆法官等等，开启了一段疯狂至极的终生难忘冒险。[博伟影业]
伊甸园之东,1955,2014-04-17,剧情,115,75,英语,伊利亚·卡赞,约翰·欧内斯特·斯坦贝克,詹姆斯·迪恩 Julie Harris 雷蒙德·马西 Richard Davalos Jo Van Fleet 伯尔·艾夫斯 Albert Dekker 露易丝·史密斯 Harold Gordon,有时候你分不清谁是好人谁是坏人！,导演是伊利亚·卡赞，取材于约翰·史坦贝克的作品，是圣经中该隐和亚伯故事的变异，演变成一部十分深沉有力的家庭伦理电影。故事讲述第一次世界大战前的加州，一名聪明伶俐而多愁善感的农家青年，由于一直得不至严厉父亲的爱，故意想法打击天真的双胞胎弟弟，把母亲未死而沦为老鸨的真相揭露出来，最后导致家破人亡的悲剧。
上帝之手,2021,2021-11-24,剧情,130,75,意大利语,保罗·索伦蒂诺,,Filippo Scotti Toni Servillo 特蕾莎·萨班农盖 路易莎·拉涅瑞 Marlon Joubert Massimiliano Gallo 贝蒂·佩德拉齐 Renato Carpentieri Enzo De Caro,,在 20 世纪 80 年代的那不勒斯，年轻的法比托追求热爱的足球运动，不料却突遭家庭悲剧，而这一切都为他充满未知和潜力的电影制作人之路埋下了伏笔。
波斯语课,2020,2021-03-19,战争 剧情,127,75,德语,瓦迪姆·佩雷尔曼,伊利亚 佐芬,纳威尔·佩雷兹·毕斯卡亚特 拉斯·艾丁格 约纳斯·奈伊 莉奥妮·贝尼希 亚历山大·拜尔 大卫·舒特 路易莎-席琳·加夫隆 安德烈亚斯·霍弗 朱塞佩·希拉奇,一门只有两个人懂的语言,二战期间，犹太人吉尔斯在集中营谎称自己是波斯人保命，被一位德国军官看中要求教自己波斯语。对波斯语完全不懂的小卷只能凭空编出一门语言，他开始用集中营中关押的犹太人的名字作为词根，编造出上千个“波斯语”单词。军官在残暴的环境中对小卷竟有了依赖，并开始袒护他。不料集中营中来了一个真正的波斯人……
孟买酒店,2019,2019-03-14,惊悚 历史 剧情 动作,123,75,英语,安东尼·马拉斯,约翰·科利,戴夫·帕特尔 艾米·汉莫 纳扎宁·博尼亚迪 蒂尔达·科巴姆-赫维 阿努潘·凯尔 杰森·艾萨克斯 苏海尔·纳亚尔 阿曼迪普·辛格 Manoj Mehra,"November 26, 2008… Terror struck the heart of India.",2008年11月，著名的泰姬陵酒店意外遭到恐怖分子入侵，恐怖分子无差别行凶，让整个酒店陷入绝望之境，百余名酒店住客及员工被困，无人得知何时能等来救援，一场与死神的赛跑就此开启…
幽灵与未亡人,1947,1947-06-18,爱情 奇幻 剧情,105,75,英语,约瑟夫·L·曼凯维奇,R.A. 迪基,吉恩·蒂尔尼 雷克斯·哈里森 乔治·桑德斯 Edna Best Vanessa Brown Anna Lee Robert Coote 娜塔莉·伍德 伊莎贝尔·埃尔索姆,精神...如此渴望！肉体...如此脆弱！浪漫...如此美妙！,吉恩·蒂尔尼饰演一名个性倔强的寡妇，在她丈夫亡故后坚持带着女儿独立生活，并且偏偏要搬入一家鬼屋居住。此屋原来真是有个船长的幽灵居住其中，船长因意外窒息死亡而 被人传为自杀，心有不甘，乃继续占住旧居，希望可以“扮鬼”将人唬走。不料寡妇未但没有被唬走，还在船长的 幽灵协助下成为畅销小说家。可惜她后来提早掉入花心作家的圈套而跟船长分手，直至她年老逝世的一刻两人才破镜重圆。这部人鬼恋的故事拍得既风趣又浪漫，男女主角个性鲜明，形成了相当吸引人的戏剧张力。雷克斯·哈里森饰演的船长和当时为童星的纳塔利·伍德饰演的女儿都表现精彩，摄影与配乐亦有很高的水准。
龙纹身的女孩,2009,2009-02-27,剧情 惊悚 犯罪 悬疑,152,75,瑞典语,Niels Arden Oplev,斯蒂格·拉森松,迈克尔·恩奎斯特 劳米·拉佩斯 Lena Endre Sven-Bertil Taube 彼得·哈伯 彼得·安德森 马莉卡·劳伦丝 Ingvar Hirdwall 比约恩·格拉纳特,Based on the Worldwide Best Seller,本片根据瑞典推理小说名家斯蒂格•拉赫松《千禧年》三部曲的第一部《恨女人的男人》改编。《千禧年》杂志的记者麦克•布隆韦斯特（迈克尔•恩奎斯特Michael Nyqvist 饰）应瑞典范耶尔财团巨头亨利（斯文-博蒂尔•陶博 Sven-Bertil Taube 饰）的请求，调查四十年前亨利挚爱的侄女海莉失踪案。在调查过程中，麦克接触了多位范耶尔财团人员，包括海莉的哥哥马丁（皮特•海伯 Peter Haber 饰）和表姐塞西莉亚（马莉卡•劳伦丝 Marika Lagercrantz 饰）。麦克发现保全公司调查员丽思贝丝•莎兰德（劳米•拉佩斯 Noomi Rapace 饰）入侵了自己的电脑，并提供了重要的破案线索。麦克决定与周身刺青鼻耳穿环的丽思贝丝联手调查。随着一步步接近真相，麦克发现自己的人身安全受到了威胁。但凶手是否与海莉失踪案相关呢？
灰熊人,2005,2005-08-12,纪录,103,75,英语,沃纳·赫尔佐格,,Warren Queeney Willy Fulton Sam Egli Marnie Gaede Marc Gaede Larry Van Daele Sven Haakanson Franc Fallico Jewel Palovak,自然有其边界。有一个人，用生命最后的十三年跨越了它们。,名导沃纳·赫尔佐格在这部引人入胜的新作中，深入探寻业余灰熊专家暨野生动物保护者蒂莫西·崔德威尔的生命与死亡轨迹。
The Second Tragic Fantozzi,1976,1976-04-15,喜剧,110,75,意大利语,Paolo Villaggio,Luciano Salce,Paolo Villaggio Anna Mazzamauro Gigi Reder 乌戈·博洛尼亚 Mauro Vestri Plinio Fernando Antonino Faà di Bruno Nietta Zocchi Paolo Paoloni,,The frustrating adventures of a humble employee who all the time has to fullfill the wishes and desires of his bosses.
少年泰坦出击大战少年泰坦,2019,2019-07-21,动作 动画 喜剧 家庭 奇幻 科幻,76,75,英语,Arnold Drake,马文·沃尔夫曼,格雷戈里·迈克尔·西佩斯 斯科特·门维尔 卡里·佩顿 塔拉·斯特朗 Hynden Walch 里斯·达比 格蕾·德里斯勒 肖恩·马赫 Robert Morse,The titans will face their toughest enemy yet. Themselves.,2019年非影院首映的美国超级英雄动画电影，基于《少年泰坦GO！》的同名漫画改编。华纳兄弟宣布推出TTGO和原版2003版《少年泰坦》的交叉版本。2019年6月26日，IGN在YouTube上发布了独家官方预告片。它于2019年7月21日在圣地亚哥动漫展首播，随后于2019年9月24日发布数位版，10月15日发行DVD和蓝光版。
围捕,2010,2010-03-10,剧情 历史 战争,115,75,法语,罗丝琳·博世,,让·雷诺 梅拉尼·罗兰 加德·艾尔马莱 Raphaëlle Agogué 西尔维·泰斯蒂 Hugo Leverdez Oliver Cywie Mathieu Di Concetto Romain Di Concetto,An incredible real story of courage and survival.,1942年，11岁的小约瑟夫（约瑟夫·魏斯曼 Joseph Weismann 饰）正是天真烂漫的年纪。盛夏六月的一个清晨，小约瑟夫穿着一件胸口缝着黄色小星星的衣服，正要兴致冲冲地去上学。旧货商邻居鼓励他好好上课，而面包师傅却开他玩笑。他的犹太小伙伴和他的家人在蒙马特高地学习和生活。即使这是块被占领的法国区域，他们仍然得到了暂时的庇护。然而这短暂的幸福和宁静，很快就崩塌了。  　　1942年7月16日早上，在埃菲尔铁塔附近的冬季自行车赛车场里，一万三千名受害者被凶残的虏获在一起，准备运往波纳·拉·罗兰德集中营。影片根据真实事件改编而成。
爱情的结果,2004,2004-09-24,剧情 惊悚,100,75,意大利语,保罗·索伦蒂诺,,Toni Servillo Olivia Magnani 阿德里亚诺·詹尼尼 Antonio Ballerio Gianna Paola Scaffidi Nino D'Agata Vincenzo Vitagliano 迭戈·里邦 吉尔伯托·伊多尼亚,Everyone has a dark secret,瑞士，卢加诺。蒂塔-迪-吉罗拉莫是一个谨慎而闷闷不乐的人，他在一个简陋的酒店房间里生活了近十年，是一个残暴的常规的囚犯，显然没有目的。他的过去是一个谜，没有人知道他是做什么的，他对不谨慎的问题回答得支支吾吾。这个神秘的人到底隐藏着什么秘密？
红磨坊,2001,2001-12-14,剧情 爱情 音乐,128,75,英语,巴兹·鲁赫曼,克雷格·皮尔斯,伊万·麦克格雷格 妮可·基德曼 约翰·雷吉扎莫 吉姆·布劳德本特 理查德·劳斯伯格 加里·麦克唐纳 杰克·科曼 马修·惠德特 克里·沃克,No laws. No limits. One rule. Never fall in love.,红磨坊日日歌舞升平。夜总会，康康舞，这是个男人们花天酒地的享乐国度。然而，这儿的爱情，却无比纯净动人。　　克里斯蒂安（伊万•麦戈雷格 饰）是年轻的钢琴诗人，拥有美丽的歌喉。不顾父亲的反对，他来到了蒙马达小镇，这个“追求享乐”的地方。在这儿，他与莎婷（妮可•基德曼 饰）意外的相遇了。莎婷是红磨坊的当家花旦，被誉为“璀璨钻石”，受到很多人的青睐。然而她并不满足于卖唱的生活，想要借助公爵的力量，成为一名真正的巨星。克里斯蒂安的到来，打乱了她结识公爵的计划，却闯入了她的内心。英俊的少年用歌声，向莎婷诉说着“自由”、“美”、“真理”，并给她带来了她从未感受过的“爱”。莎婷找到了自己的梦想，渴望同她心爱的男人一同完成。然而，公爵的阻挠却让一切变得艰难。爱情，要怎样，与命运抗衡。
巨怪猎人：泰坦的觉醒,2021,2021-07-21,动画 奇幻 家庭 动作 冒险,106,75,英语,Francisco Ruiz Velasco,Johane Matte,埃米尔·赫希 Lexi Medrano Charlie Saxton 凯尔塞·格拉玛 阿尔弗雷德·莫里纳 史蒂文·元 尼克·弗罗斯特 科林·奥多诺霍 迭戈·卢纳,他们将会崛起,故事背景是德尔·托罗在其《天外三侠：世外桃源的传说》三部曲中创造的世界。阿卡狄亚看似是一个普通的小镇，但它位于魔法和神秘线的中心，这使得它成为巨怪、外星人和巫师等异界生物之间许多战斗的枢纽。现在，他们必须联手与奥术团作战，以争夺对束缚他们所有人的魔法的控制权。
七大罪：天空的囚人,2018,2018-08-18,动作 冒险 奇幻 动画,99,75,日语,阿部记之,西片康人,梶裕贵 雨宫天 久野美咲 铃木达央 福山润 悠木碧 杉田智和 坂本真绫 高木裕平,,这里是妖精族、女神族和魔神族存在的世界。由于魔神族的暗中活跃而濒临灭亡的大国·里欧涅丝王国，拯救了它的是身为大罪人的传说中的骑士团“七大罪”，以及一位公主。之后，里欧涅丝王国获得了平稳，自那以来过了一段时间——。
狼嚎,2019,2019-02-20,惊悚 动作 冒险,116,75,法语,安东·鲍德里,,弗朗索瓦·西维尔 奥玛·希 马蒂厄·卡索维茨 瑞达·凯特布 宝拉·比尔 亚力克西斯·马沙利克 让-伊夫·贝特鲁 达米安·勃纳尔 皮埃尔·塞瓦尔,,被法国海军封为「地表最强千里耳」的尚特雷（弗朗索瓦·西维尔 饰），以超敏锐的听觉让海军弟兄们免于无数次的潜舰危机。在叙利亚海域的任务中，出现他此生从未听过也无法分辨的声轨！随着声音渐渐逼近，竟让潜舰暴露了行踪，引爆了深海危机！尚特雷相信这次的意外绝非偶然，决定调查出这声音来源。与此同时，法国与俄罗斯的国际情势逐渐上涨，一触即发！海军上将任命德奥西（奥玛·希 饰）接管泰坦号、格尚（勒达·卡代布 饰）担任弹道导弹核潜舰舰长进行总理下令的武力恫吓任务。就在此刻竟有一颗核弹朝向法国而来，即将成为引爆第三次世界大战的导火线。究竟这枚核弹来自于哪里？是俄罗斯还是另有其人？
X战警：逆转未来,2014,2014-05-15,动作 冒险 科幻,132,75,英语,西蒙·金伯格,布莱恩·辛格,休·杰克曼 詹姆斯·麦卡沃伊 迈克尔·法斯宾德 帕特里克·斯图尔特 伊恩·麦克莱恩 詹妮弗·劳伦斯 哈莉·贝瑞 尼古拉斯·霍尔特 安娜·帕奎因,为了拯救未来 他们必须改变过去,变种人族群遭到了前所未有的毁灭性打击，而这一切的根源是“魔形女”瑞雯（詹妮弗·劳伦斯 Jennifer Lawrence 饰）在1973年刺杀了玻利瓦尔·特拉斯克（彼特·丁拉基 Peter Dinklage 饰）。在得知“小淘气”（艾利奥特·佩吉 Elliot Page 饰）利用穿越时空的能力帮助“闪烁”（范冰冰 饰）等战友逃脱巨型机器人“哨兵”的追杀后，X教授（帕特里克·斯图尔特 Patrick Stewart 饰）和万磁王（伊恩·麦克莱恩 Ian McKellen 饰）达成认同，决定让金刚狼（休·杰克曼 Hugh Jackman 饰）穿越回1973年，找到年轻的X教授（詹姆斯·麦卡沃伊 James McAvoy 饰）和年轻的万磁王（迈克尔·法斯宾德 Michael Fassbender 饰）并说服他们一起阻止魔形女的行动。于是，金刚狼踏上了回到过去的旅程，但是命运会不会发生逆转，任何人都无从知晓……
浪客剑心,2012,2012-08-25,冒险 动作 奇幻 战争 历史,134,75,日语,大友启史,藤井清美,佐藤健 武井咲 吉川晃司 苍井优 青木崇高 绫野刚 须藤元气 田中伟登 奥田瑛二,斩我千银发，炼刀几星霜。虽为子孙恨，但为后代福,经历了动荡的明治维新，日本迎来新的时代。在明治政府第十个年头，不祥的气息弥漫东京。恶德实业家武田观柳（香川照之 饰）操纵女医师高荷惠（苍井优 饰）研制新型鸦片，公开招揽落魄武夫，大肆收购周边土地，有条不紊地实现他的狼子野心。在此期间，以刽子手拔刀斋之名滥杀无辜的鹈堂刃卫（吉川晃司 饰）引起了前新選组头目斋藤一（江口洋介 饰）的注意，也迫令隐姓埋名多年的拔刀斋本尊绯村剑心（佐藤健 饰）登场。寄居在神谷道场的绯村渐渐融入神谷薫（武井咲 饰）和周边庶民的平和生活之中。然而武田欲壑难平，为了保护善良的人，剑心不得不拔出逆刃刀和相乐佐之助（青木崇高 饰）勇闯虎穴。本片根据漫画家和月伸宏的经典原作改编。
X圣治,1997,1997-12-27,犯罪 惊悚 恐怖 悬疑,112,75,日语,黑泽清,,役所广司 萩原圣人 氏木毅 中川安奈 萤雪次朗 洞口依子 绪方义博 大杉涟 户田昌宏,Madness. Terror. Murder.,东京连续发生数起离奇命案，所有尸体上皆刻上“X”符号，而在场的嫌犯都不记得自己所为，这令警察们大为困惑。刑警高部断定有人利用催眠术行凶，一名在海岸徘徊的半失忆青年间宫成为怀疑重点，与该青年接触过的教师、警察和女医生都这样杀了人。随后高部着手对间宫进行审讯，却总被他的言语打乱，调查毫无进展，再加上妻子因精神疾病住院，高部的情绪变得极为糟糕。高部的朋友心理学家佐久间劝他不要再和间宫接触，自己却被无意识使用催眠术的间宫逐渐操控。不久后，间宫从精神病院逃走，而佐久间被发现自杀身亡。高部来到以前间宫提过的一间废弃小屋中，遇到了间宫并将他杀死，对方满足地死去。然而一切并没有就此结束……
黑色电话,2022,2022-06-24,恐怖 惊悚,103,75,英语,斯科特·德里克森,C.罗伯特·嘉吉,梅森·泰晤士 玛德琳·麦格劳 伊桑·霍克 杰瑞米·戴维斯 E·罗杰·米切尔 特洛伊·鲁德海尔 詹姆斯·兰索恩 米格尔·莫拉 丽贝卡·克拉克,Never talk to strangers.,本片根据乔·希尔同名短篇小说改编：1978年间美国科罗拉多州一处郊外小镇里，一位名为芬尼·萧的少年被绰号为“掳童犯”的杀手绑架，而此前已有五位孩童被后者绑架杀害。芬尼之后在囚禁他的地下室中发现一部古董电话，尽管电话线已经断了，但一到晚上，他总能接到来自过去受害者试图帮助他的来电；芬尼的妹妹格温也在此时梦到与之相关的异象，指引她寻找芬尼。发生在兄妹俩身上的灵异事件开始成为了拯救芬尼的关键。
生命之书,2014,2014-10-17,动画 冒险 喜剧 家庭 奇幻,97,75,英语,Jorge R. Gutierrez,Doug Langdale,迭戈·卢纳 查宁·塔图姆 佐伊·索尔达娜 克里斯蒂娜·阿普尔盖特 欧亨尼奥·德伯兹 切奇·马林 Gabriel Iglesias 朗·普尔曼 凯特·德尔·卡斯蒂略,Two worlds. One love.,影片灵感来自于墨西哥传统节日“鬼节”(Day of the Dead)的传说，讲述了三位青梅竹马的好友，马诺洛、玛利亚 和华金 之间的故事。故事从博物馆里的一本书神秘之书讲起，随着镜头的推进，影片来到了另一个世界。这是一个关于拉丁神话的世界，马诺洛、玛利亚和华金是青梅竹马的好朋友，马诺洛和华金同时喜欢上了玛利亚，但是爱情的最终决定权不在于玛利亚，而是神灵。虽然影片讲述了一个很古老、常规的童话故事，但其中墨西哥神话的元素还是备受期待。
龙珠Z剧场版12：复活的融合!! 悟空和贝吉塔,1995,1995-03-04,动画 动作 科幻,55,75,日语,山内重保,小山高生,野泽雅子 堀川亮 草尾毅 乡里大辅 鹤弘美 渡边菜生子 皆口裕子 绿川光 八奈见乘儿,Hell’s gates have opened.,北银河正在举行冥界第一武术大会，孙悟空和来自西银河的排骨饭热战正酣。就在这时，冥界却出了乱子。阎王殿中，一名一心玩乐的小鬼不慎碰坏灵魂清洗装置，导致所有的邪气外泄，进而引发冥界巨大混乱。阎王被困在结界中不得动弹，而人间也受到影响，一时间鬼怪横行，连死去很久的弗利萨军团也再次复活。正在对决的悟空和排骨饭感知到冥界的变化，于是中断比赛前去为阎王解围。他们遇到一个胖乎乎却拥有强大实力和怨念的怪物，即使数度变身的孙悟空也奈何它不得。正在危难时刻，早已堕入地狱的贝吉塔及时赶来，最强的龙珠战士再次聚首……
辣手神探,1992,1992-04-16,动作 惊悚 犯罪,126,75,Cantonese,吴宇森,黄炳耀,周润发 梁朝伟 黄秋生 毛舜筠 陈欣健 董玮 关海山 吴宇森 林保怡,作为一名警察，他兼具智慧、力量与杀戮本能。,袁浩云（周润发 饰）是一位办案勇猛、对朋友极讲义气的“辣手神探”，屡破奇案。他的目标是一个庞大的非法军火集团。该集团原由海叔（关海山 饰）掌控，但随着海叔年事已高，其势力被心狠手辣的新头目汪东源（黄秋生 饰）逐步取代。
冲突,1973,1973-12-18,犯罪 剧情 历史,130,75,英语,西德尼·吕美特,沃尔多·索尔特,阿尔·帕西诺 约翰·伦道夫 杰克·基霍 比夫·麦奎尔 芭芭拉·埃达-杨 科妮莉亚·夏普 托尼·罗伯茨 约翰·美第奇 艾伦·里奇,他的许多同僚都认为他是世上最危险的人——一个正直的警察。,纽约警察弗兰克·塞尔皮科揭发了警队内部猖獗的腐败现象，却反遭同僚排挤孤立。
亲切的金子,2005,2005-07-29,剧情 惊悚,115,75,朝鲜语,朴赞郁,郑瑞景,李英爱 崔岷植 权礼英 金时厚 南一祐 金秉玉 吴达洙 李胜欣 金富善,她所想要的只是一份平静的生活…但他们没有给她。,金子20岁时，就因被控“诱拐儿童”入狱而成为头条新闻，人们惊诧于她的美貌、她的年轻。在13年的牢狱生活中，有着天使般容貌的她是狱中绝对的模范。金子尽心尽力地帮助身边的每一个人，因此狱友们都称她为“亲切的金子”。表面上金子似乎比谁都诚实守纪，但内心里的复仇火焰一天也没有熄灭。
十二宫,2007,2007-03-02,犯罪 悬疑 惊悚,157,75,英语,大卫·芬奇,詹姆斯·范德比尔特,杰克·吉伦哈尔 马克·鲁法洛 安东尼·爱德华兹 小罗伯特·唐尼 克洛伊·塞维尼 埃利亚斯·科特亚斯 约翰·卡罗尔·林奇 布莱恩·考克斯 德蒙特·莫罗尼,There's more than one way to lose your life to a killer.,二十世纪70年代，旧金山出现了一个自称“十二宫”的杀人狂，杀人后，向媒体寄一封信，留下密码、线索，向警方挑衅，多次的阴差阳错使案件陷入僵局，警方渐渐束手无策。连环杀人案件也引起了《旧金山纪事报》的记者罗伯特（杰克•格兰恩哈尔 饰）和保罗（小罗伯特•唐尼 饰）的注意，他们在警察大卫（马克•普法洛 饰）的帮助下，开始调查这一系列的连环凶杀案件，在和“十二宫”杀手斗志斗勇的同时，他们个人的生活也面临了极大的挑战。
匿名者敬启,2021,2021-12-10,剧情 爱情,101,75,西班牙语,María Torres,Alexandro Aldrete,Annie Cabello Ralf Estefi Merelles Harold Azuara Alicia Vélez,,意外短信促成了一段网上友谊，瓦莱和亚历克斯开始互生情愫，却不知道两人早已在现实生活中相遇。
沼泽深处的女孩,2022,2022-07-15,剧情 悬疑 爱情,126,75,英语,奥利维亚·纽曼,迪莉娅·欧文斯,黛西·埃德加-琼斯 泰勒·约翰·史密斯 哈里斯·迪金森 大卫·斯特雷泽恩 迈克尔·凯悦 小斯特林·马塞尔 Logan Macrae Bill Kelly 阿娜·欧蕾利,秘密隐藏在表面之下。,电影改编自一部扣人心弦的畅销悬疑小说。主角是一名叫做基亚的女孩，她遭到家人遗弃，在北卡罗来纳州中一片危险的沼泽地里独自生活并长大。多年来，巴克利湾一直萦绕着一则关于“沼泽女孩”的传言，导致聪明坚强的基亚遭到当地居民的排斥。有一天，基亚被镇上来的两位年轻人所吸引，面对一个全新的、令人震撼的世界，她敞开了自己的心扉。但是，在其中一位年轻人的尸体被发现后，她立刻被小镇认定为头号嫌疑人。随着案件调查取得新的进展，真相反而变得愈发难以捉摸。沼泽内暗藏的诸多秘密即将被揭开。
虞美人盛开的山坡,2011,2011-07-16,动画 剧情,91,75,日语,宫崎吾朗,宫崎骏,长泽雅美 冈田准一 竹下景子 石田百合子 柊瑠美 风吹纯 内藤刚志 风间俊介 大森南朋,让我们向上走。,1963年，日本横滨。在可以望见海港的小山丘上，松崎家的四姐弟居住于此。她们的父亲亡故，母亲又忙于工作，16岁的长女松崎海（长泽雅美 配音）不仅肩负起照顾弟弟妹妹的重任，还要负责照料寄宿于家中的客人们的起居。每天早晨，松崎海面朝大海，为过往的船只升起信号旗，衷心祈愿平安航行。乘坐拖船上学的17岁男孩风间俊（冈田准一 配音），每日见证着信号旗迎风飞舞。东京奥运会即将召开，日本上下试图建立美好崭新的世界，被认为古旧落后的东西理所应当便遭到破坏。在汹涌躁动的时代大潮下，横滨的某所高中也正经历着一场不大不小的纷争。委身于一幢历史悠久的建筑物内的校文化部，承载着数代学生的依恋与回忆，这里更被学生们亲昵地称作“拉丁区（Quartier Latin）”。而如今，这幢古老的建筑面临着拆除的命运。为了保护心中的圣地，在新闻部任职的俊以极其激烈的方式向校方以及同学们传达着保留建筑物的意义。在这一过程中，海也不知不觉参与进来，她提议对“拉丁区”进行大扫除，让人们知道这里是一个多么优雅舒适的所在。借着这一事件，海和俊渐渐熟捻，且相互吸引。但是无情的现实摆在了两个不谙世事的年轻人面前。“如果讨厌我了，请清楚地说出来。”“我们可能是兄妹……”战争的残酷，战后的混乱，以及父辈们的爱恋周转，无不左右着海和俊的未来……
芭比之魅力公主学院,2011,2011-09-13,家庭 动画 奇幻,80,75,英语,罗丝·汉德勒,Ezekiel Norton,Diana Kaarina Morwenna Banks Nicole Oliver Brittney Wilson Ali Liebert Shannon Chan-Kent Madeleine Peters 李·陶克 Cathy Weseluck,There's a Princess in every girl!,苏菲亚（Diana Kaarina 配音）是一位出生高贵的公主，不幸的是，很小的时候，她的母亲就遭到邪恶的德温女爵士陷害，去世了，而苏菲亚也就此下落不明。为了扶持自己的女儿德兰西公主登上王位，德温女爵士不惜向世人谎称苏菲亚已死，以完成自己的野望。
时光倒流七十年,1980,1980-10-03,剧情 奇幻 爱情,103,75,英语,理查德·马西森,Jeannot Szwarc,克里斯托弗·里夫 简·西摩 克里斯托弗·普卢默 Teresa Wright 比尔·厄尔文 George Voskovec Susan French John Alvin Eddra Gale,往昔某日，终遇伊人…,大学生理查德在毕业典礼上遇到了一个老妇人，老妇人送给他一只金表，并表示等他回来。虽然他感到非常奇怪，但事情也不了了之了。8年后他成为一个著名的剧本作家，他为了寻找灵感来到了一家酒店度假，酒店历史悠久，在历史陈列室内他被一张女明星Elise的照片深深吸引住了，并认得她就是送金表的老妇人。原来老妇人在送于他金表的晚上已经离世了。而他通过梦境，回到时光倒流的70年前，发现自己竟与这名女明星又有一段美丽的爱情故事
玩偶,2002,2002-10-12,剧情 爱情,114,75,日语,北野武,,菅野美穂 西岛秀俊 三桥达也 松原智惠子 深田恭子 Tsutomu Takeshige 岸本加世子 大森南朋 津田宽治,三段永不终结的爱情故事。,本片依照季节交叉着串讲了三段凄美爱情故事。《燃烧的红叶》一篇，佐和子（菅野美穗）被男友松元（西岛秀俊）背叛，承受不住打击服药自杀，不遂变为呆子，松元在结婚当日得悉后，心生愧疚逃婚，开始用一根红绳将他与佐和子系在一起浪迹天涯。《夏日的碧海》一篇，人气偶像歌手春日奈（深田恭子）于一次交通事故中毁容，痴心歌迷为了陪伴她，不惜自毁双目。《静寂的雪山》一篇，年老患病的黑帮大佬自知时日无多，心血来潮到故地重游，发现任由沧海变桑田，旧情人仍像几十年前一样每逢周六就带好盒饭在相约的时间和地点守候他。
坏蛋联盟,2022,2025-06-14,家庭 喜剧 犯罪 动画 动作,100,75,英语,皮埃尔·佩里费尔,伊坦·科恩,山姆·洛克威尔 马克·马伦 奥卡菲娜 克雷格·罗宾逊 安东尼·拉莫斯 理查德·阿约德 莎姬·贝兹 亚历克丝·博斯坦 莉莉·辛格,“好”没意思，“差”点笑死。,故事的主角是五个无恶不作的坏蛋——风度翩翩的扒手“大坏狼”、见多识广的保险箱窃贼“贪心蛇”、冷静沉稳的伪装大师“美肚鲨”、暴躁易怒的打手“食人鱼”、伶牙俐齿的黑客专家“骇客蛛”闪亮登场，他们是最臭名昭著的“坏蛋联盟”。他们平时威风八面，四处作案，令人闻风丧胆。直到某一天，他们突然想成为模范公民，然而转型路途甚是艰难，且意外层出不穷，令人啼笑皆非。
我的野蛮女友,2001,2001-07-27,剧情 喜剧 爱情,137,75,朝鲜语,郭在容,金浩植,全智贤 车太贤 金仁文 宋玉淑 韩振熙 玄淑熙 金一宇 徐东元 柳淳哲,和她那可怕的约会开始了,牵牛第一次与她的邂逅，就毫无浪漫感可言。在地铁上她就语出惊人，喝的醉醺醺的她大声训斥不自觉给老人让座的他，吐完之后就软趴趴地倒了下来。善良的牵牛上前接住，于是就只好背着她到旅馆投宿了。但是好心不一定有好报，牵牛正在好好洗澡时就被冲进来的警察带走了。然而这两个人却从此开始约会了。她很霸道很任性，然而当她用那张可爱的面孔对着你笑时，你也忍不住心软。于是牵牛也心甘情愿地被她折磨。渐渐的，牵牛感觉到她的内心受伤了，他用尽全力去呵护去保护，她仍然缺乏安全感。虽然在一起很快乐也很感动，她却仍然提出了一个难以接受的约定：让我们先分开吧……
圣山,1973,1973-11-29,剧情,113,75,西班牙语,亚历桑德罗·佐杜洛夫斯基,,亚历桑德罗·佐杜洛夫斯基 Horacio Salinas Zamira Saunders Juan Ferrara Adriana Page Burt Kleiner Valerie Jodorowsky Nicky Nichols Richard Rutowski,,一位貌似耶稣的小偷（Horácio Salinas 饰）从儿童们的石块击打中醒来，与一个无手无脚的侏儒结伴进入城市。城中正进行一场疯狂的庆典，一些人被杀死，鸟雀从他们的枪口中飞出，大量蟾蜍穿着印第安人以及欧洲殖民者的服装在混战中被炸的粉碎。小偷从几个罗马士兵打扮的人手中接过十字架，又被他们将自身的形象制造成无数模型……小偷在众目睽睽下爬上了一座能生产黄金的高塔，塔内的术士从小偷的粪便中提炼出了金子。术士用占星术确认了几位门徒，他们是生产面具的商人、武器商、艺术家、玩具商、政府顾问、军队长官和建筑师，七人分别代表不同的行星。术士把这些掌控国家的人物积聚一起，抛弃一切之后向传说中的圣山进发寻找不朽的秘密。
比安卡,1984,1984-02-23,剧情 喜剧 悬疑,96,75,意大利语,乔瓦尼·莫雷蒂,桑德罗·佩特拉利亚,乔瓦尼·莫雷蒂 劳拉·莫兰特 Roberto Vezzosi Remo Remotti Claudio Bigagli Enrica Maria Modugno Vincenzo Salemme Margherita Sestito Dario Cantarelli,,古怪而充满怪癖的米歇尔是一位年轻的高中教授，他自称“不习惯幸福”。他意识到如果没有一个女人在身边，他的生活就毫无意义，但在一系列相当灾难性的经历之后，他感到比以往任何时候都更加孤独。突然间，一位名叫比安卡的新法语老师来到了学校。在不确定和矛盾中，两人开始约会。与此同时，一连串的凶杀案发生，一名警官开始怀疑米歇尔的涉案。比安卡将在合适的时刻为他提供不在场证明，但接着，一切又出了岔子。
煤气灯下,1944,1944-05-04,惊悚 剧情 悬疑 犯罪,114,75,英语,乔治·库克,约翰·范·德鲁滕,查尔斯·博 英格丽·褒曼 约瑟夫·科顿 梅·惠蒂 安吉拉·兰斯伯瑞 芭芭拉·埃维斯特 埃米尔·拉莫 埃德蒙·布雷恩 哈利韦尔·霍布斯,Strange drama of a captive sweetheart!,描述青年安东为了得到美丽少女宝拉她姑妈遗留下的钻石和大笔财产，一面把自己伪装成潇洒而体贴的 丈夫，一面又企图用心理战术把宝拉逼疯。还好这一切被青年侦探伯林发现，将安东逮捕。影片的情节紧张，悬念迭起，令人紧张得透不过气来。英格丽．褒曼、查 尔斯．博耶等演员的表演都入木三分，惟妙惟肖。美工师绝妙的布景将人带到维多利亚时代，令人身临其境。获第17届奥斯卡（1944）最佳女主角、最佳黑白 片美工置景两项金奖。
地球之夜,1991,1992-05-02,喜剧 剧情,129,75,英语,吉姆·贾木许,,薇诺娜·瑞德 吉娜·罗兰兹 吉安卡罗·埃斯波西托 阿明·缪勒-斯塔尔 罗茜·佩雷兹 伊萨赫·德·班克尔 碧翠斯·黛尔 罗伯托·贝尼尼 Paolo Bonacelli,Five taxis. Five cities. One night.,本片由五个发生在同一时间，不同国家地区的小故事组成，每个故事都描述了的士司机与乘客的一次短暂遭遇。  　　洛杉矶晚上7:07，假小子司机柯基（薇诺娜·瑞德 Winona Ryder 饰）载着她的客人维多利亚（吉娜·罗兰兹 Gena Rowlands 饰）回酒店，恰巧负责电影选角的维多利亚看中了柯基，然而柯基却告诉她自己想成为一名机械师……  　　纽约晚上10:07，黑人青年尤尤终于拦到了一辆的士，却发现司机是一名根本不会开车且语言不通的外国老人赫尔穆特（阿明·缪勒-斯塔尔 Armin Mueller-Stahl 饰），尤尤只好主动提出由他来开车……  　　巴黎凌晨4:07，年轻的黑人司机把两名出言侮辱他的非洲乘客撵下车后，上来了一位美貌的盲女（碧翠斯·黛尔 Béatrice Dalle 饰），他立即对她产生了好奇与怜悯，却发现她比自己更能在这世界上辨明方向。  　　……  　　本片由贾木许自编、自导、自制而成，他在大约八天内完成了剧本创作，各个故事发生的地点则根据他想合作的演员而定。电影原声带则来自于他的老拍档民谣大师Tom Waits。
坠落的审判,2023,2024-03-29,惊悚 悬疑 犯罪,151,75,法语,朱斯蒂娜·特里耶,Arthur Harari,桑德拉·惠勒 斯万·阿劳德 米洛·马查多·格拉纳 安托万·赖纳茨 塞缪尔·泰斯 珍妮·贝丝 萨迪亚·本塔伊布 卡米莉·拉瑟福德 安妮·罗特格,Did she do it?,在贾斯汀·特里耶这部荣获奥斯卡奖的杰作中，我们看得越近，却知得越少。这部诡谲迷人的法庭惊悚片，审视着真实与虚构彼此侵蚀的边界。作家桑德拉·沃伊特（桑德拉·惠勒，摄人心魄的演绎）擅长将自身经历转化为自虚构文学，当她因丈夫坠楼身亡的疑案受审时——这究竟是谋杀还是自杀？——一场审判逐渐揭开一个破碎家庭的层层内幕。特里耶以室内心理剧的极简张力为核心，通过复杂而灵动的剪辑，构筑出一桩悬案；其终极指向并非死亡本身，而是我们每个人隐匿的生存真相。[标准收藏]
女尸谜案,2012,2012-12-21,惊悚 悬疑,107,75,西班牙语,奥里奥尔·保罗,Lara Sendim,何塞·科罗纳多 雨果·席尔瓦 贝伦·鲁艾达 奥拉·加里多 Cristina Plazas Montse Guallar Nausicaa Bonnín Miquel Gelabert Oriol Vila,Death is not always the end.,西班牙的深夜，一名中年男子惊慌失措奔跑在丛林间，最终被一辆公路上飞驰的汽车撞成重伤。警方初步探查得知，此人是某停尸房警卫，他在出事前肯定见过什么恐怖景象。经过进一步调查发现，原来当晚停尸房丢了一具尸体。尸体名叫玛卡·维拉芙尔德（贝伦·鲁艾达 Belén Rueda 饰），是一位呼风唤雨的企业女强人，当天下午乘飞机从洛杉矶回来后不久即因心脏病去世。警方联系上玛卡的丈夫，此时正陪伴情人的亚历克斯（雨果·席尔瓦 Hugo Silva 饰）。他谈论妻子时的冷漠不得不让人对他们夫妻间的关系产生质疑。伴随着诡异肃杀的气氛，真相渐渐浮出水面。
苏莱曼的故事,2024,2024-09-25,剧情,94,75,法语,Boris Lojkine,Delphine Agut,Abou Sangare 尼娜·梅尔瑞斯 Alpha Oumar Sow Emmanuel Yovanie Younoussa Diallo Ghislain Mahan Mamadou Barry Yaya Diallo Keita Diallo,,苏莱曼骑着车穿梭在巴黎街头送餐，口中反复背诵着自己的经历。两天后，他将参加庇护申请面试——这是获取身份文件的关键。但苏莱曼尚未准备好。
超乎想象,2018,2018-03-16,音乐 剧情,110,75,英语,Jon Erwin,Andrew Erwin,J. Michael Finley 玛德琳·卡罗尔 丹尼斯·奎德 Trace Adkins 克洛里斯·利奇曼 Jason Burkey Mark Furze 兰迪·麦克道尔 Cole Marcus,The song you know. The story you don't.,巴特（杰麦可芬利饰）在严父亚瑟（丹尼斯奎德饰）的高压教育下成长，无论他如何讨好父亲，亚瑟的心就像一道高墙，挡在他们父子之间，不让巴特轻易接近。他伤心难过，也曾逃避，但音乐与信仰改变了他；音乐让他有勇气面对一切，而信仰让他了解父亲到过世前都说不出口的爱。终于成功站上舞台的他要将这份喜悦透过音乐分享给人们，而他相信父亲一定在那个被称为「天堂」的地方，微笑着听着他的歌声。
警察故事,1985,1985-12-14,动作 犯罪 喜剧,100,75,Cantonese,成龙,邓景生,成龙 林青霞 张曼玉 董骠 楚原 曹查理 林国雄 金兴贤 蒋荣发,"You may know the name, but the game has changed.",受过特警训练的警察陈家驹 为人正直办案拼命，时常将女友 忽略。某次围剿行动中陈家驹拘捕了大毒枭朱滔，但因证人 莎莲娜 的突然失踪，未能将其绳之于法，陈家驹因此受降职处分。事后含恨在心的朱滔为了报复陈家驹，设计将其诱至囚禁莎莲娜的别墅，并派手下杀死一名警察嫁祸其身，令陈家驹在警方的通辑令下只能四处流亡。而侥幸逃脱的莎莲娜明白到朱滔为人不择手段的本质，为求自保，冒险潜入朱滔办公室偷得证据，却被其手下追杀至商场，陈家驹及时赶到，与朱滔手下展开激战。
豺狼的日子,1973,1973-05-16,动作 惊悚,143,75,英语,弗雷德·金尼曼,弗雷德里克·福赛斯,爱德华·福克斯 Terence Alexander 米歇尔·奥克莱尔 Alan Badel Tony Britton Denis Carey 西里尔·库萨克 Maurice Denham 迈克尔·朗斯代尔,"Nameless, faceless... relentlessly moving towards the date with death that would rock the world.",讲述英籍职业杀手受聘暗杀法国总统戴高乐，而法国警方亦从蛛丝马迹中获知了他的阴谋，于是全力阻止杀手的行动。
机械师,2004,2004-10-22,惊悚 剧情,102,75,英语,布拉德·安德森,斯科特·科萨尔,克里斯蒂安·贝尔 詹妮弗·杰森·李 埃塔娜·桑切斯·吉永 约翰·沙里安 迈克尔·艾恩塞德 小拉里·吉拉德 雷格·E·凯蒂 安娜·玛西 Matthew Romero Moore,How do you wake up from a nightmare if you’re not asleep?,如果你根本没有睡着，又如何从噩梦中醒来？特雷弗·莱兹尼克(克里斯丁·贝尔)受失眠的困扰日渐消瘦。这一年以来，他都几乎没有正常的睡眠了。这种生活严重的影响了他的身体以及心理健康。他在自己的公寓里发现了一个神秘的字条；他在车间里总感觉有个工友和他在一起工作，但是没有别人能看到这个工友。随着他生活的世界逐渐变成一个现实的噩梦，他的女朋友，一位应召女郎，成了他生活中唯一可以安慰他的人。  他决定找到这一切的答案。然而当他开始试图恢复自我意识的时候，他发现他了解的越多，他就越抗拒知道更多。
野性的呼唤,2020,2020-11-13,冒险 家庭 剧情,100,75,英语,克里斯·桑德斯,约翰·伦敦,哈里森·福特 丹·史蒂文斯 科林·伍德尔 凯伦·吉兰 奥玛·希 雷文·斯科特 韦斯·布朗 卡拉·吉 让·路易莎·凯利,Based on the legendary novel.,影片改编自杰克·伦敦同名小说，导演克里斯·桑德斯([疯狂原始人])，编剧迈克尔·格林[(异形：契约])。该片以克朗岱克淘金热为背景，围绕淘金者约翰·桑顿(福特饰)的历险故事展开。
巴霍巴利王：开端,2015,2015-07-10,动作 剧情,159,75,泰卢固语,S·S·拉贾穆里,维杰耶德拉·普拉萨德,普拉巴斯 拉纳·达格巴帝 特曼娜·芭蒂亚 安努舒卡·谢蒂 拉米亚·克里希南 纳赛尔 西比拉吉 普拉巴卡尔 阿迪维·赛什,,该片号称是印度最贵的电影，制作耗资17亿5千万卢比（约1亿6975万人民币），讲述了巴霍巴利（帕拉巴斯 Prabhas 饰）和Bhallaladeva（Rana Daggubati 饰）兄弟二人争夺Mahishmathi王国的王位的故事。
蓝雨伞之恋,2013,2013-06-20,动画 爱情,7,75,英语,Saschka Unseld,,Sarah Jaffe,,川流熙攘的闹市街头，现代男女行色匆匆，全然没有注意到街头巷尾沉睡的生命。天色渐晚，乌云密布，伴随隆隆的雷声，路灯点缀着都市黯淡的色调。雨点纷纷落地，仿佛蕴藏着生命力量的神秘之水，井盖、路障、邮筒、排水管道乃至招牌装饰，依次被雨滴所唤醒。它们悄悄睁开惺忪的睡眼，不为人知地观察着熟悉而又陌生的世界。雨点大滴大滴坠落，密集成片。路人们不慌不忙展开手中的雨伞。在这其中，有一把碧蓝色的雨伞，他就像一个初涉人世的孩童，瞪大好奇的双眼审视周遭的一切，并接受其他伙伴无伤大雅的戏谑与关照。这时，一把红伞小姐引起了他的注意。 近在咫尺，不能言语。短短的一条街，却是爱情道路上荆棘密布的万水千山……
战火,1946,1946-12-10,剧情 战争,125,75,意大利语,罗伯托·罗西里尼,塞尔吉奥·阿米代,Carmela Sazio Robert Van Loon Benjamin Emanuel Raymond Campbell Harold Wagner Albert Heinze Merlin Berth Mats Carlson Leonard Parrish,总有救赎的机会。,本片以第二次世界大战末期，在意大利登陆的美军攻破德军防线为背景，导演以令人感动的场面把美军从南部攻到北部期间所引发的一些意大利民间故事编成一部有连贯性的社会写实的电影，画面上的真实感，给予人们非常大的冲击，创下了意大利电影的新潮流…… 大师罗西里尼的战后三部曲的第二部，第一部是《罗马，不设防的城市》，最后一部是《德意志零年》。作为新现实主义的奠基人，罗西里尼几乎不使用剧本，并明确拒绝使用摄影棚、服装、化妆和职业演员。影片由6个小故事组成，背景是二战后期盟军在意大利登陆后攻破德军防线，从南部向北部进攻期间引发的一些民间小故事。罗西里尼在摄影机前重现了美国大兵，游击队员、修道士，妓女，以及普通平民在那个烽火连天的岁月里的真实遭遇，影片穿插了很多真实的战争镜头，令观众感同身受。
绝密跟踪,2013,2013-07-03,犯罪 动作 惊悚,105,75,朝鲜语,曹义锡‍,金丙书,薛景求 郑雨盛 韩孝周 金秉玉 陈庆 李俊昊 任达华 孙敏锡 Kim Dae-jin,Remember everything about the untraceable target.,在韩国警察系统中存在着一个特殊的部门——监视班，该班有一群貌不惊人但拥有高超分析能力和跟踪技巧的探员组成。在班长黄尚钟（薛景求 饰）的指挥下，监视班一次次抓获狡猾罪犯，将他们绳之于法。某日，一腔热血的警员河允珠（韩孝珠 饰）以优异的成绩通过黄班长极为苛刻的测试，成为监视班的一员，代号“花猪”。虽然初出茅庐略显青涩，但花猪很快凭借其缜密的分析能力赢得班长的信任。与此同时，以詹姆士（郑雨盛 饰）为首的一组犯罪分子正策划对证券交易所的秘密行动。虽然已经获得罪犯的蛛丝马迹，但詹姆士极其狡猾，拥有超高的反侦查能力。  一系列高端的猫鼠游戏在闹市中央相继展开……
驴子巴特萨,1966,2019-06-15,剧情,95,75,法语,罗伯特·布列松,,安娜·维亚泽姆斯基 Walter Green François Lafarge Jean-Claude Guilbert Philippe Asselin Pierre Klossowski Nathalie Joyaut Marie-Claire Fremont Jean-Joël Barbier,,这部出自影史最受尊崇的电影作者罗伯特·布列松之手的深刻杰作，追随驴子巴特萨辗转于不同主人之间的命运轨迹——他们或仁慈或残暴，动机皆超越这头牲口的理解范畴。巴特萨的生命轨迹与第一任守护者玛丽的人生彼此映照，它作为负重的牲口，默默承受着人类的罪愆。尽管无力反抗，它却始终高贵地承受命运。通过布列松在构图、声音与叙事上的非传统手法，这个简单的故事升华为关于纯真与超越的感人至深寓言。
修罗雪姬,1973,1973-12-01,动作 犯罪 剧情,97,75,日语,藤田敏八,Norio Osada,梶芽衣子 黑泽年雄 大门正明 赤座美代子 内田慎一 地井武男 仲谷升 中田喜子 根岸明美,眼泪早已抛弃。心早已抛弃。也无法去爱。悲伤地绽放的怨恨之花.....,德川幕府倒台，日本进入开明的民主时代。但是明治时期政府、军队及至商贾仍存在腐败贪婪的现象。明治八年爆发血税暴乱，小学教师鹿岛刚（大門正明 饰）携家眷旅行途中遭到暴乱农民的袭击，鹿岛和儿子司郎（内田慎一 饰）惨遭杀害，他的妻子小夜（赤座美代子 饰）则被暴民侵犯。在此之后，小夜瞅准时机杀死一名暴徒，入狱后她与狱警、官员私通，千方百计产下一女，取名雪姬，并将为家族复仇的使命交给女儿。狱友同情小夜的遭遇，想尽办法将雪姬托付给武功高强的僧人大臣道海（西村晃 饰）修行。20年后，背负着莫大仇恨的修罗雪姬（梶芽衣子 饰）携着血雨腥风来至人间。
铁爪,2023,2023-12-22,历史 剧情,130,75,英语,Sean Durkin,,扎克·埃夫隆 杰瑞米·艾伦·怀特 哈里斯·迪金森 斯坦利·西蒙斯 霍特·麦克卡兰尼 莫拉·蒂尔尼 莉莉·詹姆斯 迈克尔·哈尼 亚伦·迪恩·艾森伯格,Sons. Brothers. Champions.,讲述关于著名摔跤家族冯·埃里希一家真实而悲惨的故事，他们在1980年代初的摔角界创造历史、开启王朝，几兄弟在赛场上所向披靡，而这个家庭内部却始终笼罩不幸，六兄弟中的长子幼年因溺水早逝，其他几位做出一番成就但又相继因吸毒过量、车祸、药物过量、抑郁症自杀而去，最终只剩次子凯文，他在摔角界闯出了精彩的职业生涯，退役后也家庭美满、事业有成。
我的左脚,1989,1989-04-07,剧情,103,75,英语,吉姆·谢里登,Shane Connaughton,丹尼尔·戴-刘易斯 布伦达·弗里克 Alison Whelan 柯尔斯滕·谢里登 Declan Croghan 伊安娜·麦克利亚姆 Marie Conmee 西里尔·库萨克 Phelim Drew,"A film about life, laughter, and the occasional miracle.",本片根据真人真事改编，讲述了脑性麻痹患者克里斯蒂·布朗克服病痛与贫困，最终成为卓有成就的艺术家、诗人兼作家的励志故事。
父亲只有一个2,2020,2020-07-29,喜剧 家庭,96,75,西班牙语,圣地亚哥·塞古拉,Marta González de Vega,圣地亚哥·塞古拉 Toni Acosta Martina D’Antiochia Calma Segura Luna Fulgencio Carlos González Morollón Sirena Segura Loles León Leo Harlem,,The success of the Conchy virtual assistant (which was developed by Javier) has earned him a favorable spot in the parents chat room - until something unexpected ruins it all.
科学怪人的新娘,1935,1935-04-20,恐怖 科幻,75,75,英语,James Whale,Edmund Pearson,鲍里斯·卡洛夫 Colin Clive Valerie Hobson Ernest Thesiger 爱尔莎·兰切斯特 Gavin Gordon Douglas Walton Una O'Connor E. E. Clive,More fearful than the monster himself!,玛丽·雪莱揭晓了她小说中主要角色的后续：惊魂未定的弗兰肯斯坦博士在另一位癫狂科学家的胁迫下，为他创造的怪物制造了一位伴侣。
隐形人,1933,1933-10-31,恐怖 科幻,71,75,英语,James Whale,赫·乔·威尔斯,克劳德·雷恩斯 格劳瑞亚·斯图尔特 William Harrigan 亨利·特拉弗斯 Una O'Connor Forrester Harvey Holmes Herbert E. E. Clive Dudley Digges,"H.G. Wells’ fantastic, out-of-this-world show!",一位科学家发现了隐形的方法，但在这一过程中，他变得杀人成狂。
训练日,2001,2001-10-05,动作 犯罪 剧情,122,75,英语,安东尼·福奎阿,大卫·阿耶,丹泽尔·华盛顿 伊桑·霍克 斯科特·格伦 汤姆·贝伦杰 哈里斯·于林 雷蒙德·J·巴里 克利夫·柯蒂斯 安德烈·罗梅勒·杨 小卡尔文·科多扎尔·布罗德斯,唯一比越线更危险的是警察将要越线。,阿洛佐是美国毒品缉查部的黑人警探，经验丰富，查案出色，对毒品案件有着敏锐的嗅觉。人称“魔幻之眼”。这天阿洛佐的部门来了一个新同事杰克（伊桑•霍克 Ethan Hawke 饰），杰克跟随阿洛佐深入到街头的每一个阴暗角落，发现这个城市光怪陆离的同时，也慢慢见识了阿洛佐亦正亦邪的办案手法。阿洛佐虽然身为警探，手段却游走在法律边缘。他秉持“以毒攻毒”的原则，先把自己武装起来：没收罪犯的毒品自己服下，用枪指着杰克命令他跟着照做，他与贩毒分子甚至有着某种不寻常关系。但另一方面，他却奋力保护杰克这个年轻人，复杂的性格让杰克对这个神探上司捉摸不透。
育婴奇谭,1938,1938-02-18,喜剧 爱情,102,75,英语,哈加·怀尔德,霍华德·霍克斯,凯瑟琳·赫本 加里·格兰特 Charles Ruggles Walter Catlett Barry Fitzgerald May Robson Fritz Feld Leona Roberts George Irving,大卫·赫胥黎教授和苏珊·万斯小姐的滑稽冒险就这样开始了，苏珊·万斯小姐是一个头脑发热、心中充满爱的泼妇！,当加里·格兰特与凯瑟琳·赫本在这部影史最欢脱爆笑的杰作中尽情挥洒时，神经喜剧的火花肆意迸溅——这场天马行空的高空钢丝表演，将美国银幕喜剧推向了荒谬之境的全新高度。一位倒霉的古生物学家为从阔太手中争取博物馆百万捐款，阴差阳错被卷入迷糊富家女的疯狂冒险：失踪的恐龙化石、失控的宠物豹，以及层出不穷的性别错位闹剧接连上演。霍华德·霍克斯导演以捕捉闪电般的蓬勃才情，将精妙对白、即兴演绎与令人目眩的双关妙语，熔铸成这场席卷一切的喜剧风暴。[标准收藏公司]
有史以来最棒的啤酒运送,2022,2022-09-23,剧情 喜剧 战争,127,75,英语,彼得·法雷利,乔安娜·莫洛伊,扎克·埃夫隆 罗素·克劳 凯尔·艾伦 比尔·默瑞 杰克·皮克金 威尔·罗普 阿奇·雷诺 鲁比·阿什伯恩·瑟金斯 Will Hochman,Friendship has no last call.,奇克（Zac Efron饰）想支持在越南作战的朋友们，于是异想天开，亲自将美国啤酒带给他们，这段出于善意的旅程很快地改变了奇克的人生与想法。改编自真实故事。
人生如戏,2014,2015-04-19,纪录,121,75,英语,Steve James,,史蒂芬·斯坦顿 Roger Ebert Chaz Ebert Ramin Bahrani Richard Corliss Nancy De Los Santos Ava DuVernay Bruce Elliot Laura Emerick,The only thing Roger loved more than movies.,2013年，我们失去了罗杰·伊伯特——这位被誉为全美最具知名度与影响力的影评人。本片改编自他的同名回忆录，讲述了伊伯特既精彩又充满缺憾的人生旅程：从在校园报纸初露锋芒时便涉足政治评论，到成为《芝加哥太阳报》影评人，继而荣获普利策奖，成为家喻户晓的电视名人，又在五十岁时奇迹般觅得真爱，直至晚年（当他无法再开口说话时）在互联网上以“人生第三幕”的姿态成为不可忽视的声音。[木兰花影业]
流感,2013,2013-08-14,动作 科幻 惊悚,122,75,朝鲜语,金成洙,李英重,张赫 秀爱 朴敏荷 柳海真 马东锡 李熙俊 李相烨 车仁表 金基贤,死亡病毒化,一群东南亚偷渡客历经艰险来到韩国，但是整个集装箱内的偷渡客几乎全部死亡，只有一人拖着羸弱的身体侥幸逃入闹市之中。殊不知此人身上携带致命猪流感病毒，短短一天时间，病毒迅速蔓延城市的各个角落。许多人在不知不觉间被感染，进而将死亡的阴影引向周围所有的人。美丽的女医生金仁海（秀爱 饰）是一位单身妈妈，她不久前遭遇一场车祸，幸被消防队救援人员姜智久（张赫 饰）救出，却因丢失重要论文资料而备受上司苛责。值此期间，韩国蛇头的弟弟因流感送入仁海的医院治疗，经诊断终于发现流感的起因，死尸横陈的集装箱无疑成为查找病源的关键。 未过多久，猪流感病毒成几何式爆发蔓延，坐享太平的民众面临前所未有的灾难。
午夜巴黎,2011,2011-05-20,奇幻 喜剧 爱情,94,75,英语,伍迪·艾伦,,欧文·威尔逊 瑞秋·麦克亚当斯 凯西·贝茨 库尔特·富勒 阿德里安·布罗迪 卡拉·布鲁尼 玛丽昂·歌迪亚 迈克尔·辛 尼娜·阿里安达,午夜巴黎 魔法降临,吉尔（欧文•威尔逊 Owen Wilson 饰）携未婚妻伊内兹（瑞秋•麦克亚当斯 Rachel McAdams 饰）陪着岳父岳母来巴黎度假。他希望留在巴黎完成自己的第一部小说，但是伊内兹及其父母坚决反对。在一次用餐时，伊内兹遇到了昔日同学保罗夫妇，他们一同出游。保罗到处卖弄，跟导游（卡拉•布吕尼 Carla Bruni 饰）喋喋不休，令吉尔反感不已。午夜时分，他独自走在巴黎的街头，却被一辆路过的马车吸引住了。他随马车来到了一个名流派对，阴差阳错地结识了海明威、毕加索、菲茨杰拉德、达利（阿德里安•布洛迪 Adrien Brody 饰）、斯坦因（凯西•贝茨 Kathy Bates 饰）等，而且他更是迷恋上了毕加索和莫迪尼亚里的情人阿德里亚娜（玛丽昂•歌迪亚 Marion Cotillard 饰）...伍迪艾伦凭此片获69届金球奖最佳编剧
木偶奇遇记,1972,1972-12-21,奇幻 剧情 家庭 喜剧,135,75,意大利语,路易吉·科门奇尼,卡洛·科洛迪,Andrea Balestri Nino Manfredi Gina Lollobrigida Domenico Santoro Franco Franchi Ciccio Ingrassia Zoe Incrocci 莱昂内尔·斯坦德 Riccardo Billi,,马斯特罗·杰佩托（Mastro Geppetto）是一个贫穷的木匠，没有妻子，也没有孩子。这个男人非常孤独，在与他的同事马斯特罗·西里吉亚交易一块木头时，他决定给自己做一个木偶来陪伴自己。
冷血,1967,1967-12-15,犯罪 剧情 惊悚 历史,134,75,英语,理查德·布鲁克斯,杜鲁门·卡波特,罗伯特·布莱克 斯科特·威尔森 约翰·福赛斯 保罗·斯图尔特 Gerald S. O'Loughlin 杰夫·科里 John Gallaudet James Flavin 查尔斯·麦格劳,The crime that shocked a nation.,根据美国作家楚曼卡波堤著名的报告文学拍摄而成。导演采取黑白纪录片式的纪实手法，忠实地观察可以说是一个极其详尽和细腻的犯罪个案纪录。两名冷血罪犯如何在一个堪萨斯州的农家犯下冷血的灭门血案，直到两人被警方逮捕直至处刑。
乌鸦,1994,1994-05-11,奇幻 动作 惊悚,102,75,英语,亚历克斯·普罗亚斯,John Shirley,李国豪 罗谢尔·戴维斯 埃涅·赫德森 迈克尔·温科特 白灵 索菲亚·希纳斯 安娜•汤姆森 大卫·帕特里克·凯利 Angel David,Believe in angels.,相传，乌鸦能带领人的灵魂穿越阴阳。于是，一个传奇故事就此展开。一个不详的夜晚，摇滚歌手埃里克（李国豪 饰）和他的未婚妻在街头遭到当地的恶棍杀害。整整一年后，凭借着乌鸦的指引，埃里克的灵魂从阴曹地府回到了人间，他又重新复活了！复活后的埃里克拥有着超自然的力量，而他的身边总是出没着一只黑乌鸦。埃里克开始了他的漫长的复仇之路！ ©豆瓣
再见，孩子们,1987,1987-10-07,剧情 战争,104,75,法语,路易斯·马勒,,加斯帕德·马内斯 拉斐尔·费托 弗朗辛·拉塞特 斯坦尼斯拉斯·卡雷·德·马尔贝格 菲利普·莫里埃-热诺德 弗朗索瓦·贝莱昂 弗朗索瓦·内格雷 彼得·菲茨 Pascal Rivet,,讲述了纳粹占领下的法国，两名男孩之间一段关乎友谊与毁灭性失去的痛心故事。在一所偏远的天主教寄宿学校里，两位聪慧早熟的少年曾享有真挚情谊——直到一个秘密被揭开。这部基于编剧兼导演路易·马勒亲身童年经历的电影，以含蓄细腻而又洞察入微的叙事，探讨了勇气、懦弱与悲剧性的觉醒。[标准收藏]
满洲候选人,1962,1962-10-24,惊悚 剧情,126,75,英语,约翰·弗兰肯海默,理查德·康登,弗兰克·辛纳特拉 Laurence Harvey 安吉拉·兰斯伯瑞 珍妮特·利 James Gregory 亨利·席尔瓦 Leslie Parrish 约翰·麦吉弗 Khigh Dhiegh,"When you've seen it all, you'll swear there's never been anything like it!",当这部六十年代标志性政治惊悚片问世时，约翰·弗兰克海默的名字从此与令人窒息的电影张力永远相连。影片设定于五十年代初，改编自理查德·康登小说的这部犀利之作，聚焦于授勋美军中士雷蒙德·萧——他在朝鲜战争期间被俘，遭洗脑成为共产主义阴谋中的潜伏刺客，而一位同为战俘的战友逐渐揭开了这场邪恶阴谋。雷蒙德邪恶的母亲操控着那位渴望入主白宫的反共猎巫参议员丈夫。作为少数既瞄准麦卡锡时代狂潮又浸透冷战疑惧的电影，本片至今仍是犀利而震撼的美国电影杰作。[标准收藏]
阿尔卡特兹的养鸟人,1962,1962-07-04,剧情 犯罪 历史,147,75,英语,约翰·弗兰肯海默,Thomas E. Gaddis,伯顿·兰开斯特 卡尔·马尔登 塞尔玛·里特 Neville Brand Betty Field 特利·萨瓦拉斯 Edmond O'Brien 休·马洛 Whit Bissell,Inside the rock called Alcatraz they tried to chain a volcano they called 'The Bird Man'!,监狱电影中的代表作，改编自真人真事。桀骜不驯的青年劳勃斯．特劳德被判终身监禁，某日有一只生病的小鸟飞进他的牢房，在他细心呵护下竟然将小鸟医好了。他从此在狱中发奋研究，成为国际知名的鸟类学家。期间他要对抗过分保护他的母亲和粗暴的监狱长，也依旧不改其志，最后透过作家汤姆．加迪斯将他的传奇故事流传于世。导演约翰．弗兰肯海默以严谨手法诠释这个基本上相当静态的故事，虽然没有一般逃狱电影的紧张刺激动作，但气氛依旧紧凑动人。兰卡斯特充分掌握住主人翁的气质和感情，扮演狱友的特利．萨瓦莱斯亦十分抢戏。
夏日细语,2022,2022-05-12,剧情,94,75,爱尔兰语,科尔姆·拜瑞德,克莱尔·吉根,凯瑟琳·克林奇 安德鲁·贝内特 嘉莉·克劳利 迈克尔·帕特里克 凯特·麦康奈尔 琼·希伊 Tara Faughnan Neans Nic Dhonncha Eabha Ni Chonaola,,1981年，爱尔兰乡村。九岁的凯特被送出那个拥挤不堪、问题重重的家庭，前往寄养父母家度过夏天。这个在学校和家中都默默挣扎的女孩，早已学会在众目睽睽下隐藏自己。她在寄养家庭的呵护中逐渐绽放，然而在这本该没有秘密的屋檐下，她却发现了一个痛苦的真相。
控制,2007,2007-10-05,剧情,121,75,英语,Anton Corbijn,Deborah Curtis,萨姆·赖利 萨曼莎·莫顿 亚历山德拉·玛丽亚·拉娜 乔·安德森 托比·凯贝尔 克雷格·帕金森 James Anthony Pearson 哈里·特雷德威 Robert Shelly,"He had the spirit, but lost the feeling.",18岁的叛逆男孩伊恩（萨姆•赖利 Sam Riley 饰）最喜欢做的事就是把自己关在房间里听着摇滚乐，对着镜子为自己画眼线。在他的眼中，家乡小镇死气沉沉，毫无出路，而喊出人生真谛的摇滚乐才会使得人的青春有着那么点儿乐趣。这日，伊恩前往伦敦观看著名摇滚乐队性枪手的演出。伊恩似乎天生就是为了摇滚活着，他在演出会现场结识了性枪手的三位成员，当时正在寻找主唱的他们认定了伊恩就是最佳人选。于是，男孩伊恩开始了他的摇滚之路。
妮诺契卡,1939,1939-11-23,喜剧 爱情,110,75,英语,恩斯特·刘别谦,查尔斯·威廉·布莱克特,葛丽泰·嘉宝 梅尔文·道格拉斯 Ina Claire 贝拉·卢戈西 西格·鲁曼 费利克斯·布雷萨特 Alexander Granach Gregory Gaye Rolfe Sedan,嘉宝笑了！,嘉宝在本片中扮演一名苏俄女干部，奉派前往巴黎调查三名手下出售一批沙皇时代珠宝的工作进度。这三名手下俨然已经被资本主义所腐蚀。不料她自己置身在自由浪漫的花都之后也不禁思想解冻，并且跟当地的中年美国男子发生了难分难解的爱情。而这名男子正是珠宝的前主人派来的阻止他们工作的……
不良后果,2021,2021-03-17,剧情,96,75,英语,梅根·帕克,,詹娜·奥尔特加 麦迪·齐格勒 Niles Fitch 威尔·罗普 Lumi Pollack 约翰·奥提兹 朱丽·鲍温 谢琳·伍德利 Christine Horn,Nothing will ever be the same.,高中生瓦达（珍娜·奥尔特加 饰）在突发悲剧中建立起新的友谊，并由此开始重塑自我。她重新审视自己与家人、朋友的关系以及看待世界的方式，逐渐跳出原本安稳的家庭生活轨迹，通过一系列敏捷而冒险的决定试探自身边界，迈向新的方向。随着与米娅（麦迪·齐格勒 饰）共处的时间增多，两人的关系愈发亲密。通过共同经历的点滴，瓦达慢慢重新定义着自己，一步步远离那个创伤之日，越来越靠近活在当下的生活。
群鸟,1963,1963-03-28,恐怖 惊悚,119,75,英语,阿尔弗雷德·希区柯克,埃文·亨特,蒂比·海德莉 罗德·泰勒 杰西卡·坦迪 苏珊娜·普莱谢特 维罗尼卡·卡维特 埃塞尔·格里菲斯 查尔斯·麦格劳 露丝·麦克德维特 朗尼·查普曼,记住，你听到的下一声尖叫可能是你自己的！,一位旧金山的富家社交名媛为追求心仪男友来到北加州小镇，当各类飞鸟突然开始袭击人类时，这个小镇逐渐变得诡异起来。
犬舍惊魂,2018,2018-05-17,犯罪 剧情 惊悚,103,75,意大利语,马泰奥·加罗内,马西莫·高迪奥索,Marcello Fonte Edoardo Pesce Nunzia Schiano Adamo Dionisi Francesco Acquaroli Alida Baldari Calabria Gianluca Gobbi Laura Pizzirani Giancarlo Porcacchia,,Marcello在贫穷的城郊地区生活，是位宠物狗梳毛工。他生性低调，人们都很喜欢他。一天，他遇到了刚刚出狱的好友Simoncino。后者是位吸食可卡因成瘾的前拳击手。出狱后，他开始在街区内敲诈勒索，很快便扰乱了当地的平静。出于对好友的信任，Marcello也被慢慢卷入犯罪的漩涡。在经历背叛和抛弃之后，他决定展开复仇…
丑陋的罗马人,1976,1976-09-23,喜剧 剧情,115,75,意大利语,Ettore Scola,鲁杰罗·马卡里,Nino Manfredi Francesco Anniballi Maria Bosco Giselda Castrini Alfredo D'Ippolito Giancarlo Fanelli Marina Fasoli Ettore Garofolo Marco Marsili,,"""本片中的一家罗马穷人纯粹是无恶不作的刁民，欺诈、通奸、谋杀、淫乱，什么都干。大家长失去了左眼，从政府那里获得一百万里拉的补偿，他的亲戚想给他下毒，而他自己则花天酒地，甚至把妓女带回家。他酗酒、吹牛，还拿着手枪威胁亲戚。那些亲戚们如同是歌剧里的合唱队，步调一致对付他。他那十多个孩子似乎都被困在这个贫民窟里，前途无望。"
电焊工波力,2008,2008-11-17,动画 家庭 喜剧 科幻,8,75,英语,安格斯·麦克莱恩,Jacob Speirs,安格斯·麦克莱恩 Tessa Swigart 本·贝尔特 杰夫·格尔林 艾丽莎·奈特,,可怜的电焊工波力（BURN·E）在安装星际航线上的灯泡时看到了清洁工瓦力（WALL·E），从而遭遇它人生最大的挫折……
七宝奇谋,1985,1985-06-07,冒险 喜剧 家庭,114,75,英语,理查德·唐纳,克里斯·哥伦布,西恩·奥斯汀 乔什·布洛林 杰夫·科恩 科里·费尔德曼 凯利·格林 玛莎·普林顿 关继威 约翰·马图扎克 罗伯特·戴维,宣誓。加入冒险。,Mikey 和 Brandon Walsh是一对亲兄弟，他们的父母打算搬家，除非能有更多收入才不会搬。Mikey无意中发现了十七世纪大名鼎鼎的海盗独眼Willy的藏宝图，他俩带着其他小伙伴依照地图的指示找到山洞，发现了一个神话般的地底世界。不料一对通缉犯的母子也追踪而至，要抢夺海盗船上的宝藏，于是发生了一连串惊险刺激的冒险。
E.T.外星人,1982,1982-06-11,科幻 冒险 家庭 奇幻,115,75,英语,史蒂文·斯皮尔伯格,梅丽莎·马蒂森,亨利·托马斯 德鲁·巴里摩尔 罗伯特·麦克诺顿 彼德·考约特 迪·华莱士 埃里卡·埃莱尼亚克 K.C.马特尔 克里斯托弗·托马斯·豪威尔 肖恩·弗莱,他感到害怕。他完全孤身一人。他距离家乡三百万光年之遥。,当一个充满想象力的男孩遇见迷路的外星人，一段影史上最令人珍视的友谊就此展开——埃利奥特帮助这个被他称为E.T.的奇妙生物，在政府人员找到他之前，踏上回家的路。
冬眠,2014,2014-06-13,剧情,196,75,土耳其语,Nuri Bilge Ceylan,Ebru Ceylan,哈鲁克·比尔根纳尔 Melisa Sözen Demet Akbağ Ayberk Pekcan Serhat Kılıç Tamer Levent 内贾特·伊斯勒 Nadir Sarıbacak Mehmet Ali Nuroğlu,,前演员艾登与年轻妻子尼哈尔在安纳托利亚中部经营一家小旅馆，两人关系紧张；同住的还有因近期离婚而痛苦的姐姐内吉拉。当冬季白雪开始覆盖大地，旅馆化作避世之所，却也成为无法逃离、激化彼此矛盾的牢笼。
黑水仙,1947,1947-05-26,剧情,100,75,英语,埃默里克·普雷斯伯格,迈克尔·鲍威尔,黛博拉·蔻儿 Sabu David Farrar Flora Robson Esmond Knight 简·西蒙斯 Kathleen Byron Jenny Laird Judith Furse,这是一个发生在奇异而美丽土地上的极致渴望的故事。它如见证一切的山峦般……巍然耸立于银幕之上。,这部探讨灵肉冲突的爆发性作品，是迈克尔·鲍威尔与埃默里克·普雷斯博格感性风格的典范。一群修女（由黛博拉·蔻儿、凯瑟琳·拜伦、弗洛拉·罗布森等英国杰出女演员饰演）试图在喜马拉雅山区建立修道院，然而与世隔绝的环境、极端气候、高海拔与文化冲突交织成网，逐渐将这些心怀善意的传教士逼向疯狂。这部暗黑而宏大的影片曾荣获奥斯卡最佳艺术指导（阿尔弗雷德·荣格）与最佳彩色片摄影（杰克·卡迪夫）奖，堪称两位电影梦想家最伟大的成就之一。
龙凤配,1954,1954-10-15,喜剧 爱情 剧情,113,75,英语,比利·怀尔德,恩斯特·莱赫曼,亨弗莱·鲍嘉 奥黛丽·赫本 威廉·霍尔顿 沃尔特·汉普登 约翰·威廉姆斯 玛莎·海尔 琼·沃斯 马塞尔·达里奥 马塞尔·希莱尔,……那位在巴黎学有所成的司机之女,萨宾娜（奥黛丽·赫本 Audrey Hepburn 饰）出生在富有的拉若比庄园，但她并非千金贵族，而是该庄园一介小小司机的女儿。可悲的是，萨宾娜看上了庄园里风流成性的公子哥戴维（威廉·霍尔登 William Holden 饰），而后者从来没有将她放在眼里。萨宾娜遵循父亲的旨意前往巴黎学习厨艺，在此期间，逐渐成熟起来的萨宾娜散发出了惊人的魅力。与此同时，为了促进家族企业的发展，戴维与伊丽莎白（玛莎·海尔 Martha Hyer 饰）的婚事正在如火如荼的进行中。就在这个节骨眼上，学有所成的萨宾娜回到了庄园，她的归来立刻吸引了戴维的眼球，两人不顾长辈的反对感情迅速升温。
银色溜冰鞋,2020,2020-12-10,爱情 冒险 剧情 家庭,136,75,俄语,Michael Lockshin,Roman Kantor,Fedor Fedotov Sonia Priss Aleksey Guskov 尤里·科洛科利尼科夫 Severija Janušauskaitė Kirill Zaytsev 尤拉·鲍里索夫 Aleksandra Revenko Timofey Tribuntsev,A Magical Journey Awaits You!,1899年的圣诞节节期，浓郁的假日气氛笼罩着首都大城彼得堡，纷纷扬扬的大雪和结冰的河道似乎也被世纪末的狂欢点燃。命运的安排下，掌灯人之子马特维（Федор Федотов饰）和高官女儿阿丽萨（Софья Присс饰）在节日的街头相逢。马特维唯一的财富就是他的“银色溜冰鞋”，阿丽萨则梦想研习科学，摆脱父亲和未婚夫阿尔卡季（Кирилл Зайцев饰）的控制。两个世界的交错究竟会带来怎样的冰上奇缘？
午夜牛郎,1969,1969-07-30,剧情,113,75,英语,约翰·施莱辛格,James Leo Herlihy,达斯汀·霍夫曼 乔恩·沃伊特 Sylvia Miles 约翰·麦吉弗 布伦达·瓦卡罗 巴纳德·休斯 鲁斯·怀特 Jennifer Salt Gilman Rankin,For those who have never seen it and those who have never forgotten it.,生活清贫的牛仔乔恩（乔恩·沃伊特 Jon Voight 饰）从老家来到纽约讨生活，他自认为风流倜傥，因此想在纽约当个男妓混口饭吃。当他第一天来到纽约时，就在大街上勾搭女人。不料，人地生疏的他生意不成反而亏了20块钱。沮丧不已的乔恩遇到了专靠骗点小钱为生的里佐（达斯汀·霍夫曼 Dustin Hoffman 饰），里佐骗乔恩说他认识一个男妓集团的首脑，但要收20元作为中介费。最后里佐只是把乔恩介绍给了一个同性恋的皮条客，愤怒不已的乔恩随后找到了里佐。里佐收留了无家可归的乔恩，两人渐渐成了无所不谈的好朋友。 寒冷的纽约冬天，两人过的十分辛酸，以至于衣食无着，里佐也没有钱买药治病
科伦拜校园事件,2002,2002-10-11,纪录 剧情,120,75,英语,麥可·摩爾,,麥可·摩爾 乔治·H·W·布什 乔治·沃克·布什 查尔顿·赫斯顿 Jacobo Árbenz Mike Bradley Dick Clark Arthur A. Busch Michael Caldwell,Are we a nation of gun nuts or are we just nuts?,这部记录片拍摄的起因是美国哥伦比亚中学的校园枪击事件。纪录片人摩尔着眼于大屠杀的背景、环境以及公众对这个事件反应，深入到美国暴力事件的本质，把枪支作为一种符号来探讨美国自由和自我毁灭之间的联系与矛盾。摩尔通过与南方公园作者Matt Stone、美国枪支协会时任主席Charlton Heston和音乐人Marilyn Manson等人的互动，逐步揭示出科伦拜恩大屠杀发生和美国高暴力犯罪的根源。
美女与野兽,1946,1946-10-29,剧情 奇幻 爱情,96,75,法语,让·科克托,珍妮-玛丽·勒普兰斯·德博蒙,让·马莱 Josette Day Marcel André Mila Parély Nane Germon 米歇尔·奥克莱尔 Raoul Marco 让·科克托 Noël Blin,Once upon a time…,让·科克托对博蒙夫人童话杰作的崇高改编——讲述美丽少女的纯洁爱意融化了野性而温柔的野兽之心——是电影奇幻作品的里程碑。让·马雷与乔塞特·黛献上了令人难忘的浪漫演绎。本片中关于魔法、渴望与死亡的瑰丽幻景，已成为电影奇观中永恒的经典意象。[标准收藏]
英雄,2002,2002-12-19,剧情 冒险 动作 历史,99,75,汉语,张艺谋,王斌,李连杰 梁朝伟 张曼玉 甄子丹 章子怡 陈道明 刘仲元 郑天庸 秦焰,念苍生 忘生死 杀一人 救万民 十步之内 英雄现身,时间：两千年前。地点：秦朝暴烈的崛起之初。故事：即将成为中国首位皇帝的秦王，即将一统战火纷飞的土地。三名刺客决意行刺，一位忠臣却挡在了他们面前。
汪汪队立大功之超能救援,2018,2020-11-13,冒险 动画 家庭 动作,44,75,英语,,,Max Calinescu Devan Cohen Drew Davis Samuel Faraci Kallan Holley Jaxon Mercey Carter Thorne Deanne Degruijter Chance Hurstfield,,神秘陨石坠落冒险湾，赋予了汪汪队强大的超能力！然而陨石的坠落竟是汉丁那市长的粗心实验引来的。汉丁那市长对自己的失败并不满意，于是和他的侄子设计困住了汪汪队的队长莱德，并偷走了陨石，企图控制整个城市。他们的野心却出现了差错，小狗们必须齐心协力，灵活运用新技能——毛毛的威力热力，小砾的超级力量，天天的乘风翼——超能全开，拯救世界！
越狱特别篇：最后一越,2009,2009-07-21,动作 剧情 惊悚,89,75,英语,凯文·霍克斯,布拉德·特纳,温特沃斯·米勒 莎拉·韦恩·卡利斯 多米尼克·珀塞尔 乔迪·琳·欧基菲 阿马里·诺拉斯克 罗伯特·克内珀 威廉·菲克纳 莱昂·罗素 艾米·阿基诺,做好接受事实的准备,《越狱特别篇：最后一越》是继热门美剧《越狱》（Prison Break）四季完结后，FOX电视台推出的特别篇，由Kevin Hooks导演，温特沃斯·米勒主演。讲述各个角色在4年中发生的事，这一次的受害者成了莎拉，她因杀人罪被政府判处25年徒刑关到一处女子监狱中。她的入狱也让迈克尔为拯救她出狱而绞尽脑汁。 最后迈克尔牺牲自己救出了莎拉。该剧以莎拉为迈克产下一子而完美收场。
独立游戏大电影,2012,2012-05-18,纪录,103,75,英语,James Swirsky,Lisanne Pajot,Edmund McMillen Tommy Refenes Phil Fish Jonathan Blow Anthony Carboni,Making fun and games is anything but fun and games.,Indie Game: The Movie 独立游戏大电影 是一部关于独立游戏的纪录片，讲述独立游戏过往的精彩故事。
鲁邦三世：卡里奥斯特罗城,1979,1979-12-15,动画 冒险 喜剧 犯罪,102,75,日语,宫崎骏,莫里斯·勒布朗,山田康雄 小林清志 增山江威子 井上真树夫 纳谷悟朗 岛本须美 石田太郎 宫内幸平 永井一郎,相信小偷。,卡里奥斯特罗，一个位于欧洲人口只有3500人的小国家，却是世界上最逼真的伪钞——山羊之钞的发源地。其伪钞之真，连鲁邦三世这样的大盗都险些被其蒙蔽。鲁邦和伙伴旅行至此，恰巧遇见正被一伙暴徒追赶的美丽少女克拉丽斯。鲁邦出手相救，却从少女遗留下的戒指上若有所悟。原来是多年前鲁邦曾来此寻找过山羊之钞的下落，并在此结识还是孩童的克拉丽斯及其身为大公的父亲。如今物是人非，七年前的一场大火烧毁了大公的城堡，克拉丽斯的父母皆在大火中身亡。孤苦伶仃的克拉丽斯无依无靠，而摄政王卡里奥斯特罗伯爵则逼迫少女与之成亲。鲁邦决定从伯爵手中救出女孩，同时探究戒指背后所隐藏的关于宝藏的秘密……
血染雪山堡,1968,1969-03-12,动作 冒险 战争,155,75,英语,Alistair MacLean,Brian G. Hutton,理查德·伯顿 克林特·伊斯特伍德 Mary Ure Patrick Wymark Michael Hordern Donald Houston Peter Barkworth William Squire 罗伯特·比蒂,"One weekend Major Smith, Lieutenant Schaffer, and a beautiful blonde named Mary decided to win World War II.",改编自畅销小说的战争动作片，由理查德．伯顿与克林特．伊斯特伍德主演。故事发生在二次世界大战时期，英国军官率领一支突击队去拯救被德军俘虏的美国将军。他们的目的地是阿尔卑斯山上地势凶险的城堡，六名队员穿着德军制服越过种种关卡，但其中一名成员突然神秘死亡，揭露出队伍中有内奸，于是队长策划了一个危险的计划来救人除凶。
奏鸣曲,1993,1993-09-10,动作 犯罪 惊悚,94,75,日语,北野武,,北野武 国舞亚矢 渡边哲 胜村政信 寺岛进 大杉涟 Tonbo Zushi 矢岛健一 南方英二,一个凶猛的男人长眠于此。,北岛组干部村川（北野武 饰）因与大老板（逗子とんぼ 饰）关系不佳，而被派去冲绳协助兄弟帮派对抗阿南组。村川等人的到来似乎激化了原有的矛盾，双方对抗不断升级。在一次酒吧枪战中，村川的手下中弹身亡，随后他与手下片桐（大杉涟 饰）、肯（寺道进 饰）等人躲到海边小屋中暂避风头。
偷龙转凤,1966,1966-07-13,喜剧 犯罪 爱情,123,75,英语,威廉·惠勒,哈里·库尔尼茨,奥黛丽·赫本 彼得·奥图尔 埃里·瓦拉赫 休·格里菲斯 查尔斯·博 费尔南德·格雷维 马塞尔·达里奥 雅克·马林 弗朗索瓦·亚历山大·加列皮德斯,A movie about those who appreciate the finest things in life... for free!,尼科尔是喜好临摹名作制造赝品的富有收藏家的女儿，家里有丰富的名作收藏，而父亲则把自己作的赝品变卖出去，成为世人羡慕的富有收藏家。某日父亲把赝品维纳斯雕像贡献给市博物馆当展品，当晚全家所有人都到会场参与仪式时就只有尼科尔一人在家，这时小偷西蒙闯入住宅试图偷走某幅父亲的赝品，尼科尔发现后不小心用枪把西蒙的手臂射伤，西蒙则借口和尼科尔进一步的接触，两人关系渐渐拉近。次日博物馆派人来给收藏家签收一份维纳斯雕像的保护协议，没有看清楚条款的父亲盲目签了名，待他知道该协议可能将断送他的制作赝品生业同时也可能让他们家破人亡后，尼科尔找到小偷西蒙，两人蓄意合伙把雕像从博物馆内偷出来，西蒙看在美女尼科尔的份上答应参与行动。几经周折他们才把雕像偷出来，当西蒙猜透尼科尔偷雕像的目的后，西蒙和尼科尔在偷窃行动中居然破天荒成了恋人。次日西蒙约尼科尔出来相见讨论维纳斯雕像的安置...
绝美之城,2013,2013-05-21,剧情,142,75,意大利语,保罗·索伦蒂诺,翁贝托·孔塔雷洛,Toni Servillo Carlo Verdone 萨宾娜·弗瑞丽 Carlo Buccirosso Iaia Forte Pamela Villoresi Galatea Ranzi Franco Graziosi Sonia Gessner,,数十年来，记者杰普·甘巴尔代拉游走于罗马璀璨的夜生活，凭借魅力与手腕处处逢源。自从他唯一的小说取得传奇成功后，他便成了这座城市文学与精英社交圈永久的焦点。然而在六十五岁生日之际，杰普意外开始审视自己的人生，将犀利的机锋转向自己和同代人，越过奢华的夜店、派对与咖啡馆，去探寻罗马本身恢弘壮丽的本质：一片永恒而荒诞又绝美的风景。凭借感性的摄影、华丽的配乐，以及伟大演员托尼·瑟维洛的获奖表演，意大利杰出导演保罗·索伦蒂诺打造的这部令人身临其境的电影，是一个关于颓废与逝去爱情的、令人屏息的费里尼式故事。[标准收藏]
七次机会,1925,1925-03-15,喜剧 爱情,56,75,英语,大卫·贝拉斯科,巴斯特·基頓,巴斯特·基頓 T. Roy Barnes Snitz Edwards Ruth Dwyer Frances Raymond Erwin Connelly Jules Cowles 琪恩·亚瑟 Rosalind Byrne,每分钟笑七次！,讲述商人吉姆面临经济危机，幸好去世的祖父留下巨额财产给他，但条件是他必须在27岁生日晚上七点前结婚，结果引来全城妇女的求婚，当然，最后还是有情人终成眷属。
缺席的人,2001,2001-11-02,犯罪 剧情,116,75,英语,乔尔·科恩,伊桑·科恩,比利·鲍勃·桑顿 弗兰西斯·麦克多蒙德 迈克尔·巴达卢科 詹姆斯·甘多菲尼 凯瑟琳·博洛维茨 乔恩·波利托 斯嘉丽·约翰逊 理查德·詹金斯 托尼·夏尔赫布,,理发师艾迪的生活平淡无奇，在百货店担任簿记的妻子多丽丝和他貌合神离，艾迪凭丈夫的直觉断定妻子与其老板戴夫有染。一日，艾迪接待的一位客人大肆吹嘘新兴的干洗生意，并拉拢艾迪投资，不甘在小镇寂寞一生的艾迪决意入股，并向戴夫发出了匿名威胁信勒索以获得资金。艾迪如愿收到封口费，但事情很快暴露，戴夫找到艾迪泄愤不成反被杀死。戴夫之死导致多丽丝入狱，艾迪反而未受怀疑，于是他超脱于事件之外，每日只靠少女贝蒂的琴声打发时光，不久一场车祸让事情急转直下……
菊次郎的夏天,1999,2020-09-25,喜剧 剧情,121,75,日语,北野武,,北野武 关口雄介 岸本加世子 大家由祐子 吉行和子 兼子二郎 铃木忠幸 井手博士 今村鼠,再见，夏天！,小学三年级的正男自幼丧父，和婆婆两人生活在一起。 对他来说，暑假既无聊又寂寞。 于是，正男背上行囊出发去寻找住在另一个城市的母亲。 邻居的阿姨发现后，叫丈夫菊次郎与之同行。 生性游手好闲的菊次郎带着正男，一老一小踏上了一次心灵的旅行。
大法官金斯伯格,2018,2018-05-04,纪录,98,75,英语,Betsy West,Julie Cohen,Ruth Bader Ginsburg Jane C. Ginsburg James Steven Ginsburg Nina Totenberg Clara Spera 葛罗莉亚·斯坦能 比尔·克林顿 Sharron Frontiero Orrin Hatch,Hero. Icon. Dissenter.,鲁斯·巴德·金斯伯格是美国联邦最高法院的第二位女性法官、第一位犹太裔女性法官，哥伦比亚法学院历史上第一位获得终身教职（tenure）的女性，最高法院的自由派法官之一。影片讲述了美国联邦最高法院有史以来第二位女性大法官鲁斯·巴德·金斯伯格的生平事迹。
篮球冠军,2018,2019-03-22,喜剧 家庭 剧情,124,75,西班牙语,哈维尔·费塞尔,David Marqués,哈维尔·古铁雷斯 Athenea Mata Juan Margallo José de Luna Sergio Olmo Jesús Vidal Gloria Ramos Alberto Nieto Fernández Julio Fernández,When winning isn't everything,西班牙明年2019年的“申奥片”。影片由哈维尔·费舍尔([卡米诺])自编自导，故事讲述了一名西班牙篮球联盟的教练在造成了一起交通事故后，被判去进行90天的社区服务，而服务内容是帮助训练一支由精神残疾人组成的篮球队..
霍元甲,2006,2006-01-26,剧情 动作,103,75,汉语,于仁泰,杜致朗,李连杰 孙俪 董勇 中村狮童 鲍起静 陈之辉 Ting Leung 曲云 马中轩,Mastering others is strength. Mastering yourself makes you fearless.,霍元甲（李连杰）年少时以稚嫩的霍家拳打败向他挑衅的小恶霸后习武信心大增，凭着对武术的悟性及热情，他的武艺根基日益深厚，成为天津赫赫有名的武师，可是其性情也渐变得浮躁傲慢，越来越好勇斗狠。得知徒弟被天津另一高手秦爷重创后，霍元甲不问原由闯入秦爷的寿宴，威逼其当场签生死状与他比武，虽然最后他取得了胜利，但却因此赔上了他一生最爱的母亲及女儿的性命。大错铸成后，痛不欲生的霍元甲神志昏乱远走他方。后得某偏远村落的村民孙婆婆及其失明孙女月慈（孙俪）的悉心照料，霍元甲复原了精神气，并开始领悟武学的真谛。
豪勇七蛟龙,1960,2019-04-16,西部 动作 冒险,127,75,英语,约翰·斯特奇斯,沃尔特·伯恩斯坦,尤·伯连纳 埃里·瓦拉赫 史蒂夫·麦奎因 查尔斯·布朗森 罗伯特·沃恩 Brad Dexter 詹姆斯·柯本 豪斯特·巴奇霍兹 Jorge Martínez de Hoyos,他们只有七个人……却打出了七百人的气势！,根据黑泽明《七武士》改编，讲墨西哥某乡村屡屡遭到强盗抢劫，每年的收成几乎全部被抢走。于是村里的长老派遣三个农夫来到美国，雇佣枪手来保护村子。一共找到了七人。每个人都身怀不同绝技，这七个人也开始教授村民保护自己的办法。而他们面对的敌人是一百多个彪悍的强盗。面对强盗，寡不敌众的他们并没有退缩……
窈窕淑女,1964,1964-12-25,喜剧 爱情,170,75,英语,乔治·库克,艾伦·杰伊·勒纳,奥黛丽·赫本 雷克斯·哈里森 斯坦利·霍洛威 威尔弗里德·海德-怀特 格拉迪斯·库珀 杰里米·布雷特 西奥多·比克尔 莫娜·沃什伯恩 伊莎贝尔·埃尔索姆,The loverliest motion picture of them all!,一位傲慢的语音学教授接受了一个赌约：将粗俗的卖花姑娘伊莱莎·杜利特尔打造成能在上流社会立足的窈窕淑女。
致所有我曾爱过的男孩3,2021,2021-02-12,爱情 喜剧 剧情,114,75,英语,Michael Fimognari,珍妮·韩,拉娜·孔多尔 诺亚·森蒂尼奥 贾娜尔·帕里希 安娜·卡思卡特 罗斯·巴特勒 玛德琳娜·亚瑟 Emilija Baranac 特雷佐·马霍洛 莎拉尤·拉奧,You never know where love will lead you.,即将高中毕业的劳拉准备踏入成人阶段，两段改变人生的旅程使她明白原来毕业后与家人、朋友和彼得的相处并非如想像中那样。
红线,2009,2010-10-09,动画 动作 科幻,102,75,日语,小池健,榎户洋司,木村拓哉 苍井优 浅野忠信 青野武 我修院达也 石冢运升 三宅健太 森下能幸 长岛茂,The most violent race in the universe!,遥远的未来，飞行交通工具已经取代了汽车，但是赛车这项运动仍然在各个星球广受欢迎。著名的“红线”赛事是赛车界级别最高的比赛，也是众多车手的终极梦想。在竞争红线赛的资格赛——“黄线”比赛中，赛车手JP幸运的与“少男猎手”索诺西一同晋级红线。本届红线赛在枪弹横飞的“机器世界”举办，令本就暴虐刺激的赛车更具吸引力。然而主办星球的统治者因担心自己星球的秘密暴露，决定在比赛中全力阻击一众车手；另一方面，JP在幼年时曾与索诺西相识，然而后者似乎忘记了这一切。红线赛如期在枪林弹雨中拉开了帷幕……
不可思议的收缩人,1957,1957-02-22,科幻 剧情 冒险 恐怖,81,75,英语,理查德·马西森,Jack Arnold,Grant Williams Randy Stuart April Kent Paul Langton 雷蒙德·贝利 威廉·沙勒特 Frank J. Scannell Helene Marshall Diana Darrin,A fascinating adventure into the unknown!,在这1957年科幻片中，一个男子突然迅速缩小。格兰特·威廉姆斯饰演这名不幸受害者，因为遭到辐射而一周减一寸，他能找到恢复身高的疗法吗？
第一滴血,1982,1982-10-22,动作 冒险 惊悚 战争,93,75,英语,泰德·科切夫,大卫·莫雷尔,西尔维斯特·史泰龙 理查德·克伦纳 布莱恩·丹内利 比尔·麦金尼 杰克·斯塔雷特 迈克尔·塔尔博特 克里斯·穆基 约翰·麦克利亚姆 阿尔夫·汉弗莱斯,This time he's fighting for his life.,退伍军人兰博（西尔维斯特•史泰龙Sylvester Stallone 饰）从越南回国，他回到已显得陌生的原居小镇，当地警长（布莱恩•丹内利 Brian Dennehy 饰）看到这个退伍军人的第一眼起，就开始对兰博百般挑剔，甚至将他带回警局肆意侮辱，不堪忍受责打的兰博袭警之后逃跑。警长召集大批警察展开对兰博的追捕，兰博逃至荒山野林之中，不断用自己在越战中掌握的游击战术对警察展开反击，他抢劫了一辆武器运输车返回小镇烧毁了商店，法律和武器都不能阻止兰博了。兰博在越战时的长官上校（理查德•克里纳 Richard Crenna 饰）出现，劝说兰博放下枪械，愤懑已久的兰博吼出了自己的困惑与不甘。
破浪,1996,1996-07-05,剧情 爱情,159,75,丹麦语,拉斯·冯·提尔,,艾米丽·沃森 斯特兰·斯卡斯加德 凯特琳·卡特利吉 让-马克·巴尔 阿德里安·罗林斯 Jonathan Hackett Sandra Voe 乌多·基尔 Mikkel Gaup,爱是一种强大的力量。,拉斯·冯·提尔以这部关于性与灵性超越的、极具冲击力的现实主义寓言，成为国际瞩目的焦点。艾米丽·沃森以荣获奥斯卡提名的表演，震撼地诠释了贝丝——苏格兰小渔村中一位纯朴虔诚的新婚女子。当丈夫（斯特兰·斯卡斯加德 饰）在石油钻井平台事故中瘫痪后，她将自己献身于一种骇人的殉道形式。本片既赤裸又温柔，既亵渎又纯净，是对信仰的广度与边界的一次审视。
星球大战外传1：侠盗一号,2016,2016-12-16,动作 冒险 科幻,134,75,英语,乔治·卢卡斯,加里斯·爱德华斯,菲丽希缇·琼斯 迭戈·卢纳 艾伦·图代克 甄子丹 姜文 本·门德尔森 盖伊·亨利 福里斯特·惠特克 里兹·阿迈德,绝密任务 燃爆死亡之战,共和体制崩塌，银河帝国的阴影笼罩着宇宙文明每一个角落。为了加强对反抗势力的镇压，塔金主义直接催生了一种足以摧毁星球的超级武器——死星的诞生，而物理科学家盖伦·厄索（麦斯·米科尔森 Mads Mikkelsen 饰）正是死星的主要设计者。厄索的女儿琴（菲丽希缇·琼斯 Felicity Jones 饰）在童年时代与父母经历了生离死别，之后她被反抗组织领袖索·格雷拉（福里斯特·惠特克 Forest Whitaker 饰）所抚养长大。成年后琴罪行累累，成为帝国的阶下囚，最终却被反抗组织救出。从格雷拉那里她得知死星的存在，并见证了一个城市的灰飞烟灭。然而义军同盟决然不信死星的存在，万般无奈琴和飞行员卡西安·安多（迭戈·鲁纳 Diego Luna 饰）等人孤身前往收藏着死星设计图的星球，攸关全宇宙命运的战争拉开了序幕……
太阳帝国,1987,1987-12-09,剧情 历史 战争,153,75,英语,史蒂文·斯皮尔伯格,J·G·巴拉德,克里斯蒂安·贝尔 约翰·马尔科维奇 米兰达·理查森 奈杰尔·哈弗斯 乔·潘托里亚诺 莱斯利·菲利普斯 伊武雅刀 艾米丽·理查德 鲁珀特·弗雷泽,在战火纷飞的世界中求生，他必须找到一种超越周遭一切纷扰的强大力量。,影片从青春少年的视角，反映了人类在战争中对自由的渴望与追求。  一九四一年岁末的上海，抗日战争已历时四年。黄浦江面，浊流卷着污物，沉浮漂泊。数千西方人居住的外国租界内，一切依然安宁静谧。此时，租界外觊觎已久的日本占领军正默默在等待着珍珠港事件的发生。
破墓,2024,2024-04-20,悬疑 恐怖 惊悚,134,75,朝鲜语,张在现,,崔岷植 金高银 柳海真 李到𬀪 金宰澈 全镇基 金善映 金池按 金民俊,一切的恐惧都发生在挖开坟墓后…,影片讲述接受巨额资金委托移葬可疑墓地的风水师和同行的葬仪师、巫女之间发生的奇异事件。
飙舞追梦,2020,2020-08-07,喜剧 音乐,93,75,英语,劳拉·特鲁索,Alison Peck,塞布丽娜·卡彭特 丽莎·科希 凯南·朗斯代尔 Michelle Buteau 乔丹·费舍尔 德鲁·雷·坦纳 珍·伊斯威特 娜奥米·斯尼克斯 Briana Andrade-Gomes,Dance to your own beat.,为了能进杜克大学，头脑聪颖但笨手笨脚的 18 岁的葵恩发誓要把自己改造成一名出众的舞者。本片由塞布丽娜·卡彭特领衔主演。
伊斯坦布尔的猫,2017,2017-01-08,纪录,79,75,英语,Ceyda Torun,,Bülent Üstün,"A cat meowing at your feet, looking up at you, is life smiling at you...",伊斯坦布尔的猫并不能简单归类为我们平日所见的家猫或流浪猫，它们自由地出入于人类的生活，亲密但又保有自由，介乎于野生与驯养之间。在伊斯坦布尔，这样的猫成千上万只，它们以这样的方式和伊斯坦布尔共生了数千年。伊斯坦布尔人爱猫，许多人都有自己和猫之间独特的故事，与其说是猫依赖人 ，不如说是人依赖着与猫之间的亲密与羁绊，有人觉得猫是自己和上帝之间的桥梁，有人觉得猫是自己活在世上的一面镜子。伊斯坦布尔的猫之所以特别，因为它们也是这里的居民，伊斯坦布尔是它们的城市。
复印生活,2003,2003-06-13,喜剧 剧情 爱情 犯罪,123,75,葡萄牙语,Jorge Furtado,,Lázaro Ramos Leandra Leal Luana Piovani Pedro Cardoso Carlos Cunha Filho Júlio Andrade Gregory Garcia Sheron Menezzes Heitor Schmidt,Life is original. Everything else is copy.,"A young photocopier operator becomes infatuated with his neighbor and, unable to afford anything from her shop, turns to shady schemes to make money."
瘦子,1934,1934-05-25,喜剧 悬疑 犯罪,91,75,英语,伍德布里奇·范戴克,塞缪尔·达希尔·哈米特,William Powell Myrna Loy 莫琳·保拉·奥沙利文 Nat Pendleton Minna Gombell 波特·霍尔 Henry Wadsworth William Henry Harold Huber,A laugh tops every thrilling moment!,退休侦探尼克·查尔斯与他富有的妻子诺拉调查一桩谋杀案——多半是出于兴致。
窃听大阴谋,1974,1974-04-07,犯罪 剧情 悬疑,113,75,英语,弗朗西斯·科波拉,,吉恩·哈克曼 约翰·卡扎尔 艾伦·古尔维茨 弗雷德里克·福雷斯特 辛迪·威廉姆斯 迈克尔·希金斯 Elizabeth MacRae 泰瑞·加尔 哈里森·福特,哈里·考尔是隐私的入侵者，这一行里的顶尖高手。,哈里・考尔（Gene Hackman 饰）是全美国最顶尖的窃听与录音专家，性格孤僻、极度内向、被宗教愧疚感折磨，一生只做一件事：用最精密的设备录下别人听不到的对话。
碟中谍7：致命清算（上）,2023,2023-07-14,动作 惊悚 冒险,164,75,英语,克里斯托弗·麦夸里,埃里克·延德雷森,汤姆·克鲁斯 海莉·阿特维尔 文·瑞姆斯 西蒙·佩吉 丽贝卡·弗格森 凡妮莎•柯比 埃赛·莫拉莱斯 庞·克莱门捷夫 亨利·车尔尼,赴汤蹈火,大洋深处，一艘俄罗斯潜水艇正在执行常规任务，但是突发意外导致潜艇爆炸，全体机组人员无一幸免。而这个谜一样的事故，还隐藏着一个足以颠覆世界的大秘密。此后不久，特工伊森·亨特接到任务，要去寻找两把造型独特的钥匙。钥匙组合在一起后能够控制不断进化并拥有独立思考能力的人工智能，从而可帮助政治家实现称霸世界的野心。不愿被政治家利用的伊森找到好搭档卢瑟·斯蒂克尔、班吉·邓恩和伊尔莎·浮士德，开始试图找到并摧毁钥匙，这也意味着他们将与全世界为敌。而在行动过程中，性感女贼格蕾丝无意卷入其中，使这场危险游戏变得愈加扑朔迷离…
升级,2018,2018-06-14,动作 惊悚 科幻,100,75,英语,雷·沃纳尔,,罗根·马歇尔-格林 贝蒂·加布里埃尔 哈里森·吉尔伯特森 梅兰妮·瓦列霍 本尼迪克特·哈迪 琳达·克罗珀 西蒙·梅登 史蒂夫·丹尼尔森 理查德·考索恩,Not man. Not machine. More.,格雷 和女友艾莎 相恋多年，两人之间感情非常要好。一天，格雷带着艾莎去拜访一位名叫艾伦 的科学家，艾伦设计了人工智能芯片STEM，令艾莎叹为观止。在回去的路上，格雷和艾莎所乘坐的无人驾驶汽车发生了故障，将两人带往了一处暴徒聚集的贫民窟，在那里，两人遭到了袭击，艾莎不幸丧生，而格雷身受重伤下半身瘫痪。心中充满了痛苦和绝望的格雷想为恋人报仇，于是找到了艾伦，将STEM芯片植入了大脑，在STEM的操纵下，格雷重新站了起来。让格雷没有想到的是，STEM的智慧远远超乎他的想象，而他亦被卷入了一个巨大的阴谋之中。
逃出亚卡拉,1979,1979-06-22,剧情 惊悚,113,75,英语,唐纳德·西格尔,理查德·塔格尔,克林特·伊斯特伍德 帕特里克·麦高汉 罗伯茨·斯科特 杰克·蒂博 弗雷德·沃德 保罗·本杰明 拉里·汉金 布鲁斯·M·费希尔 Frank Ronzio,No one has ever escaped from Alcatraz… and no one ever will!,弗兰克莫瑞斯（克林特·伊斯特伍德 Clint Eastwood 饰）是一名银行抢劫犯，在一个雨夜被关进亚卡拉，入狱后与Limtus（弗兰克·罗茨 Frank Ronzio 饰）结交，并在监狱图书馆工作。智商极高的他决定越狱！在这个被认为无法逃离的监狱，他能不能成为第一个成功越狱者……
考古奇兵：翡翠石碑的诅咒,2022,2022-08-26,动画 冒险 家庭 喜剧 奇幻,89,75,西班牙语,Enrique Gato,Josep Gatell,Óscar Barberán Luis Posada 米歇尔·珍娜 Anuska Alborg Alexandra Jiménez Tito Valverde Cecilia Suárez José Corbacho Berta Cortés,,业余考古学家泰德最大的梦想就是希望能够得到大家的认可和尊重，但是却一再错失良机。当他的朋友木乃伊，杰夫和贝尔佐尼的生命受到诅咒威胁时，泰德不惜破坏了奥尔梅克金字塔只为拯救朋友。然而他这一行为受到了考古界的严厉谴责。在他唯一的好友萨拉的帮助与支持下，泰德再一次踏上了一段充满危险的冒险旅程。这一次，他将穿过墨西哥、芝加哥、巴黎和埃及，寻找结束翡翠石碑诅咒的方法。
气球,2018,2018-09-27,惊悚 剧情 历史,125,75,德语,Michael Herbig,Thilo Röscheisen,Karoline Schuch Friedrich Mücke Alicia von Rittberg 大卫·克劳斯 Jonas Holdenrieder Tilman Döbler 托马斯·克莱舒曼 Ronald Kukulies 艾米丽·库什,One of the most daring escapes of the Cold War.,1979年冷战高峰期，身在东德的冈特（大卫·克劳斯 David Kross 饰）和彼得（弗莱德里奇·穆克 Friedrich Mücke 饰）为了追求自由，用超过两年的时间筹画了一场“惊天大逃亡”：他们用有限的资源，自制了一个巨大的热气球，并打算用它载着家人逃到西德。不料，就在即将越过边境时，热气球却意外坠毁，引来东德秘密警察铺天盖地的调查。在紧迫的时间和严密的侦查之下，他们拼命打造了新的热气球，而在此同时，秘密警察也逐渐锁定了他们，一场分秒必争的绝命逃亡就此展开…
宝莱坞生死恋,2002,2002-07-12,剧情 爱情,182,75,印地语,桑杰·里拉·布汗萨里,Saratchandra Chatterjee,沙鲁克·汗 艾西瓦娅·雷 玛都丽·荻西特 Jackie Shroff Smita Jaykar Manoj Joshi Ananya Khare Milind Gunaji 迪娜·帕塔克,A grand saga of timeless love.,生在地主家的德夫达（沙鲁克‧可汗 Shahrukh Khan 饰）和平民女子帕罗（艾西瓦娅·雷 Aishwarya Rai 饰）从小青梅竹马，但由于德夫达被送到伦敦读书，二人一别多年。到了德夫达学成返乡，帕罗已经长成光彩照人的美貌少女，他们的爱火仍旧炙热，但是德夫达家人对于帕罗母亲的提亲表现出傲慢和轻蔑的姿态，深深伤了少女的心。德夫达迫于父命难为时，帕罗已经决定嫁给一个豪门鳏夫，追悔莫及的德夫达开始终日酗酒，流连花丛，相思成疾，而帕罗需要恪守妇道，只能把爱和遗憾埋在心里。自暴自弃的德夫达终于送掉自己性命，临死之前，他强撑到大门外想要再见帕罗一面……
我的表兄维尼,1992,1992-03-13,喜剧 剧情,120,75,英语,乔纳森·林恩,Dale Launer,乔·佩西 玛丽莎·托梅 拉尔夫·马奇奥 米切尔·惠特菲尔德 弗雷德·格温 莱恩·史密斯 奥斯汀·彭德尔顿 布鲁斯·麦克吉尔 莫里·柴金,There have been many courtroom dramas that have glorified the Great American Legal System. This is not one of them.,比尔（拉尔夫·马奇奥 Ralph Macchio 饰）和斯坦（米歇尔·维特菲尔德 Mitchell Whitfield 饰）是一对损友，此时，他们正驾驶着汽车前往学校。这一段旅程注定不会平静，误打误撞之中，两人竟然被指控谋杀。眼看着审理日即将到来，比尔和斯坦找到了刚刚毕业的半吊子律师文森特（乔·佩西 Joe Pesci 饰），请求他为他们辩护。  　　令两人万万没有想到的是，文森特在法庭上的出格表现不仅没有为他们洗清罪名，文森特自己反而因为“蔑视法庭罪”而遭到监禁，而经历了如此挫折后，文森特一蹶不振，辩护水平更是大打折扣。一番波折之后，比尔和斯坦好不容易洗脱了牢狱之灾重获自由，但两人明白，只要文森特存在一天，他们的厄运就会延续一天。
杀手没有假期,2008,2008-02-29,喜剧 剧情 犯罪,107,75,英语,马丁·麦克唐纳,,科林·法瑞尔 布莱丹·格里森 拉尔夫·费因斯 克蕾曼丝·波西 斯科拉·鲁特 乔丹·普伦蒂斯 伊丽莎白·贝林顿 杰雷米·雷尼尔 马克·多诺万,Shoot first. Sightsee later.,一对杀手，肯与雷（Colin Farrell 饰），在圣诞期间来到比利时古城布鲁日，他们将在这里接到联系人哈里（Ralph Fiennes 饰）指令的新任务。雷在不久前的一次暗杀中误杀了一名男童，怀着深深愧疚的雷情绪不稳，古城中的等待对他来说是一场难耐的煎熬。肯作为带领雷入行的前辈，试图帮助雷摆脱困境，但他的努力毫无收效。百无聊赖的雷在街上结识了女演员克洛伊，这个神秘女孩引发了雷一系列的冒险经历，与此同时，肯再一次被哈里催促，原来此次任务的真相是暴怒的哈里要雷为他的误杀行为付出代价，肯面对被自己一手引入杀手行当的年轻人，难以做出抉择，两名杀手，在夜色中的古城各怀心事……
Y行动和舒立克的其它冒险,1965,1965-07-24,喜剧,95,75,俄语,Leonid Gaidai,Yakov Kostyukovskiy,Aleksandr Demyanenko Mikhail Pugovkin Aleksei Smirnov Yuriy Nikulin Georgiy Vitsin Yevgeni Morgunov Natalya Seleznyova Vladimir Basov Vladimir Vladislavskiy,,舒里克系列。由《Напарнике》《Наваждение》和《Операции Ы》三个故事组成。  　　在«Напарнике»，舒里克和一个无赖上演了一场真人版的猫和老鼠。最终身单力薄的舒里克将膀大腰圆的无赖制了个服服帖帖。  　　而«Наваждение» 则夸张地将学子们备考的情景搬上银幕。没有参考书的舒里克面临考试遍寻资料未果，无意间在公交车上他在一位同样备考的姑娘手里看到了需要的资料，于是两个同样专心致志学习的人一头就扎进了复习中，全然没有注意到身边的人到底是何人。  　　在《Операции Ы》里，乐于助人的舒里克替别人值班，遇到了一场谋划已久的盗窃案。在一番滑稽的斗争中，三个坏蛋的计划没有得逞。
格林奇是如何偷走圣诞节的,1966,1966-12-18,动画 家庭 喜剧,25,75,英语,查克·琼斯,,鲍里斯·卡洛夫 June Foray Dal McKennon Thurl Ravenscroft,"You're a mean one, Mr. Grinch",一个脾气暴躁的小偷策划了一个从威勒人那里偷圣诞节的计划。
法国贩毒网,1971,1971-10-09,动作 犯罪 惊悚,104,75,英语,威廉·弗莱德金,欧内斯特·蒂迪曼,吉恩·哈克曼 罗伊·谢德 费尔南多·雷伊 Tony Lo Bianco Marcel Bozzuffi 弗雷德里克·德·帕斯夸莱 Bill Hickman Ann Rebbot Harold Gary,Doyle is bad news—but a good cop.,纽约缉毒警察“大力水手”道尔与搭档着手侦破一桩将海洛因走私至美国的国际贩毒集团案。
爱在午夜降临前,2013,2013-05-24,爱情 剧情,109,75,英语,理查德·林克莱特,金·克里桑,伊桑·霍克 朱莉·德尔佩 肖姆斯·戴维-菲茨帕特里克 詹妮弗·普赖尔 夏洛特·普赖尔 仙尼娅·卡洛格罗普卢 沃尔特·拉萨利 亚里安妮·拉贝德 雅尼斯·帕帕多普洛斯,成熟让一切变得更好。,作为“爱在”三部曲的终章，故事展现塞利娜与杰西相伴数年后，带着双胞胎女儿与友人们在希腊展开阳光斑驳的夏日旅居。然而这对伴侣很快发现，长久积压的矛盾逐渐浮出水面，使假期陷入波澜。林克莱特与演员们历经二十年打磨出的情感深度、锐利机锋与酣畅对白，在此凝结成篇。本片深入探讨长期亲密关系的复杂肌理，叩问当爱情褪去往日幻影，究竟将归于何种模样。[标准收藏]
乐士浮生录,1999,1999-06-17,纪录 音乐,100,75,英语,维姆·文德斯,,Compay Segundo Eliades Ochoa Ry Cooder Joachim Cooder Ibrahim Ferrer Omara Portuondo Rubén González Orlando 'Cachaíto' López Amadito Valdés,在哈瓦那，音乐不是消遣，而是一种生活方式。,拉西姆·法瑞尔，80岁的钢琴家鲁本·冈萨雷斯以及被誉为“古巴的艾迪斯·皮亚夫(Edith Piaf)”的奥马拉·佩多昂多，天赋的音乐细胞，让他们终于有机会离开故土，摆脱束缚，跨越政治的藩篱，踏入与古巴交恶长达40年的美国，破例获邀进入美国的音乐圣坛卡内基音乐厅进行演奏。来到纽约富丽堂皇的卡内基音乐厅，《乐士浮生录》真实记录了他们的这段音乐和精神之旅。
下班后,1985,2024-12-07,喜剧 惊悚 剧情,97,75,英语,马丁·斯科塞斯,约瑟夫·米恩,格里芬·邓恩 罗姗娜·阿奎特 弗娜·布鲁姆 汤米·钟 琳达·费奥伦蒂诺 泰瑞·加尔 小约翰·赫德 切奇·马林 凯瑟琳·欧哈拉,纽约午夜过后，你无需寻觅爱情、欢笑与纷扰。它们自会找上门来！,为逃离令人麻木的日常，上曼哈顿区上班族保罗·哈克特（格里芬·邓恩 饰）深夜赴下城区与神秘女子（罗姗娜·阿奎特 饰）约会，由此开启了他生命中最癫狂的一夜。地下艺术朋克、情绪崩溃的女侍者、暴躁的冰淇淋车司机、贝果奶油芝士镇纸……光怪陆离的事件以令人焦虑的连锁反应不断堆叠，屡屡阻挠他返家的尝试。马丁·斯科塞斯借这部卡夫卡式的邪典经典，在迈克尔·鲍豪斯流动摄影的助力下，辅以琳达·菲奥伦蒂诺、泰瑞·加尔、凯瑟琳·欧哈拉与约翰·赫德等演员抢戏的配角演出，执导了这部阴差阳错的黑色喜剧，将1980年代苏荷区荒凉的夜世界化为超现实威胁笼罩的波西米亚式奇境。
卡罗尔,2015,2015-11-20,爱情 剧情,118,75,英语,托德·海恩斯,帕特里夏·海史密斯,凯特·布兰切特 鲁妮·玛拉 凯尔·钱德勒 杰克·莱西 莎拉·保罗森 约翰·马加罗 科里·迈克尔·史密斯 Kevin Crowley Nik Pajic,Some people change your life forever.,故事发生在1950年代的纽约，两位背景迥异的女性陷入了爱恋的漩涡。二十多岁的年轻女孩特芮丝·贝利维特是曼哈顿百货公司的售货员，渴望着更充实的人生，这时她遇见了卡萝尔——一位被困在无爱婚姻中的迷人女性。两人间即刻迸发的吸引力使初遇时的纯真渐褪，情感纽带日益加深。当卡萝尔挣脱婚姻束缚时，她与特芮丝的亲密关系以及和挚友艾比的密切往来被丈夫察觉，他试图以母亲监护权相要挟。随着卡萝尔离开舒适家园与特芮丝共赴旅途，一场内在的自我发现之旅与她崭新的生命空间悄然重合。[TWC]
辣手摧花,1943,1943-01-12,惊悚 悬疑,108,75,英语,阿尔弗雷德·希区柯克,阿尔玛·雷维尔,Teresa Wright 约瑟夫·科顿 Macdonald Carey 亨利·特拉弗斯 帕特里夏·科林格 休姆·克罗宁 Wallace Ford Edna May Wonacott Charles Bates,她的秘密生活中藏着怎样的恐怖……竟让她对这个梦中情人心怀恐惧？,一位年轻女子渐渐察觉，前来做客的叔叔或许并非表面那般简单。
蝙蝠侠大战幻影人,1993,1993-12-25,动画 犯罪 悬疑 动作 冒险,76,75,英语,Alan Burnett,鲍勃·凯恩,凯文·康罗伊 达娜·德拉尼 哈特·博赫纳 斯泰西·基齐 马克·哈米尔 阿贝·维高达 迪克·米勒 John P. Ryan 小埃弗伦·津巴利斯特,The Dark Knight fights to save Gotham city from its deadliest enemy.,黑夜之神蝙蝠侠向来锄强扶弱、儆恶惩奸，保护葛咸城市民的安危。怎料，城中突然出现一名神秘的冒充客，犯罪绝不留手，且手段残忍，蝙蝠侠得悉后决定查探事件来由，此际他遇上了昔日的旧情人，并揭发一宗内政阴谋。
与歌同行,2005,2005-11-18,剧情 音乐 爱情,136,75,英语,詹姆斯·曼戈尔德,Gill Dennis,华金·菲尼克斯 瑞茜·威瑟斯彭 詹妮弗·古德温 罗伯特·帕特里克 达拉斯·罗伯茨 Dan John Miller Larry Bagby Shelby Lynne Tyler Hilton,Love is a burning thing.,约翰·卡什（杰昆·菲尼克斯 Joaquin Phoenix 饰）本是个阿肯色州乡村小子，儿时一场意外令他弟弟身故，从此他便活在父亲（罗伯特·帕特里克 Robert Patrick 饰）的谴责和嘲讽下无力翻身。爱音乐的他慢慢以乡村歌手成名，也有了自己的家庭，但外出巡演时偶然接触到毒品慢慢令他不能自拔，将他带入深渊。吸毒令妻子薇薇安（詹妮弗·古德温 Ginnifer Goodwin 饰）带着孩子离开了他，他只好去找心仪已久、但因婚姻在身无法在一起的女歌手琼·卡特（莉丝·威瑟斯彭 Reese Witherspoon 饰），后者给予他援手，帮助他戒毒，却也一次次拒绝了他的求爱。戒毒成功的卡什得以重启事业，和卡特的爱情也在两人的舞台上终成正果。
我们仨,2015,2015-11-04,剧情 喜剧,102,75,法语,Kheiron,,Kheiron Leïla Bekhti Gérard Darmon 扎布·布莱特曼 Alexandre Astier Kyan Khojandi Arsène Mosca 乔纳森·科恩 Camélia Jordana,,活地阿伦两生花，这是个伊朗法国混血的。卡龙伊朗出生，一岁移居巴黎，写诗rapper 兼栋笃笑打响了名堂。首作自编自导自演爸妈在伊朗的日子，他扮演父亲希巴，12仔女家庭长大，毕业后快乐抗争，犯颠覆罪入狱，之后追女仔结婚生子，叛逆死性不改，被迫流亡巴黎，在种族冲突烈火中权充和事佬。希巴父母惨事一箩箩，卡龙却用笑声写历史：伊朗王是大笨蛋，小卡龙一泡尿救全家。更幽默的真人版《我在伊朗长大》，还带点黑色，去年法国悲情中大卖座。获东京电影节评审团特别奖。
在人海中遇见你,2011,2011-10-06,剧情 爱情,94,75,西班牙语,Gustavo Taretto,,Pilar López de Ayala Javier Drolas Inés Efrón Rafael Ferro Jorge Ernesto Lanata Carla Peterson Adrián Navarro Romina Paula Alan Pauls,How do you find love when you don’t know where it is?,他是一个只愿宅在家里的网站设计师，她是一个做着橱窗设计的建筑师。在这个信息科技高速发达的年代，无论是他还是她都在经受不同程度的精神压抑。他们住在同一个城市同一条街道，但是却像两条平行的直线从未有过交点。他们分别和各自的伴侣约会、分手，各自在寻找着那个正确的人。她是玛丽安娜（碧拉尔·洛佩兹·德·阿亚拉 Pilar López de Ayala 饰），他是马丁（哈维尔·多罗拉斯 Javier Drolas 饰），他们是布宜诺斯艾利斯里两个普通人。可是因为内心的执着，让玛丽安娜从未放弃由一本儿时图画书引发的追寻。也所幸那些“不正确的人”的离开，终于让冥冥注定的相遇终于实现。
浮生若梦,1938,1938-09-01,喜剧 爱情,126,75,英语,弗兰克·卡普拉,罗伯特·里斯金,琪恩·亚瑟 詹姆斯·斯图尔特 莱昂内尔·巴里摩尔 爱德华·阿诺德 Mischa Auer 安·米勒 Spring Byington Samuel S. Hinds 唐納德·米克,您会因他们带给您前所未有的美妙时光而爱上这一切！,故事描述华尔街巨子卡比为了赚钱而有意将工厂扩展到住宅区，但遭该地范德霍夫家族强烈反对。范家成员个个性情古怪，次女爱丽丝并在卡比公司担任秘书，又和卡比的儿子托尼相恋，引起卡比的不满。双方的纠纷最后由德高望重的祖父居中调解，卡比也变成乐善好施的慈善家。  改编自获得普立兹奖的百老汇舞台剧，采用喜剧手法宣扬新睦邻的主题，在三十年代面对经济不景气打击的美国老百姓因而感受到人际温情和生活希望，使这部洋溢着乐天思想的影片勇夺当年金像奖最佳影片奖殊荣。导演弗兰克．卡普拉以其一贯兼具讽刺性与娱乐性的手法拍出人情世态的微妙冲突，莱昂内尔．巴里莫尔、琪恩．阿瑟、詹姆斯．斯图尔特等演得也成功。
速成家庭,2018,2018-11-16,喜剧 剧情,118,75,英语,肖恩·安德斯,约翰·莫里斯,马克·沃尔伯格 萝丝·拜恩 艾琳·雷切尔 伊莎贝拉·莫塞德 朱莉·哈格蒂 泰格·诺塔洛 奥克塔维亚·斯宾瑟 古斯塔沃·埃斯科瓦尔 玛戈·马丁代尔,"Just add chaos, laughter, awkwardness, mistakes, love...",故事从皮特和埃莉决定组建一个家庭开始，他们希望收养一个小孩，但当他们遇到三个兄弟姐妹时，他们发现自己孩子的数量一夜之间从零到三。故事将聚焦在一对夫妇和他们三个领养的孩子间展开。悲催的是，这三个刚被领养的孩子好像对自己的新父母，并不感兴趣。
羞辱,2017,2018-01-31,剧情 犯罪,112,75,法语,Ziad Doueiri,Joelle Touma,Adel Karam Kamel El Basha Diamand Abou Abboud Rita Hayek Christine Choueiri Talal Jurdi Camille Salameh Julia Kassar Rifaat Torbey,Words change everything.,一人是黎巴嫩基督徒，另一人是巴勒斯坦难民，两人因口角摩擦走上法庭。这场斗争在媒体的推动下引发了全国范围的大动荡。看似两人之间的小事，实际上牵扯出整个中东的政治及信仰问题，由此影片引发人们有关真相、信仰、人性与和平的思考。男主卡梅尔·巴沙凭借此片夺得威尼斯电影节沃尔皮杯最佳男演员。
沉默,1963,1963-09-23,剧情 爱情,95,75,瑞典语,英格玛·伯格曼,,英格丽德·图林 古内尔·林德布洛姆 Birger Malmsten Håkan Jahnberg 约根·林德斯特伦 Kotti Chave Lissi Alandh Leif Forstenberg Eskil Kalling,伯格曼最具震撼力的作品！惊心动魄！大胆无畏！,战争阴影还没消散的欧洲，翻译家、知识分子Ester（英格里德•图林）与妹妹Anna（冈内尔•林德布洛姆）以及Anna的儿子Johan一起坐火车回瑞典。途中，患有晚期肺病的Ester发病，三人于一个言语不通的小城下车，住进一家老宾馆。  　　Ester有意无意间总想偷窥Anna的生活，想对她表示好感却无从下手，而Anna一心认为Ester是她的束缚。某晚，Anna外出结识一名酒保，返回宾馆后将幻想中的性爱的过程和刺激描述给Ester听，引起对方的激烈反应，随后，她与酒保在Ester眼皮底下做爱，终引起Ester爆发，多年来深藏在两人心中的、夹杂着嫉恨与冲突的往事被重提。
几近成名,2000,2000-09-15,剧情 音乐,124,75,英语,卡梅伦·克罗,,比利·克鲁德普 弗兰西斯·麦克多蒙德 凯特·哈德森 杰森·李 帕特里克·福吉特 佐伊·丹斯切尔 迈克尔·安格拉诺 安娜·帕奎因 费尔鲁扎·鲍克,体验它，享受它，但别把它当真,1970年代，一名高中生获准跟随当红新晋摇滚乐团“静水”全美巡演，并撰写他们的故事。
无因的反叛,1955,2014-04-16,剧情,111,75,英语,尼古拉斯·雷,斯图尔特·斯特恩,詹姆斯·迪恩 娜塔莉·伍德 萨尔·米涅奥 吉姆·巴克斯 安·多兰 科里·艾伦 威廉·霍珀 罗谢尔·哈德森 丹尼斯·霍珀,来自好家庭的坏孩子。,一位身负不堪过往的叛逆青年来到陌生城镇，在此觅得知己与树敌。
尚气与十环传奇,2021,2021-09-03,动作 冒险 奇幻,132,75,英语,德斯汀·丹尼尔·克雷顿,吉姆·斯特林,刘思慕 梁朝伟 奥卡菲娜 本·金斯利 张梦儿 陈法拉 杨紫琼 元华 弗洛里安·蒙蒂亚努,十环背后隐藏灭世危机 神秘身份曝光 引发终极父子对决,故事发生在《复仇者联盟4：终局之战》事件之后，尚气（刘思慕 饰）自幼接受父亲（梁朝伟 饰）的铁血战斗培训，精通各种武术招式。长大后为了逃离家乡，他改名换姓展开新生活，认识了新挚友凯蒂（奥卡菲娜 饰），平静日子就这样过了十年，直到过去再度找上门……尚气必须面对自己以为摆脱了的过去，并与身为邪恶十环帮帮主的父亲对抗。
同心难改,2008,2008-06-01,剧情 爱情,82,75,英语,Shamim Sarif,Kelly Moss,Lisa Ray Sheetal Sheth Antonia Frering Dalip Tahil 妮娜·瓦迪亚 Siddiqua Akhtar Amber Rose Revah Ernest Ignatius Anya Lahiri,Two cultures. Two women. One love.,本片依据导演兼编剧谢米姆·萨尔弗所撰写的自传小说改编而成。女配角之一的莉莎·瑞是印裔名模兼影戏女星，前作《水》更曾获奥斯卡提名。在传统的中东的上流社会中，Reema和Omar正为他们的女儿Tala（丽莎·蕾 Lisa Ray 饰）准备婚礼。在伦敦工作的Tala通过朋友Ali认识了Leyla（茜多·塞丝 Sheetal Sheth 饰）。Leyla正努力成为一名作家，淳朴、笨拙而又敏感，这些统统吸引了Tala的注意。同时，Tala的坦率使得Leyla对自我有了真正的认识。她们相爱了，但是责任与文化道德牵制着Tala，她身不由己地回家准备着她那密锣紧鼓的华丽盛大的婚礼。随着家庭成员的拜访和婚礼日子一天天的接近，Tala的压力不断上升。婚期一天天临近，Tala如何做出人生的抉择？
玉女风流,1961,1961-12-15,喜剧,109,75,英语,比利·怀尔德,I. A. L. 戴蒙德,James Cagney 豪斯特·巴奇霍兹 Pamela Tiffin Arlene Francis Liselotte Pulver Hanns Lothar Howard St. John Leon Askin Ralf Wolter,比利·怀尔德轰动影坛的全新喜剧力作。,冷战背景下的政治讽刺喜剧。讲述了身在西德的可口可乐公司总经理受命照顾上司的女儿，结果上司的女儿偷偷跑到了东德和一个社会主义热血青年结了婚……
玫瑰之名,1986,2012-06-20,剧情 惊悚 悬疑,130,75,英语,让-雅克·阿诺,Umberto Eco,肖恩·康纳利 克里斯蒂安·斯莱特 赫尔穆特·夸尔廷格 埃利亚·巴斯金 迈克尔·朗斯代尔 沃尔克·普雷希特尔 小费奥多尔·夏里亚平 威廉·赫基 Michael Habeck,"Who, in the name of God, is getting away with murder?",中世纪时期的意大利处于天主教封建势力反对统治的阴影中。英国天主教方济各会修道士威廉和年轻的徒弟阿德索来到意大利北部山区本尼迪克特教会修道院。参加关于宗教与清贫、王权与意志的大辩论。在修道院的七天中，他们耳闻目睹了插图装帧师阿德尔莫、希腊文翻译费南修斯等修道士神秘的死亡，这一切都与缮写室中的一本怪书有关。在追寻过程中，阿德索与一位来修道院以色相换取食物的年轻姑娘发生了感情。在一座八边形的迷宫式的藏书楼中，他们发现了这一桩桩谋杀案的秘密：老院长约杰在怪书上涂了剧毒药物，因为他害怕这本宣传真理的“怪书”会影响人们对天主教教义的信仰。他看到阴谋败露，把怪书撕毁，并放火焚烧藏书室。威廉冒着生命的危险抢救出一批人类文明的宝贵财富。在回国途中，阿德索见到了那位他倾慕的姑娘，但还是割断柔情，跟随自己的恩师而去。
父亲的身份,2021,2021-06-18,剧情 喜剧,109,75,英语,保罗·韦茨,达娜·史蒂文斯,凯文·哈特 Melody Hurd 阿尔弗雷·伍达德 德汪达·怀斯 里尔·莱尔·哈瓦瑞 安东尼·卡里根 Deborah Ayorinde Thedra Porter 弗兰基·费森,"In it, together.",这部暖心、有趣又感人的影片根据真人真事改编，凯文·哈特在剧中饰演的鳏夫在痛失爱妻后承担起一项艰巨任务：当个父亲。
电话,2020,2020-11-23,惊悚 悬疑 科幻,112,75,朝鲜语,李聪贤,Kang Sun-ju,朴信惠 全钟瑞 金成铃 李伊 朴浩山 吴正世 李东辉 严彩英 赵庆淑,A call from a serial killer... She'll begin to hunt your past.,一通电话让来自过去和现在的两个女人产生了奇妙的联系，并引发了一场改变未来的危险游戏...她们将渐渐难以自拔。
陋室,2017,2017-03-03,剧情 家庭,132,75,英语,斯图尔特·黑泽尔丁,Wayne Jacobsen,萨姆·沃辛顿 奥克塔维亚·斯宾瑟 蒂姆·麦格罗 Aviv Alush Sumire 拉达·米切尔 格雷厄姆·格林 Gage Munroe 梅根·查彭提尔,You're never as alone as you think.,主角是一个中年男人，在一次家庭聚会中，他的女儿被绑架、被带走。之后，她的尸体在一个孤零零的小屋中被发现。数年后，这个男人收到了一个字条，从书写的内容来判断，写这张字条的人是上帝本人。字条让男人重新回到了小屋之中，而他在这里所发现的一切都将改变他的生活。
海贼王：最强之敌Z,2012,2012-12-15,动画 奇幻 动作 冒险,108,75,日语,长峰达也,铃木收,田中真弓 中井和哉 冈村明美 山口胜平 平田广明 大谷育江 山口由里子 矢尾一树 长岛茂,The most wanted pirate in history... is about to save the world!,在樱花烂漫的季节里，无忧无虑的草帽海贼团尽情享受快乐时光。途中乔巴救上了一个魁梧健硕的家伙，最引人注目的是他的右腕装配了用海楼石做成的机械手腕，凡是触碰过手腕的人均能力尽失。原来此人便是曾经培养出无数优秀弟子的原海军大将Z（大冢芳忠 配音）。苏醒后的Z得知路飞（田中真弓 配音）等人的身份后反目成仇，与随后赶来的下属艾伊（筱原凉子 配音）和宾兹（香川照之 配音）对草帽海贼团予以残酷无情的重创。原来Z因某件往事而对海贼极度憎恨，此时他正酝酿一项恐怖计划，势要带领“NEO海军”将新世界的海贼一举歼灭。他的行动引起海军本部的忌惮，而惨败的路飞等人也将向这个前所未有的敌人展开新的挑战……  　　本片为同名漫画改编的剧场版动画，原著作者尾田荣一郎担任制作总指挥，艾薇儿演唱主题歌《How You Remind Me》和《Bad Reputation》。
奥斯陆，8月31日,2011,2011-08-31,剧情,90,75,书面挪威语,约阿希姆·提尔,Pierre Drieu La Rochelle,安德斯·丹尼尔森·李 Malin Crépin 汉斯·奥拉夫·布伦纳 Ingrid Olava Tone Beate Mostraum Øystein Røger Aksel Thanke Kjærsti Odden Skjeldal 雷娜特·赖因斯夫,"Live today, one minute at a time.",三十四岁的安德斯是个天赋过人却深陷困境的男人，他正在与毒瘾斗争。作为康复计划的一部分，他获准进入城市参加一场工作面试，却借此机会在街头游荡，探访旧友。随着他为了爱与新生而竭力对抗心魔与过往幽灵，这一天变得愈发艰难。[Strand Releasing]
国王迷,1975,1975-12-17,冒险 剧情,129,75,英语,约翰·休斯顿,格拉迪斯·希尔,肖恩·康纳利 迈克尔·凯恩 克里斯托弗·普卢默 Saeed Jaffrey Doghmi Larbi Jack May Karroom Ben Bouih Mohammad Shamsi Albert Moses,可能成为国王的人,两名英国退役士兵决心在卡菲尔斯坦自立为王——那片土地自亚历山大大帝时代以来未有白人涉足。
捉鬼敢死队,1984,1984-06-08,喜剧 奇幻,107,75,英语,伊万·瑞特曼,丹·艾克罗伊德,比尔·默瑞 丹·艾克罗伊德 西格妮·韦弗 哈罗德·拉米斯 里克·莫拉尼斯 安妮·波茨 威廉·阿瑟顿 埃涅·赫德森 斯拉维扎·乔万,他们不怕鬼。,三名大学教授彼得·温克曼（比尔·默瑞 Bill Murray饰）、雷蒙德·斯坦兹（丹·艾克罗伊德 Dan Aykroyd饰）和艾根·斯宾格勒（哈罗德·雷米斯 Harold Ramis饰）专门研究鬼怪灵异之事。他们决定离开校园实验室，组成“捉鬼大队”。他们用最新的科学仪器，对付在纽约市出没的无数大鬼小鬼，取得成功。可政府部门却将他们视为江湖骗术。直到有一天，一群邪恶的魔鬼包围了整座纽约市，并附身于美女德纳（西格妮·韦弗 Sigourney Weaver饰）身上时，众人终于意识到了事态的严重。这只“捉鬼大队”是否能够拯救纽约，让魔鬼无所遁形呢？  　　本片荣获1985年第57届奥斯卡金像奖，最佳视觉效果、最佳原创歌曲提名，被誉为影史上最受欢迎、最好笑的喜剧之一。
雌雄大盗,1967,1967-08-14,犯罪 剧情,112,75,英语,阿瑟·希勒·佩恩,大卫·纽曼,沃伦·比蒂 菲·邓纳威 迈克尔·约翰·波拉德 吉恩·哈克曼 埃斯特尔·帕森斯 丹佛·派尔 德博·泰勒 埃文斯·埃文斯 吉恩·怀尔德,They’re young… they’re in love… and they kill people.,沃伦·比蒂与费·唐纳薇在这部里程碑式电影中演绎了大萧条时期那对传奇的亡命鸳鸯。该片荣获两项奥斯卡奖，并引发了一场银幕暴力美学的革命。[华纳兄弟]
宠儿,2018,2018-11-23,历史 喜剧 剧情,120,75,英语,欧格斯·兰斯莫斯,托尼·麦克纳马拉,艾玛·斯通 奥利维娅·科尔曼 蕾切尔·薇兹 尼古拉斯·霍尔特 乔·阿尔文 马克·加蒂斯 詹姆斯·史密斯 珍妮·莱恩斯福德 Emma Delves,抱歉，在宫廷里，良心可是多余之物。,十八世纪初，英国与法国交战正酣。但斗鸭比赛与品尝菠萝却蔚然成风。体弱的安妮女王端坐王位，密友莎拉夫人一面打理国政，一面照料女王孱弱的身体与无常的脾气。随着新女仆阿比盖尔到来，她的伶俐深得莎拉欢心。莎拉将阿比盖尔纳入麾下，而阿比盖尔则看到了重返贵族阶层的机会。当战争政务日益占据莎拉精力时，阿比盖尔顺势填补了女王伴驾的空缺。这份迅速滋长的情谊让她得以施展野心——世间任何男女、权谋甚至兔子都无法阻挡她的前路。
与安德烈晚餐,1981,1981-10-11,剧情 喜剧,112,75,英语,路易斯·马勒,华莱士‧肖恩,Andre Gregory 华莱士‧肖恩 Jean Lenauer Roy Butler Cindy Lou Adkins,"One meal, two men.",在这部由路易·马勒执导、引人入胜且充满哲思的电影中，演员兼剧作家华莱士·肖恩与他的朋友——戏剧导演安德烈·格雷戈里——在纽约上西区的一家餐厅落座，两人展开了一场关于爱情、死亡、金钱以及其间所有迷信观念的对话，时而荒诞不经、时而绝望倾吐的告白交替上演。肖恩与格雷戈里（二人也共同参与了剧本创作）以他们在纽约式打磨出的角色特质进行变奏演绎，带着内省的知识热情深入对谈，而马勒则以精妙、艺术的疏离感捕捉了这一切。作为都市文化的一帧迷人定格，本片始终是电影史上独一无二的作品。[标准收藏]
夜阑人未静,1950,1950-05-12,犯罪 剧情,113,75,英语,约翰·休斯顿,W.R. 伯内特,斯特林·海登 路易斯·卡尔赫恩 简·哈根 小詹姆斯·艾伦·惠特莫尔 山姆·贾菲 约翰·麦金太尔 马克·劳伦斯 Barry Kelley Anthony Caruso,地下之城。,在美国中西部某座烟雾弥漫的城市，一位刚出狱的老年犯罪首脑策划了一起价值百万美元的珠宝劫案，并将一名富有的律师与三名精心挑选的亡命之徒纳入其周密谋划却注定失败的阴谋。凭借一众才华横溢的演员细致入微的表演——包括紧绷下颌的斯特林·海登与以突破性角色亮相、风情万种的玛丽莲·梦露——约翰·休斯顿这部冷硬派犯罪经典，以对抢劫过程细致入微的解剖推向高潮，其影响力至今仍在犯罪类型片中回响。作为对阴暗地下世界异常写实的描摹，本片既刻画出匪徒角色冷静的职业素养与强悍特质，又对他们人性化的脆弱报以深刻悲悯，展现了处于创作巅峰期的大师级导演功力。
这是南瓜大王哦，查理·布朗,1966,1966-10-27,家庭 动画 电视电影 喜剧,25,75,英语,Bill Melendez,Charles M. Schulz,Peter Robbins Christopher Shea Sally Dryer Bill Melendez Cathy Steinberg Gail DeFaria Glenn Mendelson Ann Altieri Lisa DeFaria,每年万圣节祂将从南瓜地里升起……,莱纳斯说在万圣节晚上南瓜大王会从南瓜地里飞上天，并把礼物送给所有的孩子们，而他要坐在南瓜地里等南瓜大王。万圣节派对开始了，大家都要来了许多糖果点心，但查理·布朗却要了一口袋石头，莱纳斯等了一晚也没见到南瓜大王。
两生花,1991,1991-05-15,剧情 奇幻,98,75,法语,克日什托夫·基耶斯洛夫斯基,克日什托夫·皮耶谢维奇,伊莲娜·雅各布 Halina Gryglaszewska 菲利普·沃尔特 Guillaume de Tonquédec Kalina Jędrusik 亚历山大·巴尔迪尼 Władysław Kowalski Jerzy Gudejko Janusz Sterninski,我们每个人都在世界上的某个地方被我们的双重身份所匹配——一个分享我们想法和梦想的人。,克日什托夫·基耶斯洛夫斯基这部享誉国际的突破之作，依然是他最受珍爱的作品之一。影片以令人沉醉的神秘笔触，冥思身份、爱与人类直觉的奥秘。伊莲娜·雅各布同时演绎波兰合唱女高音维罗妮卡与她的分身、法国音乐教师薇罗尼卡，双角皆光彩照人。尽管彼此陌生，两位女子却共享着某种难以言喻的情感羁绊。基耶斯洛夫斯基通过瑰丽的倒影、色彩与律动细腻勾勒这份联结，在斯瓦沃米尔·伊贾克的闪烁摄影与泽贝纽·普雷斯纳萦绕心头的歌剧式配乐烘托下，创造出电影史上至为纯粹的形而上学之作。本片是一阕令人难忘的情感交响诗。[标准收藏]
一个明星的诞生,2018,2019-05-31,音乐 剧情 爱情,135,75,英语,布莱德利·库珀,威尔·法特斯,嘎嘎小姐 布莱德利·库珀 山姆·艾里奥特 安德鲁·迪斯·克莱 拉菲·加夫隆 安东尼·拉莫斯 大卫·查普尔 亚历克·鲍德温 马龙·威廉姆斯,,在这段悲剧爱情故事的全新演绎中，饱经风霜的音乐人杰克逊·梅因发掘并爱上了仍在奋斗的艺术家艾莉。她几乎已放弃成为歌星的梦想……直到杰克将她推至聚光灯下。然而即便艾莉的事业腾飞，两人的感情却逐渐破裂，因为杰克始终在与内心的恶魔搏斗。[华纳兄弟]
少年时代,2014,2014-07-11,剧情,165,75,英语,理查德·林克莱特,,埃拉·科尔特兰 帕特里夏·阿奎特 伊桑·霍克 罗蕾蕾·林克莱特 利比·维拉利 马可·佩雷拉 布拉德·霍金斯 杰米·霍华德 安德鲁·比利亚雷亚尔,12年的酝酿。,理查德·林克莱特执导，是一部前所未有的电影作品。这部极具朴实风格的时代之作，历时十二年在其家乡得克萨斯州拍摄完成，记录了一个名叫梅森的男孩、他离异的父母以及他姐姐所经历的身心变迁。林克莱特并未聚焦于人生重大节点，而是撷取那些构成生活的、细微的日常片段，打造出一部表演浑然天成、充满幽默感的画卷，让岁月在其中自然流转。本片让我们得以在银幕上以纪录片般的真实感观看人物的成长衰老，同时又将我们牢牢吸引在一个描绘极致平凡生活的虚构叙事中，它所拥有的力量，唯有电影艺术方能驾驭。[标准收藏]
社会威胁,1993,1993-05-26,剧情 犯罪 惊悚,97,75,英语,阿尔伯特·休斯,艾伦·休斯,Tyrin Turner 拉伦茨·泰特 格伦·帕默尔 贾达·萍克特·史密斯 塞缪尔·杰克逊 June Kyoto Lu 户田年治 Reginald Ballard Khandi Alexander,This is the truth. This is what's real.,影片开头两位黑人到韩国人开的杂货店买东西，本来好好的，但是两个韩国夫妇从头到尾把他们当贼看，为此发生一点口角，他们就开枪打死了店里的工作人员，之后他们就踏上了不归路了……
黑色党徒,2018,2018-08-10,犯罪 喜剧 剧情 历史,135,75,英语,斯派克·李,大卫·拉比诺维茨,约翰·大卫·华盛顿 亚当·德赖弗 托弗·戈瑞斯 劳拉·哈里尔 亚历克·鲍德温 加斯帕·帕科农 科里·霍金斯 保罗·沃尔特·豪瑟 瑞安·艾戈尔德,渗透仇恨。,故事发生在20世纪70年代初，罗恩·斯塔尔沃思是科罗拉多斯普林斯市警察局首位非裔侦探。为闯出一番名堂，他毅然执行一项危险任务：渗透并揭露3K党。这位年轻侦探很快招募了经验更丰富的同事弗利普·齐默尔曼，共同展开一生中最关键的卧底行动。两人联手对抗这个试图洗白其暴力言论以迎合主流社会的极端仇恨组织。
大力士,1997,1997-06-13,动画 家庭 奇幻 冒险 喜剧 爱情,93,75,英语,罗恩·克莱蒙兹,约翰·马斯克,泰特·多诺万 乔什·基顿 罗杰·巴特 丹尼·德维托 詹姆斯·伍兹 Susan Egan 博卡·格德斯维特 马特·弗莱尔 雷普·汤恩,The man. The myth. The movie.,Hercules，宙斯神的儿子，然而由于地狱冥王Hades有武装叛变的打算，这个新生的儿子将会破坏他的大计，于是便将他变为凡人，企图暗杀，但是失败了。Hercules虽为凡人，却依然拥有神力。直到他发现自己是宙斯神的儿子，一心想要回奥林帕斯山，在训练的途中也遇见了美丽的女主角－Megara，孰知Megara竟是Hades的手下，Hades便利用此机会要胁叛变，但在Meg和教练Phil的开导下，又重拾神力，对抗强敌。
完美的世界,1993,1993-11-24,剧情 犯罪 惊悚,138,75,英语,克林特·伊斯特伍德,小约翰·李·汉考克,凯文·科斯特纳 克林特·伊斯特伍德 劳拉·邓恩 T·J·劳瑟 布莱德利·惠特福德 基斯·斯扎拉巴基克 里奥·伯梅斯特 保罗·休伊特 雷·麦金农,一名囚犯。一名警察。一个人质，将让其中一人成为英雄。,单亲孩子菲利普·佩里的母亲对他管教甚严，8岁的小菲利普甚至从未参加过一次鬼节讨糖果的游戏。附近州监狱的两名罪犯越狱成功，劫持了菲利普作为人质，向德州边界逃窜。途中，罪犯之一的布奇干掉了鲁莽愚蠢的同伙，却对小菲利普照顾有佳。与此同时，德州警探瑞德带着手下和州长特派的犯罪专家萨利一同火速追捕布奇。双方在德克萨斯州境内展开了一场公路赛大竞技；而小菲利普也经历了很多从未想过过的刺激与快乐，并与布奇产生了一种近似父子的不寻常感情……
精疲力尽,1960,1960-03-16,剧情 犯罪,90,75,法语,让-吕克·戈达尔,弗朗索瓦·特吕弗,让-保罗·贝尔蒙多 珍·茜宝 丹尼尔·布朗热 Henri-Jacques Huet Roger Hanin Van Doude Claude Mansard Liliane Dreyfus Michel Fabre,狂野！激烈！直言不讳且真诚！,本片问世之前与之后，电影史就此分野。1960年，让-吕克·戈达尔以这部爵士乐般即兴、自由不羁又性感迷人的作品闯入影坛，向曾滋养他作为《电影手册》撰稿人的美国类型片致以深情礼赞。影片以不事雕琢的粗粝质感、态度过剩的叛逆姿态、随心所欲的犯罪叙事，连同让-保罗·贝尔蒙多与珍·茜宝这对闪耀着生命活力的年轻身影，共同掀起了法国新浪潮的序幕，永远改变了电影史的基因。[标准收藏]
回到未来3,1990,1990-05-25,冒险 喜剧 科幻,119,75,英语,罗伯特·泽米吉斯,鲍勃·盖尔,迈克尔·J·福克斯 克里斯托弗·劳埃德 玛丽·斯汀伯根 托马斯·F·威尔森 莉·汤普森 伊丽莎白·苏 马特·克拉克 理查德·戴萨特 帕特 布特拉姆,他们最终挽救了最好的旅行，但这一次他们或许走得太远。,马丁（麦克·J·福克斯饰）从他生活的八十年代来到了1955年，根据好朋友埃米·布朗博士（克里斯托弗·劳埃德饰）于1885年留下的信件，马丁找到了博士研制的时空穿梭机。本以为可以乘坐着这台机器回到未来，马丁却意外发现了博士的墓碑，原来他在留下那封信后不久便被人杀害。为了拯救埃米博士，马丁乘坐时空穿梭机来到了1885年的美国西部。马丁能否改变历史，拯救博士的生命？二人能否成功回到未来？“回到未来三部曲”完结篇，一起与马丁乘坐时空穿梭机畅游时间。
我失去了身体,2019,2019-11-06,动画 剧情 奇幻,81,75,法语,Jérémy Clapin,纪尧姆·劳兰特,Hakim Faris Victoire du Bois 帕特里克·达苏姆索 Alfonso Arfi Hichem Mesbah Myriam Loucif Bellamine Abdelmalek Maud Le Guénédal Nicole Favart,An extraordinary journey in self-discovery.,在这部“戛纳电影节影评人周单元”作品中，一只断手在巴黎的一间实验室里逃脱了不幸的命运，动身重新和身体连接在一起。在一次令人毛骨悚然的穿越城市冒险之旅中，断手与鸽子和老鼠等诸多阻碍做斗争，只为与披萨男孩劳伍菲尔重聚。断手对劳伍菲尔的回忆以及他对图书管理员加布丽尔的爱可能会让我们了解导致断手与身体的分离的原因，并为他们三人可能的重逢提供了诗意的背景。本片改编自获奥斯卡金像奖提名的纪尧姆·洛朗（《天使爱美丽》）的小说《Happy Hand》。
教宗的承继,2019,2019-11-27,剧情 历史,125,75,英语,费尔南多·梅里尔斯,安东尼·麦卡滕,乔纳森·普雷斯 安东尼·霍普金斯 胡安·米努欣 路易斯·尼科 克里斯蒂娜·巴内加斯 玛丽亚·乌塞多 雷纳托·斯卡帕 西德尼·科尔 阿奇里·布鲁尼尼,Inspired by true events.,在天主教教会历史上的关键转捩点，教宗本笃十六世与承继的方济各教宗发展出令人意外的友谊。本片改编自真人实事。
兄弟,1997,1997-12-12,剧情 犯罪,95,75,俄语,阿列克谢·巴拉巴诺夫,,Sergei Bodrov Jr. Viktor Sukhorukov Yuriy Kuznetsov Svetlana Pismichenko Mariya Zhukova Sergey Murzin Irina Rakshina Igor Shibanov Andrey Fedortsov,,年轻的丹尼尔·巴格罗夫服满兵役后回到家乡，母亲要他去圣彼得堡找哥哥维克托，以便找到合适的工作。到了彼得堡他在市场救了一个绰号为“德国人”的摆地摊的男子霍夫曼，并结识了爱吃药的女混混凯特。 丹尼尔找到了哥哥维克托，发现他已成为了一个杀手，维克托刚刚结到一笔订单要干掉一名恐怖分子“车臣人”，维克托要丹尼尔帮忙干掉“车臣人”。丹尼尔先租了一个房子居住，后来尽管丹尼尔成功干掉了“车臣人”，但却遭到雇佣者的追杀，原来雇佣维克托的黑帮大佬想干掉贪财的维克托。丹尼尔在逃脱途中打伤了一名大佬的手下，并得到开有轨电车的女司机斯维特兰娜的帮助，此后丹尼尔与斯维特兰娜发生感情并一起生活了一段时间。之后丹尼尔再次为哥哥做事，打死了大佬的几名手下，而大佬为了报仇，以维克托为人质想除掉前来的丹尼尔。最终丹尼尔将黑帮分子干掉，并救出了哥哥。之后他带着大佬留下的一大笔美金离开，他去找斯维特兰娜要求她与他一起远走高飞，然而她坐牢的丈夫已归家，而她仍深爱着丈夫因此拒绝了丹尼尔的要求。丹尼尔感到大城市的人都只爱钱贪生怕死，包括哥哥维克托，最终离开彼得堡去了莫斯科。
无主之地,2001,2001-12-07,动作 历史 战争,98,75,波斯尼亚语,Danis Tanović,,布兰科·杜里奇 Rene Bitorajac Filip Šovagović Georges Siatidis Sacha Kremer Alain Eloy 凯特琳·卡特利吉 Serge-Henri Valcke 西蒙·卡洛,A lot can happen between the lines,波黑士兵西基与塞尔维亚士兵尼诺，受困于波黑战争期间两军对峙前线之间的无人地带。他们无处信任、无路可退，身边还躺着一位同袍——其身下压着一枚弹簧炸弹，稍一动弹便会引爆。若非随时面临致命后果，这荒诞处境简直令人啼笑皆非。[United Artists / MGM)]
关于命运,2022,2022-09-09,爱情 喜剧,99,75,英语,Maryus  Vaysberg,蒂芙尼·保尔森,艾玛·罗伯茨 托马斯·曼 刘易斯·谭 玛德莱娜·佩切 布丽特·罗伯森 Fikile Mthwalo 谢丽尔·海因斯 Verity Branco Paula Plum,Love appears where you least expect it.,讲述一男一女相信爱情，但似乎永远无法找到爱的真谛。而在狂风暴雨的新年前夜，发生了疯狂的转折，喜剧和混乱随之而来。
死侍2,2018,2019-01-25,动作 喜剧 冒险,121,75,英语,大卫·雷奇,保罗·韦尼克,瑞安·雷诺兹 乔什·布洛林 莫雷纳·巴卡林 朱利安·丹尼森 莎姬·贝兹 T·J·米勒 莱斯莉·奥加姆斯 卡兰·索尼 布里安娜·希尔德布兰,三人行必有我侍,拥有不死之身的死侍韦德·威尔森（瑞恩·雷诺兹 Ryan Reynolds 饰）继续在惩恶扬善、毒舌嘴贱的路上绝命狂奔，与此同时他和女友瓦内莎（莫蕾娜·巴卡林 Morena Baccarin 饰）的爱情逐渐升华，两人全新期待新生命的到来。谁知命运难测，因瓦内莎意外身亡，韦德万念俱灰，绝望地渴求生命的终结。在他最失落的时候，钢力士和少年弹头等将他领走，成为 X 战警中的一员。在某次行动中，死侍因袒护暴走的 14 岁变种人拉塞尔（朱利安·迪尼森 Julian Dennison 饰）而随同对方被关入冰盒监狱。没过多久，来自未来的电索（乔什·布洛林 Josh Brolin 饰）闯入监狱，意图杀死在未来引起无数灾难的拉塞尔。为了阻止电索，逃离监狱的死侍找到一群战友与之对抗，而拉塞尔则朝着黑暗渐渐远去……
偷书贼,2013,2013-11-08,剧情,131,75,英语,布莱恩·派西维尔,Markus Zusak,杰弗里·拉什 苏菲·奈丽丝 艾米丽·沃森 尼科·利尔施 本·施奈策 海克·玛卡琪 芭芭拉·奥尔 罗杰·阿拉姆 莱纳·博克,Courage beyond words.,1939年的德国，9岁的小女孩莉赛尔和弟弟被迫送往慕尼黑远郊的寄养家庭。6岁的弟弟不幸死在了路途中。在冷清的葬礼后，莉赛尔意外得到她的第一本书《掘墓人手册》。这将是14本给她带来无限安慰的书之一。她是个孤苦的孩子，父亲被打上了共产主义者的烙印，被纳粹带走了；母亲随后也失踪了。在弹奏手风琴的养父的帮助下，她学会了阅读。尽管生活艰苦，她却发现了一个比食物更难以抗拒的东西——书。她忍不住开始偷书。莉赛尔，这个被死神称为“偷书贼”的可怜女孩，在战乱的德国努力地生存着，并不可思议地帮助了周围同样承受苦难的人。
吾栖之肤,2011,2011-09-02,剧情 恐怖 悬疑 惊悚,120,75,西班牙语,佩德罗·阿莫多瓦,蒂埃里·容凯,安东尼奥·班德拉斯 埃伦娜·安纳亚 玛丽萨·帕雷德斯 Jan Cornet Roberto Álamo Eduard Fernández José Luis Gómez 布兰卡·苏亚雷兹 Susi Sánchez,一个疯子的爱所能做到的事……,在位于郊外的华丽别墅内，人过中年的整形医生罗伯特·雷德加（安东尼奥·班德拉斯 Antonio Banderas 饰）和忠心老仆人玛丽莉娅（Marisa Paredes 饰）居住于此。在过去的十二年里，他先后失去了妻子盖儿和女儿诺玛（Ana Mena 饰），一桩桩人间惨剧彻底颠覆了罗伯特看似完美的生活，同时也将他的事业与研究推向了完全未知的领域。在别墅的某个神秘房间内，居住着一个美丽且与世隔绝的女子，她叫薇拉（埃琳娜·安纳亚 Elena Anaya 饰），既是罗伯特的病人，又是他的实验对象，二人有着纷繁错乱的渊源。她经罗伯特之手精心塑造出来的容颜，将彼此紧紧缠绕在了一起…
麦克法兰,2015,2015-02-20,剧情 家庭,128,75,英语,妮基·卡罗,克里斯托弗·克利夫兰,凯文·科斯特纳 玛丽亚·贝罗 艾尔西·费舍尔 摩根·塞勒 玛莎·希加瑞达 Vincent Martella 丹尼尔·蒙卡达 约翰尼·奥尔蒂斯 戴安娜·玛丽亚·里瓦,Champions can come from anywhere.,《麦克法兰》取材于真人真事。1980年代，加州小镇麦克法兰，一位居住在拉丁人社区的教练，在一所高中创办田径队，排除了自己心理上、身体上和外界压力等等困难，把田径队送上冠军位置。
爱与死,1975,1975-06-10,喜剧 历史,85,75,英语,伍迪·艾伦,,伍迪·艾伦 黛安·基顿 海尔德·高德 奥尔加·乔治·皮克 兹维·斯库勒 德斯波·迪亚曼蒂杜 索尔·弗里德 杰西卡·哈珀 劳埃德·巴蒂斯塔,年度喜剧巨献，笑翻全场！,鲍里斯（伍迪·艾伦 Woody Allen 饰）成长于一个人丁兴旺的俄罗斯大家庭里，在诸多的兄弟之中，要数他的身板和胆识最为渺小。在鲍里斯的眼中，表姐索嘉（黛安·基顿 Diane Keaton 饰）一直都是缪斯般的存在。可是，索嘉宁愿嫁一个渔夫，也不愿选择鲍里斯。令鲍里斯深受打击的事情远远不止这一件，战争开始了，为了效忠国家，鲍里斯被迫拿起长枪走上了战场。一次偶然中，鲍里斯成为了战斗英雄，荣归故里的他几经波折，居然赢得了此时已成为寡妇的索嘉的芳心，两人组成了人人羡慕的幸福家庭。好景不长，战火再次袭来，拿破仑攻占了莫斯科，鲍里斯必须重回战场。无法忍受离别之苦的索嘉决定一劳永逸——刺杀拿破仑。于是，一对傻头傻脑的夫妻带上他们的猎枪，就这样出发了……
爱疯狂,2005,2005-05-27,喜剧 剧情,126,75,法语,让-马克·瓦雷,François Boulay,Marc-André Grondin Danielle Proulx Michel Côté Pierre-Luc Brillant Alex Gravel Maxime Tremblay Natacha Thompson Francis Ducharme Mariloup Wolfe,"Growing up in this family, you'd have to be... C.R.A.Z.Y.","""本片讲述了一个家庭30多年的悲欢离合，以其中一个孩子Zac为主线，因为他游离于同性恋和双性恋之间。这部作品完全不同于其他的同性恋电影，直到影片最后，你可能也不会有一个最终的判断。但是那种家庭的亲情，父母兄弟姐妹恋人之间的爱和冲突，却让人不能不心生感动。片名C.R.A.Z.Y.是家里五个男孩名字的首字母：Christian, Raymond, Antoine, Zac, Yvan."
功夫,2004,2004-12-13,动作 喜剧 犯罪 奇幻,99,75,Cantonese,周星驰,霍昕,周星驰 元秋 元华 林子聪 梁小龙 黄圣依 陈国坤 赵志凌 释行宇,从街头混混，到一代宗师。,1940年代的上海，自小受尽欺辱的街头混混阿星为了能出人头地，可谓窥见机会的缝隙就往里钻，今次他盯上行动日益猖獗的黑道势力“斧头帮”，想借之大名成就大业。阿星假冒“斧头帮”成员试图在一个叫“猪笼城寨”的地方对居民敲诈，不想引来真的“斧头帮”与“猪笼城寨”居民的恩怨。“猪笼城寨”原是藏龙卧虎之处，居民中有许多身怀绝技者，他们隐藏于此本是为远离江湖恩怨，不想麻烦自动上身，躲都躲不及。而在观战正邪两派的斗争中，阿星逐渐领悟功夫的真谛。
活死人黎明,1978,1978-09-02,恐怖 科幻,127,75,英语,乔治·A·罗梅罗,,大卫·埃姆奇 肯·佛瑞 斯科特·H·雷宁格 盖伦·罗斯 大卫·克劳福德 大卫·利尔 理查德·弗朗西斯 霍华德·史密斯 丹尼尔·迪特里希,当地狱里没有更多的空间时，死者将在地球上行走！,死而复生的嗜血僵尸如瘟疫般迅速占领全城，整个城市在一夜之间成为僵尸之城。为了躲避僵尸的攻击，两个特种部队警察和一个交通记者以及他的女友，逃到了一个荒废的大型购物中心里。这四个人斯蒂芬（大卫·艾梅治 David Emge 饰）、彼得（肯·弗里 Ken Foree 饰）、罗杰（斯科特·H·雷宁格 Scott H. Reiniger 饰）以及法兰妮（盖伦·罗丝 Gaylen Ross 饰）使尽浑身解数武装自己，尽一切可能抵抗凶残僵尸的袭击。然而他们的抵抗却不敌越来越多的僵尸，好景不长，僵尸蜂拥而至。雪上加霜的是，一大群车手也发现了这个避难所。四人不但要躲避疯狂的僵尸，还要同凶残的劫匪对抗。
少林三十六房,1978,2008-06-14,动作 冒险,116,75,汉语,刘家良,倪匡,刘家辉 罗烈 张午郎 唐伟成 Wa Lun 韩国材 刘家荣 韦弘 陈思佳,最初奋斗的人，可能最终成功，甚至最终成功。,清朝时，广州一地的反清复明义士积极与台湾郑成功一脉联络，以图驱逐异族。义士段将军与何老师等人为了营救反清同志，先后被广州将军天达镇压，何老师的学生刘裕德（刘家辉 饰）因积极参与反清，举家被天达手下鹰犬唐三要所害，刘裕德孤身逃脱，历尽艰苦抵达少林寺，希望能够习得少林功夫，救助苦难百姓，兼报家仇。其时少林寺设有三十五房，其中三十四房分别锻炼体力或拳脚兵器，法号三德的刘裕德天资过人，历经五年苦学，遍通三十四房，学成之际，刘裕德向方丈提出开设少林第三十六房，旨在接纳俗家弟子，传播少林武学。刘裕德离乡七年后重返广州，收洪熙官、陆阿采等青年为徒，与清廷鹰犬展开了连番激战…… 本片获1978年亚洲影展最佳动作效果奖。
勇往直前,2004,2004-03-12,剧情 爱情,117,75,德语,法提赫·阿金,,西贝尔·凯基莉 Birol Ünel Güven Kıraç Meltem Cumbul Adam Bousdoukos Mehmet Kurtuluş Stefan Gebelhoff Catrin Striebeck Demir Gökgöl,You don't really know how much you can love...,原籍土耳其的德国人卡德因（Birol Ünel）因妻子离开和失业对生活充满恨意，当摇滚和白粉不足以支撑他继续活下去时，他开车撞墙自杀，但没成功。在医院里，他结识父母也是土耳其人的、小他20岁的女孩西贝尔（Sibel Kekilli），后者为摆脱古板传统的父母，用假自杀的方式来到医院，但其父母仍追到医院让她尽快嫁个土耳其男人。
情圣剧作家,2018,2019-01-09,喜剧 历史,113,75,法语,亚力克西斯·马沙利克,,Thomas Solivérès 奥利维埃·古尔梅 Mathilde Seigner 汤姆·里布 Lucie Boujenah Alice de Lencquesaing Clémentine Célarié Igor Gotesman 多米尼克·皮诺,He's got three weeks to write a masterpiece…,爱德蒙罗斯丹快到三十岁，结婚生子後创作陷入低潮，江郎才尽的焦虑令这位巴黎十九世纪剧作家沮丧不堪。这时缪思却来了，一个令人心动的女孩宣示命运的嘲弄。他唯有通过协助好友追求女孩，同时把情事化为戏语，超越一切嫉妒与痴狂，终成就一代喜剧英雄丶一出边写边排的神作。
监护风云,2018,2019-06-21,剧情 惊悚,93,75,法语,Xavier Legrand,,蕾雅·德吕盖 丹尼斯·梅诺切特 Thomas Gioria Mathilde Auneveux Mathieu Saikaly 弗洛伦斯·詹纳斯 萨迪亚·本塔伊布 Sophie Pincemaille Emilie Incerti-Formentini,Don't look away.,米里娅姆（蕾雅·德吕盖 饰）与安托万·贝松（德尼·梅诺谢 饰）已经离婚。为保护儿子朱利安（托马斯·乔里亚 饰）免受她所指称的暴力父亲的伤害，米里娅姆正寻求获得孩子的单独监护权。安托万则辩称自己是一位被误解的父亲。指定的法官最终判决双方共同监护。朱利安成为父母之间不断升级的冲突的牺牲品，被推至崩溃的边缘，试图阻止最坏的情况发生。
亨利之书,2017,2017-06-16,剧情 惊悚 悬疑,105,75,英语,科林·特雷沃罗,Gregg Hurwitz,娜奥米·沃茨 杰登·马泰尔 雅各布·特伦布莱 莎拉·西尔弗曼 李·佩斯 麦迪·齐格勒 迪恩·诺里斯 鲍比·莫伊尼汉 托尼亚·平金斯,小盆友保护邻家小妹,《亨利之书》讲述小男孩亨利为了保护邻居家的小姑娘不被她的父亲所伤，暗自策划了一场谋杀。
亚特兰大号,1934,1934-04-24,喜剧 剧情 爱情,89,75,法语,让·维戈,让·吉内,米歇尔·西蒙 蒂塔·保洛 让·达斯特 吉勒·马加里蒂斯 Louis Lefebvre Maurice Gilles Raphaël Diligent Claude Aveline René Blech,,二十九岁英年早逝的尚维果，以这部电影留下他生命中最后一抹余韵绵长的爱情诗篇，全片位在巴黎东北部的一条运河上拍摄，以最浪漫的基调诠释所谓「行船人的爱」。在亚特兰大号上，英俊潇洒的船长与美丽的茱丽叶结婚，海上的婚姻生活虽然惬意却也平凡苦闷，于是茱丽叶决定在巴黎上岸。但是面对步调快速的城市，孤零零的她是会选择新世界，还是回到那艘只为她发光发热的亚特兰大号上呢？本片也曾被英国「视与听」杂志选为影史十大影片。
爵士春秋,1979,1979-12-16,剧情,123,75,英语,Bob Fosse,Robert Alan Aurthur,罗伊·谢德 杰西卡·兰格 Ann Reinking Leland Palmer 克里夫·戈尔曼 Ben Vereen Erzsebet Foldi Michael Tolan Max Wright,Prepare yourself for all that acclaim...,作为一个音乐剧迷，即使你不太熟悉金像奖导演Bob Fosse这个名字，我打赌你也一定听说过托尼奖和奥斯卡的大赢家《芝加哥》和《歌厅》，Fosse分别是这两部音乐剧电影版的编剧和导演，他的另一部著名作品就是这部《爵士春秋》。（其实只要稍微留意就可以从《芝加哥》的编舞上发现许多《爵士春秋》的影子，而且《芝加哥》开门见山的第一只曲子就是‘All That Jazz’。）《爵士春秋》可称是Bob Fosse本人的半自传影片，片中的主人公是一位叫Joe Gideon的百老汇资深导演，他天马行空，我行我素，才华横溢，但是由于没有树立起远大的理想和正确的人生观和世界观，工作的压力和情感的放纵使他灰心厌世，健康每况愈下，最后在其作品的歌声舞影中，Gideon哼着《再见我爱》在手术台上踏上了不归之路。人生就是这般无常，Gideon先生可以创造票房奇迹，可以吸引各式各样的女子投怀送抱，但他和我们一样，常常对心灵的空虚和肉体的软弱束然无策。有志趣相投的朋友聊天，有喜欢的文章可读可写，有好听的音乐剧可以欣赏，有幽默的心情可以时常微笑，有不含SARS病毒的空气可以呼吸――不知道这样简单的幸福上天还可以赐我们多久？金曲提示：《在百老汇》(On Broadway)、《自君别后》(After You've Gone)、《重焕生机》(Everything Old Is New Again) 、《再见我爱》(Bye Bye Love) 。本片是一部音乐歌舞片，集七十年代爵士乐之大成。在1980年第33届戛纳国际电影节上获得金棕榈奖，获52届奥斯卡（1979）最佳服装设计、最佳剪辑，最佳音乐三项金像奖。
幕前情人,2022,2022-05-20,喜剧 爱情,123,75,英语,黄世宁,罗伯·格林伯格,欧亨尼奥·德伯兹 萨玛拉·维文 马克斯·格林菲尔德 贝琪·勃兰特 马利索·妮可 阿马里·诺拉斯克 卡门·洛萨诺 诺埃米·冈萨雷斯 阿曼多·埃尔南德斯,Never judge a couple by their cover.,改编自2006年法国电影[替身演员]，维文将饰演一位电影明星，她请了一位名叫安东尼奥(德尔维斯饰)的泊车员冒充她的情人，以掩饰自己与一个已婚男子的关系。作为一名拉丁男仆，努力工作的安东尼奥过着几乎毫无身份的生活，但通过这件事，他开始得到大家的尊重。又名: 替身演员 美国版 / 替身 / 幕前情人
无辜的人,1961,1961-12-15,恐怖 悬疑 剧情,100,75,英语,Jack Clayton,亨利·詹姆斯,黛博拉·蔻儿 Peter Wyngarde Megs Jenkins Michael Redgrave Martin Stephens Pamela Franklin Clytie Jessop Isla Cameron Eric Woodburn,Apparitions? Evils? Corruptions?,这部真正令人恐惧、制作精良的超自然哥特电影由黛博拉·蔻儿主演，她饰演一位情感脆弱的女家庭教师，逐渐觉察到她所照管的两位早熟孩童身上笼罩着某种极其诡谲的阴影。作为亨利·詹姆斯经典小说《螺丝在拧紧》的心理与性压抑氛围浓郁的改编版，本片由杜鲁门·卡波特参与编剧、杰克·克莱顿执导。本片堪称叙事凝练与技术表现力完美结合的典范——从令人脊背发凉的声音设计，到弗雷迪·弗朗西斯宽银幕摄影中如冥界般幽深的画面层次，无不彰显其卓越品质。[标准收藏]
艾德·伍德,1994,1994-09-28,喜剧 剧情 历史,127,75,英语,蒂姆·伯顿,拉里·卡拉谢夫斯基,约翰尼·德普 马丁·兰道 莎拉·洁西卡·帕克 帕特里夏·阿奎特 杰弗里·琼斯 格瓦斯·杜安·斯普拉德林 文森特·多诺费奥 比尔·默瑞 迈克·斯塔尔,Movies were his passion. Women were his inspiration. Angora sweaters were his weakness.,这是一部关于奋斗的个人自传电影。1951年，心怀大志的艾德•伍德（约翰尼•德普 Johnny Depp 饰）终于等来机会上演一出自导自演的电影，但是，这个计划不久就夭折了。艾德并没有气馁，而是接着又一个一个的找投资商，找演员，甚至连他的女友也被拉进剧组参加演出。每次总是准备工作进行得大半时，电影合同最终还是没有拿到，梦想一次次的破灭，女友也离他而去。我们的艾德虽然自此住进了医院一阵子，但他还没有放弃自己的追梦之旅：还是到处跑着找投资人，苦苦跪求那些著名演员加入自己的剧组，在电影院里被观众的臭鸡蛋烂番茄打得抱头鼠窜。场面热闹而搞笑……
大开眼戒,1999,1999-09-09,剧情 惊悚 悬疑,159,75,英语,斯坦利·库布里克,阿图尔·施尼茨勒,汤姆·克鲁斯 妮可·基德曼 悉尼·欧文·波拉克 玛丽·理查德森 拉德·舍博德兹加 托德·菲尔德 凡妮莎·肖 艾伦·卡明 斯凯·杜·蒙特,超级帅哥汤姆·克鲁斯出演大尺度情欲电影,医生威廉姆携太太参加他的一位主顾――当地一个名流——家里举行的晚会时，巧遇了他的一位大学同学——在晚会上担任钢琴师的尼克。当晚，威廉姆因公外出。料理完公事后，他在一家酒吧再次遇到了尼克，尼克告诉了他有这样一个秘密舞会：在舞会上，所有的人都穿着晚礼服，戴着面具，到处都是裸体的美女。威廉姆禁不住好奇，再三乞求尼克，尼克告诉了他举行那个舞会的地址和入门的暗语。威廉姆匆匆准备后，展开了一次如幻如梦的冒险之旅。过程充满了诡异和神秘，背后的玄机更是令人无法参透。
情感价值,2025,2025-09-26,剧情,133,75,书面挪威语,约阿希姆·提尔,埃斯基尔·沃格特,雷娜特·赖因斯夫 斯特兰·斯卡斯加德 Inga Ibsdotter Lilleaas 艾丽·范宁 安德斯·丹尼尔森·李 加斯帕·克里斯滕森 Lena Endre 科里·迈克尔·史密斯 Catherine Cohen,爱，总是支离破碎。,Nora和Agnes与疏远的父亲——魅力非凡的导演Gustav重聚。这位昔日名导试图让舞台剧演员Nora参演自己寄予厚望的复出之作，却遭女儿拒绝。Nora很快发现，父亲已将她的角色转给了一位野心勃勃的好莱坞新星。突如其来的变故迫使两姐妹直面与父亲的复杂纠葛，而这位美国明星的加入，更让本就微妙的家庭关系陷入新的波澜。
告诉蜜蜂,2019,2019-07-19,爱情 剧情,106,75,英语,Annabel Jankel,Fiona Shaw,安娜·帕奎因 霍利迪·格兰杰 埃蒙·埃利奥特 Steven Robertson Lauren Lyle Gregor Selkirk 凯特·迪基 比利·博伊德 Euan Mason,Some secrets are too powerful to keep.,故事发生在20世纪50年代的英格兰，莉迪亚（荷丽黛·格兰杰 Holliday Grainger 饰）是生活在那里的一位非常平凡的主妇，在遭到丈夫的无情抛弃后，莉迪亚无奈之下和儿子查理开始了相依为命的拮据生活。因为家庭的原因，查理在学校里饱受欺凌，母子两人生活屡屡走入绝境。
歪小子斯科特对抗全世界,2010,2010-08-13,动作 喜剧 爱情,113,75,英语,埃德加·赖特,迈克尔·巴考尔,迈克尔·塞拉 玛丽·伊丽莎白·温斯特德 爱伦·王 基兰·卡尔金 艾莉森·皮尔 马克·韦伯 约翰尼·西蒙斯 杰森·薛兹曼 安娜·肯德里克,An epic of epic epicness.,"斯科特·皮尔格林的生活是令人羡慕的、也是非常精彩的。23岁的他居住在多伦多，他的工作是在一个名为""性感炸弹""（Sex Bob－omb）的摇滚乐队里担任贝斯手。最近，斯科特有点春风得意，因为他刚刚邂逅了他的梦中女神——还是高中生的可爱女孩，劳梦娜·福尔劳斯。他们俩现在正在甜蜜的约会阶段，看起来一切都那么美好。随着斯科特和劳梦娜的关系越来越好，斯科特和劳梦娜的7个前朋友发生了""遭遇战""，其中有我玩滑板的高手、有素食主义的摇滚明星、还有长得一模一样的双胞胎。为了能和劳梦娜长长久久地相处在一起，斯科特必须在他们消灭自己之前消灭他们。"
鸟！鸟！鸟！,2000,2001-11-02,动画 家庭 喜剧,4,75,英语,拉夫·埃格尔斯顿,,拉夫·埃格尔斯顿,,不速之客大笨鸟的到来打破了他们的争吵，小鸟们突然团结起来，一致对外，对大笨鸟冷嘲热讽，甚至打算齐心合力把它排挤出去。可就在成功在即之时，意外发生了~
法外之徒,1964,2015-06-13,犯罪 剧情 喜剧,97,75,法语,让-吕克·戈达尔,多洛雷斯·希钦斯,Anna Karina 克劳德·布拉瑟 Sami Frey Danièle Girard Louisa Colpeyn Chantal Darget Georges Staquet Ernest Menzer Jean-Claude Rémoleux,一部集悬疑追踪、扑朔迷离、跌宕起伏于一体的狂野之作！,继《筋疲力尽》问世四年后，让-吕克·戈达尔以更激进的手法重构了黑帮电影范式。在这部作品中，两名躁动不安的年轻男子鼓动他们共同倾慕的女子协助实施一场发生在她自己家中的抢劫。这部兼具大胆锋芒与迷人影趣的法国新浪潮瑰宝，既流露着伤感情调又充满自由不羁的气质，既闪耀着浪漫星光又萦绕着淡淡哀愁。戈达尔在此片中创造了诸多影史留名的经典段落：卢浮宫内的狂奔场景与那段挥之不去的麦迪逊舞片段，已然成为电影史上永恒的时代印记。
游戏规则,1939,1939-07-09,剧情 喜剧 爱情,106,75,法语,让·雷诺阿,卡尔·科赫,让·雷诺阿 马塞尔·达里奥 Nora Gregor Julien Carette Roland Toutain Paulette Dubost Gaston Modot Mila Parély Anne Mayen,,被视作影史不朽经典，导演让·雷诺阿以喜剧礼仪为外衣，对腐朽法国社会展开尖锐批判。影片通过描绘侯爵乡间别墅的一次周末聚会，层层剥开这群上流社会熟人光鲜表象下的丑陋真相。该片命运跌宕起伏：1939年首映时因观众激烈反对而遭遇删减，原始底片更在二战期间被毁；直至1959年才得以重建修复。如今呈现的版本，正是数十年来持续震撼世人的光影奇迹。[标准收藏公司]
汉娜姐妹,1986,1986-02-07,喜剧 剧情,107,75,英语,伍迪·艾伦,,米娅·法罗 芭芭拉·赫希 黛安·韦斯特 伍迪·艾伦 迈克尔·凯恩 劳埃德·诺兰 莫琳·保拉·奥沙利文 凯丽·费雪 朱莉·凯夫纳,两个感恩节之间的故事。,一部围绕三姐妹及其情感纠葛展开的喜剧群像。
待客之道,1923,1923-11-19,喜剧 爱情,73,75,英语,巴斯特·基頓,约翰·G·布莱斯通,巴斯特·基頓 乔·罗伯茨 Natalie Talmadge Francis X. Bushman Jr. Craig Ward Joe Keaton Kitty Bradbury Buster Keaton Jr. Erwin Connelly,一部温情脉脉的喜剧。,美国曾经有“家族世仇”的传统，马凯和康菲尔就是两个世代仇杀不止的家族，1810年，约翰·马凯与詹姆斯·康菲尔在雨夜中交火，双双身亡。约翰的遗孀为了让儿子摆脱世仇，带幼子远赴纽约生活，而詹姆斯的父亲则发誓将两个孙子养大以后报仇。  二十年后，威利·马凯（巴斯特·基顿 Buster Keaton 饰）长大成人，他要赶回老家继承父亲的遗产，在经历了一场缓慢又状况百出的火车旅行之后，威利与同行的姑娘维吉妮亚结为朋友。到达目的地的威利拜访维吉妮亚家，而这位姑娘居然是康菲尔一家的小女儿，维吉妮亚的两个哥哥在知晓威利身份以后要加害他，但是“待客之道”的传统让他们不能在家中下手，于是威利赖在康菲尔家中以求自保……
超级无敌掌门狗：月球野餐记,1990,1994-06-24,家庭 动画 喜剧 科幻 冒险,24,75,英语,尼克·帕克,,Peter Sallis,A great day to go and get some cheese.,对于喜爱奶酪的华莱士（皮特·塞利斯 Peter Sallis 配音）和阿高来说，没有奶酪的日子简直难以想象。这次，我们的天才华莱士竟然认定奶黄色的月亮上有取之不尽用之不竭各种口味的奶酪，于是找来材料和工具，开始制作宇宙飞船。费了九牛二虎之力，宇宙飞船终于轰鸣着飞往月球。在月球上，奶酪真的随处都是，华莱士挑剔地寻找着最爱的口味，期间意外遇到一台投币机器人。谁知机器人并不喜欢外来者掠夺月球奶酪的行为，他想方设法出去华莱士一行。而贪吃华莱士全然不知危险正向他靠近……
欢乐糖果屋,1971,1971-06-30,家庭 奇幻 喜剧,100,75,英语,Mel Stuart,罗尔德·达尔,吉恩·怀尔德 Jack Albertson Peter Ostrum Roy Kinnear 朱莉·道恩·科尔 Leonard Stone Denise Nickerson Nora Denney Paris Themmen,It's scrumdidilyumptious!,著名糖果商威利·旺克（吉恩·怀尔德 Gene Wilder 饰）公布了一条让世界震惊的喜讯，他将挑选五名幸运儿参观自己的糖果厂，其中一人将成为终身享用“旺克巧克力”特权的人。出身贫寒的小男孩查理·毕奇（彼得·奥斯图姆 Peter Ostrum 饰）幸运的成为了第五位人选。从小吃不到糖果的查理欣喜若狂，满怀期待的他带上了自己的爷爷乔（杰克·艾伯森 Jack Albertson 饰），开始了这段甜蜜的神奇之旅。而一位邪恶的陌生人正在蛊惑孩子们，谁能为他偷来糖果，就会让谁富有起来。旺克带领孩子们畅游着神奇的糖果厂，然而面对糖果的诱惑，其他四个孩子都接二连三的不见了，最后只剩下查理和他的爷爷乔。  　　本片根据罗尔德·达尔的同名小说改编而成，荣获英国第四频道评选的“最优秀的家庭电影”第八名。 ©豆瓣
狼与狮子,2021,2022-02-25,家庭 冒险 剧情,99,75,英语,Gilles de Maistre,Prune de Maistre,莫利·库斯 格雷厄姆·格林 查理·卡里克 德里克·约翰斯 丽贝卡·克罗尔 里斯·斯莱克 埃文·布林 丹尼尔·布罗丘 维克多·康富特,An unlikely friendship. An incredible adventure.,年轻钢琴家艾玛(莫利·库斯 饰)在祖父过世后回到祖父的小屋，意外和幼狮、小灰狼成为好朋友。想不到这件事被发现后，狮子和灰狼被送到马戏团和科学家那做研究。他们该怎么回到彼此身边？
怒海潜将,2000,2000-11-09,剧情,129,75,英语,小乔治·蒂尔曼,斯科特·马歇尔,罗伯特·德尼罗 小库珀·古丁 查理兹·塞隆 安洁纽·艾莉丝-泰勒 哈尔·霍尔布鲁克 迈克尔·拉帕波特 鲍尔斯·布特 大卫·基思 杜莱·希尔,History is made by those who break the rules.,卡尔-布拉希尔出生于一个贫苦的黑人小佃农家庭，年青时的他深深地被美国海军所吸引，应征进入军队服务，初入军营的他发现，在海军内部并非如他所想象的那样美好，处处都有种族歧视的阴影，就连舰艇乘员这样的工作都要将黑人排除在外。严酷的现实并没有让卡尔-布拉希尔放弃自己的理想，他立志要成为一个不平凡的人。在他见到了比尔-森迪(罗伯特-德尼罗饰)之后，这个黑人青年便狂热地着迷于当一名潜水员从事搜救工作。卡尔-布拉希尔几乎花了两年的时间四外游说，积极争取，才得以有机会参加海军潜水训练计划，他遇到的教员不是别人正是森迪。这是一个十分顽固的家伙，竭力想劝阻布拉希尔退出这个从来没有黑人加入的行当。但布拉希尔顽强地坚持了下来，他用自己的行动一举打破了白人独占潜水领域的局面，突破了海军中最为严格的种族界线，并进入美国海军的潜水精英——深海潜水搜救部队。
呆头鹅,1972,1972-05-04,喜剧 爱情,85,75,英语,Herbert Ross,伍迪·艾伦,伍迪·艾伦 黛安·基顿 托尼·罗伯茨 Jerry Lacy Susan Anspach Jennifer Salt Joy Bang Viva Susanne Zenor,"""It's still the same old story, a fight for love and glory.""*",由伍迪·艾伦编著并主演的本片，描述一名亨佛莱鲍嘉的大影迷，整天梦想自己成为鲍嘉，连妻子也受不了离他而去，于是他找寻新的伴侣，结果找到了朋友的妻子。导演赫伯特·罗斯把此片从亨佛莱鲍嘉在《北菲谍影》里的形象发展出来，压轴戏完全重复了《北菲谍影》的场面，但情节却恰恰相反，因而制造出不可言喻的幽默妙趣。其中更有伍迪·艾伦的精彩表演，对于伍迪·艾伦的影迷而言，此片是非看不可。
浪潮,2008,2008-03-13,剧情 惊悚,107,75,德语,丹尼斯·甘塞尔,Todd Strasser,约根·沃格尔 弗雷德里克·劳 马克斯·里梅尔特 詹妮弗·乌尔里希 克里斯蒂安娜·保罗 埃利亚斯·穆巴里克 克里斯蒂娜·多·雷戈 雅各布·马申茨 马克西米利安·沃尔马尔,Their teacher became their leader. His students became his soldiers.,赖纳•文格尔 是德国某所高中的老师，该学校正在进行“国家体制”的主题活动周。由于他最喜欢的“无政府主义”课被另一位老师捷足先登，因此他只能主讲“独裁统治”课程。 对于自由散漫的学生们来说，任何课程都只是为了学分而上。他们在课上大声聊天，无心听讲。文格尔别出心裁提出假想“独裁”的实验。在为期一周的实验中，文格尔被置于至高无上的地位，学生们对他要绝对服从。从最初的玩乐心态，这些青年男女渐渐沉湎这个名为“浪潮”的组织中，他们体会到集体和纪律的重要性，却在不知不觉中滑向了“独裁”与“纳粹”的深渊……
野梨树,2018,2018-06-01,剧情,188,75,土耳其语,Nuri Bilge Ceylan,Ebru Ceylan,Doğu Demirkol Murat Cemcir Bennu Yıldırımlar 哈扎尔·埃尔居奇吕 Serkan Keskin Tamer Levent Akın Aksu Ahmet Rıfat Şungar Kubilay Tunçer,"All these small-minded, bigoted people like peas in a pod.",志在成为作家的锡南（艾登·多古·德米科尔 饰）大学毕业后回到家乡，希望能凑足资金出版自己的第一部小说。他在镇上徘徊，遇到旧日恋人与固执的守旧派，并发现自己年轻的抱负与那位赌博成瘾的父亲（穆拉特·杰姆吉尔 饰）被搁置的梦想愈发冲突。当他的幻想与现实交织，锡南不得不与塑造了他身份的人们和这片土地展开周旋。
无语问苍天,1971,1971-08-04,战争 剧情,112,75,英语,达尔顿·特朗勃,路易斯·布努埃尔,提摩西·玻特姆斯 Kathy Fields 玛莎·亨特 杰森·罗巴兹 唐纳德·萨瑟兰 查尔斯·麦格劳 Sandy Brown Wyeth Don 'Red' Barry Peter Brocco,The most shattering experience you'll ever live.,由著名剧作家多尔顿·特朗博执导，讲述第一次世界大战期间，美国青年强尼出征欧洲战场受重伤，他的脸部，四肢都被炮弹炸坏了。而他只有代号“407”。但他还有清楚的意识，完整的记忆力，他被送入后方的陆军医院。他在病床上想着他的爱人、双亲、妹妹们。新来的护士是一个温柔的女性，强尼与她交谈则用头敲枕头，发出电报似的信号。但随着护士的离去，一切希望都没有的407躺在黑暗里心里叫着“我不能这样活下去”……
怦然心动,1998,1998-10-16,爱情 剧情 喜剧,185,75,印地语,Karan Johar,,沙鲁克·汗 卡卓儿 拉妮·玛克赫吉 Sana Saeed 法莉達·賈勒爾 萨尔曼·汗 喬尼·裏沃 Archana Puran Singh 阿努潘·凯尔,Love is Friendship.,Tina因为难产而选择自己离开人世而保住女儿，并给女儿留下了八封信。女儿Anjali八岁时，收到了母亲的最后一封信，信中讲述了她的父母以及另一个叫Anjali的女孩之间的故事，而那也是她为何给她的女儿取名为Anjali的原因。在大学时代，Tina和Anjali同时爱着Rahul，但Rahul却只把Anjali当成最好的朋友，而同时深爱着Tina。当看到Rahul和Anjali互相奔跑着来到各自面前，然后说出“I LOVE YOU”，Rahul只是为了在跟Tina表白之前练习一下，而Anjali却表达的自己的真实想法，当Rahul问她可不可以现在就去向Tina表白的时候，她抱着他，头偎在他肩膀上，眼里噙满了泪水；当他放开她在雨里，然后奔向Tina的时候，anjali的世界坍塌了。最好anjali收拾了行囊，想要默默地离开，当他追到车站想把她留下来，但是她却忍着痛苦祝福他和Tina；多年以后，他们再次相遇是因为Rahul和Tina的女儿小Anjali的刻意安排，他们互相不知所措，而Anjali已经不再像大学里那么风风火火，穿着纱丽变得非常美丽动人，可是那时候Anjali已经和Aman订婚了，Aman是个深爱她的男人，但是她嫁给他却只是妥协，当他们的婚礼举行的时候，Aman才从Anjali的眼神里看到的爱意，但却不是为了他，而是因为Anjali的初恋Rahul来到了现场，Aman拖着新娘来到大厅中间，对她说“我从你眼里看到爱意是第一次，但却不是因为我”……
罗宾历险记,1938,1938-05-13,冒险 爱情 历史,102,75,英语,威廉·杰克逊·基利,迈克尔·柯蒂斯,Errol Flynn 奥利维亚·玛丽·德·哈维兰 Basil Rathbone 克劳德·雷恩斯 Patric Knowles Eugene Pallette 艾伦·海尔 Melville Cooper Ian Hunter,激动人心的冒险...惊心动魄的危险...扣人心弦的悬疑...这部经典冒险巨制正席卷银幕！,三十年代巨星埃洛弗林最佳代表作，标志着当年冒险动作娱乐片的最高水准。故事描述十二世纪英国狮心王李察统治期间，罗宾汉受到迫害，落草为寇，专门劫富济贫，成为广受尊崇的侠盗。小约翰为首的一群绿林好汉亦被他收服。另一方面，邪恶的王子对罗宾汉步步进逼，为了美女马丽安的安危，两人展开了生死斗。导演米高寇蒂斯和威廉莱年利善用好莱坞的制作支持，将全片拍出了雄伟气势，动作场面的设计亦十分可观。主要演员包括奥丽薇哈佛兰、阿伦海尔等均有精彩演出。
义犬救主,2022,2022-03-17,家庭 剧情,93,75,英语,Katt Shea,Squire D. Rushnell,格兰特·古斯汀 斯科特·沃尔夫 凯拉·赞德尔 卡米尔·沙利文 汤姆·麦克比斯 莎朗·泰勒 艾琳·佩德 裘德·卡勒姆-基斯 贾科莫·贝萨托,,一名州警与收容所一只不起眼的狗狗 — 聪明又淘气的露比 — 成为搭档，追寻着加入 K-9 部门的梦想。根据真实故事改编。
僵尸高校2,2020,2020-02-14,奇幻 爱情 电视电影,84,75,英语,保罗·霍恩,大卫·莱特,梅格·唐纳利 米洛·曼海姆 钱德勒·金尼 特雷弗·托德曼 Kylee Russell 卡拉·杰弗里 皮尔斯·乔扎 阿芮尔·马丁 Kingston Foster,There's a new pack in town,西布鲁克高中的学生艾迪森和泽德持续冒险，他们萌芽的爱情受到狼人到来的威胁。
花木兰,2009,2009-11-27,冒险 剧情 动作,115,75,汉语,马楚成,张挺,赵薇 陈坤 胡军 房祖名 李玖哲 Vitas 徐娇 刘玥霏 于荣光,Warrior. Princess. Legend.,魏国与北方蛮族柔然连年交战，老单于心存退意，但是其子冒顿（胡军 饰）生性暴戾，意图吞并中原。为御外敌，魏国征召壮丁入伍，为国效忠。考虑到父亲花弧年迈病重，其女花木兰（赵薇 饰）毅然决定女扮男装、替父从军。在军中，木兰因有昔日玩伴小虎（房祖名 饰）做掩护，尚未露出破绽。一次偶然的机会，副营长文泰（陈坤 饰）发现了木兰的秘密，但见她为人正直功夫了得，所以替她隐瞒身份。后来，文泰与木兰并肩作战，屡破柔然大军，立下战功，均获封将军。不过，文泰发现木兰在战场上感情用事极为冲动，遂借故诈死，逼其独当一面。此时，屡战屡败的柔然部落已萌生退意，但冒顿一意孤行，不但剿杀异己，甚至手刃其父，自立为单于，发誓要扫平中原。门独面对的最大对手就是木兰领衔的魏国守军，一场惊心动魄的生死大战由此展开……
余生的第一天,2008,2008-07-23,剧情,114,75,法语,Rémi Bezançon,,Jacques Gamblin 扎布·布莱特曼 黛博拉·弗朗索瓦 Marc-André Grondin 皮奥·马麦 Roger Dumas Cécile Cassel 斯坦利·韦伯 Sarah Cohen-Hadria,This family is your family,罗贝尔是计程车司机，他和妻子玛丽·让娜是一对恩爱和睦的夫妻，一家五口住在郊区一座花园洋房里。他们家三个小孩的性格完全不同，老大阿尔贝有责任感、生命力很强、经常挑战父亲的权威。  　　老二拉法埃尔总是把事情拖到第二天才做。至于女儿弗洛尔正若无其事地经历她的苦闷期，乖巧的小女儿已经变成了一个叛逆少女。
幸运数字斯莱文,2006,2006-04-07,剧情 惊悚 犯罪 悬疑,110,75,英语,Paul McGuigan,杰森·斯米洛维奇,乔什·哈奈特 摩根·弗里曼 本·金斯利 刘玉玲 布鲁斯·威利斯 斯坦利·图齐 麦凯尔泰·威廉逊 彼得·奥特布里奇 迈克尔·鲁本菲尔德,Wrong time. Wrong place. Wrong number.,老实巴交的乡下小子斯莱文（乔什·哈奈特）一心想着到大都市纽约去实现自己的梦想。然而，令他万万没有想到的是，那里竟隐藏着重重的杀机，在等待着他。他的生活也就此发生了翻天覆地的改变。 　　斯莱文和纽约的好友尼克约定之后，独自乘航班来到纽约。这座国际大都市简直令斯莱文无法适应。似乎连与人相处都成了问题。当他按地址找到好友尼克的公寓之后，却发现尼克这里已经是人去楼空。而无处可去的斯莱文只好先住在这里等待尼克的出现。稍显孤独的斯莱文却有幸结识了同住在公寓中隔壁邻居的漂亮女孩琳德塞（刘玉玲），正当孤单小子正准备沉浸在与邻家女孩的温馨浪漫中时。一场大祸即将降临，这就是那个叫尼克的小子为斯莱文埋下了天大的祸根。一时间，被误认为是尼克的斯莱文，成了纽约城里两大黑帮帮派的关注对象。 　　黑人老板（摩根·弗里曼）以及另一伙黑社会团伙老大拉比（本·金斯利）都欲从尼克小子的口里得到些什么。然而，倒霉的斯莱文却丢失了能证明自己非尼克的一切证据，因此，只能在万口难辨的情况下忍受着各种皮肉之苦。甚至，这场不管是尼克还是斯莱文卷入的黑帮内部谋杀案中引来了本地着名的职业杀手古德凯特先生（布鲁斯·威利斯）的加入。一场混乱的黑帮狗咬狗事件在假尼克的搅和下愈发的杂乱无章了……
灯塔,2019,2019-10-18,剧情 奇幻 惊悚,109,75,英语,罗伯特·艾格斯,Max Eggers,罗伯特·帕丁森 威廉·达福 瓦莱里娅·卡拉曼 洛根·霍克斯 凯拉·妮可 Shaun Clarke Pierre Richard Preston Hudson Jeff Cruts,There is enchantment in the light.,一段如梦似幻又令人恍惚的传说，讲述19世纪90年代新英格兰某座偏远神秘岛屿上，两位灯塔看守人困守孤岛的故事。
穷山恶水,1974,1974-03-24,犯罪 剧情 爱情,94,75,英语,泰伦斯·马力克,,马丁·辛 茜茜·斯派塞克 沃伦·奥茨 Ramon Bieri Alan Vint Gary Littlejohn John Carter Bryan Montgomery Gail Threlkeld,1959年，当多数人还在消磨时光时，基特与霍莉却在收割生命。,本片宣告了一位重要电影天才的诞生：泰伦斯·马利克。他对1950年代末臭名昭著的查尔斯·斯塔克韦瑟连环杀人案进行了印象式演绎，以连环杀手叙事为跳板，勾勒出一段隐晦的另类青春恋曲，由马丁·辛与茜茜·斯派塞克充满灵气且独具个性的演出倾情呈现。影片引入了许多后来让马利克赢得狂热追随的元素：对叙事与角色若即若离的描摹、非常规的旁白运用、人类暴力与自然景致的并置，以及对美国梦想与梦魇的诗意探询。这部处女作催生了无数模仿者，却无人能企及其那份奇特的崇高感。
回归,2006,2006-03-17,喜剧 剧情 爱情,120,75,西班牙语,佩德罗·阿莫多瓦,,佩内洛普·克鲁兹 Carmen Maura 洛拉·杜埃尼亚斯 Blanca Portillo Yohana Cobo Chus Lampreave 安东尼奥·德拉·托雷 Carlos Blanco 玛丽亚·伊莎贝尔·迪亚兹·拉戈,返回。,三代女性凭借善良、谎言和无尽的活力，在东风、烈火、疯狂、迷信甚至死亡的考验中顽强生存。
90年代中期,2018,2018-10-19,剧情 喜剧,86,75,英语,乔纳·希尔,,桑尼·苏尔季克 凯瑟琳·沃特斯顿 卢卡斯·赫奇斯 Na-kel Smith Olan Prenatt Gio Galicia Ryder McLaughlin 亚历克萨·德米 Fig Camila Abner,fall. get back up.,故事围绕上世纪90年代洛杉矶少年史蒂夫（苏基克饰）与他的滑板、冲浪朋友们的生活展开。沃特斯顿将饰演史蒂夫的单亲妈妈，赫奇斯饰演史蒂夫的哥哥。影片目前正在拍摄中。@豆瓣电影
帕丁顿熊2,2017,2017-12-08,冒险 喜剧 家庭,103,75,英语,保罗·金,托马斯·邦德,本·卫肖 莎莉·霍金斯 休·博纳维尔 玛德琳·哈里斯 塞缪尔·乔斯林 朱莉·沃尔特斯 休·格兰特 艾美达·斯丹顿 布莱丹·格里森,熊抱冬日 暖化人心,帕丁顿熊如今已快乐安定地融入布朗一家，并成为当地社区广受欢迎的成员。为给露西阿姨的百岁寿辰选购完美礼物，他接下一连串零工攒钱，不料礼物竟遭窃。
天堂之日,1978,1978-10-06,剧情 爱情,94,75,英语,泰伦斯·马力克,,理查·基尔 布鲁克·亚当斯 山姆·谢泼德 琳达·曼兹 罗伯特·约瑟夫·威尔克 Jackie Shultis 斯图尔特·马戈林 蒂莫西·斯科特 Gene Bell,她将手交给了一个人，心却给了另一个。,独具一格的电影哲人泰伦斯·马利克创造了上世纪最具视觉震撼力的影像诗篇，其中由奥斯卡获奖摄影师内斯托尔·阿尔门德罗斯掌镜本片，以其恢弘的时空悲剧气质尤为耀眼。1910年代中期，芝加哥钢铁工人意外杀害工头后，携女友与小妹逃往德克萨斯狭长地带，在一位沉默寡言的农场主麦田中谋得收割生计。三角恋情、蝗灾肆虐、地狱烈火——马利克以如梦似幻的真实感捕捉这一切，既铸就永恒的美国田园牧歌，亦成为世纪之交劳工境况的粗粝写照。
灰姑娘的三个坚果,1973,1973-11-16,奇幻 家庭 爱情,82,75,捷克语,Václav Vorlíček,František Pavlíček,Libuše Šafránková Pavel Trávníček Carola Braunbock Rolf Hoppe Karin Lesch Dana Hlaváčová Jan Libíček Vítězslav Jandák Jaroslav Drbohlav,,本片是捷克版的格林童话，与传统格林童话不同的是这个灰姑娘坚强并且机智。在一个村庄生活着一个美丽善良的姑娘，她生活很贫困可是却还是很善良和快乐。有一天得到了三个有魔法的坚果，靠着这三个有魔法的坚果和她的善良，她和英俊的王子结婚，从此以后过上了幸福快乐的生活。
硫磺岛的来信,2006,2006-12-20,动作 剧情 战争,141,75,英语,山下爱丽斯,克林特·伊斯特伍德,渡边谦 二宫和也 伊原刚志 加濑亮 中村狮童 渡边浩 坂东工 松崎悠希 山口崇,从日本士兵的角度看到的硫磺岛战役。,在这部《父辈的旗帜》的姊妹篇中，克林特·伊斯特伍德将镜头转向六十一年前在硫磺岛上抵御美军进攻的日本士兵与他们的将领，呈现了那段不为人知的故事。
非常宣言,2022,2022-08-03,动作 剧情 惊悚,140,75,朝鲜语,韩在林,,宋康昊 李炳宪 全度妍 金南佶 任时完 金素真 朴解浚 金宝敏 玄奉植,入座。,资深警探具仁浩队长（宋康昊 饰）收到一宗飞机恐怖袭击的情报，调查期间却发现疑犯柳镇锡（任时完 饰）早已秘密登机，更惊觉爱妻亦登上了同一航班，使他倍感担忧。柳镇锡于三万呎高空中散播生化病毒，令乘客逐一离奇死亡，虽然被患有飞机恐惧症的暖心爸爸朴在赫（李秉宪 饰）成功制伏，但已无法阻止致命病毒在机上传播。此时，以国土交通部部长金淑姬（全度妍 饰）为首的应变中心迅速成立，可惜各政府部门联手后还是无计可施…… 幸存的150名乘客被困机舱，惨变生化炸弹，同时机上燃料随时耗尽，机上众人生命危在旦夕！到底应该冒险展开救援让飞机迫降，还是要空中击落以遏止病毒传播全球？
芭比之真假公主,2004,2004-09-28,动画 家庭 喜剧,148,75,英语,罗丝·汉德勒,William Lau,Kelly Sheridan Melissa Lyons Julie Stevens 马克·海德斯 Mark Luna 亚历桑德罗·朱利安尼 马丁·肖特 Kathleen Barr 伊恩·詹姆斯·柯莱特,Singing in her first movie musical!,安娜公主不仅人长得漂亮，歌声也十分甜美。岂料这天邪恶的派文嘉趁大家不注意，绑架了美丽的安娜公主。当他们逃走时经过一处贫穷的小山村时，刚巧路过的村女爱丽嘉目睹了派文嘉的恶行，于是挺身而出救了公主。这时安娜公主才发现，爱丽嘉竟然和自己长得一模一样！与此同时，邻国的国王杜明尼经过这里，误将爱丽嘉认作了安娜公主，对她一见倾心。最终这对真假公主会怎么收场，有情人又能否终成眷属？
阴风阵阵,1977,1977-02-01,恐怖,91,75,意大利语,达里欧·阿基多,托马斯·德·昆西,杰西卡·哈珀 斯蒂芬妮娅·卡西尼 弗拉维奥·布奇 米格尔·波塞 芭芭拉·马尼奥尔菲 苏珊娜·亚维科利 伊娃·阿克森 鲁道夫·申德勒 乌多·基尔,唯一比这部电影的最后 12 分钟更恐怖的是前 80 分钟。,经典恐怖片，讲一个年轻的美国芭蕾舞学生到欧洲上芭蕾学校。她在一个大雨的夜晚来到德国一所有名的芭蕾舞学校，这是一家豪华的私立学校，但在堂皇的外表后面居然是一个女巫的魔窟，于是一系列的恐怖事件发生了。从她抵达校园的一开始目睹一名惊惶失措的女子跑出校园，接着就不断的听闻或目睹一连串怪异与谋杀的事件，整个学校像是被诅咒了一般，最后Suzy决定逃离这所学校所带来无法解释的一切怪异现象。
光荣战役,1989,1989-12-15,剧情 历史 战争,122,75,英语,爱德华·兹威克,凯文·雅尔,马修·布罗德里克 丹泽尔·华盛顿 加利·艾尔维斯 摩根·弗里曼 吉米·肯尼迪 安德鲁·布劳尔 约翰·芬恩 多诺万·莱奇 约翰·大卫·卡伦,他们的纯洁。他们的传承。他们的生命。,美国南北战争，白人军官罗伯特·古尔德萧（马修·布罗德里克 Matthew Broderick饰）在战斗中负伤，被一位名叫约翰·罗林斯（摩根·弗里曼 Morgan Freeman饰）的掘墓人发现送进了野战医院。在波士顿养病期间，罗伯特自愿接下了全部由黑人组成的“麻州第五十四兵团”指挥官的职务。然而面对种族歧视的严重偏见和白人同僚的冷嘲热讽，以及新兵瑞普（丹泽尔·华盛顿 Denzel Washington饰）的种种质疑，他毅然将一群从南方黑奴制度中脱逃至北方的乌合之众训练成一支纪律严明的部队。由他率领的黑人兵团“麻州第五十四兵团”，在南方的查尔斯坦战役中写下光辉的一页。然而罗伯特自己却在上战场攻坚时壮烈牺牲。
半梦半醒的人生,2001,2001-10-19,动画 剧情 奇幻,101,75,英语,理查德·林克莱特,,伊桑·霍克 朱莉·德尔佩 威利·威金斯 比尔·怀斯 亚历克斯·琼斯 史蒂文·索德伯格 肯·韦伯斯特 查尔斯·冈宁 罗蕾蕾·林克莱特,Dreams. What are they? An escape from reality or reality itself?,在这部动画剧情片中，一名男子漫步于可能是一场梦境的空间，在不同的情境与奇遇中穿梭。[福克斯探照灯影业]
罪人,2025,2025-06-16,恐怖 动作 惊悚,131,75,英语,瑞恩·库格勒,,迈克尔·B·乔丹 海莉·斯坦菲尔德 迈尔斯·卡顿 杰克·奥康奈尔 乌米·马萨库 杰米·劳森 奥马尔·本森·米勒 德尔罗伊·林多 李丽君,与魔鬼共舞。,《黑豹》《奎迪》导演瑞恩·库格勒执导，迈克尔·B·乔丹主演，带来恐惧的全新诠释。一对双胞胎兄弟（均由迈克尔·B·乔丹饰演）试图摆脱过去纷扰的生活，回到家乡寻求新生，却发现更深的邪恶正等待着他们的归来。
那些野兽,2022,2022-07-20,惊悚 剧情,138,75,法语,Rodrigo Sorogoyen,Isabel Peña,玛琳娜·佛伊丝 丹尼斯·梅诺切特 Luis Zahera Diego Anido Marie Colomb Machi Salgado David Menéndez Luisa Merelas José Manuel Fernández y Blanco,,一对移居西班牙乡间的法国夫妇（德尼·梅诺谢与玛丽娜·弗斯 饰）经营着一家有机农场。然而，在他们对土地世代耕耘的少数“山地人家”眼中，这对夫妇的热忱却散发着居高临下的优越感。本地人与外来者之间的紧张关系，最终在这部令人绷紧神经的惊悚片中爆发。
谍影重重,2002,2002-11-21,动作 剧情 悬疑 惊悚,119,75,英语,罗伯特·陆德伦,道格·里曼,马特·达蒙 弗朗卡·波滕特 克里斯·库珀 克里夫·欧文 布莱恩·考克斯 阿德沃尔·阿吉纽依-艾格拜吉 加布里埃尔·曼 朱丽娅·斯蒂尔斯 沃尔顿·戈金斯,他曾是完美武器 而今成为清除目标,杰森·伯恩（马特·达蒙 饰）在意大利被人从海上救起，他失去了记忆，除了臀部的瑞士银行帐号之外，他完全没有办法证明自己的身份。杰森从瑞士银行找到了大量的现金，六本护照，一把枪，同时他发现自己格斗、枪械、和语言等方面的能力，他开始追查自己的身份，并且把陌生女子玛丽（弗兰卡·泼坦特 饰）也卷了进来。两人从瑞士到巴黎，一路上受到神秘杀手组织的追杀，危机重重。杰森能否化险为夷，找到自己的真实身份？他是否有勇气面对真相？
吾爱吾师,1967,1967-10-27,剧情,105,75,英语,詹姆士·卡莱维,E.R. Braithwaite,西德尼·波蒂埃 Christian Roberts Judy Geeson 苏茜·肯道尔 Lulu Ann Bell Geoffrey Bayldon Faith Brook Patricia Routledge,一个像迷你裙里的女孩一样新鲜的故事……又像伦敦东区的孩子们一样坚强！,黑人影帝西德尼·波埃特脍炙人口的名作之一，他饰演一名中学教师，应聘到伦敦的公学任教，学生都是喜欢惹事生非的顽劣青年，甚至有人向他下面挑战。他施展浑身解数感化这群坏学生，终于赢得了应有的尊敬。
精武英雄,1994,1994-12-22,动作,103,75,汉语,陈嘉上,叶广俭,李连杰 中山忍 钱小豪 周比利 仓田保昭 秦沛 蔡少芬 楼学贤 高桥利道,"To avenge his master's death, He'll fight like never before!",20年代末，为完成师父的志愿，陈真（李连杰饰）到东洋学先进技术，他喜欢着日本女孩山田光子（中山忍饰）。因为师父霍元甲之死，陈真回到中国，协助师父之子霍廷恩（钱小豪饰）主持精武门的业务，不料却引起了他的妒忌，师兄弟之间引发权力之争。　　另一方面，陈真追查师父死因，怀疑是日军军官藤田刚（周比利饰）暗中使用慢性毒药杀死霍元甲。陈真请医生验尸，证实师父确系中毒而死。藤田刚恐阴谋败露，杀人嫁祸，展开了连场恶斗。不久，藤田刚挑战精武门，他诱使日本黑龙会总教头船越文夫向精武馆挑战。比武之日，双方开展了一场惊心动魄的决战。
亡命天涯,1993,1994-11-12,动作 惊悚 剧情,131,75,英语,大卫·杜西,Roy Huggins,哈里森·福特 汤米·李·琼斯 乔·潘托里亚诺 杰罗恩·克拉比 丹尼尔·洛巴克 拉文·斯科特·考德威尔 汤姆·伍德 罗恩·迪恩 Joseph F. Kosala,A murdered wife. A one-armed man. An obsessed detective. The chase begins.,本片改编自1960年代热门电视剧，讲述了理查德·金波医生（哈里森·福特 饰）被诬告谋杀妻子并定罪的故事。
这就是英格兰,2007,2007-04-27,剧情 犯罪,101,75,英语,肖恩·梅多斯,,托马斯·图尔戈斯 斯蒂芬·格拉汉姆 乔·哈特利 安德鲁·希姆 薇琪·麦克鲁尔 约瑟夫·吉尔根 Rosamund Hanson 安德鲁·埃利斯 佩里·本森,"Run with the crowd, stand alone, you decide.",故事发生在1983年，12岁的肖恩是一个在阴郁海滨小镇孤独成长的男孩，他的父亲死于福克兰群岛战争。当本地光头党群体接纳他时，他找到了新的男性榜样。在那里，他结识了康博——一个刚出狱、年长且充满种族主义的光头党。随着康博的帮派开始骚扰当地少数族裔，一场将肖恩从天真推向世故的成长仪式就此展开。[IFC Films]
我，花样女王,2017,2018-04-08,剧情 喜剧,120,75,英语,克雷格·吉勒斯佩,斯蒂芬·罗杰斯,玛格特·罗比 塞巴斯蒂安·斯坦 艾莉森·詹尼 朱丽安·尼科尔森 保罗·沃尔特·豪瑟 鲍比·坎纳瓦尔 博亚娜·诺瓦科维奇 Caitlin Carver Maizie Smith,Fitting in is overrated,坦雅·哈丁于1970年出生于美国俄勒冈州波特兰市的一个贫困家庭，并度过了艰难的童年。之后，她努力成长为专业女子花样滑冰运动员，曾在1991年世界花样滑冰锦标赛得到女子单人花样滑冰的银牌，1992年和1994年得到美国花样滑冰锦标赛女子单人花样滑冰的金牌。她也是女子滑冰史上第二位，美国第一位在比赛中完成三周半跳的运动员。坦雅·哈丁与另一位家境良好的花滑选手南茜·克里根(Nancy Kerrigan)被视作1994年利勒哈默尔冬奥会花滑项目金牌得主的有力竞争者。但就在奥运会前夕，南茜·克里根在更衣室外遭到不明人士袭击，膝盖受伤，而袭击者被证实为坦雅当时的丈夫杰夫·吉路雷。
蜜蜂的秘密生活,2008,2008-09-17,家庭 冒险 剧情,114,75,英语,吉娜·普林斯-拜斯伍德,Sue Monk Kidd,达科塔·范宁 奎恩·拉提法 詹妮弗·哈德森 艾丽西亚·凯斯 索菲·奥科内多 保罗·贝坦尼 海莉·柏顿 Tristan Mack Wilds 内特·帕克,"Bring Your Girlfriends, Sisters, Mothers and Daughters.",14岁的莉莉（达科塔·范宁 Dakota Fanning 饰）和父亲生活在自家的农场里，母亲的早逝为莉莉幼小的心灵蒙上了阴影，父亲也因此变得脾气暴躁郁郁寡欢。好在有黑人姑娘罗萨琳（詹妮弗·哈德森 Jennifer Hudson 饰）的陪伴，莉莉才能够健康的成长，罗萨琳成为了莉莉唯一的港湾。  　　在那个年代，对于黑人的歧视和迫害从未停止，无奈之下，罗萨琳和莉莉只得离开了熟悉的家园，千里迢迢来到了位于卡罗莱纳州南部的小镇上。在这里不仅有莉莉关于母亲的回忆，还有性格开朗的鲍莱特三姐妹。鲍莱特三姐妹经营着一间蜜蜂养殖场，在这里，五个姑娘开始了她们充满了快乐和幸福的新生活。
伟大的寂静,1968,1968-11-22,西部 剧情,106,75,意大利语,Sergio Corbucci,Mario Amendola,让-路易斯·特林提格南特 克劳斯·金斯基 Frank Wolff 路易吉·皮斯蒂利 Vonetta McGee Mario Brega Carlo D'Angelo Marisa Merlini Maria Mizar,His voice was the silence of death!,以洛科为首的一伙赏金猎人疯狂抓捕躲藏在美国犹他州utahn镇大雪山中的不法之徒。葆琳的丈夫成了洛科的最新受害者。于是她租来枪手“寂静”为丈夫复仇。“寂静”孩子的时候父母惨遭杀害，他还被割喉，所以他是一个哑巴枪手..
明日之战,2021,2021-09-03,动作 科幻 冒险,138,75,英语,克里斯·麦凯,扎克·迪恩,克里斯·帕拉特 伊冯娜·斯特拉霍夫斯基 J·K·西蒙斯 贝蒂·吉尔平 山姆·理查森 埃德温·霍奇 洁丝敏·马修斯 瑞安·基拉·阿姆斯特朗 基思·鲍尔斯,The fight for tomorrow begins today.,2022年地球收到一份来自未来的召唤：30年后的地球遭遇未知物种的攻击，面临灭种危机，为了拯救地球，丹被招募为战士去到未来，支持地球上人类的最后一战。直到亲眼所见，丹才终于知道人类所面临的对手竟是是以人为食的残暴怪兽………关乎人类存亡的最后一场大战拉开帷幕......
白丝带,2009,2009-09-17,剧情 悬疑,144,75,德语,迈克尔·哈内克,,克里斯蒂安·弗里德尔 Ernst Jacobi 莉奥妮·贝尼希 乌尔里希·图库尔 Fion Mutert Ursina Lardi 布尔格哈特·克劳斯纳 斯特菲·库内特 Maria Dragus,,德国北部一个新教村庄。1913-1914年。第一次世界大战前夕。故事围绕乡村教师带领的唱诗班里的孩童与少年，以及他们的家庭展开：男爵、管家、牧师、医生、助产士、租户。离奇事故接连发生，逐渐显露出一种惩戒仪式的特征。幕后黑手究竟是谁？乡村教师观察着、调查着，一点一点揭开了不可思议的真相。我们是否被引导去思考：这些事件是否预示了多年后纳粹德国崛起时将爆发的一切？其中是否已埋下后续悲剧的种子？
死亡论文,1996,1996-04-11,恐怖 惊悚,125,75,西班牙语,亚历桑德罗·阿曼巴,马特奥·希尔,Ana Torrent 费勒·马丁内斯 诺列加·戈麦斯 Xabier Elorriaga Miguel Picazo Nieves Herranz Rosa Campillo Paco Hernández Rosa Ávila,My name is Ángela. They're going to kill me.,女大学生安吉拉（安娜·托伦特 Ana Torrent 饰）正在撰写一篇关于视听暴力的论文，她的教授在为她收集资料的时候心脏病突发死亡。安吉拉觉得事有蹊跷，偷偷从案发现场拿走了教授死亡前正在看的一卷录像带。切玛（费雷·马丁内兹 Fele Martínez 饰）对暴力录像研究颇深，安吉拉带着录像带向他求助。他告诉安吉拉，其中录制的惨绝人寰的暴力行径为真实拍摄，并且受害者很可能就是他们失踪已久的校友凡妮莎。 为了得到真相，安吉拉和切玛四处奔波渐渐产生了感情。他们找到了凡妮莎的男友博斯克（爱德华多·诺列加 Eduardo Noriega 饰），没想到博斯克却把矛头指向了切玛。夹在两个男人之间的安吉拉究竟应该相信谁？一个小小的细节暴露了全部真相，当恶魔展现出他的真正面目，“天使”安吉拉还能够幸免于难吗？
魔鬼代言人,1997,1997-10-17,恐怖 剧情 悬疑,144,75,英语,泰勒·哈克福德,安德鲁·内德曼,基努·里维斯 阿尔·帕西诺 查理兹·塞隆 杰弗里·琼斯 朱迪思·艾维 康妮·尼尔森 克雷格·西奥多·尼尔森 塔马拉·图尼 鲁本·圣地亚哥-哈德森,The newest attorney at the world's most powerful law firm has never lost a case. But he's about to lose his soul.,凯文（基努·里维斯Keanu Reeves 饰）是个保持不败记录的年轻律师，一个又一个案子在他的辩护下得以胜诉。但与此同时，他也逐渐地意识到自己为之洗脱罪名的客户并非清白。同时有娇妻玛丽相伴，事业有为的他宛如生活在天堂一般。受到纽约著名事务所的邀请，他携妻子来到纽约。奢华的生活近在眼前，一切似乎都昭示着明天的坦途与光明。老板米尔顿（艾尔·帕西诺Al Pacino饰）对凯文非常赏识，不断地委以重任，同时也带他见识了五光十色的世界。面临着工作的压力和色情，名利各个方面的诱惑，凯文渐渐的迷失在生活中，和玛丽住着豪宅，手上有花不完的钞票，甚至忽视了妻子精神上的反常。但是，玛丽却渐渐地感到与凯文疏远了，而且生活的并不幸福。玛丽总是能看到诡异的情景，而且整个人的精神都彻底崩溃了。在强大的压力下，玛丽选择了自杀。直到失常的妻子自刎在他的臂弯中，凯文才猛然意识到身边的危机。凯文愤怒地去找米尔顿，指责米尔顿给他设下陷阱。同时，凯文从母亲那里得到了一个惊人的秘密，原来凯文任职的那家律师行的老板米尔顿，就是自己的父亲。气愤的凯文去找米尔顿报仇。当他开枪射向米尔顿的时候，米尔顿却毫发无损。原来米尔顿就是撒旦，他要让整个世界变为已有。米尔顿还有个女儿克丽丝塔，她是罗麦斯同父异母的孩子。然而，究竟是魔鬼的诱惑还是内心的虚荣将凯文引向今日的迷雾与深渊？自由意志下凯文又会做出怎样的抉择？
功之怒,2015,2015-05-28,动作 喜剧 科幻 奇幻,30,75,英语,David Sandberg,,David Sandberg 乔玛·塔科内 Leopold Nilsson Andreas Cahling Helene Ahlson Eos Karlsson Eleni Young Erik Hörnqvist Per-Henrik Arvidius,It takes a cop from the future to fight an enemy from the past.,"《KungFury》（中译名《功之怒》）是一部以80年代警匪片为背景，并包含了功夫、机器人、恐龙、纳粹、雷神、维京海盗、时空穿越、80年代电子游戏、80年代动作片、变种犀牛人等等等等元素于一体的名副其实的神片。众多的复古元素、高大上的特效、合不拢的脑洞和全程高能，好听到爆的80年代电子音乐，绝对让你在看完预告片后欲罢不能。  　　本片是David Sandberg自导自演的一部短片，2013年12月他在Kickstarter上发起集资，集资目标是20万美元，最终筹集到630,019美元， 但因为没有达到100万美元的长片集资目标，所以最后选择制作成30分钟的短片。"
小亚细亚往事,2011,2011-09-23,剧情 犯罪,163,75,土耳其语,Nuri Bilge Ceylan,Ercan Kesal,Muhammet Uzuner Yılmaz Erdoğan Taner Birsel Ahmet Mümtaz Taylan Fırat Tanış Ercan Kesal Erol Eraslan Burhan Yıldız Murat Kılıç,,"在小镇生活，犹如穿行于草原腹地：总以为每一座山丘背后都会涌现""崭新而不同""的事物，可它们却无一例外地归于相似——或渐次消逝，或悄然隐没，或在单调的道路上无尽徘徊。[NBC影业]"
圣诞颂歌,1984,1984-10-09,剧情 奇幻 电视电影 家庭,101,75,英语,克莱夫·唐纳,查尔斯·狄更斯,乔治·坎贝尔·斯科特 罗杰·里斯 大卫·华纳 苏珊娜·约克 Edward Woodward Angela Pleasence Michael Carter 安东尼·沃尔特斯 卡罗琳·朗格里什,A new powerful presentation of the most loved ghost story of all time!,笑看吝啬鬼：狄更斯最脍炙人口的作品，一译《圣诞颂歌》。其中一些情节成了圣诞节的风俗，主人公Scrooge的名字也被收入字典，成为“吝啬鬼”的代名词。斯克鲁奇富有却从没有高兴的时候，他习恨圣诞节，因为这天他不能赚钱。平安夜晚上，他死去七年的生意伙伴另一个吝啬鬼的鬼魂和三个幽灵先后拜访了他，使他了解了生命的意义……圣诞节的早晨他的心情犹如阳光般明媚。
吉尔达,1946,1946-04-25,爱情 剧情 惊悚,110,75,英语,Charles Vidor,Marion Parsonnet,丽塔·海华斯 格伦·福特 乔治·麦克雷迪 约瑟夫·卡莱亚 史蒂文·杰雷 Joe Sawyer Gerald Mohr Mark Roberts Ludwig Donath,There NEVER was a woman like Gilda!,午夜时分，在一条幽静的小巷里，乔尼边走边数着刚刚赌博赢来的钱，突然一把枪顶在了他的腰上，没等乔尼转身，持枪人重重地倒在了地上，杀死他的是一个穿黑风衣的男人，他告诉乔尼有兴趣的话可以到城边上的赌场玩玩。黑衣人就是那家赌场的老板叫巴利，为了答谢他的救命之恩，乔尼决定留在赌场为他工作。巴利从外面娶回一个叫吉尔达的女人，但他并不知道吉尔达是乔尼的前女友。几年前，乔尼没有任何理由便抛弃了她，从此吉尔达对他充满了痛恨。看得出巴利很爱吉尔达，于是乔尼隐瞒了这件事。可达吉尔为了报复乔尼，总是故意当着他的面向别的男人卖弄风情，还时常夜不归宿。为了维护巴利，乔尼不断警告吉尔达收敛些，可巴利还是看出了什么。一天巴利告诉乔尼自己是一家非法垄断组织的成员，如果有一天自己出事了，希望他能照顾吉尔达并继续自己的生意。几天后，在警察的追捕中，巴利逃跑时乘坐的飞机坠入大海，无人生还。吉尔达继承了他的全部财产，在她的恳求下，乔尼重新接受了她，可他禁止达吉尔达跟任何男人接触。无发忍受的吉尔达多次尝试逃走，可每次都被乔尼抓了回去。警察很快盯上了乔尼，并以非法经营赌场为由逮捕了他，逼他说出垄断组织的其他成员。就在这时，巴利突然出现了，原来他只是假死，由此来为自己争取时间，完成一桩大买卖。
给我翅膀,2019,2020-08-22,冒险 家庭,113,75,法语,尼古拉斯·凡尼尔,Christian Moullec,让-保罗·卢弗 Louis Vazquez Mélanie Doutey Frédéric Saurel Lilou Fogli Grégori Baquet 多米尼克·皮诺 Philippe Magnan Ariane Pirié,父子以轻航机飞越北海 引领野雁迁徙的真实故事,科斯迪安（让-保罗·卢弗Jean-Paul Rouve 饰）是一名鸟类研究学者，对于鸟类学的热爱让他将毕生的精力都投入到了这个领域之中。失去了父母的白额雁无法学习迁徙的技巧，于是科斯迪安决定驾驶轻航指引幼鸟们从挪威迁徙到目的地法国。然而，在向巴黎博物馆申请经费时，科斯迪安却遭到了拒绝。托马斯（路尔斯·瓦兹奎兹 Louis Vazquez 饰）来到了父亲的农舍度假，刚开始，这个男孩并不理解为什么科斯迪安总是如此的关心鸟类，但随着时间的推移，托马斯也渐渐被神奇的鸟儿所吸引。一天，科斯迪安震惊的发现，托马斯私自驾驶轻航踏上了引导鸟类迁徙的旅途。
玩具总动员4,2019,2019-06-21,家庭 喜剧 动画 冒险,100,75,英语,乔什·库利,安德鲁·斯坦顿,汤姆·汉克斯 蒂姆·艾伦 安妮·波茨 托尼·海尔 科甘-迈克尔·凯 玛德琳·麦格劳 克里斯蒂娜·亨德里克斯 乔丹·皮尔 基努·里维斯,再遇玩伴 邂逅无限可能,伍迪一直坚信自己在世界上的位置，并始终将照顾孩子——无论是安迪还是邦妮——视为首要任务。因此当邦妮心爱的新手工玩具“叉叉”宣称自己是“垃圾”而非玩具时，伍迪毅然承担起引导叉叉认识玩具价值的责任。然而当邦妮带着全体玩具踏上家庭公路旅行时，伍迪意外遭遇转折，与失散多年的老朋友牧羊女宝贝重逢。多年来独立生活的宝贝，其冒险精神与漂泊生活的历练，与她精致的瓷娃娃外表形成了鲜明对比。当伍迪和宝贝发现彼此对玩具生活的理念天差地别时，他们很快意识到这竟是所有麻烦中最微不足道的一个。
时光尽头的恋人,2015,2015-04-24,爱情 奇幻 剧情,112,75,英语,Salvador Paskowitz,J·迈尔斯·古德洛,布蕾克·莱弗利 米歇尔·豪斯曼 哈里森·福特 艾伦·伯斯汀 凯西·贝克 阿曼达·克鲁 琳达·博伊德 Hugh Ross 理查德·哈蒙,Love is timeless.,布莱克·莱弗利(BlakeLively)饰演的阿戴琳，已经成家并有了一个女儿，她遭遇一场严重的意外事故，九死一生之后，离奇的事情也发生了，阿戴琳不再变老，年龄永远定格在29岁。长生不老听上去令人艳羡，但亲眼看着朋友和爱人老去的心痛却让阿戴琳无法忍受，为了保守秘密，也为了不再心碎，她开始独自一人生活。如此过了八十多年之后，与慈善家埃利·斯琼斯（米契尔·哈思曼饰）的一次偶遇，重新点燃了阿戴琳的生命和爱情，让她愿意放弃不朽的生命，坠入爱河。
关于伊丽,2009,2009-06-06,剧情,119,75,波斯语,阿斯哈·法哈蒂,阿扎德·贾法里安,格什菲·法拉哈尼 谢哈布·侯赛尼 佩曼·莫阿迪 梅里拉·扎雷 Ahmad Mehranfar 马尼·哈高希 Rana Azadivar 塔拉内·阿里杜斯蒂 Saber Abar,,一群中产阶级朋友从德黑兰出发前往海滨度周末。塞琵黛邀请了她女儿的教师伊莉同行，想将她介绍给刚离婚、现居德国的朋友阿默德。次日清晨，两位女士前往镇上购物时，伊莉称因母亲近期住院接受心脏手术必须返回德黑兰，但塞琵黛执意挽留并藏起了她的行李。孩子们在海边玩耍时，一位母亲请伊莉代为照看。突然，塞琵黛的女儿向正在打排球的男人们呼救——有个孩子溺水了。救起小男孩后，众人开始寻找伊莉：她究竟是溺水失踪，还是已独自返回德黑兰？伊莉到底遭遇了什么？
巴顿将军,1970,1970-04-02,战争 剧情 历史,172,75,英语,Franklin J. Schaffner,弗朗西斯·科波拉,乔治·坎贝尔·斯科特 卡尔·马尔登 斯蒂芬·杨 迈克尔·斯特朗 威廉·洛夫廷 Albert Dumortier 富兰克·拉铁摩尔 Morgan Paull 卡尔·迈克尔·沃格勒,The Rebel Warrior,这部荣获奥斯卡奖的传记片记述了美国乔治·S·巴顿将军的战时活动与成就，时间跨度从其参与北非战役开始，直至他因公开批评美国战后军事策略而被解除指挥职务为止。
科学怪人,1931,1931-11-21,剧情 恐怖 科幻,70,75,英语,James Whale,玛丽·雪莱,Colin Clive 梅·克拉克 John Boles 鲍里斯·卡洛夫 Edward Van Sloan Frederick Kerr Dwight Frye Lionel Belmore Marilyn Harris,The man who made a monster.,一位痴迷科学的学者利用掘出的尸块拼凑出一个生命体。
少狼：大电影,2023,2023-01-18,动作 奇幻 电视电影,140,75,英语,拉塞尔·穆卡希,Jeff Davis,Tyler Posey 克里斯塔尔·里德 霍兰德·罗登 泰勒·霍奇林 雪莱·亨尼格 JR·波恩 伊恩·鲍汉 科尔顿·海恩斯 林登·阿什比,包裹回来了。,当一个可怕的古老恶魔出现在比肯山时，狼群再次嚎叫。斯科特·麦考尔（Scott McCall）已不再是一名青少年，但仍然是一名阿尔法人，他必须召集新的盟友，重新团结可信的朋友，以反击这个强大而致命的敌人。
依然爱丽丝,2014,2014-12-05,剧情,101,75,英语,理查德·格雷泽,沃什·威斯特摩兰,朱丽安·摩尔 凯特·波茨沃斯 肖恩·麦克雷 亨特·帕里什 亚历克·鲍德温 塞思·吉列姆 克里斯汀·斯图尔特 斯蒂芬·昆肯 艾琳·达克,Live in the moment.,改编自同名小说《我想念我自己》内容简介：爱丽丝·豪兰是一位事业有成、家庭幸福的成功女性。她是哈佛大学认知心理学教授、知名的语言学家，丈夫也是哈佛教授，三个孩子都已长大并各有自己的追求。五十岁那年，爱丽丝发现自己的记忆力越来越差，有一天，她还突然在自己最熟悉的地方迷了路。医生的诊断彻底改变了她的生命，也改变了她与家人和世界的关系。她患的是阿尔兹海默病，她的记忆跟不上遗忘的脚步，她逐渐失去了自己的思想，也失去了与外在世界的连结。她渐渐记不起女儿的名字、想不起丈夫的面孔，她眼中世界的模样也在不断改变。但是，在家人的浓浓爱意陪伴下，她勇敢地为每一天而活，为当下而活。她能够体会到生活中的美好与爱。她还是爱丽丝·豪兰，一个坚强的女人。
猫王,2022,2023-06-10,音乐 历史 剧情,159,75,英语,巴兹·鲁赫曼,杰里米·多纳,奥斯汀·巴特勒 汤姆·汉克斯 奥利维亚·德容 海伦·汤姆森 理查德·劳斯伯格 小凯尔文·哈里森 大卫·文翰 柯蒂·斯密特-麦菲 卢克·布雷西,男人，传奇。 摇滚之王。,帕克是荷兰出生的敢作敢为骗子，从未成为美国公民，并获得了“上校”的荣誉称号。50年代中期，当他遇到猫王时，还是一名苦苦挣扎的音乐经理，并被他的才华所折服(当时猫王还不到18岁)。在两年的时间里，他贿赂了猫王生命中所有其他经纪人和经理人，把自己塑造成独家代表，之后引导猫王走上了全国舞台，并帮助他成为美国人从未见过的人物。
叶问2,2010,2010-04-29,动作 历史 剧情,108,75,Cantonese,叶伟信,黄子桓,甄子丹 洪金宝 黄晓明 熊黛林 郑则仕 Ngo Ka-Nin 任达华 郑家星 樊少皇,Behind every great martial artist lies a teacher.,叶问携家眷来到香港，艰难度日。叶问开武馆宣扬咏春拳术，但无人问津。某日，黄梁登门拜访，比武之后，甘愿携一班兄弟，拜在叶问门下。黄梁因故与洪拳门下斗殴，结果被捉。叶问来救，却巧遇昔日对手金山找，两人冰释前嫌，却不想被洪拳掌门洪震南拦下，以致众人被警察拘捕。洪震南提醒叶问，欲在香港开武馆，必须接受各大门派挑战。于是叶问单刀赴会，最终与洪震南对决，不分伯仲，叶问因拒绝缴纳会费，而遭到洪门寻衅滋事，以致武馆被关。背地里，洪震南替英国警察操持华洋比赛，但始终未有报酬，深感不平。拳击冠军龙卷风来到中国，在比赛现场中侮辱中国武术，打伤中国拳师。洪震南挺身而住，血溅现场。为了中国武术的荣誉，叶问接受了龙卷风的挑衅，为民族大义而战。
伊尼舍林的报丧女妖,2022,2022-10-21,剧情 喜剧,108,75,英语,马丁·麦克唐纳,,科林·法瑞尔 布莱丹·格里森 凯瑞·康顿 巴里·基奥恩 加里·莱登 帕特·肖特 希拉·弗利顿 Bríd Ní Neachtain 乔·肯尼,Everything was fine yesterday.,在爱尔兰西海岸一座偏远岛屿上，终身好友帕德里克（科林·法瑞尔 饰）与科尔姆（布莱丹·格里森 饰）的关系因科尔姆突然决意断绝来往而陷入僵局。震惊的帕德里克在妹妹西沃恩（凯瑞·康顿 饰）与内心困顿的年轻岛民多米尼克（巴里·基奥恩 饰）的帮助下，执着地试图挽回这段关系，拒不接受断绝往来的答复。然而帕德里克再三的努力却让昔日好友的决心愈加坚定，当科尔姆发出绝望的最后通牒时，事态迅速激化，最终引发骇人的后果。
火星特快,2023,2024-06-14,动画 科幻 惊悚,85,75,法语,杰里米·佩林,Laurent Sarfati,蕾雅·德吕盖 马修·阿马立克 丹尼尔·恩乔·洛贝 玛丽·布维 塞巴斯蒂安·沙萨涅 玛尔特·克勒尔 吉纳维芙·杜昂 Thomas Roditi Thierry Jahn,Built to serve. Programmed to live.,私家侦探 Aline Ruby 和她的机器人搭档受一位富商的雇佣，去追踪一名臭名昭著的黑客。在火星上，他们深入到这个星球首都的地下深处，在那里他们发现了一个关于大脑农场、腐败和一个失踪女孩的更黑暗的故事，她掌握着威胁改变宇宙面貌的机器人的秘密。
X特遣队：全员集结,2021,2023-06-10,动作 喜剧 冒险,132,75,英语,詹姆斯·古恩,,玛格特·罗比 伊德瑞斯·艾尔巴 约翰·塞纳 乔尔·金纳曼 西尔维斯特·史泰龙 维奥拉·戴维斯 大卫·达斯马齐连 丹妮拉·曼希沃 迈克尔·鲁克,他们拼命拯救世界,被关押在美梦监狱的自杀小队成员获得一项可以减轻刑罚的新任务，前往南美洲的科多·马提斯岛国，摧毁纳粹时期遗留的约顿海姆监狱和实验室，它当前用于关押该国的政治犯并施行人体实验。执行任务期间，自杀小队遭遇巨型外星生物——海星斯塔罗，并与它发生冲突。
终点到达,2018,2018-12-05,喜剧 剧情,97,75,英语,Peter Hutchings,Fergal Rock,麦茜·威廉姆斯 阿萨·巴特菲尔德 妮娜·杜波夫 泰勒·霍奇林 大卫·科希纳 珮頓·利斯特 泰特斯·伯吉斯 索尼娅·沃尔格 玛格特·宾厄姆,Living in the moment is hard to do alone.,挣扎在死亡边缘的斯凯（麦茜·威廉姆斯 饰）和加尔文（阿沙·巴特菲尔德 饰）成为朋友，加尔文欲帮助斯凯完成她的愿望。在此期间，加尔文认清自己内心，同样还有萌动的爱情。
寂静人生,2013,2013-11-28,剧情,92,75,英语,乌贝托·帕索里尼,,埃迪·马森 琼安·弗洛加特 凯伦·德鲁里 安德鲁·巴肯 尼尔·德索萨 蒂姆·波特 Michael Elkin 保罗·安德森 布朗森·韦伯,A rare thing,约翰是一个普通的社会服务员，他的工作是为孤单死去的逝者寻找相关亲人，而当他被告知即将被政府裁员后，他决定将最后一位死者的亲友全部找齐……
心理游戏,2004,2004-08-07,动画 爱情 喜剧 剧情 奇幻,103,75,日语,汤浅政明,,今田耕司 前田沙耶香 藤井隆 田熊靖子 山口智充 坂田利夫 岛木让二 西凛太朗 中条健一,This Story Has Never Ended.,一天雨夜，青年漫画家西（今田耕司 配音）在地铁站出来遇见了初恋梦中情人弥（前田沙耶香 配音）。西送弥回家途中得知了弥已订婚，随后，他被弥邀请到酒馆喝酒，弥的未婚夫也来了，西虽然嫉妒弥的未婚夫，但自愧不如。这时，黑社会来到店里，原来弥被黑社会所追杀，打晕了弥的男友并要强奸弥，西则蜷缩一旁不敢动弹。黑社会发现了一旁的西，用枪爆了他的屁眼。前一刻，西还沉醉于与初恋梦中情人相逢时的甜蜜，下一刻就肛门中枪，贯穿脑部，死于非命。当西等人上了天堂，西觉得自己死得很难看，后悔人生过得很窝囊，决心再度复活……
第九区,2009,2009-08-14,科幻,112,75,英语,尼尔·布洛姆坎普,特丽·塔歇尔,沙尔托·科普雷 杰森·科普 娜塔莉·博尔特 茜尔雯·斯特赖克 伊丽莎白·姆坎达维 约翰·萨莫尔 威廉·艾伦·杨 尼克·布莱克 格雷格·梅尔维尔-史密斯,You are not welcome here.,1990 年，一艘巨大的飞船出现在地球上空，人们惶恐不安，却又分外好奇。经过一段时间紧张的等待，外星飞船始终没有动静。人类终于小心翼翼靠近它，强行走进舱内，结果发现了不计其数的外星人。他们形容丑陋，宛如虾子，而且健康状况极差，虚弱无力。原来这是一群来自外星的难民，他们最终被地球人接纳，并隔离在南非约翰内斯堡的一片区域内生活，此地名为“第九区”。经过长达 20 年的繁衍，外星难民的数量扩张至 180 万之多，且和周边人类的矛盾冲突不断，越来越多的人类呼吁将“大虾”赶出地球。MNU（列国同盟组织）经过磋商，决定将外星难民迁移到更为偏远的区域。MNU 外星事务部门的特工威库斯（Sharlto Copley 饰）专门负责搬迁工作。威库斯在动员过程中傲慢随意，与当地居民冲突频频。最终，他为自己的行为付出代价，外星人的神秘流体将其感染，威库斯慢慢变成了外星人的模样。此时威库斯才真正体会到了外星移民在地球上受到的不公待遇，他决定做些什么改变局面……
恐惧之城,1994,1994-03-09,喜剧,93,75,法语,Alain Berbérian,Dominique Farrugia,Chantal Lauby 阿兰·查巴特 Dominique Farrugia Gérard Darmon Sam Karmann 让-克里斯托夫·布维 Eric Prat 马克·德容 Valérie Lemercier,,一部二级恐怖电影必须在戛纳电影节上放映，但在每次放映之前，放映员都会被一个神秘的家伙用锤子和镰刀杀死，就像即将上映的电影中发生的那样。
绑架课,2006,2006-12-28,家庭 动画 科幻 喜剧,5,75,英语,拉克什·罗斯汉,Maxwell Brace IV,,Failure is an option.,一个小外星人正在飞碟里学习怎样把一个熟睡的人“吸”到飞碟里面去，但是面前密密麻麻的操纵杆，他能不能完成这个几乎不可能完成的任务呢？
天外魔花,1956,1956-02-05,科幻 恐怖 惊悚,80,75,英语,唐纳德·西格尔,杰克·芬尼,凯文·麦卡锡 达娜·温特 金·多诺万 卡罗琳·琼斯 拉里·盖茨 Kenneth Patterson 弗吉尼亚·克里斯汀 琼·威尔斯 拉尔夫·杜姆克,There was nothing to hold onto - except each other.,一名小镇医生发现，他所在社区的居民正被失去情感的外星复制体悄然替换。
朗读者,2008,2008-12-10,剧情 爱情,124,75,英语,史蒂芬·戴德利,大卫·黑尔,拉尔夫·费因斯 凯特·温斯莱特 大卫·克劳斯 莉娜·奥林 布鲁诺·甘茨 珍妮特·海恩 汉娜·赫茨施普龙 卡罗琳·赫福特 沃尔克·布鲁赫,Behind the mystery lies a truth that will make you question everything you know.,15岁的少年米夏·伯格（大卫·克劳斯 David Kross 饰）偶遇36岁的中年神秘女列车售票员汉娜（凯特·温丝莱特 Kate Winslet 饰），后来两个发展出一段秘密的情人关系。汉娜最喜欢躺在米夏怀里听米夏为他读书，她总是沉浸在那朗朗的读书声中。年轻的米夏沉溺于这种关系不能自拔的同时，却发现他自己根本不了解汉娜。忽然有一天，这个神秘女人不告而别，米夏在短暂的迷惑和悲伤之后，开始了新的生活。二战虽然结束了，但德国对于纳粹战犯的审判还在继续。成为法律学校的实习生的米夏，在一次旁听对纳粹战犯的审判过程中，竟然发现一个熟悉的身影。虽然已经事隔8年，但米夏还是一眼便认出那就是消失8年的汉娜。而这一次，她坐上了纳粹战犯审判法庭的被告席，这个神秘女人的往事在案件的审理过程中逐渐清晰。然而，米夏却发现了一个汉娜宁愿搭上性命也要隐藏秘密。汉娜最终被判终身监禁，而此时米夏（拉尔夫·费因斯 Ralph Fiennes 饰）与汉娜的故事还在继续。
小鬼当家,1990,1990-11-16,喜剧 家庭,103,75,英语,克里斯·哥伦布,约翰·休斯,麦考利·卡尔金 乔·佩西 丹尼尔·斯特恩 小约翰·赫德 罗伯茨·斯科特 凯瑟琳·欧哈拉 Angela Goethals 德文·拉特雷 格里 巴曼,这个假期把笑声带回家！,一年一度的圣诞节又到了。全家忙着外出欢度圣诞假期，不料忙中出错，将家里最小的成员-8岁的凯文（麦考利•卡尔金 Macaulay Culkin饰）留在了家里。爸爸妈妈急坏了，可此时他们已经身在外地，一时亦无可奈何。倒是凯文乐坏了，难得一个人在家，凯文将家里布置成了“游乐场”。两个刚出狱的窃贼将目光瞄向了凯文家。当他们鬼鬼祟祟的踏入凯文家时，凯文凭借自己的醒目和家里的“游乐场机关”，和两个笨贼玩起了“游戏”，笑料百出。凯文最后能否这场“游戏”的胜利？
巴顿·芬克,1991,1991-08-01,喜剧 剧情 惊悚,116,75,英语,乔尔·科恩,伊桑·科恩,约翰·特托罗 约翰·古德曼 朱迪·戴维斯 迈克尔·勒纳 约翰·马奥尼 托尼·夏尔赫布 乔恩·波利托 史蒂夫·布西密 大卫·沃里洛,比发生在他脑海中的事情更离奇的只有一件……那就是他身外的世界。,一名具有社会意识的编剧新秀刚从百老汇崛起，便被好莱坞约请写一部关于摔角的B级片剧本。他住在破败的旅馆房间中搜索刮肠，却硬是挤不出只言片语。此刻，他隔壁的房间里却发生了种种怪事，使他犹如置身于人间炼狱，脑海中发生了种种荒诞可笑的幻象。编导用了相当隐晦的方式，来刻划创作者面感灵感枯揭时的心理压力，将重心放在了环境气氛的营造上……  《巴顿芬克》是科恩兄弟正式走上国际影坛的代表作品，影片带有强烈的魔幻色彩和超现实主义风格。一举拿下当年戛纳三项大奖。
超级无敌掌门狗：最强复仇鹅,2024,2024-12-18,家庭 喜剧 冒险 动画,70,75,英语,尼克·帕克,马克·伯顿,本·怀特海德 彼得·凯 劳伦·帕特尔 里斯·谢尔史密斯 黛安·摩根 阿卓艾·安多 穆兹·卡汗 伦沃斯·亨利 Victoria Elliott,New friends. Old enemies.,“诺宝”（里斯·谢尔史密斯 配音）是痴迷奶酪的怪才华莱士（本·怀特黑德 配音）迄今最伟大的发明。这款机器人被设计来完成各类园艺任务（或称“花园改造”），却让华莱士的忠诚小狗阿高颇为懊恼——它担心主人已过度依赖自己的发明。
米拉,2022,2022-12-22,科幻 剧情 冒险 家庭,110,75,俄语,德米特里·基谢廖夫,蒂莫菲·德金,Anatoliy Belyy Darya Moroz Veronika Ustimova 马克西姆·拉加什金 Evgeny Egorov 安德烈·斯莫利亚科夫 弗拉基米尔·伊林 塔吉雅娜·多吉列娃 Kirill Zaytsev,"For a family, space is not a distance.",15 岁的 Lera Arabova 和她的家人住在符拉迪沃斯托克市。莱拉的父亲已经在“米拉”空间站工作多年。他很久之前便与女儿失去了联系，现在只是手机里的一个声音。在这座城市被彗星的碎片夷为平地之后，莱拉只有一次机会将她的亲人和整个符拉迪沃斯托克从另一场灾难中拯救出来。Lera 的父亲从空中监视她的一举一动，通过卫星系统和电话引导她完成这场艰巨的救援行动。
That's Life,1998,1998-12-18,喜剧,108,75,意大利语,Massimo Venier,Giovanni Storti,Aldo Baglio Giovanni Storti Giacomo Poretti 玛丽娜·马西罗尼 Antonio Catania Francesco Pannofino Giovanni Cacioppo Elena Giusti Carlina Torta,,"While on the run from the police, an unlikely companionship blossoms between a funny con man who just broke out of jail, the bumbling cop whose car he seized at gunpoint, and a nitpicking civilian he unwittingly took hostage."
春风秋雨,1959,1959-03-17,剧情 爱情,125,75,英语,道格拉斯·塞克,范妮·赫斯特,拉娜·特纳 约翰·加文 Juanita Moore Sandra Dee Susan Kohner Robert Alda 丹尼尔·彼得·奥赫利希 Karin Dicker Terry Burnham,范妮·赫斯特笔下描绘当今备受煎熬一代的畅销小说！,二对母女，罗拉（拉娜·特纳饰）与女儿苏西（胡安妮塔·摩儿饰）之间因母亲专注于事业，而与女儿缺乏沟通，导致两母女同时爱一个男人的悲剧；她们在海边遇到的另一对黑人母女，黑人母亲安妮（丹·奥赫里奇饰），因为混血女儿始终不肯承认自己是黑人的事实，而悲伤矛盾，但是安妮这个善良的女人始终等待其女儿的回头，只是子欲养而亲不待。
星球大战3：西斯的复仇,2005,2005-05-19,冒险 动作 科幻,140,75,英语,乔治·卢卡斯,,海登·克里斯滕森 伊万·麦克格雷格 娜塔莉·波特曼 伊恩·麦克迪阿梅德 塞缪尔·杰克逊 吉米·斯密茨 弗兰克·奥兹 安东尼·丹尼尔斯 克里斯托弗·李,传说终结,克隆战争已经进行了三年，绝地武士团率领的共和国军团与独立星系邦联陷入了一场席卷整个银河的苦战。分裂联盟的格非特将军和杜库伯爵（克里斯托弗·李 Christopher Lee 饰）劫持议会首相帕尔帕庭（伊恩·迈克蒂安米德 Ian McDiarmid 饰）潜逃，绝地武士欧比旺·克诺比（伊万·麦克格雷格 Ewan McGregor 饰）和阿纳金（海登·克里斯滕森 Hayden Christensen 饰）奉长老院命前去营救，阿纳金杀死杜库伯爵救出帕尔帕庭，但格非特将军逃匿。阿纳金梦见妻子阿米达拉（娜塔丽·波特曼 Natalie Portman 饰）将死于难产，困惑中求助于帕尔帕庭，后者趁此机会离间阿纳金与绝地长老院。随着阿纳金向帕尔帕庭的靠拢，一场针对绝地武士与其所捍卫之民主的阴谋逐渐展开。
罪恶之城,2005,2005-04-01,犯罪 惊悚,124,75,英语,弗兰克·米勒,罗伯特·罗德里格兹,布鲁斯·威利斯 杰西卡·阿尔芭 克里夫·欧文 米基·洛克 鲁格·豪尔 本尼西奥·德尔·托罗 阿里克西斯·布莱德尔 迈克尔·马德森 鲍尔斯·布特,无罪恶则无正义。,影片改编自著名漫画大师弗兰克·米勒的经典同名漫画，由三个故事组成，都发生在虚拟的罪恶之城，这里，警察和暴徒已无分别，暴力摧毁一切，也保护一切。故事一：罪城。容貌丑陋，脾气火爆的马福，遇上了金发美女歌蒂，一夜情给了马福从未有过的温暖。然而，醒来之后，马福发现躺在身边的歌蒂被谋杀，自己则面临着杀人凶手的指控。马福的心被愤怒和复仇的火焰点燃，他在歌蒂的姐姐温蒂的帮助下，调查事实的真相，寻找杀害自己爱人的凶手。故事二：狙杀。迪怀特以前是罪犯，整容后，他成了酒吧招待雪莉的男朋友，并且帮她教训纠缠不清的前男友，有暴力倾向的杰奇。迪怀特跟踪杰奇一伙到了由妓女帮派统治的老城，杰奇不按规则办事，被妓女们杀死，之后，她们才发现，杰奇是警察，他的死，破坏了妓女们和警察之间的协议。迪怀特必须帮她们掩盖犯罪事实，并且保护她们的权利。故事三：黄杂种哈迪根由于心脏病快退休了，在他警察生涯的最后一小时，哈迪接到情报，参议员的儿子罗杰绑架了11岁的少女南茜，罗杰是几起奸杀案的主要嫌疑人，落到他手里凶多吉少。哈迪根单枪匹马的救出了南希，废掉了罗杰，自己也身受重伤。随后的八年，罗杰的参议员父亲，利用权势将他关在监狱中，逼他为罗杰顶罪，哈迪根一直没有屈服，而南希化名为科里迪娅的来信则是她生活中的唯一慰藉。南希的来信突然中断了，这让哈迪根很不安，他不得不放弃反抗，以认罪来换取假释，寻找保护南希。他并不知道，一直在暗中跟踪他的怪物黄杂种，将让他和南希重新陷入危险之中。
荣誉团队,2022,2022-07-23,喜剧,98,75,英语,Oran Zegman,David A. Goodman,安格瑞·赖斯 伽塔·马塔拉佐 克里斯托弗·明茨-普拉斯 Armani Jackson 艾米·凯姆 Ben Jackson Walker 凯尔西·马韦马 艾弗里·康拉德 Michael P. Northey,登顶意味着击败竞争对手。,昂娜（Honor）是一名雄心勃勃的高中生，她唯一的目标是进入哈佛，假设她能首先获得她的指导顾问卡尔文先生（Mr. Calvin）梦寐以求的推荐信。 愿意做任何事情的昂娜制定了一个马基雅维利式（Machiavellian-like）的计划来击败她的前三名学生竞争对手，直到事情发生转机，她意外地爱上了她最大的竞争对手迈克尔（Michael）。
金与安迪,2017,2017-11-11,纪录 剧情 喜剧,93,75,英语,克里斯·史密斯,,金·凯瑞 丹尼·德维托 米洛斯·福尔曼 朱迪·黑尔茨 彼得·博纳兹 Randall Carver Andy Dick 保罗·吉亚玛提 Hugh Hefner,,一个疯疯癫癫、怪异离奇的金·凯瑞——1999年，他在《月亮上的男人》饰演了自己的偶像、喜剧大师安迪·考夫曼，而拍摄该片的一些幕后视频(很多是考夫曼的前女友Lynne Margulies拍的)如今才由这部纪录片曝光，原来环球一度不想让视频浮出水面，金凯瑞说，是因为“我看起来像个大混蛋”——他出演该片时深深地进入了“方法派”领域，即使下了戏，他也处于考夫曼疯狂的状态中。而他心中到底怎么想，还能找到“我是谁”吗？
最好的我,2014,2014-10-17,剧情 爱情,117,75,英语,Michael Hoffman,尼古拉斯·斯帕克斯,米歇尔·莫纳汉 詹姆斯·马斯登 卢克·布雷西 莉安娜·利贝拉托 杰拉尔德·麦克雷尼 卡罗琳·古道尔 克拉克·彼得斯 塞巴斯蒂安·阿塞卢斯 乔恩·坦尼,You never forget your first love.,焦点影业从华纳手里拿下[最好的我]的发行权，影片改编自爱情小说大师尼古拉斯·斯帕克斯同名作品，讲述小情侣阿曼达和道森18年前爱得惊天动地，分得痛彻心扉，18年后纠结要不要复合的纯爱故事。该片预计2014年上映。
恐怖角,1962,1962-04-12,惊悚 剧情 犯罪,105,75,英语,J. Lee Thompson,约翰 D·麦克唐纳,格利高里·派克 罗伯特·米彻姆 波莉·伯根 马丁·巴尔萨姆 Lori Martin 杰克·克鲁申 特利·萨瓦拉斯 Barrie Chase Paul Comi,Now he had only one weapon left—murder!,因强奸罪入狱十四年的卡迪刑满释放了。十四年前，律师萨姆出于道义隐藏了对卡迪有利的一份证据，致使卡迪被施以重刑。经过狱中十四年的磨练后，卡迪来到萨姆居住的小城，开始了他疯狂的复仇行动。卡迪首先出现在萨姆一家的周围，造成他们心灵上的恐慌。而后他诱引并殴打了萨姆的情妇，又开始接近萨姆的女儿丹妮。恐惧的萨姆雇佣了打手袭击卡迪，却被凶猛的卡迪打得落花流水。一天深夜，卡迪潜入萨姆的住所，残忍地杀死了萨姆家的保镖和厨娘。已成惊弓之鸟的萨姆带着妻子、女儿仓皇逃跑。卡迪也一直尾随他们追逐到一个叫“恐怖角”的地方。在狂风暴雨的晚上，卡迪爬上了萨姆一家藏身的游船。一场殊死搏斗过后，恐怖的卡迪最终与游船一起被汹涌的河水所吞灭。经历过这次磨难，萨姆一家紧紧地拥抱在一起。
惊曝内幕,1999,1999-11-05,剧情 惊悚,158,75,英语,迈克尔·曼,埃里克·罗思,阿尔·帕西诺 罗素·克劳 克里斯托弗·普卢默 戴安·维诺拉 菲利普·贝克·霍尔 林赛·克劳斯 黛比·马扎尔 斯蒂芬·托布罗斯基 科鲁姆·费奥瑞,Two men driven to tell the truth … whatever the cost.,本片改编自真实事件，讲述了烟草公司高管转型为举报人的杰弗里·维甘德（罗素·克劳 饰）与《60分钟》节目制片人洛厄尔·伯格曼（阿尔·帕西诺 饰）之间的故事。
亚当的苹果,2005,2005-04-15,剧情 喜剧 犯罪,95,75,丹麦语,安德斯·托马斯·詹森,Rikke Deepthi Hansen,麦斯·米科尔森 乌尔里希·汤姆森 Paprika Steen Ole Thestrup 尼古拉·李·卡斯 Nicolas Bro Ali Kazim Gyrd Løfquist 拉尔斯·兰特,"When it rains, it pours",该片讲述的是新纳粹份子亚当被派遣到教堂做社区服务，亚当选择浇灌苹果树，各类天灾人祸不断威胁着苹果的生长，究其原因，难缠的神父伊万和亚当有了分歧的故事。
杀戮战场,1984,1985-02-01,剧情 历史 战争,142,75,英语,Roland Joffé,布鲁斯·罗宾逊,萨姆·沃特森 吴汉润 约翰·马尔科维奇 朱利安·桑兹 克雷格·西奥多·尼尔森 斯伯丁·格雷 比尔·帕特森 阿索尔·富加德 格雷厄姆·肯尼迪,"Here, only the silent survive.",描述纽约时报驻柬埔寨的战地记者Sydney Schanberg与当地翻译Dith Pran的友情血泪故事。美国自柬埔寨撤军后，当地情势更为险恶，Sydney仍坚守在那，而多亏在当地人Dith Pran的帮忙，才能多次化险为夷度过鬼门关卡。没想到就在一次美国人士必须全面撤离柬埔寨的关键，Sydney的错估情势，让本来可以逃亡的Pran被红色高棉掳走，开始过着生不如死的生活……
阿德尔曼夫妇,2017,2017-03-08,爱情 剧情 喜剧,120,75,法语,Nicolas Bedos,多莉亚·蒂利耶,Nicolas Bedos 多莉亚·蒂利耶 丹尼斯·波达利德斯 皮埃尔·阿迪提 扎布·布莱特曼 Julien Boisselier Antoine Gouy Christiane Millet Lola Bessis,,当著名作家维克托·阿德尔曼逝世时，一位记者联系上了他的妻子莎拉，希望能抢先报道这位伟大作家的一生。随着记忆的帘幕被缓缓拉开，维克托和莎拉这场近半个世纪的爱恋过程终于呈现在世人眼前。然而在甜蜜生活的背后，这对世人眼中的模范夫妻究竟埋藏着多少不为人知的秘密？丈夫背后的神秘女子又究竟是谁？ 当浪漫的爱情遭遇不忠的背叛，当真爱背后是熊熊燃烧的野心，他们究竟该如何解决婚姻的种种危机？
火影忍者剧场版：博人传,2015,2016-02-18,冒险 动作 动画 喜剧 奇幻,95,75,日语,岸本齐史,山下宏幸,三瓶由布子 菊池心 竹内顺子 杉山纪彰 浪川大辅 石田彰 中村千绘 水树奈奈 井上和彦,Forge your own path.,经历漫长的战争之后便是极速成长的新时代。为准备中忍考试，佐助的女儿宇智波佐良娜，优秀下忍三月，以及漩涡慕留人三人，在村子里的练习场进行着各种练习修行。
很抱歉，如果我叫爱情,2014,2014-06-20,爱情 剧情,120,75,西班牙语,Joaquín Llamas,Federico Moccia,Paloma Bloyd Daniele Liotti Irene Montalà 安德烈娅·杜罗 Cristina Brondo Jan Cornet Pablo Chiapella Joel Bosqued Lucía Guerrero,,一个成功的，有吸引力，聪明和优质的广告公司经理渴望在生活里拥有稳定的感情，于是决定向女友求婚。但是女友拒绝了他的求婚，在他的生活需要改变时，一个新的年轻女子进入他的生活。
第七大陆,1989,1989-10-20,剧情,107,75,德语,迈克尔·哈内克,约翰娜·泰希特,Birgit Doll Dieter Berner Leni Tanzer Silvia Fenz Robert Dietl Georg Friedrich Udo Samel Elisabeth Rath Georges Kern,,在迈克尔·哈内克这幅令人不寒而栗的画像中，一个看似普通的奥地利家庭的日常作息逐渐显露出不祥的底色，描绘出中产阶级的失范如何演变为骇人的自我毁灭。取材自真实事件，这位导演的首部剧场长片已展露其成熟风格，以冷静抽离的视角审视消费文化中的精神空虚——以及其平静表面下潜伏的恐怖。本片逐步推向一场与影像虚无的毁灭性对峙，强有力地凝聚了哈内克关于暴力与情感制造文化之间关联的思考。
地球停转之日,1951,1951-09-18,科幻 惊悚 剧情,92,75,英语,罗伯特·怀斯,埃德蒙·H·诺斯,Michael Rennie 帕特里夏·尼尔 Billy Gray 山姆·贾菲 休·马洛 Lock Martin Freeman Lusk 伊迪丝·埃文森 Frank Conroy,From out of space...A warning and an ultimatum.,一位外星人降临华盛顿特区，告知地球人类必须和平共处，否则将被作为对其他星球的威胁而遭毁灭。
地下吻,2016,2016-02-04,剧情 电视电影,87,75,法语,Didier Bivel,Jérôme Larcher,Patrick Timsit Bérenger Anceaux Jules Houplain 布鲁诺·普祖鲁 Barbara Schulz Catherine Jacob Lisa Kramarz Nicolas Carpentier Clara Choï,,一张被张贴到网上的两个男生暗夜亲吻的照片，在校园里掀起了轩然大波。一个是新来的转学生内森，那另一个男生究竟是谁呢？内森独自坚守了这个秘密，遭到竭力想撇清干系的男生们的拳打脚踢。做警察的父亲在震惊之余，一时间选择了躲避。好在毕竟时代不同了，内森并不孤独，他逐渐得到两个老师的支持，父亲也开始深省自己。而另一个深柜男生同样面临严峻的考验。
火影忍者剧场版：终章,2014,2024-04-21,动作 爱情 动画,114,75,日语,小林常夫,经冢丸雄,竹内顺子 水树奈奈 福山润 中村千绘 森久保祥太郎 井上和彦 石田彰 手冢秀彰 日野由利加,Naruto,第四次忍界大战结束的两年后，此时此刻的漩涡鸣人（竹内顺子 配音）早已成为盖世英雄一般的人物，无论他走到哪里都受到女孩子和小朋友的喜爱与追捧，他似乎也有其享受这样喧嚣欢闹的氛围。与之相对，壁花小姐日向雏田（水树奈奈 配音）则始终站在角落里，默默注视着这个她喜欢了多年的男孩子。雏田亲手为鸣人织了围巾，怎奈无法鼓足勇气交给对方，喜欢的话语更难以说出口。某个夜晚，雏田的妹妹花火（浅井清己 配音）遭到不明身份之人劫持，带火的陨石则落在附近的山坡之上。为了救回花火，阻止地球毁灭，鸣人、雏田、小樱（中村千绘 配音）、鹿丸（森久保祥太郎 配音）和佐井奉命前去调查舍人（福山润 配音）的真身。在此过程中，鸣人不小心知晓了雏田的心意……  　　本片情节介乎《火影忍者》漫画699话和700话之间 ©豆瓣
摇滚芭比,2001,2001-07-20,喜剧 音乐 剧情,95,75,英语,约翰·卡梅隆·米切尔,,约翰·卡梅隆·米切尔 米利亚姆·肖尔 Stephen Trask Theodore Liscinski 罗伯·坎贝尔 Michael Aronov 安德里亚·马丁 Ben Mayer-Goodman Alberta Watson,An anatomically incorrect rock odyssey,在这部开创性的音乐剧中，身兼编剧、导演与主演的约翰·卡梅隆·米切尔与作曲作词人斯蒂芬·特拉斯克将他们标志性的创作从舞台搬上银幕，成就了一部如主角般难以归类的电影。赫德维格（米切尔 饰）在东柏林以男孩身份长大，为了移民美国经历了一场创伤性的身体改造，此后她重塑自我，成为一名“国际级被忽视”却天赋异禀的摇滚巨星——米切尔将其诠释为置身于“独一无二的美丽性别”。影片通过赫德维格的音乐讲述她的故事，这些由特拉斯克创作的原创朋克圣歌与力量民谣风格多元，并与自由奔放的电影画面交织：音乐录像式的幻想、动画插叙以及刺痛人心的情感现实主义片段。本片既是一组激昂的歌曲循环，也是一段温柔的人物研究，致敬了摇滚乐超越性的力量。[标准收藏]
盖世枭雄,1948,1948-07-16,犯罪 惊悚,100,75,英语,约翰·休斯顿,理查德·布鲁克斯,亨弗莱·鲍嘉 爱德华·罗宾逊 劳伦·巴考尔 Thomas Gomez 莱昂内尔·巴里摩尔 Harry Lewis Dan Seymour William Haade Claire Trevor,佛罗里达群岛的炙热之地，掀起了一场恐惧与狂怒的风暴！,退伍的士兵Frank（亨弗莱·鲍嘉 Humphrey Bogart 饰）来到佛罗里达港口的Largo旅馆拜访他已故战友George的父亲Temple和George的遗孀Nora（劳伦·白考尔 Lauren Bacall饰），在Temple经营的旅馆里Frank认识了一个神秘的客人Curly，Curly和他的朋友们包下了整个旅馆。警察为了追踪两个越狱的印第安人也来到了旅馆。夜里，Curly一伙人露出了他们的真面目，并且黑帮老大Johnny Rocco（爱德华·罗宾逊 Edward G. Robinson 饰）也现身了。这个团伙要在这个旅馆和另一个黑帮进行交易。他们挟持了Temple、Frank还有Nora。飓风来临，整个港口狂风暴雨，而这个旅馆里也将掀起一场血雨腥风......
天才一族,2001,2001-12-14,喜剧 剧情,108,75,英语,韦斯·安德森,欧文·威尔逊,吉恩·哈克曼 安杰丽卡·休斯顿 本·斯蒂勒 格温妮斯·帕特洛 卢克·威尔逊 欧文·威尔逊 比尔·默瑞 丹尼·格洛弗 西摩·卡塞尔,家庭不是一个词……而是一句话。,罗伊·特伦鲍姆Royal Tenenbaum（吉恩·哈克曼 Gene Hackman 饰）45岁那年夫妻分居，他一个人去住酒店，独自抚养孩子的妻子艾瑟琳Etheline（安杰丽卡·休斯顿 Anjelica Huston 饰）把所有重心都放在了孩子才能的培养方面。不负众望，他们的三个孩子个个都是天生异禀的奇才，她以此写作了一本书——《天才一族》。 大儿子查斯Chas（本·斯蒂勒 Ben Stiller 饰）12岁时就对生意运筹帷幄，初中就购置不动产，对财务有着超同寻常的理解。二女儿玛葛Margot（格温妮斯·帕特洛 Gwyneth Paltrow 饰）两岁时被收养，这个话题被父亲叨叨终身以致玛葛Matgot有点神经质地耿耿于怀。这个天才剧作家9岁时就赢得了勇士奖。里奇Richie（卢克·威尔逊 Luke Wilson 饰）从三年级起就是冠军网球选手，业余喜爱组乐队和收藏汽车模型以及绘画，17岁转做职业选手的他连续三年获得美国公开赛冠军。 罗伊与妻子离了婚后离开了家，时间荏苒，20年过去了，三个天才孩子长大成人。查斯Chas在一次飞机失事失去妻子后，变得神经兮兮，整天替两个儿子的安全而担忧，惶惶度日；玛葛Matgot貌似淑女，其实是个有20年烟龄的“烟枪”，并且已多年没有出版过作品，和做神经科医生的丈夫维持着毫无激情可言的婚姻生活，整日把自己锁在浴室不与丈夫交谈；里奇Richie在大海上准备一年的航行，自在一次大赛中失利后就一蹶不振，如今靠在世界各地航海来打发时间。这一切都被Royal的一个突然消息中止：他患上了癌症只剩下6个礼拜的生命，他想和家人共度最后的时光。 原来是离家多年的罗伊开始想念起自己的妻儿，热切渴望重归家庭怀抱享受天伦之乐。为了达到这个目的，他宣布已被医生诊断为胃癌，而且只剩下六个星期的生命，这个消息令分离的家人又重新团聚到一起，这天才一家再度聚首，有趣的事层出不穷。尽管开始的时候大家还是格格不入，但大家的关系却在悄悄地发生着微妙的变化，当家庭从新拥有凝聚力之后，特伦又该怎样解释自己的“病情”呢？
爱，没有明天,2003,2003-11-27,喜剧 剧情 爱情,187,75,印地语,Karan Johar,Nikkhil Advani,沙鲁克·汗 普丽缇·泽塔 赛义夫·阿里·汗 Jaya Bachchan Sushma Seth Reema Lagoo Athit Naik Jhanak Shukla Delnaaz Irani,A story of a lifetime… in a heartbeat.,"""奈奈（普丽缇·泽塔 Preity Zinta 饰）一家人从印度移民到美国，家里经营着一家餐厅，可是由于经营不善，这家餐厅随时都濒临倒闭的边缘。母亲和奶奶之间糟糕的关系让奈奈整天都生活在争吵之中，与此同时，她默默喜欢的男生罗黑特（赛尔夫·阿里·汗 Saif Ali Khan 饰）实际上是一个不学无术的花花公子，这让奈奈感到非常的失望。  一天，一个名为阿曼（沙鲁克·罕 Shahrukh Khan 饰）的男人出现在了奈奈的生活之中，在阿曼的妙手回春之下，奈奈家的餐厅死灰复燃重获生机。随着时间的推移，奈奈渐渐依靠上了阿曼，可是阿曼已经有家室了，他来到美国的目的就是寻找自己的妻子。"""
奇迹少女伦敦篇,2024,2024-10-05,动画 家庭 动作 奇幻,50,75,法语,托马斯·阿斯特鲁克,Mélanie Duval,Anouck Hautbois Marie Nonnenmacher Benjamin Bollen Clara Soares Marie Chevalot Antoine Tomé 马夏尔·勒米缪 Thierry Kazazian Jessie Lambotte,,在兔子洞里，灵兔白妮看到时间之窗一个接一个地消失... 未来正在消逝，到底发生了什么？ 同时，马丽娜在家中醒来，发现有人利用奇迹少女与黑猫罗尔的米可幻奇许了愿。 很快，她意识到自己需要变身成奇迹少女……但她发现自己的耳环不见了！ 幸运的是，灵兔白妮在愿望消除一切之前赶来救了她。为了一起拯救未来，灵兔白妮和马丽娜必须找出是谁发现马丽娜就是奇迹少女，以及这个人是何时、如何偷走她的米可幻奇的。 马丽娜意识到蝴蝶米可幻奇现在有了新主人，一切希望似乎都消失了。只有一个人能拯救巴黎和世界，那就是奇迹少女自己。
天堂魅影,1974,1974-10-31,喜剧 恐怖 奇幻,92,75,英语,布莱恩·德·帕尔玛,加斯顿·勒鲁,William Finley 保罗·威廉姆斯 杰西卡·哈珀 George Memmoli 格里特·格雷厄姆 Archie Hahn Jeffrey Comanor Peter Elbling Colin Cameron,他为摇滚乐出卖了自己的灵魂！,剧情叙述一个神经质的作曲家Winslow Leach，他的作品被唱片公司制作人Swan窃用，并且使他遭受到毁容。于是他躲在制作人新开的天堂剧院中，戴着面具变成如同幽灵一般。作曲家本来想借着破坏行动来报复制作人，但当他发现一个新进女歌手Phoenix，能够完美地诠释他的作品，于是他同意制作人的合作要求，然后签下了古怪的血约，立誓完成一部以「浮士德」为主题的摇滚歌剧。没想到制作人竟然又欺骗他，另请了一位重摇滚歌手Beef来代唱，而且他慢慢地发现到制作人真正邪恶的真面目......
怒火救援,2004,2004-04-23,动作 剧情 惊悚,146,75,英语,托尼·斯科特,A. J. 奎内尔,丹泽尔·华盛顿 达科塔·范宁 克里斯托弗·沃肯 拉达·米切尔 马克·安东尼 吉安卡罗·吉安尼尼 雷切尔·蒂科汀 米基·洛克 罗伯托·索萨,"Creasy's art is death, and he is about to paint his masterpiece.",一位有厌世倾向的前CIA探员勉为其难地接下到墨西哥市担任10岁小女孩保镖的工作。不料小女孩遭到绑架，他必须不择手段将她平安救回。
我要复仇,2002,2002-03-29,动作 剧情 惊悚,121,75,朝鲜语,朴赞郁,李在顺,宋康昊 申河均 裴斗娜 林志恩 韩宝贝 李代延 奇周峯 金世东 李润美,复仇从未如此甜蜜,Ryu（申河均饰）是名聋哑青年，自父母去世一直和姐姐相依为命。在特殊学校里，他遇上了装作失聪的女友（裴斗娜饰），二人感情发展不错。可是姐姐却患上了绝症，需要移植肾脏以维持生命...
十一罗汉,2001,2001-12-07,惊悚 犯罪,116,75,英语,史蒂文·索德伯格,泰德·格里芬,乔治·克鲁尼 布拉德·皮特 安迪·加西亚 马特·达蒙 朱莉娅·罗伯茨 卡西·阿弗莱克 斯科特·凯恩 埃利奥特·古尔德 艾迪·杰米森,Are you in or out?,"丹尼奥逊（乔治-克鲁尼饰,George Clooney饰）是刚从监狱假释出来的大盗，马上又操起了老本行，这次他的目标是为了盗取赌城富豪泰瑞（安迪•加西亚 Andy Garcia 饰）的一亿五千万金钱。泰瑞来头不小，于是丹尼精挑细选了11个高手前来助阵——有扑克天才拉提斯 （布拉德•皮特 Brad Pitt 饰）、爆破专家、扒手大王、杂技演员。精密的盗窃计划开始了。拉提斯却发现了一个秘密，丹尼的前妻竟然和泰瑞有着不寻常的关系。泰瑞举行一个拳击比赛，那一亿五千万就是比赛的奖金。行动就安排在那一晚，拉斯维加斯的夜晚因为这次周密的盗窃计划波澜起伏。"
Ricky Gervais: SuperNature,2022,2022-05-24,喜剧,64,75,英语,John L. Spencer,瑞奇·热维斯,瑞奇·热维斯,,瑞奇·热维斯将在此畅谈他对于喜剧的规则、宠坏自己的猫咪和真正的超自然等问题的思考。
疾速追杀,2014,2014-10-24,动作 惊悚,101,75,英语,查德·斯塔尔斯基,德里克·科尔斯塔,基努·里维斯 迈克尔·恩奎斯特 阿尔菲·艾伦 威廉·达福 迪恩·温特斯 阿德琳妮·帕里奇 奥马尔·巴尼亚 托比·伦纳德·摩尔 丹尼尔·伯恩哈特,地表最强杀手 限时疾速追杀,不久之前刚刚经历丧妻之痛的约翰·威克（基努·里维斯 Keanu Reeves 饰），未曾料到磨难与折磨接二连三袭来。他那辆1964年的福特老爷车被一伙俄罗斯小混混盯上，旋即引来对方入室抢劫，心爱的狗狗被当场杀死，约翰也遭到无情毒打，那辆老爷车自然被对方抢走。偷车的混混（阿尔菲·艾伦 Alfie Allen 饰）是黑帮大佬维格·塔拉索夫（迈克尔·恩奎斯特 Michael Nyqvist 饰）的儿子，而维格在听说这件事后显得紧张非常，因为约翰有着令人胆战心惊的身份。他曾是名震江湖的冷血杀手，当年替塔拉索夫杀掉不少难缠的对手，后来却为了妻子金盆洗手。愤怒至极的约翰拒绝塔拉索夫的调解，他决定单枪匹马展开复仇……
夏日大作战,2009,2009-08-01,动画 科幻,114,75,日语,细田守,奥寺佐渡子,神木隆之介 宫内瞳 谷村美月 富司纯子 斋藤步 横川贵大 谷川清美 佐佐木睦 信泽三惠子,Always protect your network.,高中生小矶健二是一个老实内向的数学天才，夏日的一天，他应邀来到美丽的学姐——阵内夏希的家乡打工。结果发现，打工的内容竟是假扮夏希的男友。阵内家祖上曾是与德川军团殊死激战的武士家族，数百年过去，刚硬顽强的性格仍在深深植根于这个家族的灵魂之中。最初的拘谨过后，健二渐渐融入这个热闹的大家庭。而此时，一个名为“OZ”的网络虚拟平台风靡全球，16亿人为之神魂颠倒。它拥有号称世上最安全的防御系统，但其登陆密码无意中被健二所破解。神秘黑客入侵OZ，虚拟网络和现实社会顿时陷入混乱。危急时刻，阵内一家重拾武士家族的责任与荣誉，与破坏者A.I.展开了紧张激烈的夏日大作战……
失控玩家,2021,2021-08-27,喜剧 冒险 科幻,115,75,英语,马特·利伯曼,肖恩·利维,瑞安·雷诺兹 朱迪·科默 里尔·莱尔·哈瓦瑞 乔·基瑞 乌特卡什·安邦德卡尔 塔伊加·维迪提 查宁·塔图姆 亚伦·W·里德 布丽特妮·欧德福特,人生苦短 何必只做背景角色,《自由城》是一款爆款动作冒险类游戏，玩家可以在游戏里烧杀抢掠，体验当法外之徒的快感。游戏中还有不少 NPC，他们日复一日配合玩家做出各种反应：被抢劫、被打倒在地、被迫崇拜玩家等等。盖（瑞安·雷诺兹 饰）是《自由城》中的一名 NPC 银行出纳员，拥有一衣柜一模一样的蓝衬衣，过着一成不变的生活。有一天，由于某个契机他突然决定打破这种循环，掌握人生的主动权，出人意料地抢走了玩家的 VR 眼镜，然后震惊地看到玩家眼中的世界：四处漂浮着的虚拟图标，提示着任务任务、血量和弹药量等，地上还有装备、医疗包。盖的世界观彻底被震撼了，而他也误打误撞地体验起了当玩家的感觉。然而，善良的他不愿意杀人放火，于是开始了做好事不留名的奇特游戏生涯。他以一己之力影响着游戏的风气，成为传奇人物，现实中的玩家纷纷猜测他的真实身份。但是，好景不长，《自由城》的拥有者安托万为了推出新游戏而要将它关停。盖赖以生存的电子世界即将毁灭，拯救世界的重担落在了他肩上。与此同时，现实世界中的程序员兼游戏设计师米莉的成果被安托万窃取，不得不进入游戏偷回代码。在这一过程中她遇到了觉醒的盖，和他联手踏上了拯救游戏世界的冒险之旅。
勇往直前,2017,2017-10-20,剧情 历史,133,75,英语,约瑟夫·科辛斯基,肯·诺兰,乔什·布洛林 迈尔斯·特勒 杰夫·布里吉斯 詹妮弗·康纳利 詹姆斯·贝吉·戴尔 泰勒·克奇 亚历克斯·罗素 安迪·麦克道尔 杰夫·斯塔尔茨,"It’s not what stands in front of you, it’s who stands beside you",本片根据“格拉尼特山高手”消防队英勇事迹改编。影片讲述在“格拉尼特山高手队”创建之初，队里既有失足青年也有人面临婚姻危机等各种生活问题。队长埃里克·马什却始终充满热情，督促队员刻苦训练。这支看似由失意者组成的团队也逐 步成为城镇的荣誉象征……然而这一切被突如其来的森林大火所打破。面对近在咫尺的灾难，作为尖兵部队的他们勇往直前，却在阻止火势蔓延时被困火海、命悬一线。整个团队的安危与荣誉也面临巨大考验。
枪疯,1950,1950-01-20,犯罪 爱情 剧情,87,75,英语,MacKinlay Kantor,Joseph H. Lewis,Peggy Cummins 约翰·达尔 Berry Kroeger Morris Carnovsky Anabel Shaw Harry Lewis Nedrick Young Trevor Bardette Mickey Little,Thrill Crazy... Kill Crazy... Gun Crazy,雨夜，一个迷恋枪械的孩子巴特试图盗窃枪支被捕，法庭上，他的姐姐泰尔向法官陈情，但是，法官还是因为他的偷盗行为判他入了少年教养院。长大后，巴特还是喜欢玩枪，在一次游园会上因为比试枪而结识了马戏团的劳丽，也因此成为了他们的一员。他们的相恋引起了团主的嫉妒，从此，他们驾车远行，为了钱，也为了劳丽的虚荣，他们开始了雌雄大盗的生涯，他们一路抢劫，在美国各洲疯狂劫财，从小店到银行，一发不可收拾，直到注定的结局降临在他们身上。
神探狗狗,2025,2025-11-18,家庭 喜剧 冒险 动画 动作,89,75,英语,Peter Hastings,,Peter Hastings 皮特·戴维森 里尔·莱尔·哈瓦瑞 艾拉·菲舍尔 Lucas Hopkins Calderon 瑞奇·热维斯 柳波 斯蒂芬·鲁特 比利·博伊德,Part dog. Part man. All hero.,当一只忠实的警犬和他的人类警官主人在工作中一起受伤时，一场脑筋急转弯但挽救生命的手术将他们俩融合在一起，Dog Man 诞生了。Dog Man 发誓要保护和服务——拿起、坐下和翻身。当 Dog Man 接受他的新身份并努力给他的酋长留下深刻印象时，他必须阻止猫科动物超级恶棍 Petey the Cat 的非常邪恶的阴谋。
病友们,2017,2017-03-01,剧情 喜剧,110,75,法语,Grand Corps Malade,Mehdi Idir,Pablo Pauly Soufiane Guerrab Moussa Mansaly 娜莉埃·阿尔祖纳 Franck Falise 亚尼克·雷乃 Alban Ivanov Jason Divengele Côme Levin,病友们,一场严重意外让班（Pablo Pauly 饰）进了复健中心，连洗澡、更衣、走路都无法自理，遑论上场打他最爱的篮球。班在中心里认识的新朋友皆是四肢瘫痪、下肢瘫痪或创伤性脑损伤的重度身障者，一群人被生理障碍折磨到精疲力尽、互相谩骂却又彼此提携，并一同学习耐心的重要。他们挣扎着踏上「重生」之路，经历一段混杂成功与挫败、泪水与欢笑的旅程，途中结识各式各样的人——痊愈，并非孤军奋战。
逃亡,1945,1945-01-20,冒险 爱情 战争,100,75,英语,霍华德·霍克斯,欧内斯特·米勒·海明威,亨弗莱·鲍嘉 沃尔特·布伦南 劳伦·巴考尔 Dolores Moran Hoagy Carmichael Sheldon Leonard Walter Szurovy 马塞尔·达里奥 Walter Sande,说到TNT炸药！这就是它！,二战期间，旅居海外的美国人哈里·摩根协助一位法国抵抗运动领袖及其美艳妻子前往马提尼克岛，并与一位美艳的酒吧歌手陷入热恋。
阿基尔，上帝的愤怒,1972,1972-12-29,历史 冒险 剧情,95,75,德语,沃纳·赫尔佐格,,克劳斯·金斯基 海倫娜·羅霍 Del Negro Ruy Guerra Peter Berling Cecilia Rivera Daniel Ades Edward Roland Alexandra Cheves,一段深入黑暗核心的惊心动魄之旅。,16世纪在印加帝国毁灭后，一支西班牙征服者组成探险队，从秘鲁山脉南下至亚马逊河寻找黄金和财富。他们很快遇到了麻烦和危险，而阿奎尔，这个粗暴并贪婪的人成为了他们的领袖。他能够带领他们取得财富，还是将他们领向死亡？在此过程中，对西班牙的忠诚经受着考验，对权利的争夺也相继发生……
睁开你的双眼,1997,1997-12-19,剧情 惊悚 科幻,117,75,西班牙语,亚历桑德罗·阿曼巴,马特奥·希尔,诺列加·戈麦斯 佩内洛普·克鲁兹 切特·雷拉 费勒·马丁内斯 纳瓦·尼姆利 杰拉尔·巴里 豪尔赫·德·胡安 Miguel Palenzuela 佩德罗·米格尔·马丁内斯,,25岁青年塞萨尔（Eduardo Noriega 饰）从早亡父母那里继承的遗产使他衣食无忧，频繁的更换女友让他在朋友圈里有不羁的名声，但是最近塞萨尔被一名女子诺丽亚纠缠，为摆脱诺丽亚，塞萨尔求助于好友的女友索菲亚（Penélope Cruz 饰）。故事切换到监狱内，面容可怖的塞萨尔因涉嫌杀人被拘，医生安东尼奥正诱使他说出事情的经过，原来诺丽亚在索菲亚家门外载到塞萨尔，路上发生了车祸导致后者毁容……塞萨尔从梦中醒来与索菲亚在公园约会，但他很快又发现公园约会才是美梦一场，医生们对塞萨尔的面容无能为力，不久他在朦胧中签订了一份协议，院方的新设备奇迹般恢复了塞萨尔的容貌，但他却发现索菲亚居然是自己虚构的人物，塞萨尔无法区分梦境与现实，决定和安东尼奥一起找到事情的真相…… 本片获1998年东京电影节东京知事奖等多项专业褒奖。
阿波罗13号,1995,1995-06-30,剧情 历史,140,75,英语,朗·霍华德,Jeffrey Kluger,汤姆·汉克斯 比尔·帕克斯顿 凯文·贝肯 加里·西尼斯 艾德·哈里斯 凯瑟琳·奎南 大卫·安德鲁斯 山德·贝克利 克里斯蒂安·克莱门森,休斯顿，我们遇到一个问题。,1970年4月，太空船阿波罗13号正在执行登陆月球的任务，但控制中心忽然接获太空船在20万5千哩外传来的讯息——“休斯顿，我们出问题了！”这句话如洪水般扰乱了中心内所有科学家和工程师们的心，这是他们最不愿听到的消息。太空船已快接近月球了，然而在外太空中的一场爆炸，导致阿波罗13号失去氧气、动力还有导向功能。这一瞬间，三位太空人吉姆·洛维尔、佛瑞·德汉斯、杰克·史威吉特要面对前所未有的考验，他们必须把握仅有的4天时间重返地球，每分每秒对他们来说都显得弥足珍贵，除接受控制中心的指引外，其他的一切都得靠他们自己，他们不愿抛下妻儿成太空中的孤魂，勇气、信心及毅力支持着他们奋斗下去。
米勒的十字路口,1990,1990-09-22,剧情 惊悚 犯罪,115,75,英语,乔尔·科恩,伊桑·科恩,加布里埃尔·伯恩 马西娅·盖伊·哈登 约翰·特托罗 乔恩·波利托 J·E·弗里曼 阿尔伯特·芬尼 迈克·斯塔尔 Al Mancini 史蒂夫·布西密,,美国一个小城市，当地的黑帮老大利奥和他的好朋友兼助手汤姆（加布里埃尔•伯恩 Gabriel Byrne 饰）同时爱上了黑道中人伯尼（约翰•特托罗 John Turturro 饰）的妹妹维娜（马西娅•盖伊•哈登 Marcia Gay Harden 饰），两个好朋友甚至为争夺维娜的爱的而反目。同时，当地的另一个黑帮老大卡斯帕极力拉拢汤姆，答应帮他偿还赌债，条件就是干掉伯尼。汤姆为了讨维娜的欢心，暗中帮助伯尼藏了起来，对卡斯帕却宣称自己已经杀死了伯尼。不料伯尼反咬一口，以此威胁汤姆帮他干掉卡斯帕，不然就重新露面。局面霎时变得混乱起来。
疯狂的麦克斯：狂暴女神,2024,2024-06-07,动作 科幻 冒险,148,75,英语,乔治·米勒,尼克·蓝瑟里斯,安雅·泰勒-乔伊 克里斯·海姆斯沃斯 汤姆·伯克 艾莉拉·布朗 乔治·舍夫佐夫 拉黑·休姆 约翰·霍华德 安格斯·桑普森 查理·弗雷泽,Fury is born.,年轻的弗瑞奥萨从原本的家园被掠走，落入军阀狄门特斯领导的帮派手中，在穿过荒原时，他们来到不死老乔所掌管的堡垒。在两位暴君争夺统治地位的同时，弗瑞奥萨必须在重重考验中活下来，并想方设法寻找回家的路；她也逐渐成长为利落酷飒的狂暴女神。
Fabrizio De André: Principe libero,2018,2018-01-23,音乐 历史,188,75,意大利语,Luca Facchini,Francesca Serafini,卢卡·马里内利 Ennio Fantastichini Valentina Bellè Elena Radonicich Davide Iacopini Gianluca Gobbi 托马索·拉尼奥 Matteo Martari Anna Ferruzzo,,A biopic on the personal and artistic life of Italian songwriter Fabrizio De André.
超人总动员2,2018,2018-06-22,动作 冒险 动画 家庭,118,75,英语,布拉德·伯德,,克雷格·西奥多·尼尔森 霍莉·亨特 莎拉·沃威尔 哈克·米尔纳 凯瑟琳·基纳 伊莱·富西尔 鲍勃·奥登科克 塞缪尔·杰克逊 Michael Bird,亲爱的，太久不见了。,深受喜爱的超人家族将在《超人总动员2》中强势回归，只不过这次站在聚光灯下的是弹力女超人海伦，而超能先生巴鲍勃则在家照料巴小倩和巴小飞，过起了“正常人”的居家生活。这一角色转换对于每个家庭成员来说都是艰难的，更何况他们都还没意识到宝宝巴小杰的超能力已经悄然增长。当剧中新反派开始酝酿一个狡诈危险的阴谋，超人家族必须联合酷冰侠的力量团结对外——然而即使各自都有超能力，真正做起来却是知易行难。
内布拉斯加,2013,2013-11-15,剧情 冒险,115,75,英语,亚历山大·佩恩,Bob Nelson,布鲁斯·邓恩 威尔·福特 琼·斯奎布 鲍勃·奥登科克 斯泰西·基齐 玛丽·路易斯·威尔逊 兰斯·霍华德 蒂姆·德里斯科尔 德文·拉特雷,Life's not about winning or losing. It's about how you get there in the end.,一位嗜酒的老父亲与关系疏远的儿子从蒙大拿前往内布拉斯加，只为领取一份声称价值百万美元的营销抽奖大奖。
鼠谭秘奇,1982,1982-07-02,家庭 动画 奇幻 冒险 悬疑,82,75,英语,Don Bluth,Robert C. O'Brien,Elizabeth Hartman 德里克·雅各比 Arthur Malet Dom DeLuise 赫敏·巴德利 莎儂·多赫提 威尔·惠顿 Jodi Hicks 伊娜·弗里德,"Right before your eyes, and beyond your wildest dreams.",故事发生在一群被NIMH（国家智能研究中心）的小老鼠身上，人们利用这些老鼠进行智力开发之类的实验。实验进展得很顺利，老鼠们都有了类似人类的智商，于是他们计划出逃，但是在此过程中一位勇敢的老鼠牺牲了......不过本片的故事讲的并不是这个，而是那位英雄老鼠的妻子如何不畏危险保护自己孩子的故事。
蝙蝠侠：漫长的万圣节（上）,2021,2021-06-22,动画 悬疑 动作 犯罪,85,75,英语,David Mazzucchelli,弗兰克·米勒,詹森·阿克斯 乔什·杜哈明 娜雅·里维拉 比利·伯克 杰克·奎德 泰特斯·韦利弗 特洛伊·贝克 Frances Callier 格雷格·春,调皮还是友好 捣蛋还是糖果 英雄还是反派,《蝙蝠侠：漫长的万圣节》的灵感来源于20世纪90年代中期由杰夫·勒布和蒂姆·赛尔创作的标志性DC故事，“第一部分”以万圣节的一起残忍谋杀案开始，促使哥谭市年轻的义务警员蝙蝠侠与该市仅有的两名廉洁的执法人员(警长詹姆斯·戈登和地区检察官哈维·登特饰)达成协议，以扳倒臭名昭著的法尔科内犯罪家族的头目罗马人。但当感恩节和圣诞节发生更多死亡事件时，很明显，他们面对的不是普通的帮派暴力，而是一个连环杀手-随着每条相互冲突的线索，他们的身份变得越来越难以辨别。很少有案件像假日杀手背后的谜团那样考验这位世界上最伟大的侦探的智慧。
智能陷阱,2020,2020-01-26,纪录 剧情,94,75,英语,Jeff Orlowski,Davis Coombe,Tristan Harris Jeff Seibert Bailey Richardson Joe Toscano Sandy Parakilas Guillaume Chaslot Lynn Fox 阿萨·拉斯金 Alex Roetter,社交媒体的阴暗面···来自它的创造者,"大型科技公司如Google, Facebook, Twitter如何影响社交媒体？"
回忆三部曲,1995,1995-12-23,奇幻 动画 科幻,110,75,日语,大友克洋,森本晃司,矶部勉 山寺宏一 饭冢昭三 千叶繁 高岛雅罗 长谷川亚美 堀秀行 绪方贤一 阪修,动漫大师笔下三个令人难忘的故事。,本片由三段互无关联的故事组成。《她的回忆》：2092年，由伊瓦诺夫领导的太空垃圾回收飞船在返航途中接收到来自“宇宙坟场”的求救信号，特殊的是，信号中掺杂着歌剧《蝴蝶夫人》的唱段。队员汉兹与米格尔前往施救，却进入了一位歌剧演员艾娃的回忆，这些栩栩如生的回忆场景对船员们产生了威胁；《最臭兵器》：供职于制药公司的小职员田中信男拖着病体赶回公司，无意中服用了公司与军方合作的实验药品。自此信男成为了制造致命臭气的肉身工厂，对此毫不自知的信男却按照上司命令将药品样本送往东京总部，一路上引起大面积恐慌，军方不得不派出大批军队半路截杀信男；《大炮之街》：在一座由蒸汽驱动的城市中，一家三口展开了一天的生活。母亲去制造炮弹的工厂上班，父亲在炮台担任装填手，小儿子在学校里学习与大炮相关的知识。炮台不停开炮，但敌人的身影却始终没有出现……
大审判,1982,1982-12-08,剧情,129,75,英语,西德尼·吕美特,巴里·里德,保罗·纽曼 夏洛特·兰普林 杰克·沃登 詹姆斯·梅森 米洛·奥谢 林赛·克劳斯 爱德华·宾斯 朱莉·博瓦索 罗克珊·哈特,弗兰克·加尔文迎来了最后一次做正确事情的机会。,酗酒成瘾的波士顿律师弗兰克·加尔文（Frank Galvin）力图重振声威。在同为律师朋友米基·莫里西（Mickey Morrissey）德介绍下得到了一宗医疗纠纷的案子，为一名在教会医院中因为生产处理不当而陷入错迷的女子索赔。弗兰克当初愿意庭外和解，这样他就可以有三分之一的赔偿金可以平安进口袋，但当他深入了解当事人的惨况后，决定要伸张正义，跟代表医院的大律师硬碰硬，藉此找回他个人失去已久的自尊心……
骑劫地下铁,1974,1974-10-02,犯罪 惊悚,105,75,英语,Joseph Sargent,John Godey,沃尔特·马修 罗伯特·阿奇博尔德·肖 马丁·巴尔萨姆 赫克托·埃利桑多 Earl Hindman 詹姆斯·布罗德里克 Dick O'Neill Lee Wallace Tom Pedi,We are going to kill one passenger a minute until New York City pays us 1 million dollars.,以罗伯特·肖为首的四名歹徒洗劫纽约市的地下铁，劫持十八个乘客作人质，威胁市政府在一小时内交一百万美元赎金，否则开始杀害人质。沃尔特·马修饰演的警长一边代表市府与歹徒周旋，另一边又跟地铁公司的职员怒目向相，使危机随着时间过去而升高。不料在四个歹徒得手之后，警长竟凭巧计识破了其中一名劫匪的身份。
资产阶级的审慎魅力,1972,1972-09-15,喜剧,102,75,法语,路易斯·布努埃尔,让-克劳德·卡里埃,费尔南多·雷伊 德菲因·塞里格 Paul Frankeur 斯特凡·奥德朗 布鲁·欧吉尔 让-皮埃尔·卡塞尔 Julien Bertheau Claude Piéplu 米歇尔·皮科利,,在路易斯·布努埃尔这部妙趣横生的讽刺杰作中，六位中上层阶级人士相约共进晚餐，而这场宴席却屡遭延宕——他们每一次尝试用餐都被现实或幻想的滑稽荒诞事件所打断，包括恐怖袭击、军事演习与鬼魅幻影。布努埃尔与编剧搭档让-克洛德·卡里埃将一系列断裂、散漫的荒诞场景串联起来，带领费尔南多·雷伊、斯特凡娜·奥德朗、德尔菲娜·塞里格、让-皮埃尔·卡塞尔、布丽吉特·奥贝尔等欧洲电影巨星，穿梭于被延宕、受挫与中断的欲望迷宫之中。作为布努埃尔晚年荣膺国际艺术电影大师地位的奥斯卡获奖巅峰之作，本片亦是他对统治阶级价值观最酣畅淋漓的激进批判之一。[标准收藏]
侠骨柔情,1946,1946-10-17,西部 剧情 爱情 历史,97,75,英语,约翰·福特,斯图尔特·N·莱克,亨利·方达 琳达·达内尔 Victor Mature Cathy Downs 沃尔特·布伦南 蒂姆·霍尔特 埃德温·邦德 艾伦·莫布雷 John Ireland,她身上有着西部的一切特质——年轻、热情、充满活力！,本片是一部群星戏，讲述阿布家的四兄弟威雅特、巴杰、摩根、杰姆斯赶着牛群来到土木斯顿，附近的人要买他们的牛，遭到拒绝。晚上趁三人不在时有人把杰姆斯给杀了，并偷走了牛。他们怀疑是可芝顿一家人干的。威雅特为了查清此事，答应在镇上做保安官。当过医生的多可在街上开了一家酒吧，为了多可的情妇，威雅特曾经和多可对立了一阵，但很快便成为好友。多可的未婚妻来到后，威雅特对她一见钟情。当杰姆斯是可芝顿一家人所杀的事情被证实之后，事态变得更加紧张，接着威雅特受到可芝顿的伏击，巴杰被杀，最后决定要在欧凯牧场决斗。多可帮助威雅特去参加决斗，可芝顿一帮人被消灭，多可也因此牺牲。威雅特和摩根要回故乡的那一天决定要在镇上教书的可蕾曼代来为他们送行，威雅特与可蕾曼代互相抑制着慕情告别了。
泳出新生,2022,2022-10-09,剧情 历史,135,75,英语,萨利·艾尔·胡赛因,杰克·索恩,马纳尔·伊萨 娜塔莉·伊萨 马提亚斯·施维赫夫 阿里·苏里曼 詹姆斯·弗洛伊德 艾哈迈德·马利克 金达·阿洛什 Nahel Tzegai Carlotta De Gregori,,从战火纷飞的叙利亚到2016年里约奥运会，年轻的两姐妹踏上了冒险之旅，满怀热情地运用自己的游泳技能完成英雄壮举。
雪人奇缘,2019,2019-10-01,家庭 动画 冒险 喜剧 奇幻,97,75,英语,Jill Culton,,汪可盈 Albert Tsai 爱德华·伊扎德 Tenzing Norgay Trainor Joseph Izzo 莎拉·保罗森 周采芹 米歇尔·王 里奇·迪特尔,Find your way home.,三位都市少年与一个拥有魔力的喜马拉雅小雪人神奇相遇、结伴同行，经历考验最终护送小雪人与家人团聚的故事，期间少年们的内心深深体味了勇敢和家的意义。 特别值得一提的是，多个中国著名景点都会以独一无二的动画语言呈现给全球观众。
敦刻尔克,2017,2017-09-01,战争 动作 剧情,107,75,英语,克里斯托弗·诺兰,,菲恩·怀特海德 汤姆·哈迪 马克·里朗斯 肯尼思·布拉纳 基利安·墨菲 巴里·基奥恩 哈里·斯泰尔斯 阿奈林·巴纳德 达米安·勃纳尔,当 40 万人无法回家 家为你而来,二战初期，40万英法盟军被敌军围困于敦刻尔克的海滩之上，面对敌军步步逼近的绝境，形势万分危急。英国政府和海军发动大批船员，动员人民起来营救军队。英国士兵汤米在逃离海滩的过程中相继结识吉布森与亚历克斯，同时民用船主道森先生与儿子彼得、17岁少年乔治也离开英国，去往敦刻尔克拯救士兵。三人陆续搭救了海军、飞行员柯林斯及汤米一行人，而战斗机飞行员法瑞尔则在被敌人双面夹击的艰难情形下顽强战斗。在德国军队的包围下，每个人不得不为自己的命运背水一战，才有可能活着回家。
巴霍巴利王2：终结,2017,2017-04-28,动作 冒险 奇幻,167,75,泰卢固语,S·S·拉贾穆里,维杰耶德拉·普拉萨德,普拉巴斯 拉纳·达格巴帝 安努舒卡·谢蒂 西比拉吉 纳赛尔 拉米亚·克里希南 萨伯拉杰 特曼娜·芭蒂亚 普鲁德维拉吉,,根据印度神话传说改编而来，讲述勇猛、善良的巴霍巴利王和他的儿子希瓦，对抗邪恶的兄弟巴拉迪瓦，争夺摩西施末底王国控制权的故事。
我需要你,2012,2012-06-22,剧情 爱情,123,75,西班牙语,Fernando González Molina,Federico Moccia,玛丽亚·瓦沃德 马里奥·卡萨斯 克拉拉·拉戈 Álvaro Cervantes 迭戈·马丁 Marina Salas Cristina Plazas Nerea Camacho Marcel Borràs,,"《我想你》是2010年的《恋爱大过天》的续集。试图忘却上一段失败恋情的阿彻,旅居伦敦两年后返回巴塞罗那。面对熟悉的城市和朋友，还遇到了令他再次心动的女孩Gin，阿彻必须在亲情，友情，爱情和工作之间努力作出平衡。同时，芭比也再次出现，新欢与旧爱，阿彻将如何抉择？？  　　【恋爱大过天】续集，2年后从纽约归来的马里奥·卡萨斯又跑到了新的妞，这家伙不演吸血鬼可惜了。上一集是狗血的青春片，这一集依旧狗血，依旧拖沓，还彻底沦为了POSE电影，俊男靓女们什么都没干，尽是没玩没了的POSE和适时而起的煽情配乐了。旧爱新欢弟弟去世的心结，下一部里该狗血三角恋了吧。"
卢丹的恶魔,1971,1971-07-25,剧情 历史 恐怖,112,75,英语,肯·罗素,Aldous Huxley,凡妮莎·雷德格雷夫 奥利弗·里德 达德利·萨顿 Max Adrian 詹妮弗·琼斯 默里·梅尔文 迈克尔·戈哈德 乔治娜·黑尔 Brian Murphy,Hell will hold no surprises for them...,编剧阿尔多斯·赫胥黎为导演肯·罗素这部火花四溅的杰作提供了素材。这部影片描述了在17世纪的法国，修女对主教暗生情愫，这种情绪在修道院中蔓延，整个修道院的修女都赤身迎接主教 ，她们被认为被恶魔附身，但除魔方法匪夷所思。导演罗素称这部影片是他所有作品中“唯一的、而且最政治性的 影片”，这一对“洗脑”作出清晰刻画并对政教之间的勾结作出描绘的影片被英国电影分级委员会和华纳影业禁放，华纳影业至今仍宣称这部影片强烈不适于公开放映。
海市蜃楼,2018,2019-03-28,惊悚 剧情 悬疑 奇幻,129,74,西班牙语,奥里奥尔·保罗,Lara Sendim,阿德里亚娜·乌加特 奇诺·达林 哈维尔·古铁雷斯 阿尔瓦罗·莫奇 诺拉·纳瓦斯 米克尔·费尔南德斯 克拉拉·塞古拉 Mima Riera 艾娜·克洛特,Who would you stop time for?,小男孩尼克（胡里奥·博希加斯 Julio Bohigas-Couto 饰）在一个风雨交加的夜晚目睹了邻居安吉尔（哈维尔·古铁雷斯 Javier Gutiérrez 饰）杀害自己妻子的场面。在和安吉尔的追逐之中，一辆车将尼克撞倒，导致了他的死亡。一晃眼多年过去，薇拉（阿德丽安娜·尤加特 Adriana Ugarte 饰）和丈夫大卫（阿尔瓦罗·莫奇 Álvaro Morte 饰）带着他们的女儿住进了尼克曾经居住过的房子。
君子好逑,1955,1955-04-11,剧情 爱情,90,74,英语,Delbert Mann,帕迪·查耶夫斯基,欧内斯特·博格宁 Betsy Blair Esther Minciotti Augusta Ciolli Joe Mantell Karen Steele Jerry Paris James Bell John Beradino,It's the love story of an unsung hero!,一位中年屠夫和一位小学教师都已对爱情不抱希望，却在舞会上相遇并坠入爱河。
风月俏佳人,1990,1990-03-23,爱情 喜剧,119,74,英语,加里·马歇尔,乔纳森·弗雷德里克·劳顿,理查·基尔 朱莉娅·罗伯茨 拉尔夫·贝拉米 杰森·亚历山大 劳拉·圣吉亚科莫 赫克托·埃利桑多 阿莱克斯·海德-怀特 艾米·亚斯贝克 埃莉诺·多纳休,"She walked off the street, into his life and stole his heart.",爱德华·刘易斯是个身家百万的企业巨头，也是个潇洒迷人的青年男子。但是麻烦的是他总是搞不好和女人的关系，最近，他与女友的关系又破裂了。 爱德华到洛杉矶出差。一天夜里，他向他的朋友——律师菲利普借了一辆高级轿车想出去解闷，却不知不觉将车开到了红灯区。在一条林荫道上，迷失方向的爱德华只好向一位年轻漂亮的妓女维维安问路。维维安的美丽活泼吸引了爱德华。在付出一笔小费之后，维维安答应送他回旅馆。当回到套间里时，爱德华已经不想让维维安离开了。于是他又继续“雇”了她一夜。爱德华发现自己喜欢上了维维安，但又碍于面子不能出口。菲利普出了个主意，花3000元雇她一周作为出席交际活动的女伴。维维安接受了爱德华的要求。当她装扮停当赶到时，看上去俨然是一位贵妇人。在用餐时，维维安对年轻的戴维发生了兴趣；而在马球比赛时，两人又热切交谈。这引起了爱德华的醋意大发。回到旅馆后，维维安发现自己已爱上了爱德华，两人谁也不能离开对方了。一周很快过去，爱德华想要出钱把她安置在纽约一所公寓里，维维安干脆地拒绝了。维维安离开了爱德华回到自己的公寓，她决定去上学，开始重新做人。正当她准备出门时，爱德华的汽车已停到了门外……
碟中谍6：全面瓦解,2018,2018-08-31,动作 冒险,148,74,英语,克里斯托弗·麦夸里,,汤姆·克鲁斯 亨利·卡维尔 文·瑞姆斯 西蒙·佩吉 丽贝卡·弗格森 肖恩·哈里斯 安吉拉·贝塞特 凡妮莎•柯比 米歇尔·莫纳汉,有些任务别无选择,伊森·亨特和队友们接到了追回三个大杀伤性核武器的任务。眼见任务马上就能完成，但为了挽救其中一位队友卢瑟的生命，三个核武器被人趁机带走。中情局负责人斯隆女士调来她手下的得意猛将沃克，让他盯着伊森·亨特完成追回核武器的任务。期间，女特工伊尔莎突然出现，伊森·亨特发现，他要面对的并不只是恐怖分子，还有潜藏在政府部门的内鬼。
小巨人,1970,1970-12-23,西部 喜剧 冒险 剧情,139,74,英语,阿瑟·希勒·佩恩,Thomas Berger,达斯汀·霍夫曼 菲·邓纳威 Chief Dan George 马丁·巴尔萨姆 Richard Mulligan 杰夫·科里 Aimée Eccles Kelly Jean Peters 威廉·赫基,Either the most neglected hero in history or a liar of insane proportion!,本片描述一名曾经在白人和红人社会出生入死多次的人瑞回忆他的一生经历，从一个侧面反映了美国西部开拓时期的一页血与泪的历史。本片是这红人翻案的反传统西部片，内容和构想都处理得颇具新意，每一段情节都具有相当高的趣味性。达斯廷．霍夫曼在片中从十几岁演到一百二十岁，是演技上的一大突破，另外马丁．巴山姆、费伊．达纳韦等演员的表演也不落俗套。
当风吹起的时候,1986,1986-10-24,动画 战争 剧情,84,74,英语,Jimmy T. Murakami,雷蒙德·布雷格斯,约翰·米尔斯 佩吉·阿什克罗福特 Robin Houston James Russell David Dundas Matt Irving Bernard Montgomery Harry S. Truman 约瑟夫·斯大林,...it's no fairy tale.,大战爆发之前，一位老人拿着政府发的“备战小册子”回到家中，妻子一如往日的给他准备了美味的食物和奶茶。很快广播中播放战争即将开始的消息，于是老人按照小册子中的介绍开始准备搭建防空袭遮蔽帐篷......
肮脏的哈里,1971,1971-12-23,动作 犯罪 惊悚,102,74,英语,丽塔·芬克,哈里·朱利安·芬克,克林特·伊斯特伍德 哈里·古蒂诺 雷尼·桑托尼 约翰·弗农 安德鲁·罗宾逊 约翰·拉奇 约翰·米彻姆 梅·默瑟 Lyn Edgington,Detective Harry Callahan. He doesn't break murder cases. He smashes them.,"当一名自称""天蝎杀手""的罪犯威胁城市安全时，旧金山警局强硬如铁的督察哈利·卡拉汉受命追捕这名心理变态者。""我知道你现在想什么。他开了六枪还是五枪？说实话，在这般激烈交火中，我自己也记不清了。但既然这把44口径马格南是世上最强力的手枪，足以把你脑袋轰飞，你只需要问自己一个问题：'我今天走运吗？' 嘿，混蛋，你觉得呢？"""
美国队长3,2016,2016-05-06,冒险 动作 科幻,148,74,英语,乔·西蒙,杰克·柯比,克里斯·埃文斯 小罗伯特·唐尼 斯嘉丽·约翰逊 塞巴斯蒂安·斯坦 安东尼·麦凯 唐·钱德尔 杰瑞米·雷纳 查德维克·博斯曼 保罗·贝坦尼,复仇者联盟决裂 存亡之战 全面爆发,美国队长史蒂夫·罗杰斯（克里斯·埃文斯 Chris Evans 饰）带领着全新组建的复仇者联盟，继续维护世界和平。然而，一次执行任务时联盟成员不小心造成大量平民伤亡，从而激发政治压力，政府决定通过一套监管系统来管理和领导复仇者联盟。联盟内部因此分裂为两派：一方由史蒂夫· 罗杰斯领导，他主张维护成员自由，在免受政府干扰的情况下保护世界；另一方则追随托尼·斯塔克（小罗伯特·唐尼 Robert Downey Jr. 饰），他令人意外地决定支持政府的监管和责任制体系。神秘莫测的巴基（塞巴斯蒂安·斯坦 Sebastian Stan 饰）似乎成为内战的关键人物……
囚室211,2009,2009-11-06,动作 惊悚 剧情,113,74,西班牙语,Daniel Monzón,Francisco Pérez Gandul,阿尔贝托·阿曼 路伊斯·托沙 Antonio Resines 玛塔·埃图娜 曼努埃尔·莫龙 卡洛斯·巴登 Luis Zahera Fernando Soto Vicente Romero Sánchez,"To survive inside, he has to become one of them.",新任狱警胡安为展示良好职业风貌，提前一天入狱体验工作。而在这一天里，犯人头目“恶母”击伤狱警，带领犯人暴动，监狱陷入了一片混乱。胡安因受伤被同伴丢弃在211囚室，为了避免被犯人们当做人质，他只得乔装罪犯，谋取恶母的信任，试图寻找脱身机会。犯人们以监狱中的三名刑期百年以上的“埃塔”恐怖分子要挟官方答应他们的谈判条件，因政府与埃塔方面有协议在先，监狱方与特别行动组投鼠忌器，迟迟不能强攻，致使局势僵持。另一方面，监狱暴动经媒体报道后引起连锁反应，家属们纷纷来到监狱探听消息，却遭到狱警们的毒打，胡安怀有身孕的妻子不幸受伤，而这让本欲确保自己脱身并协助狱方平息事端的胡安做出了疯狂的举动。
我杀了我妈妈,2009,2009-06-05,剧情,96,74,法语,泽维尔·多兰,,泽维尔·多兰 Anne Dorval François Arnaud Suzanne Clément Patricia Tulasne Niels Schneider Monique Spaziani Pierre Chagnon Justin Caron,Sons forget their mothers can die.,不幸的童年经历让十六岁的少年于贝尔（泽维尔·多兰 Xavier Dolan 饰）早早过上了同母亲（安妮·杜尔瓦勒 Anne Dorval 饰）相依为命的生活，然而，随着年龄的增长和叛逆期的到来，于贝尔渐渐发现，自己和母亲之间开始变得越来越难以沟通，两人之间的距离渐行渐远 。内心充满了痛苦和矛盾，于贝尔开始了艰难的尝试，企图重塑他和母亲之间破裂的亲情与信任，可是，就在于贝尔的努力逐渐产生成效之时，他和同性男友安东尼（弗朗柯斯·阿诺德 François Arnaud 饰）之间的关系曝光了，这让他同母亲之间的关系再次回归了冰点之下。在安东尼的帮助下，于贝尔从寄宿学校出逃，偌大的天地之间，他能够寻找到一片得以藏身其中的小小天地吗？
不设限通缉,1988,1988-09-09,剧情 爱情 犯罪,116,74,英语,西德尼·吕美特,娜奥米·福纳,克里斯汀·拉赫蒂 瑞凡·菲尼克斯 朱迪·黑尔茨 Jonas Abry 玛莎·普林顿 Ed Crowley 基特·卡森 史蒂文·希尔 奥古斯塔·达布尼,他们选择了自己的人生。如今，他们的儿子也必须做出自己的选择。,故事发生在六十年代末期，安妮（克里斯汀·拉蒂 Christine Lahti 饰）和亚瑟（贾德·赫希 Judd Hirsch 饰）是反对越战的激进分子，为了坚持他们的主张，两人表现出了很多过激行为，最终，他们因为在政府实验室里放置炸弹而遭到了当局的通缉和追捕，从此，安妮和亚瑟过起了东躲西藏的流离生活。  　　丹尼（瑞弗·菲尼克斯 River Phoenix 饰）是安妮和亚瑟的长子，某日，他邂逅了名为罗娜（玛莎·普林顿 Martha Plimpton 饰）的女孩，罗娜的聪慧和机敏令她周身散发着不可抵挡的吸引力，很快，丹尼就坠入了爱河。罗娜的存在让丹尼对居无定所的日子产生了厌倦，他希望能够安定下来，有一个真正的“家”，可是，对于他的父母来说，这个简单的愿望有可能会导致无法挽回的悲剧。
普通人,1980,1980-09-19,剧情,124,74,英语,罗伯特·雷德福,Judith Guest,唐纳德·萨瑟兰 玛丽·泰勒·摩尔 朱迪·黑尔茨 蒂莫西·赫顿 迈克尔·埃米特·沃尔什 伊丽莎白·麦戈文 黛娜·马诺夫 弗瑞德里克·林恩 詹姆斯·希金,Everything is in its proper place... except the past.,在罗伯特·雷德福的导演处女作中，一个富裕家庭的长子意外离世，使严厉的母亲（玛丽·泰勒·摩尔 饰）、温和善良的父亲（唐纳德·萨瑟兰 饰）与深陷自责的小儿子（蒂莫西·赫顿 饰）之间的关系陷入重重裂痕。
惊情四百年,1992,1992-11-13,爱情 恐怖,128,74,英语,弗朗西斯·科波拉,布莱姆·斯托克,加里·奥德曼 薇诺娜·瑞德 安东尼·霍普金斯 基努·里维斯 莎迪·弗罗斯特 加利·艾尔维斯 理查德·E·格兰特 比利·坎贝尔 汤姆·威茨,血就是生命！,公元1462年，土耳其人入侵君士坦丁堡，并威胁到整个基督教。罗马尼亚大将军德古拉伯爵(加里•奥德曼 饰)临危受命征讨，不料就在他获胜之时，城内谣言四起， 盛传他已战死沙场。他的妻子伊丽莎白（薇诺娜•赖德 饰）因悲痛欲绝而投河自杀，班师回朝的德古拉看到的只是妻子的尸体。由此他迁怒于上帝，从而化身投入邪恶势力，以吸食鲜血延续生命，成了一个不死的吸血僵尸。四百年后，故事辗转到了1897年的伦敦，年轻律师强•纳生（基努•里维斯 饰）受命到罗马尼亚特兰斯瓦尼亚属地的德古拉家族城堡去办理这位贵族后裔在伦敦的地产手续。为此，他将与未婚妻——美丽的美娜（薇诺娜•赖德 饰）分离。德古拉城堡的主人公正是已化为吸血鬼的德古拉伯爵，他发现美娜与伊丽莎白惊人相象，认为美娜就是莉莎的转世再生。他决定找到美娜，找回那一份遗失了四百年的真爱。他将约拿囚禁在城堡之中，带上成箱子的故乡泥土：这是他力量的源泉，乘船一路呼风唤雨来到伦敦。他的到来复苏了伦敦的黑暗力量。吸血蝙蝠与狼人醒了，伦敦处于一种神秘的恐怖之中。而美娜却总在冥冥之中听到一种心灵的神秘的召唤，在恐惧中又带有一种强烈的向往...
自由的幻影,1974,1974-09-10,喜剧,104,74,法语,路易斯·布努埃尔,让-克劳德·卡里埃,阿德里娅娜·阿斯蒂 米莱娜·武科蒂奇 Jean-Claude Brialy Monica Vitti 让·雷谢夫 米歇尔·皮科利 阿道夫·切利 Claude Piéplu Paul Frankeur,路易斯·布努埃尔最荒诞的喜剧。,本片由几个超现实的小故事串联而成。公园里，一个神秘男子塞给一个中产阶级家庭的女孩几张图片，女孩父母对这些帕特农神庙、凯旋门等古建筑的图片大惊失色。丈夫晚上被幻觉困扰求助医生，恰巧女护士请假离去，在回家的路上，女护士偶遇受虐狂帽商、赌博的神父等人。一位教授搭护士的车来到警局授课，却总被打断，他最后讲了一段赴宴的经历，几个朋友在马桶上闲聊，而吃饭却在厕所一样的单间里。一名罹患癌症的男人被告知女儿失踪，虽然女儿就在身边，但一群人仍然四处寻找。一名枪手在高层建筑里随意射杀路人，被判处死刑，但看起来却像是当庭释放。警察局长接到了死去的妹妹电话，他前往墓地查看，却发现自己的位置已经被别人代替……本片获1975年意大利电影新闻记者协会银兔奖。
灵魂歌王,2004,2004-10-29,剧情 音乐,152,74,英语,泰勒·哈克福德,James L. White,杰米·福克斯 凯丽·华盛顿 雷吉娜·金 哈里·莱尼克斯 克利夫顿·鲍威尔 博基姆·伍德拜恩 Sharon Warren C.J. Sanders 柯蒂斯·阿姆斯特朗,The extraordinary life story of Ray Charles.,本片是是一部关于美国灵魂乐之父雷.查尔斯(Ray Charles)的人物传记影片。像大多数的音乐天才一样，他的一生经理了许多的坎坷与磨难，但最终取得了辉煌的成功。
朦胧的欲望,1977,1977-08-17,喜剧 剧情 爱情,102,74,法语,路易斯·布努埃尔,让-克劳德·卡里埃,费尔南多·雷伊 卡洛尔·布盖 安赫拉·莫利纳 Julien Bertheau André Weber 米莱娜·武科蒂奇 María Asquerino Ellen Bahl Valerie Blanco,路易斯·布努埃尔的杰作,法国绅士马德奥（费尔南多·雷依Fernando Rey 饰）在西班牙乘车回国，在车厢里他遇到了一对母女、一个侏儒以及一个弟弟的朋友。火车发动前，一个女人（莫利纳·安赫拉Molina Angela 饰）拎着行李匆匆赶来，马德奥向她泼了一桶冷水，这让众人颇为不解。回到车厢后，马德奥跟其他人讲述自己的遭遇：原来这女人是马德奥哥哥家的西班牙女仆孔奇塔（卡洛尔·布盖Carole Bouquet 饰）。她的美貌深深吸引了马德奥。为了示爱，他资助孔齐塔母女摆脱经济困难，然后提出让她做自己的爱人。虽然，孔奇塔对他半推半就，但是始终没有答应他的性要求。这令他非常恼火，特别是当他发现这个自称处女的女人居然另有情人时，更是怒不可遏……  本片中，西班牙导演布努埃尔用两名女演员扮演同一角色，颇具象征意义。
星际旅行2：可汗怒吼,1982,1982-06-04,动作 冒险 科幻 惊悚,113,74,英语,Jack B. Sowards,尼古拉斯·迈耶,威廉·夏特纳 伦纳德·尼莫伊 里卡多·蒙塔尔班 德福雷斯特·凯利 詹姆斯·杜汉 沃尔特·柯尼希 武井穗乡 尼切尔·尼科尔斯 比比·贝施,At the end of the universe lies the beginning of vengeance.,邪恶的可汗逃脱十五年前被寇克船长拘禁的星球，他本人是一位智勇双全的领袖，但此刻已变成一个邪恶的狂人，他誓言要向寇克船长讨回血仇。于是他先劫持了一艘联邦战舰，后又偷取了寇克船长的儿子和旧情人制造的毁灭性武器。并引诱企业号投入他精心设计的圈套。
蓝白红三部曲之白,1994,1994-01-26,喜剧 剧情 悬疑,91,74,法语,克日什托夫·基耶斯洛夫斯基,克日什托夫·皮耶谢维奇,兹比格涅夫·扎马卓斯基 朱莉·德尔佩 扬努斯·加约斯 耶日·斯图尔 哥尔基 瓦尔霍乌 耶日·诺瓦克 亚历山大·巴尔迪尼 塞扎里·哈拉西莫维奇 杰吉·特雷拉,,基耶斯洛夫斯基《三色》系列中最具游戏精神而又最为粗粝的一部作品，讲述了寄居法国的波兰移民卡洛·卡洛的荒诞际遇。这位倒霉的理发师在妻子以婚姻未圆房为由诉请离婚、并纵火烧毁自家发廊后诬陷他的情况下，决定离开巴黎重返故乡华沙。影片随后徐徐展开卡洛·卡洛精心策划的复仇图谋，既成一部关于东欧与西欧经济失衡的刺痒黑色喜剧，亦是对扭曲爱恋的沉静冥思。[标准收藏]
不忘初爱,2019,2019-09-06,喜剧 剧情,101,74,西班牙语,María Ripoll,玛丽亚・明格斯,茵玛·库艾斯塔 奥斯卡·马丁内斯 Mafalda Carbonell Nacho López Isabel Requena 艾娜·克洛特 Antonio Valero María Zamora Valeria Schoneveld,,一位退休的学术教师在得知自己被诊断出患有阿尔茨海默病后，试图寻找他的青春恋爱。
疯狂原始人2：新纪元,2020,2020-11-25,动画 家庭 冒险 奇幻 喜剧,95,74,英语,克里斯·桑德斯,柯克·德米科,尼古拉斯·凯奇 艾玛·斯通 瑞安·雷诺兹 凯瑟琳·基纳 克洛里斯·利奇曼 克拉克·杜克 莱斯利·曼恩 彼特·丁拉基 凯莉·玛丽·陈,好好拼搏 天天快活,经历了逃离洞穴、挺过末日危机之后的原始人咕噜家族，咕噜一家决定寻找新家园。中途盖 已成了咕噜一家中的一员，但让瓜哥 头疼的是，盖跟女儿小伊 每天你侬我侬，还妄想组成只属于两人的小家庭。就在咕噜一家人饥肠辘辘之际，他们发现了一片高墙内隐藏着食物丰饶的沃土，原来开辟这片世外桃源的文明人夫妇霍普和菲尔是已经去世的盖的父母的朋友。在最初的热情款待后，一心想要撮合盖和女儿晓晓的霍普和菲尔，发现咕噜一家成了绊脚石，为了把盖抢过来，他们用上了攻心计。两家人闹得不可开交，盖和小伊也产生了裂痕，却浑然不知危险正慢慢靠近……
爱丽丝,1988,2024-06-14,动画 奇幻 冒险,86,74,捷克语,杨·史云梅耶,刘易斯·卡罗尔,Kristýna Kohoutová,A film made for children… perhaps?,一天，小女孩爱丽丝（Kristýna Kohoutová 饰）在自己的房间玩耍，一只兔子闯入了她的玻璃橱柜，神色慌张地更衣赶路，爱丽丝跟随这只奇怪的兔子爬进抽屉，很快便从一个大水桶里掉入了另一个世界。然而，这并不是我们从童话里熟知的那个爱丽丝仙境，兔子肚子里竟然填满了木屑，需要吃木屑补充能量，它还有一把专门用来砍头的大剪刀；鱼缸里的鱼骨头会咬人；袜子虫长着假牙钻来钻去……这里的一切与其说是奇幻，不如说是诡怪，甚至有些残酷和肮脏。面对着预料之外的种种威胁，爱丽丝在“仙境”中探索前行，她最终将走到哪里，又将遇到些什么？同时她也在好奇，这个世界和自己的房间，究竟哪个才是现实，哪个才是“仙境”……
午夜快车,1978,2001-06-01,剧情 犯罪,121,74,英语,艾伦·帕克,奥利弗·斯通,Brad Davis Irene Miracle 博·霍普金斯 Paolo Bonacelli 保罗·史密斯 兰德尔·奎德 Norbert Weisser 约翰·赫特 Mike Kellin,Walk into the incredible true experience of Billy Hayes. And bring all the courage you can.,根据真人真事加盐加醋改编，一个美国青年因携带毒品到士耳其被判囚，在狱中受尽不人道对待，在他即将出狱时又无理地改判终身监禁，因此决定逃狱。影片拍得极尽煽情之能事，加上佐治奥.莫鲁达的音乐，更能激动观众的感官反应。
黑皮书,2006,2009-02-03,剧情 惊悚 战争,145,74,荷兰语,保罗·范霍文,Gerard Soeteman,卡里斯·范·侯登 塞巴斯蒂安·科赫 汤姆·霍夫曼 哈里纳·雷金 瓦尔德马·科布斯 马提亚斯·修奈尔 Theo Maassen Derek de Lint 克里斯蒂安·伯克尔,"To fight the enemy, she must become one of them.",二战末期，荷兰的犹太姑娘雷切尔（卡里斯·范·侯登 Carice van Houten 饰）和她家人刚刚逃过死神关口，来不及喘息又遭到德国军船的扫射，只幸存下雷切尔一人。躲避在暗处的雷切尔把叛徒的样子牢牢记在心上，她的一生都为寻找这个人而孤注一掷。她为了隐藏身份，当了一名歌手，然而阴差阳错竟让她开始了另一条人生道路。游击队队长让雷切尔混进德国阵营中，去搭救他被逮捕的儿子。于是，美丽的雷切尔成功俘获了德国军官的心。一切都好像进展顺利，但雷切尔的一个机密任务，却让她陷入了四面楚歌的境况。复仇的决心还在雷切尔心中熊熊燃烧，叛徒还在某个阴暗的角落……
碧海蓝天,1988,1988-05-11,爱情 冒险 剧情,168,74,法语,吕克·贝松,玛丽莲‧戈登,让-马克·巴尔 让·雷诺 罗姗娜·阿奎特 保罗·谢纳尔 塞尔吉奥·卡斯特利托 让·布瓦兹 马克·迪莱特 格里芬·邓恩 瓦伦蒂娜·巴尔加斯,危险...如同激情...深不可测,杰克在希腊海边长大，虽然小时候眼看着爸爸死于一次潜水事故，却没有削减杰克对大海的热爱。当杰克的朋友恩佐找到他，劝说他参加潜水冠军大赛时，杰克答应了，在比赛中成绩突出勇夺冠军，并且得到了乔安娜的爱。两人打得火热，杰克却意识到他放不下、离不开大海。意外发生了。好友恩佐在潜水中不幸丧生，杰克把恩佐的尸首放入大海当中，杰克的心中非常迷乱，他觉得自己不再属于人类社会，只想潜进深海，像海豚一样陪伴大海一生。尽管传来了乔安娜怀孕的消息，杰克深情的看了看爱人，转身投入了大海的怀抱。
世界上最糟糕的人,2021,2021-10-15,剧情 爱情 喜剧,128,74,书面挪威语,约阿希姆·提尔,埃斯基尔·沃格特,雷娜特·赖因斯夫 安德斯·丹尼尔森·李 赫伯特·诺德鲁姆 汉斯·奥拉夫·布伦纳 Helene Bjørneby Vidar Sandem 玛丽亚·格拉齐亚·迪梅奥 Lasse Gretland Karen Røise Kielland,,雷娜特·赖因斯夫凭借其启示性且层次复杂的表演荣获戛纳最佳女演员奖，她的演出也奠定了挪威名导约阿希姆·提尔这部小说叙事般的广袤图景。影片是一部情感层次丰盈且充满生命律动的人物研究，聚焦一位步入三十岁十字路口的女性。在现代世界看似无尽的可能中，朱莉在艺术热情与职业选择、是否成为母亲的命题，以及与两位截然不同的男性——一位成功的漫画艺术家和一位充满魅力的咖啡师的关系间心旌摇曳。提尔与长期合作的编剧埃斯基尔·沃格特携手创作团队，在这部奥斯卡提名作品、非正式“奥斯陆三部曲”的终章中，构建了一幅关于自我发现的自由肖像，并为浪漫喜剧注入了令人振奋的当代气息。[标准收藏]
水瓶座,2016,2016-09-01,剧情,147,74,葡萄牙语,克莱伯·门多萨·费略,,索尼娅·布拉加 Maeve Jinkings 伊兰迪尔·桑托斯 Humberto Carrão Zoraide Coleto Carla Ribas Fernando Teixeira Buda Lira Paula De Renor,,克拉拉，一位65岁的寡妇、退休音乐评论家，出生于巴西累西腓一个富裕的传统家庭。她是“水瓶座”公寓楼的最后一位住户——这栋建于上世纪40年代的两层老建筑，坐落于累西腓博阿维斯塔大道的高档海滨区。周围所有公寓已被一家公司收购，该公司对该地块另有规划。克拉拉立誓至死才愿搬离此处，由此与公司展开了一场无声的冷战。这场对峙既困扰着她，也为她的日常生活注入了抗争的锋芒，同时也促使她不断追忆所爱之人、回首过往，并思索自己的未来。
红海龟,2016,2016-06-29,动画 剧情 奇幻 家庭,81,74,法语,迈克尔·度德威特,,Tom Hudson Baptiste Goy Axel Devillers Barbara Beretta,,通过一个男人遇船难漂流至栖息着海龟、螃蟹和飞鸟的热带岛屿的故事，本片讲述了一个人生命历程的重要阶段。
鸟人,2014,2015-04-18,剧情 喜剧,119,74,英语,亚历杭德罗·冈萨雷斯·伊尼亚里图,阿曼多·博,迈克尔·基顿 艾玛·斯通 扎克·加利费安纳基斯 爱德华·诺顿 安德里亚·里斯伯勒 娜奥米·沃茨 艾米·莱安 琳赛·邓肯 梅里特·维沃,How did we end up here?,一位曾因饰演标志性超级英雄而闻名的演员，正艰难筹备一部百老汇舞台剧。在首演前夕的几天里，他与自我角力，试图找回自己的家庭、事业与自我。
千惊万险,1977,1977-06-24,惊悚 冒险 剧情,122,74,英语,威廉·弗莱德金,Georges Arnaud,罗伊·谢德 Bruno Cremer 弗朗西斯科·拉巴尔 Amidou Ramon Bieri Peter Capell Karl John Friedrich von Ledebur Chico Martínez,Four men...outlaws thrown together by fate...share a fantastic adventure and risk the only thing they have left to lose.,四名犯罪流放者冒着生命危险寻求法律和道德上的救赎，穿越危险的拉丁美洲丛林去运送大量硝化甘油。
醉拳2,1994,1994-02-03,动作 喜剧,102,74,Cantonese,刘家良,邓景生,成龙 狄龙 梅艳芳 蒋志光 刘家良 卢惠光 何松柏 黄日华 何咏芳,He's got a secret weapon with a lot of kick.,民初年间，年轻的黄飞鸿（成龙 饰）自学了一套威力无穷的拳法——醉拳。但是每次打出这套拳法，都要先喝得酩酊大醉，利用醉态打破一切武学定律，才能发挥出醉拳的威力。因为这样，黄飞鸿父亲黄麒英严禁儿子练这种有伤风雅、而且违背习武强身法则的拳法。年少顽皮的飞鸿常常背着父亲在练习醉拳，并以此打败了众多强手。这天，飞鸿和父亲一起上东北办事。半途上，父子俩遇上了一伙外国强盗，他们暗中将国宝玉玺偷运出境。为了阻止这伙强盗、夺回国宝，飞鸿只好使出他的拿手绝活——醉拳
希腊人佐巴,1964,1964-12-14,剧情,142,74,现代希腊语,Mihalis Kakogiannis,尼科斯·卡赞扎基斯,安东尼·奎恩 阿兰·贝茨 艾琳·帕帕斯 Lila Kedrova Sotiris Moustakas Anna Kyriakou Takis Emmanuel Eleni Anousaki George Foundas,Life. Lust. Love. Zorba.,迈克尔．柯杨尼斯导演的经典作，故事背景是希腊的克里特岛偏僻的乡下地方，年轻的英国作家艾伦．贝斯已很久没有执笔为文，当他碰到深具智慧的希腊老农民安东尼．奎因，看见他自由自在地全心投入生活之后，决意重新开发祖先留下来的文化宝藏。全片制作精致并富娱乐性，安东尼昆的演出更是神彩飞扬，将两个不同阶层和个性的男人之间的友情拍得十分动人。曾获奥斯卡黑白摄影等三项金像奖，后来并改编成百老汇舞台剧。
细细的红线,1998,1999-10-01,剧情 历史 战争,171,74,英语,泰伦斯·马力克,詹姆斯·琼斯,吉姆·卡维泽 尼克·诺尔蒂 西恩·潘 本·卓别林 埃利亚斯·科特亚斯 约翰·库萨克 达什·米霍克 约翰·C·赖利 伍迪·哈里森,每个人都在打自己的仗。,《细细的红线》根据美国作家詹姆斯·琼斯的同名小说改编。1942年，位于南太平洋上的瓜达康纳尔群岛风光如画。美军士兵在岛上登陆，希望能从日本侵略军手中将它收回。美军和日军在这个小岛上展开了大规模的战役，抢夺被日军控制的210阵地的艰巨任务落在了“查理步兵连”的头上。为此，上尉斯塔罗和下达命令的中校塔尔发生了争执。塔尔认为诸位战士应该奋勇向前，将平时训练的技能都展现出来，而斯塔罗则认为在塔尔的勃勃野心驱使下，全连的士兵将走上一条不归之路。可是，斯塔罗最后被解除了职务，众位士兵仍然必须投入这场国家参加的“正义战争”。在长达数月的血腥战役中，步兵连经历了血与火的洗礼，从危机四伏的夜间侦察到艰苦卓绝的露宿野外，从阵地上遭遇的枪林弹雨到生还后医院里承受的心灵创痛，战争中的一切都不可避免的落到他们头上。
去年在马里昂巴德,1961,1961-06-25,剧情 爱情,95,74,法语,阿伦·雷乃,阿兰·罗伯-格里耶,德菲因·塞里格 Giorgio Albertazzi 萨沙·皮托夫 Françoise Bertin Luce Garcia-Ville Héléna Kornel Françoise Spira Karin Toche-Mittler Pierre Barbaud,太棒了！令人着迷！很美！技艺精湛！,本片用一种现实与记忆穿插的方式勾勒了男主人公X（吉奥吉欧·艾伯塔基 Giorgio Albertazzi 饰）与女主人公A（德菲因·塞里格 Delphine Seyrig 饰）公剪不断理还乱的情感纠葛。X的记忆中对于巴洛克宫殿里的亭台楼阁如数家珍，在他的描述性旁白中，人们 得以感受到他内心巨大的波澜。在剧场舞台上，戏子正在表演着离愁别绪的桥段。观众席上X跟贵妇A对视良久。歇息之时，剧场响起舞曲，X向A邀舞，两人在近距离表达了对彼此的感受。A觉得这个X是个关注自己的陌生人，但是X却讲述了去年与她发生的一段鲜为人知的故事。期间，还穿插了X跟A丈夫M（莎查•皮托夫 Sacha Pitoëff 饰）游戏对决的场景……
混然天成,2023,2023-03-02,喜剧 历史 音乐,113,74,意大利语,Sydney Sibilia,Armando Festa,Luigi D'Oriano Giuseppe Arena Francesco Di Leva 克里斯蒂安娜·德朗娜 Adriano Pantaleo Chiara Celotto Greta Esposito 法布里西奥·纪福尼 Michele Pereira Da Paz,,20世纪80年代的那不勒斯，一名想成为DJ的男子和他的两个兄弟通过走私自制混音带，却出人意料地成为了有权有势的音乐制作人兼通缉犯。
天堂奇迹,2016,2016-03-18,家庭 剧情,119,74,英语,派翠西亚·里根,Randy Brown,詹妮弗·加纳 凯莉·罗杰斯 马丁·亨德森 Brighton Sharbino Courtney Fansler 约翰·卡罗尔·林奇 欧亨尼奥·德伯兹 奎恩·拉提法 韦恩·佩雷,How do we explain the impossible?,一个年轻的女孩儿发现自己罕见的消化系统失调症在一场严重的事故后奇迹般地治愈了。电影改编自Christy Beam的小说《Three Miracles From Heaven 》
极盗车神,2017,2017-08-25,动作 犯罪,115,74,英语,埃德加·赖特,,安塞尔·埃尔格特 凯文·史派西 莉莉·詹姆斯 乔恩·哈姆 杰米·福克斯 乔·博恩瑟 艾莎·冈萨雷斯 迈克尔·彼得·巴尔扎里 CJ 琼斯,你需要的只是一首杀人歌曲。,一名天赋异禀的年轻逃亡车手（安塞尔·埃尔格特 饰）凭借个人专属歌单的节奏感，在行业中叱咤风云。当他邂逅梦寐以求的女孩（莉莉·詹姆斯 饰），宝贝决定金盆洗手、彻底抽身。然而在被犯罪头目（凯文·史派西 饰）胁迫参与行动后，一场危机四伏的劫案威胁到他的生命、爱情与自由，使他不得不硬着头皮应对。
黄飞鸿之铁马骝,1993,1993-09-03,动作 犯罪 剧情,90,74,Cantonese,袁和平,邓碧燕,于荣光 甄子丹 王静莹 曾思敏 任世官 黄霑 袁信义 小侯 李辉,Unmask the legend.,清朝末年，官吏贪腐，民不聊生，在浙江地方上，有一位蒙面侠士“铁猴子”，两年来劫富济贫，令卖官鬻爵的历任知府叫苦不迭。铁猴子在白天的身份是大夫杨天淳(于荣光 饰)，杨大夫妙手仁心，深得乡邻爱戴。知府为抓捕铁猴子，不惜拷打众多不相干群众，路经此地的黄麒英（甄子丹 饰）、黄飞鸿父子不慎卷入其中，知府见黄麒英身手过人，扣押飞鸿要挟其捉拿铁猴子，黄麒英与铁猴子交手后惺惺相惜。不久朝廷钦差抵浙，听闻铁猴子“作乱”之举后施展大力金刚掌将其击伤，原来这钦差的真实身份是少林叛徒衍空（任世官 饰），身为少林弟子的黄麒英联合铁猴子，誓为少林清理门户。
偷窥狂,1960,2024-04-18,恐怖 惊悚 剧情,101,74,英语,迈克尔·鲍威尔,利奥·马克斯,卡尔海因茨·伯姆 Moira Shearer 安娜·玛西 Maxine Audley Brenda Bruce 迈尔斯·马勒森 Esmond Knight Martin Miller Michael Goodliffe,是什么让它成为了史上最邪恶的谋杀武器？,马克（卡尔亨兹·伯恩 Karlheinz Böhm 饰）是一名摄影师，热爱摄影的他随身都携带着他父亲留给他的一台手持摄影机。一起连环杀人案件在城中引起了恐慌，被害者均为女性，死去时，她们的脸上布满了极为恐惧的表情，而仪表堂堂的马克，就是犯下这些可怕罪行的真凶。原来，马克的父亲是一位研究儿童恐惧的心理学家，作为他的实验对象，从小马克就被各种各样突如其来的惊吓所包围，这样长久的恐惧和压抑导致了他扭曲的性格，也成为了一切惨剧的导火索。  　　一次偶然，马克被邻居海伦（安娜·玛西 Anna Massey 饰）的美貌所吸引，正当他准备对海伦下手时却犹豫了。海伦的天真美好暂时治愈了马克的童年创伤，但时常肆虐的疯狂却又让他陷入了与天性的自我纠葛中。接连犯案的马克引起了警方的注意，而在被捕之际，绝望的马克选择了自我毁灭。
驾驶我的车,2021,2022-12-26,剧情,179,74,日语,滨口龙介,大江崇允,西岛秀俊 三浦透子 冈田将生 雾岛丽香 朴有琳 金大永 袁子芸 安辉泰 佩里·迪桑,Go on living.,中年舞台剧演员家福撞破了身为编剧的妻子音的一次出轨，然而，他安静地关门悄然离开，仿佛什么都没发生过一样，一如往常与妻子融洽且恩爱地生活在一起。直到妻子去世，家福都没能对妻子坦诚，这变成他的心结。随后，尚未从悲伤中走出来的家福开始准备《万尼亚舅舅》的话剧演出，准备把自己沉 浸在工作里。不同国籍的演员们在家福的指导下，以各自的母语反复研读剧本，还加入了手语的表达，感人深切。剧场为家福雇佣了一位女性司机渡利，每天接送家福前往排练场地。渡利性格沉默，但车技高超。在相处中，家福开始逐渐和渡利交流自己的内心世界，渡利心中也有一段不愿面对的秘密往事，两人的创伤在最后的返乡之旅中坦然拨开，彼此的相拥与宽慰使尘封的往事得以重新审视，一丝慰藉与释怀在心中升腾。
纸房子：全球热潮,2020,2020-04-03,纪录,57,74,西班牙语,Pablo Lejarreta,Luis Alfaro,乌苏拉·科尔维罗 阿尔瓦罗·莫奇 伊齐尔·伊图诺 佩德罗·阿隆索 艾芭·弗洛雷斯 Miguel Herrán Esther Acebo 海梅·洛伦特 罗德里戈·德拉塞尔纳,,为什么以及如何“金钱大盗”引发了一场波热潮在世界各地的盗贼和他们教授的可爱组的纪录片。
人力资本,2013,2014-11-19,剧情,111,74,意大利语,保罗·维尔齐,斯蒂芬·阿米顿,瓦莱丽雅·布鲁尼-特德斯奇 Fabrizio Bentivoglio 瓦莱丽亚·戈利诺 法布里西奥·纪福尼 路易吉·洛·卡肖 Giovanni Anzaldo Matilde Gioli Guglielmo Pinelli Gigio Alberti,,《人力资本》改编自同名美国小说，讲述因一起车祸而联系起来的三个家庭的故事……
学园默示录：尸海漂浮,2011,2011-04-25,喜剧 动画 冒险 恐怖,18,74,日语,荒木哲郎,黑田洋介,井上麻里奈 喜多村英梨 泽城美雪 桧山修之 福井裕佳梨 诹访部顺一,,在他们努力寻找躲避僵尸末日的安全避难所时，这群人发现自己来到了一个荒岛上。现在，他们利用这短暂的喘息之机享受冲浪、沙滩和泳装！
圣诞颂,1951,1951-11-30,奇幻 剧情,86,74,英语,布莱恩·德斯蒙德·赫斯特,查尔斯·狄更斯,Alastair Sim Mervyn Johns Glyn Dearman George Cole Brian Worth Michael Hordern Kathleen Harrison Rona Anderson Jack Warner,Charles Dickens' Joyous Holliday Classic!,埃比尼泽-史古治（Ebenezer Scrooge）作为一个残酷、吝啬的商人，在生活中踌躇满志，直到圣诞夜有三个灵魂拜访了他，向他展示了自己不快乐的童年和成年后的行为是如何让他变成一个自私、孤独的老人。
西部执法者,1976,1976-07-14,西部,135,74,英语,克林特·伊斯特伍德,菲利普·考夫曼,克林特·伊斯特伍德 Chief Dan George 桑德拉·洛克 比尔·麦金尼 约翰·弗农 Paula Trueman 山姆·伯顿斯 Geraldine Keams Woodrow Parfrey,一个人的军队。,美国内战将结束前，一个安居乐业的小农家却无故被摧残，留下乔希一个人，他决定加入游击队里反击，保护一群手无寸铁的人……
擒凶记,1956,1956-05-16,惊悚 悬疑,121,74,英语,阿尔弗雷德·希区柯克,约翰·迈克尔·海耶斯,詹姆斯·斯图尔特 多丽丝·戴 布伦达·德·班泽 伯纳德·迈尔斯 拉尔夫·杜鲁门 丹尼尔·盖林 莫根斯·维斯 艾伦·莫布雷 希拉里·布鲁克,一知半解可能是件致命的事！,美国人麦肯纳夫妇和小儿子汉克一家三口来到摩洛哥度假，一个小小的意外让他们结识了热心的路易·伯纳德。在集市上伯纳德被刺身亡，临终前告诉麦肯纳在伦敦有件政治谋杀行动正要进行，还说了一个名字：安伯斯·查培。为了让这对夫妇守口如瓶，暗杀者绑架了他们的儿子汉克作为人质，然而他俩还是去了伦敦。调查到安伯斯·查培是一座教堂的名字，在音乐厅里，麦肯纳夫人关键时候的一声尖叫，挽救了首相的性命。汉克被带进一个大使馆，得到消息的麦肯纳夫妇借首相的力量进入大使馆。作为前歌唱明星的麦肯纳夫人当众表演的时候唱起了汉克熟悉的歌谣，麦肯纳则趁机找到了汉克，在关键时刻救出了汉克。
劣迹斑斑,2019,2019-03-22,剧情 音乐 喜剧,108,74,英语,Jeff Tremaine,Amanda Adelson,科尔森·贝克 道格拉斯·布斯 丹尼尔·韦伯 伊万·瑞恩 皮特·戴维森 大卫·科斯塔比勒 Aaron Jay Rome Alyssa Marie Stilwell Brittany Furlan,Their music made them famous. Their lives made them Infamous.,说唱歌手Machine Gun Kelly加盟莫特利·克鲁乐队传记片《尘土》(The Dirt)，饰演创立者之一Tommy Lee，道格拉斯·布斯将饰演另一位创立者Nikki Sixx。  《蠢蛋搞怪秀》导演Jeff Tremaine执导，Rich Wilkes(《极限特工》)、Tom Kapinos(《路西法》)和Amanda Adelson编剧写本，Netflix制作和发行。  影片基于自传《The Dirt: Confessions of the World’s Most Notorious Rock Band》，聚焦该重金属乐队在80年代的崛起。  莫特利·克鲁乐队1981年1月成立于洛杉矶，组员包括贝斯手Nikki Sixx、鼓手Tommy Lee、主唱Vince Neil和吉他手Mick Mars。同年11月发行了首张专辑《Too Fast for Love》，供不应求，加印后再次售罄，广获好评。该乐队于2015年12月31日举行了谢幕演出，唱片在全球畅销超过1亿张，其中美国占2500万张。
海洋,2010,2011-08-12,纪录 家庭,104,74,英语,雅克·贝汉,雅克·克鲁佐,雅克·贝汉,Explore the depths of our planet's oceans.  Experience the stories that connect their world to ours.,《海洋》耗时五年，耗资5000万欧元，动用12个摄制组、70艘船，在全球50个拍摄地，有超过100个物种被拍摄，超过500小时的海底世界及海洋相关素材，是史上投资最大的纪录片。 海洋是什么？这部电影告诉你答案。这是一部令人心旷神怡、叹为观止的生态学纪录片。本片聚焦于覆盖着地球表面的四分之三的“蓝色领土”。导演深入探索这个幽深而富饶的神秘世界、完整地呈现海洋的壮美辽阔。真实的动物世界的冒险远比动画片中的故事来的精彩，接下来银幕展开——巨大的水母群、露脊鲸、大白鲨、企鹅等。毫不吝啬在镜头前展示他们旺盛的生命力，让人叹为观止。
疯狂复仇记,1974,1974-08-19,动作 喜剧,102,74,意大利语,Marcello Fondato,Francesco Scardamaglia,特伦斯·希尔 Bud Spencer John Sharp Patty Shepard 唐纳德·普莱森斯 Deogratias Huerta Manuel de Blas Luis Barbero Emilio Laguna,,Kid和Ben 在比赛中赢得了一辆红色沙漠车。二人为了所有权争夺时，车被当地黑帮毁了！于是二人实施报复。
卡尔有约,2023,2023-06-16,动画 家庭 喜剧 爱情,11,74,英语,鲍勃·彼得森,皮特·多克特,爱德华·阿斯纳 鲍勃·彼得森,New adventure. Same wingman.,"皮克斯动画工作室的特别短片《卡尔有约》中,卡尔费迪逊勉强同意与女性约会。但他不知道现今约会是如何进行。作为乐于助人的朋友，逗逗帮助卡尔缓解约会前的紧张情绪 如果你是只狗，他会为你提供一些有效的交友建议。"
巴尔干边界,2019,2019-03-21,剧情 动作 战争,130,74,俄语,Andrey Volgin,Natalya Nazarova,安东·庞布施尼 戈斯 库森科 米罗斯·毕克维克 米莱娜·拉杜洛维奇 Gojko Mitić Ravshana Kurkova Dmitry Frid Aleksandar Srećković 'Kubura' Svetlana Chuikina,No choice,"1999年, 南斯拉夫。 俄罗斯特遣部队被命令控制科索沃的斯拉蒂纳机场，直到增援部队抵达。但这一战略目标对于阿尔巴尼亚战地指挥官和北约将军来说极为重要。该组织被迫与恐怖分子进行不平等的战斗。俄罗斯维和部队和北约部队正赶往机场。世界再次接近一场大战。但是特别组织的指挥官安德烈 ·沙塔洛夫并不接受政治：在机场，他心爱的女孩亚斯纳是人质之一......"
艺术家,2011,2012-12-28,剧情 喜剧 爱情,100,74,法语,米歇尔·阿扎纳维西于斯,,让·杜雅尔丹 贝热尼丝·贝乔 约翰·古德曼 詹姆斯·克伦威尔 佩内洛普·安·米勒 米西·派勒 贝丝·格兰特 艾德·劳特 乔尔·默里,A breath of fresh vintage air,好莱坞，1927年。乔治·瓦伦丁是默片时代的超级巨星，而有声电影的兴起将为他辉煌的职业生涯敲响丧钟，令他逐渐被人遗忘。对年轻临时演员佩皮·米勒而言，前途却不可限量——巨星之路正等待着她。影片讲述的正是二人命运交汇的故事。[韦恩斯坦公司]
疾速追杀3,2019,2019-05-17,动作 惊悚 犯罪,131,74,英语,德里克·科尔斯塔,查德·斯塔尔斯基,基努·里维斯 哈莉·贝瑞 伊恩·麦柯肖恩 劳伦斯·菲什伯恩 马克·达卡斯考斯 艾莎·凯特·狄龙 兰斯·莱迪克 安杰丽卡·休斯顿 萨伊德·塔格马奥,全球杀手围攻 生死关键战役,“高桌”是一个犯罪组织，约翰·威克曾宣誓永远忠于该组织。现在，组织派遣“审判者”到酒店去处理那些帮助过约翰·威克叛逃的人，让他们尝到惩罚的滋味。审判者又招募了一个杀手“零”，想除掉约翰·威克。约翰·威克找到自己的老朋友，他需要治疗自己的伤口，并且找到安全的路子，最终，他联系到了另一个朋友，曾经跟他一起做过杀手的索菲亚。小团队集结起来之后，约翰·威克开始考虑能够一劳永逸彻底除掉“高桌”组织的行动
澄沙之味,2015,2015-05-30,剧情,113,74,日语,河濑直美,Durian Sukegawa,树木希林 永濑正敏 内田伽罗 水野美纪 市原悦子 浅田美代子 仲野太贺 兼松若人 高桥咲树,A small little Dorayaki shop on the outskirts of Tokyo.,故事发生在一间名为“铜锣之春”的铜锣烧专卖店里，千太郎（永濑正敏 饰）是这里的店长，曾经，他有过一段十分灰暗的过往，如今，他将不堪回首的回忆深深的埋葬在心底，安安心心，只做一介卖铜锣烧的小贩。
圣诞欢歌,1992,1992-12-11,音乐 喜剧 家庭 奇幻 剧情,86,74,英语,吉姆·亨森,布莱恩·汉森,迈克尔·凯恩 大卫·戈尔兹 Steve Whitmire Jerry Nelson 弗兰克·奥兹 David Rudman Don Austen Jessica Fox Robert Tygner,,这是狄更斯经典故事《守财奴》（Ebenezer Scrooge）的再现。在过去、现在和未来的圣诞鬼魂夜访期间，他要为自己的卑鄙行径负责。
超时空接触,1997,1997-07-11,剧情 科幻 悬疑,150,74,英语,卡尔·萨根,罗伯特·泽米吉斯,朱迪·福斯特 马修·麦康纳 詹姆斯·伍兹 约翰·赫特 汤姆·斯凯里特 威廉·菲克纳 大卫·摩斯 安吉拉·贝塞特 杰弗里·布莱克,Take a journey to the heart of the universe.,艾莉·爱罗维（茱迪·福斯特 饰）自幼就对无线电通讯情有独钟。长大后，她成为一名天文学家，其项目内容为接收外太空信号。她希望能借此找到宇宙其他文明的存在。天才的理想得到的却是投资者的冷眼相看，幸好有神秘人帮助艾莉继续工作。 一次偶然的机会，艾莉收到了来自织女星的频率信号，似乎证明了艾莉一直以来的工作是正确的。但这带来的不是她个人事业的成功，而是政治、社会、宗教、国家各个角度的矛盾与讨论。深陷这一切暴风中心的艾莉，更要面对与神职人士帕尔默·乔丝（马修·麦康纳 饰）的感情纠葛。 个人与世界，真相与现实，艾莉面临着远远超越学术范围的挑战。
洛基恐怖秀,1975,1975-09-29,喜剧 科幻 奇幻 恐怖,100,74,英语,Jim Sharman,理查德·奥布莱恩,蒂姆·克里 苏珊·萨兰登 巴瑞·波斯威克 理查德·奥布莱恩 帕特里夏·奎因 内尔·坎贝尔 Jonathan Adams Peter Hinwood 密特·劳弗,A different set of jaws.,布莱德（Barry Bostwick 饰）和珍妮（苏珊·萨兰登 Susan Sarandon 饰）是一对儿互相爱慕的年轻人，生性羞涩的两人，借着参加一场朋友的婚礼，终于互诉衷肠，约定了终身。为了表示对连接起两人缘分的授业教授的感谢，二人驱车前往拜访，不料半路遭遇暴风雨 ，湿透的两人在夜色中无处落脚，只好向路边一座荒僻古堡求助。
寂静之地2,2021,2021-05-28,科幻 惊悚 恐怖,97,74,英语,约翰·卡拉辛斯基,布莱恩·伍兹,艾米莉·布朗特 约翰·卡拉辛斯基 米莉森·西蒙斯 诺亚·尤佩 基利安·墨菲 杰曼·翰苏 奥基里特·奥诺多瓦 斯科特·麦克纳里 扎卡里·戈林格,口碑佳作 再度来袭,在丈夫为保护家人牺牲后，伊芙琳不得不独自带着孩子们面对全新的生存挑战。他们将被迫离开家园，踏上一段未知的旅途。在无声的世界里，除了要躲避“猎声怪物”的捕杀，铺满细沙的道路尽头还暗藏着新的危机。
一呼一吸,2017,2017-10-27,剧情 爱情,118,74,英语,安迪·瑟金斯,威廉·尼科尔森,安德鲁·加菲尔德 克莱尔·福伊 休·博纳维尔 汤姆·霍兰德尔 米兰达·雷森 迪恩-查尔斯·查普曼 黛安娜·里格 爱德华·斯皮伊尔斯 艾米丽·格蕾丝·贝文,"With her love, he lived",阳光开朗、热爱冒险的罗宾（安德鲁·加菲尔德 Andrew Garfield 饰）邂逅了温柔美丽的戴安娜（克莱尔·福伊 Claire Foy 饰），两人坠入了情网并且很快便决定携手步入婚姻的殿堂。可是，在罗宾二十八岁那一年，一场可怕的疾病带走了他人生的全部可能和希望，患上了小儿麻痹症的罗宾丧失了全部了行动力，甚至连呼吸都要依靠着机器维系，医生预言，罗宾最多能活三个月。  让众人都没有想到的是，在如此糟糕的情境之下，戴安娜却并没有放弃希望。她将罗宾接回家精心照料，不仅仅是在身体上，亦是在精神上给于了罗宾继续活下去的理由和动力。在真爱面前，哪怕是残酷无情的病魔都退缩了。
甜蜜的人生,2005,2005-04-01,动作 剧情 犯罪,120,74,朝鲜语,金知云,,李炳宪 金英哲 申敏儿 金雷夏 李基英 黄晸珉 文晸赫 吴达洙 金海坤,"When doing right goes very, very wrong.",善宇（李秉宪 饰）对黑帮老大姜老板忠心耿耿，做事认真妥当的他也深得姜老板的信任与厚爱。姜老板更将自己的餐厅交给了善宇打理。
贵妇失踪记,1938,1938-10-07,悬疑 惊悚,96,74,英语,阿尔弗雷德·希区柯克,埃塞尔·莉娜·怀特,Margaret Lockwood Michael Redgrave 保罗·卢卡斯 梅·惠蒂 Basil Radford Naunton Wayne Cecil Parker Linden Travers Mary Clare,喜剧！惊悚！欢笑！尽在神秘快车！,在阿尔弗雷德·希区柯克这部机敏狡黠的喜剧惊悚片中，美丽的玛格丽特·洛克伍德乘火车穿越欧洲时，结识了一位迷人的老小姐，而后者随后竟似人间蒸发。这位年轻女子转而成为调查者，发现自己卷入了一张错综复杂的谜团与冒险之网。本片同样由迈克尔·雷德格瑞夫主演，至今仍是这位电影大师最为纯粹愉悦的作品之一。
刺猬索尼克2,2022,2022-04-08,动作 冒险 家庭 喜剧,125,74,英语,帕特·凯西,乔什·米勒,本·施瓦茨 詹姆斯·马斯登 迪卡·桑普特 科琳·欧肖内希 伊德瑞斯·艾尔巴 金·凯瑞 娜塔莎·罗斯韦尔 亚当·帕利 谢默·摩尔,Welcome to the next level.,索尼克在绿丘镇安顿下来之后，就急着要证明自己有能力成为一名真正的英雄。当蛋头博士带着全新的搭档纳克鲁斯，又回来寻找一块力量强大足以毁灭人类文明的翡翠的时候，他就面对了另一个严峻的考验。这次索尼克和他自己的跟班塔尔斯携手合作，一起踏上一场环游世界的冒险旅程，希望能在那块翡翠落入坏人手中之前先找到它。
我的父亲，我的儿子,2005,2005-11-18,剧情,112,74,土耳其语,Çağan Irmak,,Fikret Kuşkan Ege Tanman Çetin Tekindor Hümeyra Şerif Sezer Yetkin Dikinciler Binnur Kaya Mahmut Gökgöz Nergis Çorakçı,吾父吾子,无政府主义记者Sadik（菲克雷特·库斯坎 Fikret Kuskan 饰）在一次军事政变当天，因为无法把临盆妻子及时送去医院而导致妻子失血过多去世。儿子Deniz刚出生他就被送进了监狱受尽了折磨。出狱后的Sadik新生活没过多久，为了儿子他带着一个秘密回到了早已断绝关系的父母家。父亲Huseyin（Çetin Tekindor 饰）因为Sadik当年没有听自己的话学习农业而无法原谅他。母亲竭尽全力修复着父子俩的关系。就在一家人逐渐磨合快要看到曙光的时候，Sadik的秘密像道晴天霹雳再次打翻了宁静的生活。
谍影重重3,2007,2007-08-03,动作 剧情 悬疑 惊悚,115,74,英语,保罗·格林格拉斯,罗伯特·陆德伦,马特·达蒙 朱丽娅·斯蒂尔斯 大卫·斯特雷泽恩 斯科特·格伦 派迪·康斯丁 埃德加·拉米雷兹 阿尔伯特·芬尼 琼·艾伦 汤姆·盖洛普,最后一击 终极引爆,他只想隐姓埋名，如今却遭造就他的人追杀。杰森·伯恩虽已失去记忆与所爱之人，却未被弹雨和新一代训练有素的杀手所阻。他只有一个目标：回到起点，查明自己究竟是谁。[环球影业]
永不妥协,2000,2000-03-17,剧情,131,74,英语,史蒂文·索德伯格,苏珊娜·格兰特,朱莉娅·罗伯茨 阿尔伯特·芬尼 艾伦·艾克哈特 玛格·海尔根伯格 切里·琼斯 维尼·考克斯 康查塔·费雷尔 崔西·沃特 彼德·考约特,She brought a small town to its feet and a huge company to its knees.,埃琳·布罗克维奇（朱莉娅·罗伯茨饰）是一位经历了两次离婚并拖着三个孩子的单身母亲，在一次十分无奈的交通事故之后，这个一贫如洗，既无工作，也无前途的可怜妇女几乎到了走投无路的绝境。万般无奈之下，埃琳只得恳求自己的律师埃德.马斯瑞（阿伯特·芬尼饰）雇用她，在律师事务所里打工度日。一天，埃琳在一堆有关资产和债务的文件中很偶然地发现了一些十分可疑的医药单据，这引起了她的困惑和怀疑。在埃德的支持下，埃琳开始展开调查，并很快找到线索，发现了当地社区隐藏着的重大环境污染事件，一处非法排放的有毒污水正在损害居民的健康，是造成一种致命疾病的根源。 可怕的是居民们对此并未察觉，甚至起初对埃琳的结论表示怀疑，但是不久他们就被埃琳的执着和责任感打动了，大家在一个目标下紧紧地团结了起来，埃 琳用自己的行动赢得了全体居民的信任，成了他们的核心和代言人。邻居乔治（阿伦·埃克哈特饰）在整个事件中是埃琳的一名坚定的支持者，他俩的爱情成了支持埃琳的重要精神支柱。埃琳挨家挨户的做动员工作，终于得到了600多个人的签名支持。埃琳和埃德在一家大型法律事务机构的帮助下，终于使污染事件得到了令人满意的赔偿，创造了美国历史上同类民事案件的赔偿金额之最，达3.33亿美元。埃琳正是用自己的无比坚韧的毅力，克服难以想象的困难，向世人证明了一个“弱女子”的价值，在人生的道路上开辟了一片新的天地。
冷战,2018,2018-06-08,爱情 音乐 剧情,84,74,波兰语,Paweł Pawlikowski,Janusz Głowacki,乔安娜·库利格 托马斯·科特 Borys Szyc 阿伽塔·库莱沙 塞德里克·卡恩 让娜·巴利巴尔 亚当·沃诺维茨 Adam Ferency Adam Szyszkowski,,这部由保罗·帕夫利克夫斯基执导的宏大而迷狂的爱情故事，始于波兰乡间。音乐家维克托（托马斯·科特 饰）受国家委派搜集民歌，在那里发现了魅力非凡的年轻歌手祖拉（乔安娜·库里格 献上堪称永恒的表演）。在此后十五年里，他们动荡的关系在偷来的时光中展开——一边是他逃往的颓废波西米亚巴黎爵士俱乐部，另一边是她身处的腐败而压抑的共产主义阵营。音乐与对彼此的爱跨越了这两个截然不同的世界。影片以华美的黑白影像拍摄，那首为这对恋人宿命情缘提供主旋律的简单民谣，其哀愁贯穿始终。灵感源自帕夫利科夫斯基自己父母的故事，这部跨越时间的作品，以令人心颤的宏大视野，描绘了一段被历史洪流裹挟的错位爱情。[标准收藏]
猎凶风河谷,2017,2017-08-04,犯罪 悬疑 剧情 惊悚,103,74,英语,泰勒·谢里登,,杰瑞米·雷纳 伊丽莎白·奥尔森 吉尔·伯明翰 格雷厄姆·格林 乔·博恩瑟 凯尔西·阿斯比尔 特欧·布里奥尼斯 坦图·卡丁诺 马修·德尔·内格罗,没有什么比真相更难追踪了。,科里·兰伯特是美国怀俄明州印第安自留区捕猎者和FBI探员珍·班纳一起调查一宗发生在风河谷的少女谋杀案，一个从自然中汲取生活智慧和信仰的猎人，一个还未熟谙行政痼疾和刑事规律的新人探员，他们俩代表着两种完全不同的文化背景和社会形态，在一宗谋杀案的牵扯下，渐渐走入了充满人性挣扎的迷雾当中，随着更多层身份和复杂脉络的揭开，人物危险处境慢慢升级，愈发紧张激烈，案件的内核也逐渐显现。
美丽谎言,2014,2014-09-10,剧情,110,74,英语,Philippe Falardeau,Margaret Nagle,瑞茜·威瑟斯彭 寇瑞·斯托尔 Arnold Oceng Ger Duany 萨德·拉金比尔 Afemo Omilami 萨拉·贝克 约书亚·米克尔 Mike Pniewski,Miracles are made by people who refuse to stop believing.,影片根据真实事件改编，1983-2005年间，有许多平民在苏丹的战火中流离失所，幸存者被当时的援救人员称为“苏丹的迷途男孩”（Lost Boys of Sudan），其中有一部分人，后来以难民的身份来到美国。片中威瑟斯彭扮演的凯瑞，帮助四位苏丹难民寻找工作，为他们争取合法权益，想方设法让他们与亲人团聚，并同他们结下了深厚的友谊。影片的导演，曾执导过《拉扎老师》的菲利普·法拉迪约，坚持到非洲实地拍摄，坚持让真正的苏丹人来演。片中的演员Ger曾在难民营生活多年，另一位来自苏丹的演员Emmanuel则表示，电影就像是在讲他自己的故事。
飓风,1999,1999-12-29,剧情,146,74,英语,诺曼·杰维森,Rubin 'Hurricane' Carter,丹泽尔·华盛顿 维斯勒·夏农 黛博拉·卡拉·昂格尔 列维·施瑞博尔 约翰·汉纳 丹·哈达亚 黛比·摩根 克兰西·布朗 大卫·佩默,His greatest fight was for justice.,一个黑人毛头小伙莱斯（维斯罗斯•雷恩•香农 Vicellous Reon Shannon 饰）在旧书市无意中淘到了拳王“飓风”鲁本•卡特（丹泽尔•华盛顿 Denzel Washington 饰）在狱中写的自传，并开始了对他的故事产生了兴趣。鲁本出生于贫寒家庭，幼年时嫉恶如仇，因此与当地的白人警察结怨。后来，他因为出色的身手，名震拳坛，绰号“飓风”。此后，他参加了越战成为荣誉军官，并在某舞会偶然结识了后来的妻子。当生活进入美满轨道的时候，一次新泽西酒吧杀人案彻底毁掉了他美好希望。莱斯与鲁本通信，了解到他蒙受不白之冤，便说服了朋友们，一起查找证据，希望揭开真相，令他重获自由，然而种族歧视的恶势力却在暗中百般刁难，意图把飓风困死在牢房……
卧虎藏龙,2000,2000-07-08,冒险 剧情 动作 爱情,120,74,汉语,李安,蔡国荣,周润发 杨紫琼 章子怡 张震 郎雄 郑佩佩 李法曾 高西安 海燕,这是一个关于力量与秘密的永恒传说，两位永不屈服的战士将在此谱写传奇。,十九世纪的中国，一位侠士将青冥剑赠予红颜知己，宝剑失窃后众人踏上寻剑之旅。追踪线索引向贝勒府，随着神秘刺客的出现与另一段爱情故事的展开，剧情走向陡然转折。
猎魔人：狼之噩梦,2021,2021-08-23,动画 动作 奇幻,83,74,英语,Han Kwang Il,Beau DeMayo,提奥·詹姆斯 玛丽·麦克唐纳 劳拉·普沃 格雷厄姆·麦克塔维什 Tom Canton David Errigo Jr. 詹妮弗·黑尔 凯莉·华格伦 马修·杨·金,Face your demons.,该片“将把我们带回大陆所面临的新危机”，聚焦白狼杰洛特的老师维瑟米尔(《分歧者》的西奥·詹姆斯配音)年轻时，刚踏上猎魔人的旅程，他摆脱了贫困的生活，以猎杀怪物为生，但一种奇怪陌生的怪物开始占领一个政局紧张的王国，维瑟米尔也被迫踏上一趟让人战栗的旅程，必须直面他过去的心魔。
正义联盟：战争,2014,2014-01-21,动画 动作,79,74,英语,杰伊·欧力瓦,Heath Corson,米歇尔·莫纳汉 艾伦·图代克 西恩·奥斯汀 谢默·摩尔 Christopher Gorham 贾斯汀·柯克 杰森·奥玛拉 乔治·纽伯恩 史蒂夫·布鲁姆,A time when heroes became legends.,高谭市接二连三发生绑架案，嫌疑人都指向了蝙蝠侠。蝙蝠侠（杰森·奥玛拉 Jason O'Mara 配音）和绿灯侠（贾斯汀·柯克 Justin Kirk 配音）分头找到真凶的线索，对方留下一个神秘仪器后自爆。为了解开仪器的秘密，二人出发寻找超人（艾伦·图代克 Alan Tudyk 配音）希望弄清真相。当他们正逼近事实时，仪器突然启动，原来这是某个外星入侵者设置的时空通道装置，大批外星人通过它开始侵略地球。与此同时，斯通博士也就神秘仪器展开调查，斯通博士的儿子维克（谢默·摩尔 Shemar Moore 配音）意外被仪器感染，死而复生化身拥有强大实力的超级战士。
小孩与鹰,1970,1970-04-03,剧情,111,74,英语,肯·洛奇,Barry Hines,David Bradley Freddie Fletcher Lynne Perrie Colin Welland 布莱恩·格洛弗 Bob Bowes Bernard Atha Laurence Bould Joey Kaye,They beat him. They deprived him. They ridiculed him. They broke his heart. But they couldn’t break his spirit.,英国男孩比利•卡士柏（David Bradley 饰）生活在一个破碎的工人阶级家庭里，父亲离家出走，除母亲和哥哥外，比利也要打工贴补家用。在学校里比利捣蛋或者逃课看漫画书，从中找寻这个年龄应有的快乐。  某天他在农场高墙上发现一个鹰巢，于是从书店偷回训练猎鹰的教材，按照书本所写养了一只名为凯斯的小鹰……  本片荣获1971年BAFTA电影奖最佳导演、最佳电影提名、最佳男配角、最佳新人、最佳编剧以及1970年卡洛维法利国际电影节水晶球奖。 ©豆瓣
他们是神2,1971,1971-10-21,喜剧 西部,117,74,意大利语,Enzo Barboni,,"特伦斯·希尔 Bud Spencer Yanti Somer Enzo Tarascio Harry Carey, Jr. Pupo De Luca Jessica Dublin Dana Ghia Emilio Delle Piane",Trinity's back in the saddle again and still horsing around,特里尼蒂和班比诺两兄弟被两名联邦特工交换，并利用这一情况偷走了一伙歹徒藏在修道院里的巨额战利品。
大卫·戈尔的一生,2003,2003-02-21,剧情 惊悚 犯罪,130,74,英语,艾伦·帕克,查尔斯·兰道夫,凯文·史派西 凯特·温斯莱特 劳拉·琳妮 罗娜·迈特拉 加布里埃尔·曼 马特·克拉文 吉姆·比弗 克利奥·金 莱昂·李佩,The crime is clear. The truth is not.,贝茜•布鲁姆（凯特温斯莱 Kate Winslet饰）是纽约某新闻杂志的知名记者，她接到了一个任务是去采访一名死刑犯大卫•戈尔（凯文•斯帕西 Kevin Spacey 饰）。戈尔的罪名是强奸并谋杀了康丝坦斯•哈拉维，并将于周五下午6点被处以死刑，那么布鲁姆将要采访并记录的就是戈尔人生最后的三天，而此前戈尔拒绝了一切采访。布鲁姆起初对这个任务很不以为然，但在和戈尔的接触过程中，她发现一切并非表面呈现的那么简单，于是布鲁姆决定用仅剩的三天开始寻找真相……电影《大卫戈尔的一生》的导演艾伦•帕克凭借该片提名2003年柏林国际电影节金熊奖。
神秘失踪,1988,1988-10-27,惊悚 悬疑,106,74,荷兰语,George Sluizer,Tim Krabbé,Bernard-Pierre Donnadieu 吉恩·伯沃茨 约翰娜·特尔·斯蒂格 Gwen Eckhaus Pierre Forget Bernadette Le Saché Tania Latarjet Lucille Glenn Roger Souza,Who Has Seen This Woman?,杰夫（伯纳德-皮亚里·唐纳狄欧 Bernard-Pierre Donnadieu 饰）和女友戴安娜（约翰娜·特尔·斯蒂格 Johanna ter Steege 饰）的感情一直十分要好，一次旅行中，去买饮料的戴安娜突然失踪。人人说失踪只是戴安娜离开杰夫的借口，但这并不能阻止杰夫追逐寻找戴安娜的脚步。 一转眼，三年过去了。这三年里，戴安娜依旧音讯全无，杰夫寻找到的全部都只是失望。在所有人都萌生了放弃的念头之时，杰夫接到了一个名叫巴尼（Gene Bervoets 饰）的陌生男人的电话。巴尼告诉杰夫，他知道戴安娜的踪迹并愿意帮助杰夫，但有一个条件，那就是杰夫必须经历戴安娜这些年来所经历过的一切。寻人心切的杰夫接受了这个条件，同时也掉入了巴尼一手设下的圈套之中。
女神嘎嘎：五尺二寸,2017,2017-09-22,音乐 纪录,101,74,英语,克里斯·穆卡贝尔,,嘎嘎小姐 鲍比·坎贝尔 马克·罗森 芙萝伦丝·威尔奇 多纳泰拉·范思哲 乔·杰曼诺塔 芭芭拉·布什 托尼·班奈特 乔治·H·W·布什,,跟随镜头，见证流行明星女神嘎嘎发行新专辑、为超级碗中场表演做准备、以及面对她生理和心理上的困扰。
佛罗里达乐园,2017,2018-04-07,剧情,115,74,英语,肖恩·贝克,克里斯·伯高奇,布鲁克琳·普林斯 布丽娅·维纳特 威廉·达福 克里斯托弗·里维拉 瓦莱里娅·科托 梅拉·穆德 Josie Olivo 卡莱伯·兰德里·琼斯 艾登·马利克,寻找属于你的王国。,六岁的穆妮与她叛逆的母亲海莉每周在“魔法城堡”廉价汽车旅馆艰难度日。旅馆经理鲍比严厉的外表下深藏着善意与同理心。尽管环境困顿，早熟而活泼的穆妮却总能把每一天过成生命的庆典——她与包括新搬来并迅速成为挚友的詹茜在内的伙伴们，无畏地探索着这个被抛入的独特世界，让无数个午后充斥着淘气与壮阔冒险。然而穆妮并不知道，她脆弱的幻想世界全靠海莉的劳苦与牺牲支撑，这位母亲被迫在愈发危险的谋生方式中挣扎，只为守护女儿的生长空间。
金陵十三钗,2011,2011-12-15,剧情 历史 战争,146,74,汉语,张艺谋,严歌苓,克里斯蒂安·贝尔 倪妮 佟大为 张歆怡 小林成男 渡部笃郎 窦骁 保罗·施耐德 曹可凡,为自由而战。,根据严歌苓小说改编。1937年，日军入侵南京，战火中，六朝古都化为废墟，众多中国军民被困城中。一支十数人的国军德械教导队余部在长官李教官（佟大为 饰）指挥下，从日军手中救出了一批教会学校女学生，而李教官等人，至此丧失了出城的机会。幸免于难的书娟（张歆怡 饰）等学生返回文彻斯特教堂，随她们一 起来到的，还有受雇远道至此收敛神父遗体的美国人约翰·米勒（克里斯蒂安·贝尔 Christian Bale 饰）。此时的南京城中，逃难的人们蜂拥进安全区和教堂寻找庇护，十四名风尘女子强行进入教堂避难，其中精通英语的玉墨（倪妮 饰）希望借助约翰的身份为一行人提供更多保护。教堂的墙壁，并不能阻挡日军的铁蹄，教堂内的人们，将面临孰生孰死的选择……
幽国车站,1994,1994-05-15,悬疑 惊悚 犯罪 剧情,111,74,意大利语,朱塞佩·托纳多雷,,热拉尔·德帕迪约 罗曼·波兰斯基 赛尔乔·鲁比尼 Nicola Di Pinto Tano Cimarosa Paolo Lombardi Maria Rosa Spagnolo Alberto Sironi Giovanni Morricone,,隐居多年的名作家奥诺夫，因其居所附近发生命案而成为疑犯，不料盘问的警长却是奥诺夫的忠实读者，对其作品情有独钟，一些盘问变成了相逢恨晚的知己对话，一些鲜为人知的往事也被一一道出……到底奥诺夫有罪否？死者是谁？
单身公寓,1968,1968-05-16,喜剧,106,74,英语,Gene Saks,尼尔·赛门,杰克·莱蒙 沃尔特·马修 约翰·菲尔德 赫布·埃德尔曼 David Sheiner Monica Evans Carole Shelley Iris Adrian Billie Bird,...say no more.,两位朋友尝试合租公寓，但他们的持家方式与生活理念却天差地别。
歌厅,1972,1972-02-13,音乐 爱情 剧情,124,74,英语,Bob Fosse,Christopher Isherwood,丽莎·明内利 迈克尔·约克 Helmut Griem 乔尔·格雷 Fritz Wepper 玛丽莎·贝伦森 Elisabeth Neumann-Viertel Helen Vita Sigrid von Richthofen,Life is a Cabaret.,20世纪30年代的德国柏林，纳粹势力正在兴起。美国女艺人Sally（丽莎·明奈利 Liza Minnelli 饰）是一家俱乐部的舞女，非常受欢迎。刚刚来到柏林的英国男教师Brian Roberts（麦克尔·约克 Michael York 饰）碰巧成了Sally的室友，他以教英语来养活自己。Sally诱惑Brian没有成功，于是怀疑他是个男同性恋者。Sally和她的一个朋友Max（赫尔穆特·格里姆 Helmut Griem饰）发生了关系，后来她发现，Robert也和Max发生过关系。另一边，一个犹太人Fritz爱上了Robert学生Natalia，一个有钱的犹太小姐。为了和Natalia在一起，他从一个基督教徒转变成犹太教徒。Sally怀孕了，但她却不知道孩子是Robert还是Max的。纳粹在德国的势力越来越盛，Robert决定带Sally回英国.....  　　本片被提名1973年奥斯卡十项大奖，最终赢得包括最佳导演、最佳女主角和最佳女配角等八项。
监狱剧院,2024,2024-07-12,剧情,107,74,英语,Greg Kwedar,Clint Bentley,"科尔曼·多明戈 Clarence Maclin Sean San Jose 保罗·拉奇 David ""Dap"" Giraudy Patrick ""Preme"" Griffin Mosi Eagle James ""Big E"" Williams Sean Dino Johnson",Trust the process.,根据真实故事改编，这部关于坚韧、人性与艺术变革力量的动人作品，讲述迪瓦恩·G（科尔曼·多明戈 饰）因一项莫须有的罪名被囚禁在辛辛监狱，却通过与其他被监禁者——包括一位心怀戒备的新人（克拉伦斯·麦克林 饰）——一同参与剧团表演，找到了人生意义。影片由一群令人难忘、曾身陷囹圄的演员共同出演。
星际迷航,2009,2009-05-15,科幻 动作 冒险,127,74,英语,J·J·艾布拉姆斯,罗伯托·奥奇,克里斯·派恩 扎克瑞·昆图 伦纳德·尼莫伊 艾瑞克·巴纳 布鲁斯·格林伍德 卡尔·厄本 佐伊·索尔达娜 西蒙·佩吉 约翰·赵,未来即将展开,史上最伟大的冒险，始于本片——一支年轻船员首次驾驶有史以来最先进的星舰“进取号”的传奇故事。在这场充满动作、喜剧与宇宙危机的旅程中，新招募的队员们必须设法阻止一个其复仇使命威胁全人类的邪恶存在。银河系的命运掌握在两位宿敌手中：一位是来自爱荷华州、叛逆而追求刺激的农场男孩詹姆斯·T·柯克；另一位是在摒弃一切情感的、基于逻辑的社会中长大的史波克。当炽热的本能与冷静的理性相撞，他们之间看似不可能却强大的伙伴关系，是引领团队穿越难以想象的险境、大胆前往前人未至之地的唯一希望！[派拉蒙]
爱我就让我快乐,1998,1998-10-11,喜剧 剧情,140,74,英语,托德·索伦兹,,简·亚当斯 菲利普·塞默·霍夫曼 迪伦·贝克 劳拉·弗林·博伊尔 Cynthia Stevenson 路易丝·拉瑟 本·吉扎拉 坎姆雷恩·曼海姆 Rufus Read,You want. He wants. She wants. But nobody wants what I want.,这部作品既令人毛骨悚然地好笑，又大胆地充满同理心，不安氛围的缔造者托德·索伦兹通过描绘渴望联结的受损灵魂，揭示了美国中产阶级郊区“常态”之下的存在之虚空。一支非凡的群戏阵容——包括菲利普·塞默·霍夫曼、简·亚当斯、劳拉·弗林·博伊尔、本·戈扎那、迪伦·贝克——演绎了一系列松散相连的新泽西怪胎、抑郁者与不合群之人：包括一个受挫的色情电话骚扰者、一个隐藏恋童癖好的模范父亲、一个藏着骇人秘密的孤独女人——他们所有人都只为一件事：被爱。作为1990年代最具争议的影片之一，本片之所以毫不退缩地令人不安，恰因它敢于正视那些最常被剥夺人性之人身上的人性。[标准收藏]
惊声尖叫,1996,1996-12-20,犯罪 恐怖 悬疑,112,74,英语,韦斯·克雷文,凯文·威廉姆森,大卫·阿奎特 内芙·坎贝尔 柯特妮·考克斯 斯基特·乌尔里希 马修·利拉德 罗丝·麦高恩 杰米·肯尼迪 威廉·厄尔·布朗 约瑟夫·惠普,有人将他们对恐怖电影的热爱走得太远了。,锡德尼•普雷斯科特（内芙•坎贝尔饰）的母亲去世一周年，这个本该平静的加州小镇变成了一片血海！两名学生被残忍地杀害，凶手是一位带着面具的恐怖片爱好者。警方将锡德尼的男友比尔•卢米斯（斯基特•乌尔里奇饰）定为嫌疑犯，并予以逮捕。但这时又有命案发生！神出鬼没的面具凶手仿佛死神般带走一个又一个生命，但凶手的真面目却无人知晓。夜幕降临，凶手将锡德尼身边的人一个个杀害，而被害人只能在被害前惊声尖叫。谁能够从凶手的刀下躲过，谁能揭开凶手的面具呢？
孤独的幸存者,2013,2013-12-24,战争 动作 剧情,121,74,英语,彼得·伯格,,马克·沃尔伯格 泰勒·克奇 埃米尔·赫希 本·福斯特 艾瑞克·巴纳 阿里·苏里曼 亚历山大·路德维希 杰里·费拉拉 斯科特·埃尔罗德,基于真正的勇气行为,根据马库斯·拉特尔（Marcus Luttrell）的同名回忆录改编。2005年他和另外三位美军“海豹突击队”的同伴负责执行一次暗杀基地组织领导人的任务，在途中他们遇到了当地牧羊人（三个孩子和一个老人），按照交战法则他们是可以杀掉他们的，但海豹队员并没有这样做，反而放了他们——尽管他们也知道这些人有可能去通风报信。不多久他们就遭到了250名塔利班士兵的攻击，四位海豹队员中有三名先后牺牲，最后只剩下马库斯·拉特尔成为“孤独的生还者”。
饥饿游戏2：星火燎原,2013,2013-11-21,冒险 动作 科幻,146,74,英语,弗朗西斯·劳伦斯,苏珊娜·柯林斯,詹妮弗·劳伦斯 乔什·哈切森 利亚姆·海姆斯沃斯 伍迪·哈里森 伊丽莎白·班克斯 唐纳德·萨瑟兰 蓝尼·克罗维兹 菲利普·塞默·霍夫曼 杰弗里·怀特,革命总是起于星星之火,第七十四届饥饿游戏已经结束，凯特尼斯出人意料地活了下来，她和“恋人”皮塔将会过上安定闲适的生活。然而，噩梦才刚刚开始，此时，十二个区也暗波涌动，凯特尼斯竟然成了反叛的象征，情窦初开的凯特尼斯陷入爱情的纠结中不能自拔，狩猎伙伴盖尔和竞技场“恋人”皮塔让她难以取舍盖尔和皮塔都深爱着凯特尼斯，为了不让凯特尼斯痛苦，他们不约而同地冷落疏远她。第七十五届饥饿游戏“世纪极限赛”的赛制是，选手是历届获胜者，他们中只有一人能存活。凯特尼斯又将重返杀戮赛场，凯特尼斯没有未来，她只有一死，才能挽救皮塔，这是对皮塔深情的最后报答，爱情与友谊，真诚与猜忌，血腥与牺牲，越来越扑朔迷离……
海贼王：强者天下,2009,2024-08-23,动画 奇幻 冒险,113,74,日语,尾田荣一郎,境宗久,田中真弓 中井和哉 冈村明美 山口胜平 平田广明 大谷育江 山口由里子 矢尾一树 长岛茂,There's gonna be a rumble in the jungle!,在一个风和日丽的日子，草帽海贼团正悠闲地在海上航行。突然，天空中出现一个漂浮的小岛，娜美及时通知各位规避即将到来的龙卷风，她的能力引起了小岛上海贼的注意。这个海贼首领非同寻常，他名叫金狮子史基，在大海贼时代到来前曾和哥鲁德•罗杰拼杀争霸。罗杰被俘后，史基也被投入海底监狱，但他却斩断双脚逃亡，并决心向东海展开复仇。史基意欲拉娜美入伙，双方不可避免发生纷争，经过一波三折，娜美最终落入史基手中。为了救出伙伴，并阻止东海毁灭计划，草帽海贼团将和史上最强大的敌人展开对决……  　　本片根据尾田荣一郎同名原著改编，系《海贼王》的第十部剧场版动画，尾田荣一郎亲自担任制作总指挥。
变蝇人,1986,1986-08-15,恐怖 科幻,96,74,英语,大卫·柯南伯格,查尔斯·爱德华·波格,杰夫·高布伦 吉娜·戴维斯 约翰·盖茨 乔·波希尔 莱斯利·卡尔森 乔治·楚瓦洛 迈克尔·科普曼 大卫·柯南伯格 Carol Lazare,害怕吧。非常害怕。,一名科学家因传送装置故障，逐渐异变成巨型苍蝇。
孤儿,2018,2018-12-05,剧情,112,74,法语,Jeanne Herry,,桑德琳·基伯兰 吉尔·勒卢什 Élodie Bouchez Olivia Côte 克洛蒂尔德·莫莱特 让-弗朗索瓦·斯特维宁 布鲁诺·波达里德斯 Miou-Miou Leïla Muse,,一个被遗弃的婴儿，三段交错的人生。 刚出生的宝宝提欧被送到了儿童社福机构，他的生母自愿放弃扶养，并将他交给社福机构安置。就在社福机构尽力帮提欧寻找领养父母时，工作倦怠的尚成为暂时的扶养人。同时，无法生育的艾莉丝也积极的寻找领养机会，就在完善的社福体系以及社工们的努力之下，提欧与艾莉丝的人生终于交会，也连带影响了每个参与者的生活。
昨日、今日、明日,1963,1963-12-21,喜剧 爱情,119,74,意大利语,维托里奥·德西卡,切萨雷·扎瓦蒂尼,索菲亚·罗兰 马切洛·马斯楚安尼 阿尔多·久弗瑞 Agostino Salvietti Lino Mattera Tecla Scarano Silvia Monelli Carlo Croccolo Pasquale Cennamo,他们在一部电影中，以三种方式坠入爱河三次！,著名导演维托里奥·德·西卡所导演的本片是一部群星喜剧戏，它可以分为三部。第一部讲述的是，一个在黑市里专门卖外国香烟的女人从未尝过铁窗的滋味，因为当时法律规定不逮捕怀孕的妇女和产后六个月的妇女。所以在产后，就催丈夫作爱，因此逃过了入狱的命运，不过最后因怀孕失败还是走进了监狱。第二部讲述一位富婆迷恋比她年轻的作家，二人一次开着高级轿车兜风，因二人气氛热烈而导致撞车，富婆顿觉索然无味，遂拦车扬长而去。第三部讲述一位高级妓女与一位神学院的学生相恋，妓女摆脱了恩客的纠缠，但经不住神学院学生的老父母恳求而不得不与学生分手。学生走后，其恩客仍被打入冷宫。本片分别以三个都市的风格为代表，充分地刻划出意大利人的气质，男女主角都有精湛的演出。
和平战士,2006,2006-03-30,剧情,120,74,英语,维克多·萨尔瓦,Dan Millman,Scott Mechlowicz 尼克·诺尔蒂 艾米·斯马特 蒂姆·迪凯 阿什顿·福尔摩斯 保罗·韦斯利 阿格尼斯·布鲁克纳 B.J. Britt 汤姆·塔兰蒂尼,深夜加油站遇见苏格拉底,在比赛中，丹•米尔曼（斯科特•麦克洛维茨 Scott Mechlowicz 饰）完成了一组高难度的吊环动作，却在落地时把左腿摔得粉碎。他猛然惊醒。原来是南柯一梦。凌晨三点，受惊的米尔曼出去散心，意外在加油站结实了一位身怀绝技的老者苏格拉底（尼克•诺特 Nick Nolte 饰），两人成了忘年交。米尔曼外形俊朗，成绩优异，所以总有女孩子围绕身边，然而因为跟好友的女友上床而惹得兄弟反目。另外，他一直希望完成一个高难度动作，却遭到教练的强烈反对，因为后者怕他受伤。由于困扰的时候，他就会来加油站跟苏格拉底交谈。然而一场突如其来的车祸似的米尔曼丧失一切，双脚骨头碎了近100处，他的体操生涯遭到毁灭性打击。病床上的米尔曼这时想起了苏格拉底。在苏格拉底的指引下，米尔曼通过集中全部精神创造了奇迹……
西西里的美丽传说,2000,2000-10-27,剧情,109,74,意大利语,朱塞佩·托纳多雷,,莫妮卡·贝鲁奇 朱塞佩·苏尔法罗 卢西亚诺·费德里科 玛蒂尔德·皮亚纳 彼得罗·诺塔里安尼 加埃塔诺·阿罗尼卡 吉尔伯托·伊多尼亚 安杰洛  佩莱格里诺 Gabriella Di Luzio,她太年轻了，不能当寡妇，太漂亮了，不能独自一人。每个男人都想拥有她。一个男孩冒着一切危险保护她。,二战时期西西里岛上宁静的小镇，美艳动人的妇人玛莲娜，撩着波浪长发，穿着时髦的短裙丝袜，踏着诱惑的高跟鞋，烟视媚行，征服了镇上所有男人，也包括年仅13岁的维利图，他悄悄地成为她的小跟班，如影随形地跟踪、窥视她的生活。她摇曳的倩影、她聆听的和音乐、她贴身的衣物…都成为这个被荷尔蒙淹没的少年，最真实、最美好的情欲幻想…
情话童真,1998,1998-07-31,剧情 爱情 喜剧,121,74,英语,安迪·坦南特,夏尔·佩罗,德鲁·巴里摩尔 安杰丽卡·休斯顿 多格雷·斯科特 帕特里克·戈弗雷 梅根·多兹 梅兰妮·林斯基 提摩西·韦斯特 朱迪·帕菲特 李·恩格里比,Desire. Defy. Escape.,时空背景是16世纪，女主角丹妮尔有着和仙度里拉类似的家庭背景，钟爱她 的父亲已过世，与继母和其两个女儿共住。然而依据她的聪明才智和独立性格，她是不可能等待王子来解救她的。事实上，她反而经常帮助王子，救他一命。
范马刃牙VS拳愿阿修罗,2024,2024-06-06,动画 动作 奇幻,60,74,日语,平野俊贵,石野敦夫,岛崎信长 铃木达央 大冢明夫 江口拓也 三宅健太 桧山修之 成田剑 松冈祯丞,,这是一场终极对决。在这部前所未有、激烈的武术联动中，《范马刃牙》和《拳愿阿修罗》中最强悍的拳手展开对决。
童心列车,2024,2024-10-21,剧情,106,74,意大利语,Cristina Comencini,Viola Ardone,Barbara Ronchi Serena Rossi Christian Cervone Stefano Accorsi Francesco Di Leva Antonia Truppo Monica Nappo 朵拉·罗马诺 Beatrice Schiros,,1946 年，年仅七岁的亚美利戈从未踏出那不勒斯半步，也没离开过妈妈安东涅塔。他从小就在街上贫困度日，但这样的日子即将改变。他坐上“幸福列车”来到寒冷的北方，年轻的德娜德尔娜不仅张开双手欢迎，还悉心照顾起他。他在这里有了新的想法，不得不做出痛苦却能改变一生的决定。而要等到多年之后，他才悟出一个真理：爱不是束缚，而是放手。这部感人肺腑的史诗电影改编自薇奥拉·阿尔多内的畅销小说，描述一个小男孩在生母和继母之间左右为难，以他的视角经历贫穷和战后意大利的人间温暖。
柠檬大嘴巴,2011,2011-04-15,剧情 喜剧 音乐 电视电影,106,74,英语,派翠西亚·里根,Mark Peter Hughes,Bridgit Mendler Adam Hicks 海莉·清子 娜奥米·斯科特 Blake Michael 克里斯托弗·麦克唐纳 Nick Roux Tisha Campbell Chris Brochu,,这是一部由迪士尼频道电视剧《查莉成长日记》(Good Luck Charlie)女一号Bridgit Mendler领衔主演的迪士尼频道原创电影，改编自同名青少年小说。五个原本不起眼的高中生，在一次课后留堂中相识，留堂教室门外的一台柠檬汁售货机使他们有了交集，无意中演奏出的音乐让他们碰出了火花。无奈学校由一个看重利益的刻薄校长掌管；出于利益的考虑，校长偏爱体育生，与运动无关的其他活动都被迫转入地下。五个同学随后组成的乐队，柠檬大嘴巴，担当起了在这所学校为普通同学代言，号召大家勇敢表达自我的领袖角色；与此同时，挫折和非议也接踵而至，就连那台柠檬汁售货机也难逃被校长下令移除的命运。爱喝柠檬汁的他们，能为大家争取到表达自己的自由吗？他们的音乐事业能取得最后的辉煌吗？
玛德莲堕落少女,2002,2002-10-25,剧情 历史,120,74,英语,彼得·穆兰,,Anne-Marie Duff 诺拉-简·努恩 Dorothy Duffy 杰拉尔丁·麦克尤恩 艾琳·沃尔什 Mary Murray Eamonn Owens Britta Smith 彼得·穆兰,In a place that defied belief their only hope was each other.,一部毫不避讳、引人共鸣的情感剧作，记录了几位“堕落女子”在1960年代爱尔兰被家庭排斥、遗弃给天主教会照管的数年青春岁月。[米拉麦克斯]
好莱坞往事,2019,2019-07-26,喜剧 剧情 惊悚,162,74,英语,昆汀·塔伦蒂诺,,莱昂纳多·迪卡普里奥 布拉德·皮特 玛格特·罗比 埃米尔·赫希 玛格丽特·库里 蒂莫西·奥利芬特 朱莉娅·巴特斯 奥斯汀·巴特勒 达科塔·范宁,在这个小镇，一切都可以改变…就像那样,故事背景设定在1969年的洛杉矶，正值时代剧变之际。电视明星里克·道尔顿（莱昂纳多·迪卡普里奥 饰）与他合作多年的特技替身克里夫·布斯（布拉德·皮特 饰），在这个他们已渐感陌生的行业中艰难前行。这部由编剧兼导演操刀的第九部电影作品，以群像演绎和多线叙事，致敬好莱坞黄金时代的余晖。
红海行动,2018,2018-02-16,动作 惊悚 战争 冒险,138,74,汉语,林超贤,Feng Ji,张译 黄景瑜 海清 杜江 张涵予 蒋璐霞 王雨甜 尹昉 麦亨利,勇者无惧 强者无敌,索马里海域外，中国商船遭遇劫持，船员全数沦为阶下囚。蛟龙突击队沉着应对，潜入商船进行突袭，成功解救全部人质。 返航途中，非洲北部伊维亚共和国发生政变，恐怖组织连同叛军攻入首都， 当地华侨面临危险，海军战舰接到上级命令改变航向，前往执行撤侨任务。海军战舰及蛟龙突击队深入伊维亚。前方路途险恶，即将遭遇的，远不止人质营救那么简单。
荒漠怪客,1954,1954-05-26,西部 剧情 爱情,110,74,英语,尼古拉斯·雷,罗伊·钱斯洛,瓊·克勞馥 斯特林·海登 Mercedes McCambridge Scott Brady 埃德温·邦德 Ben Cooper 欧内斯特·博格宁 John Carradine 罗亚尔·达诺,亚利桑那边境的枪炮女王！以及她麾下的勇士们！,本片的故事发生于美国西部的一个小镇，一个名叫威伊纳德女士在镇子外面设立了一个非常庞大的沙龙。她希望一旦铁路修通并从这个小镇穿过的话，她就能都把自己的沙龙改造成为一个自己的镇子。但是这个小镇上的人们只知道她怀有这样一种想法，非常想要她离开这里。有一天，有四个男人驾驶一辆四轮马车杀死了一个人。几个政府官员，在一个名叫埃玛·斯摩尔的头目的带领下，来到这个巨型沙龙，想要抓住那个杀人的人。这四个人正是威伊娜德的朋友。威伊娜德强烈地反对这些官员这样做，就在僵持不下的时候，威伊娜德的一个朋友，强尼·古塔尔出现了……
坚不可摧,2014,2015-01-30,剧情 战争,137,74,英语,安吉丽娜·朱莉,伊桑·科恩,杰克·奥康奈尔 亚历克斯·罗素 多姆纳尔·格里森 加内特·赫德兰 MIYAVI 芬恩·维特洛克 杰·科特尼 马达莱娜·伊斯基亚莱 文森佐·阿马托,Survival Resilience Redemption,二次世界大战时，前奥林匹克长跑选手路易·赞贝里尼（杰克·奥康奈尔 Jack O'Connell 饰）驾驶的战机意外坠毁，路易与其他两位同机组员在海上漂流了47天之后，遭到日本海军长期囚禁，并受其中一位军官渡边长野（石原贵雅 Miyavi 饰）残忍虐待，甚至到战争结束后这个痛苦的梦魇仍挥之不去，他经常作恶梦、酗酒，在看似失去一切的时候，信仰解救了他，他最后更前往日本希望与渡边长野会面，愿意原谅他……  　　本片由安吉丽娜·朱莉执导并担任制片，改编自前奥运会长跑运动员的路易·赞贝里尼的真实经历，浓缩他从街头顽童、奥运选手以及二战期间个人跌宕起伏的经历，97岁的路易亲自出镜讲解。
理智与情感,1995,1996-02-23,剧情 爱情,136,74,英语,李安,简·奥斯汀,艾玛·汤普森 凯特·温斯莱特 艾伦·瑞克曼 休·格兰特 詹妮弗·琼斯 格雷格·怀斯 伊丽莎白·斯普里格斯 伊莫金·斯塔布斯 哈丽特·沃尔特,迷途知返，幡然醒悟。,达什伍德夫人与她的女儿们——埃丽诺、玛丽安及尚在豆蔻年华的假小子玛格丽特，在父亲去世后惨遭驱逐，失去了家园与遗产继承权。法律规定，宏伟的诺兰庄园必须传予他与前妻所生之子、即姑娘们的异母兄长约翰，而约翰的人生伴侣是那位表面优雅却精于算计的范妮。正当贫困的达什伍德一家即将陷入更深窘境时，达什伍德夫人的表亲约翰·米德尔顿爵士伸出援手，将她们安置于自己广阔的德文郡庄园内一处名为巴顿小屋的新居。
恩典,2025,2025-12-25,剧情,133,74,意大利语,保罗·索伦蒂诺,,Toni Servillo Anna Ferzetti Massimo Venturiello Milvia Marigliano Orlando Cinque Giuseppe Gaiani Giovanna Guida Alessia Giuliani Roberto Zibetti,A president. A pardon. A legacy.,马里亚诺·德·桑蒂斯是意大利共和国总统。此人与现实中的任何总统均无关联，完全是作者虚构的人物。他丧偶多年，且信奉天主教，有一个女儿名叫多罗泰亚——和他一样，女儿也是一名法律学者。任期即将结束之际，在波澜不惊的日常中，两项最后的职责摆在了他面前：就两份敏感的总统特赦申请 做出决定。这些抉择构成了真正的道德困境，并且以看似无法理清的方式，与他的私人生活纠缠在了一起。在疑虑的驱使下，他必须做出抉择。而这位杰出的意大利总统，怀着强烈的责任感，必将履行这份职责。
请叫我英雄,2016,2016-04-23,动作 恐怖 剧情,126,74,日语,佐藤信介,野木亚纪子,大泉洋 有村架纯 长泽雅美 吉泽悠 冈田义德 德井优 片濑那奈 槙田雄司 冢地武雅,Welcome to ZQN World.,电视新闻不停出现有人被咬的消息，一心希望成为出色漫画家的铃木英雄（大泉洋 饰），却只继续沉迷于他的漫画世界内；直至工作室的同事，甚至女友彻子亦相继受到感染，变成可怕的咬人狂魔，他才懂得带著打猎用的散弹枪及子弹慌忙逃走。市内一片混乱，铃木英雄救回几乎被丧尸噬咬的高中女生 比吕美（有村架纯 饰），两人结伴逃走，抵达市郊一大型购物商场，遇上曾任护士的薮（长泽正美 饰）及一群仍未被感染的生还者。他们靠商场的物资提供生活所需并建成一个小社区，共同抵抗前来袭击的丧尸。然而，小社区不久即被丧尸攻破，铃木英雄与他的散弹枪，联同比吕美及薮，必须为人类的最后生存机会奋战！
乐高大电影,2014,2014-02-07,动画 家庭 冒险 喜剧 奇幻,100,74,英语,菲尔·洛德,克里斯托弗·米勒,克里斯·帕拉特 伊丽莎白·班克斯 威尔·法瑞尔 摩根·弗里曼 威尔·阿内特 连姆·尼森 艾莉森·布里 尼克·奥弗曼 查理·戴,The story of a nobody who saved everybody.,一个普通的乐高小人，被误认为是非凡的“建筑大师”，因而被招募加入一场冒险之旅，以阻止一名邪恶的乐高狂人用胶水将宇宙粘合在一起。
卓别林,1992,1993-02-17,剧情,143,74,英语,理查德·阿滕伯勒,Bryan Forbes,小罗伯特·唐尼 杰拉丁·卓别林 保罗·里斯 玛丽莎·托梅 米拉·乔沃维奇 John Thaw 莫伊拉·凯利 安东尼·霍普金斯 丹·艾克罗伊德,Everyone has a wild side. Even a legend.,传记作家乔治赴瑞士采访卓别林，后者将自己的故事娓娓道来……1894年的英国，小小年纪的卓别林已经开始为临时演员母亲救场，但失祜的困苦生活导致卓别林兄弟分离，母亲也因发疯入院。1903年，卓别林经哥哥介绍进入一家英国剧团开始自己的演艺生涯，不久他打出名号，获得美国制片厂的邀请，在美国，卓别林接触到梦幻般的电影艺术，并用自己的灵气在电影这种媒介的帮助下名利双收。卓别林无法忘记自己的出身，掌握制片权后坚持在自己的影片中加入批判精神，也因此被扣上红色份子的帽子，惹上诸多麻烦。这位卓越的电影人经历了政治打压、情人们的离去、成功与失落后垂垂老矣，他在影院看着自己当年的电影，潸然泪下。
秘密花园,1993,1993-08-13,剧情 家庭 奇幻,101,74,英语,阿格涅丝卡·霍兰,弗朗西丝·霍奇森·伯内特,凯特·马伯利 Heydon Prowse Andrew Knott 玛吉·史密斯 伊莲娜·雅各布 Laura Crossley 约翰·林奇 Walter Sparrow Valerie Hill,一个神秘的地方，那里生长着魔法、希望和爱,孩子眼中的世界在这部电影里美妙的展开，父母双亡的小玛丽（凯特·马伯里 Kate Maberly饰）来到苏格兰的亲戚家住了下来。这是个美丽而又有点神秘的庄园，尤其是秘密花园更是玛丽心中的一个大谜团。原来，玛丽的姨母曾经在自己这个花园的千秋上丧命，姨父便从此紧锁了花园大门。  　　无意中发现了钥匙的玛丽打开了花园的大门。从此，花园成为了玛丽与大自然水乳交融的圣地。玛丽还带上了长期坐在轮椅上的表弟科林（海登·普劳斯 Heydon Prowse饰），他本来封闭的视野在神奇的大自然面前变得豁然开朗，而朋友迪康（安德鲁诺特 Andrew Knott饰）更是在这里和他的鸟儿朋友们聊天，秘密花园的大门就这样通向了孩子们心中的天堂……
西力传,1983,1983-07-15,喜剧,79,74,英语,伍迪·艾伦,,伍迪·艾伦 米娅·法罗 Patrick Horgan John Buckwalter Marvin Chatinover Stanley Swerdlow Paul Nevens Howard Erskine Richard Whiting,当一切结束时，你却想要更多！,故事发生在三十年代的美国，随着经济和文化的蓬勃发展，一个名叫西力（伍迪·艾伦 Woody Allen 饰）的男人横空出现在了人们的面前。这个神奇的犹太人被发现混迹于各种各样相去甚远的交际圈里，不同阶级的，甚至是不同种族的，而每当他进入了一个新的环境中，他的身上就会迅速体现出这个环境的特征，有时是心理的同化，有时是生理的变异。 曼哈顿医院的精神科医生们对这个怪异的病人产生了浓厚的兴趣，普罗大众亦然，他们亲切的称西力为“变色龙”，一大批以他为主题的文化和商品应运而生，一时间，西力成为了这个时代最炙手可热的巨星。可是，真正将西力当做一个病人来关心的只有尤朵拉医生（米亚·法罗 Mia Farrow 饰），年轻又执着的她致力于治愈他的疾病。长此以往，西力和尤朵拉之间建立了深厚而又真诚的感情，这对立场特殊的爱人能否终成眷属呢？导演伍迪•艾伦自导自演，以伪文献伪记录的方式，生动又真实的重现了本为虚构的西力的一生。
审判,1962,1963-02-20,犯罪 剧情 悬疑,119,74,英语,奥逊·威尔斯,弗朗茨·卡夫卡,安东尼·帕金斯 珍妮·莫罗 罗密·施耐德 奥逊·威尔斯 阿基姆·塔米罗夫 Elsa Martinelli 苏珊娜·弗隆 Madeleine Robinson Max Haufler,有史以来最杰出的电影作品！,"K 是一个公司的小职员,他在某天做一个古怪的梦的时候被警官A摇醒。A宣布K有罪,但并没有说K犯了什么罪。A暗示K和他隔壁的妓女有染,并与助手拿走了他的衬衫。K被放了出来,但要随时候审。K身边的人开始警惕他。K在剧院看戏时再次被A带走。他在法庭上大发议论,说自己是无辜的,是一个庞大的组织在操控着一切。但K发现听众都是官员,他离开了法庭。K的叔叔帮他请大律师为他辩护,而律师的情妇勾引了K,并告诉他律师和法官是一气的,而他应该更圆滑一些。 K再次受审,他无法再忍受这一切。而似乎这一切都在那天他还未做完的古怪的梦中。"
电锯惊魂,2004,2004-10-29,恐怖 悬疑 犯罪,103,74,英语,温子仁,雷·沃纳尔,托宾·贝尔 加利·艾尔维斯 雷·沃纳尔 丹尼·格洛弗 莫妮卡·波特 肯·兰格 麦肯兹·韦加 迈克尔·爱默生 肖妮·史密斯,How much blood would you shed to stay alive?,亚当渐渐从昏迷中苏醒过来，发现自己被锁在一间破旧的地下室内。地下室相对的另一个房间，还锁着一个不知所措的劳伦斯医生。两个人的中间竟然有一具满身血污的死尸，手中握着一把点三八手枪。他们不知道自己为什么被绑架，但是遗留的磁带却命令劳伦斯在八小时内杀掉亚当。如果劳伦斯失败，两个人都会送命；劳伦斯的妻子艾莉森(莫妮卡·波特饰)、女儿也会跟着陪葬。回想泰普警探(丹尼斯·格洛弗饰)最近正在调查的谋杀案，劳伦斯意识到他和亚当即将成为下一个受害者，而他只知道这个在幕后的变态杀人狂叫“竖锯”。时间只剩下短短的几小时，他们必须克服恐惧，弄清楚精心设计的圈套。杀人狂只留下一点点线索，以及两把不起眼的手锯——尽管它不能锯断铁铐，却足以切割血肉和骨头。
理查德·朱维尔的哀歌,2019,2020-01-10,剧情 历史,131,74,英语,克林特·伊斯特伍德,比利·雷,保罗·沃尔特·豪瑟 乔恩·哈姆 凯西·贝茨 山姆·洛克威尔 奥利维亚·王尔德 尼娜·阿里安达 Ian Gomez Wayne Duvall 迪伦·库斯曼,世人将知晓他的名讳与真相。,理查德·朱维尔是1996年亚特兰大奥运会的一名安保人员，他第一个发现奥林匹克公园有炸弹，也正是因为他的及时发现，那次爆炸没有造成更大的危害。当时所有的媒体都将他捧为“英雄”，可是FBI随后怀疑他是炸弹案的始作俑者，媒体的风向也随之转变。一夜之间，理查德·朱维尔从英雄坠落为疑犯。尽管最终，理查德·朱维尔被证明是无辜的，FBI也抓到了真正的炸弹凶手，但是媒体对他名誉所造成的损害永远也无法挽回。
新世界,2013,2013-02-21,惊悚 犯罪 剧情,134,74,朝鲜语,朴勋政,,李政宰 崔岷植 黄晸珉 朴成雄 宋智孝 金胤成 罗光旭 朴书妍 崔日华,Three Men. Three Ways. To A Different World.,这是一部韩国版的《无间道》。“金门”是韩国境内最强大的黑帮组织，并以企业集团军的模式不断发展壮大。警局搜查科姜科长安排新人警察李子成潜入“金门”卧底。八年后，子成已摇身一变坐上了组织内的第二把交椅，成为掌权者的左膀右臂。“金门”的会长突然暴毙，组织内部即将上演继任争夺战，而姜科长也适时拟定了“新世界”计划，希望借此决定新的掌门人，从而执行既定计划。争夺首把交椅的无刃之战如火如荼的展开了，正清对八年前在故乡丽水认识并且兄弟般相处到现在子成更加信赖。然而，姜科长一再催促子成协助完成任务，令后者随时有可能暴露身份。子成一方面要完成自己的潜伏任务，另一方面又纠结于和正清的兄弟之情，陷入两难……
光荣之路,2006,2006-01-13,剧情 历史,118,74,英语,James Gartner,贝蒂娜·吉卢瓦,乔什·卢卡斯 德里克·卢克 乔恩·沃伊特 奥斯汀·尼科尔斯 埃文·琼斯 麦卡德·布鲁克斯 达曼·拉德克里夫 Alphonso McAuley 艾米丽·丹斯切尔,The incredible story of the team that changed the game forever.,故事发生在1965年的美国德克萨斯州，当时的美国社会面临着黑白种族冲突对立的状况。唐·哈金斯(乔什·卢卡斯 饰)是一个年轻气盛的白人篮球教练，由于他在掌管女子篮球队方面的出色成绩，领导决定安排他执教属于NCAA（全国大学生体育协会）的西德州联队(Texas Western)。然而新官上任接到的是个烂摊子，这支篮球队不但基础很差，而且白人球员根本不听一个前女篮教练的指挥。哈金斯是一个具有坚定意志的人，他决心在NCAA里面闯出名堂，而且他的思想非常开明，他并不以肤色区分天才。　　于是哈金斯组织了一群非常有篮球天分的黑人学生作为西德州联队的核心，开始了他艰苦的光荣之路。这些黑人球员连真正的篮球与街球的区别都不知道，而且他们对种族问题极度敏感，可是这些内部问题与外部的大环境相比根本算不得什么，整个学校的人从上到下都认为哈金斯疯了。　　经过一个训练期的接触，哈金斯坚定的信心感染了球队里的每一个人，这支五名黑人先发的球队一路披荆斩棘，直指决赛，最后在马里兰大学著名的Cole Field House击败白人先发的肯塔基，获得了1966 NCAA篮球比赛总冠军，当时肯塔基先发球员里就有湖人、尼克斯和热火的教头帕特·莱利(韦斯·布朗 饰)。这场比赛结果不仅捍卫了黑人的尊严，更具有划时代的意义，它使美国大学篮坛正式进入黑白共存的时代。
死亡实验,2001,2001-03-08,剧情 惊悚,120,74,德语,马里奥·佐丹奴,奥利弗·希施比格尔,莫里茲·布雷布奇 克里斯蒂安·伯克尔 Justus von Dohnányi Maren Eggert Edgar Selge Andrea Sawatzki Oliver Stokowski 沃坦·威尔克·莫林 Nicki von Tempelhoff,You are invited to participate,本片以1971年美国的“斯坦福监狱实验”为基础，根据马里奥•乔丹努的小说《黑盒子》改编。出租司机塔瑞克•法德（莫里兹•布雷多Moritz Bleibtreu 饰）看到报纸上一个征招心理实验对象的广告前去应聘，与其他19名各行各业各年龄段的男性应聘者被分为两组，本别扮演十二名囚犯和八名狱警，实施为时2周的模拟监狱实验，并各获4000德国马克报酬。实验前夕，塔瑞克回到自己两年前曾供职的报社，决定将实验过程中发生的情形写成报道出售。塔瑞克在实验中是囚犯77号，他依仗着实验中不准使用暴力的规定，故意挑起事端制造新闻。狱警博鲁斯（贾斯特斯•冯•多纳伊Justus von Dohnanyi 饰）不满塔瑞克的嚣张，在对囚犯的制裁中一步步确立自己的权威。二人的针锋相对为实验带来了不可预计的后果……  　　本片获德国电影奖年度电影及三项年度突出表现金奖——最佳男主角（莫里兹•布雷多）、场景设计及最佳男配角（贾斯特斯•冯•多纳伊）。
奇异博士,2016,2016-11-04,奇幻 冒险 动作,115,74,英语,斯科特·德里克森,C.罗伯特·嘉吉,本尼迪克特·康伯巴奇 切瓦特·埃加福 瑞秋·麦克亚当斯 王汉斌 麦斯·米科尔森 蒂尔达·斯文顿 迈克尔·斯图巴 本杰明·布拉特 斯科特·阿金斯,穿越无限维度 颠覆时空界限,史蒂芬·斯特兰奇博士是一名外科手术医生，他拥有着高超的智商和精湛的技艺，是医院乃至整个医学界的传奇人物。某一日，斯特兰奇博士遭遇了一场可怕的车祸，尽管保住了双手，但这双手伤痕累累不住颤抖，这也就意味着，他再也不能拿起手术刀，站在无影灯下了。斯特兰奇博士的生活就此失去了意义陷入了绝望之中，他决定远赴尼泊尔，寻找传说中能够治愈他双手的神秘力量。在尼泊尔，风尘仆仆的斯特兰奇博士拜入了神秘的古一法师门下，成为了其弟子，与此同时，古一法师曾经的弟子卡西利亚斯亦在虎视眈眈，企图完成他获得永生的大业。
芭比公主之钻石城堡,2008,2008-09-09,动画 家庭,78,74,英语,罗丝·汉德勒,Gino Nichele,Kelly Sheridan Melissa Lyons 玛莉克·亨德里克瑟 Cassidy Ladden Nicole Oliver Chantal Strand Kathleen Barr Veena Sood Lara Janine,Join best friends in a musical fairy tale.,故事发生在一个充满了魔法的神奇国度之中，丽安娜（Kelly Sheridan 配音）和艾丽莎（Cassidy Ladden 配音）是一对无话不谈的好友，两人有着共同的爱好，那就是唱歌。一次偶然中，丽安娜和艾丽莎发现了一面魔法镜子，在镜子，竟然住着一个名为梅洛蒂（Maryke Hendrikse 配音）的精灵。  　　梅洛蒂告诉两个女孩，有一个地方叫做“钻石城堡”，那里是音乐爱好者们的天堂。可是，邪恶的缪斯莉迪亚（凯思林·巴尔 Kathleen Barr 配音）出现了，想要独占城堡。如今，梅洛蒂的手上有着城堡的钥匙，她要借助女孩们的力量，打倒莉迪亚，重获自由。通往城堡的路途非常遥远，两个天真善良的女孩能够顺利完成任务吗？
罪与错,1989,1989-10-13,喜剧 剧情 犯罪,104,74,英语,伍迪·艾伦,,伍迪·艾伦 马丁·兰道 米娅·法罗 阿伦·阿尔达 安杰丽卡·休斯顿 乔安娜·萨兰登 萨姆·沃特森 杰罗姆·奥尔巴赫 Jenny Nichols,这关乎爱与现实。信仰与幻象。善与恶。成功与失败。,朱达（马丁·兰道 Martin Landau 饰）是一名事业有成的牙医，他不仅在学术界取得了稳固的地位，更热心的投入到了慈善事业中去。在外人眼中，朱达和妻子米利亚姆（克莱尔·布鲁姆 Claire Bloom 饰）无疑是一对模范夫妻，两人的婚姻长久而稳定，可是实际上，这么多年来，朱达一直和一个名叫多罗瑞斯（安杰丽卡·休斯顿 Anjelica Huston 饰）的女子保持着亲密的关系。令朱达头痛的是，多罗瑞斯已经无法再忍受自己秘密情人的身份了，咄咄逼人的她甚至向朱达发出了威胁，要让他们的关系公布于世。  　　除了朱达，克里夫（伍迪·艾伦 Woody Allen 饰）也遇到了自己的难题，他那讨人厌的妹夫莱斯特（阿伦·阿尔达 Alan Alda 饰）想要拍摄一部自传性质的纪录片，克里夫被迫成为了纪录片的导演。在忍受莱斯特恼人个性的同时，克里夫遇见了自己的真命天女哈莉（米亚·法罗 Mia Farrow 饰）。
摩托日记,2004,2004-01-15,剧情,126,74,西班牙语,沃尔特·塞勒斯,Che Guevara,盖尔·加西亚·伯纳尔 罗德里戈·德拉塞尔纳 Mercedes Morán 米娅·麦斯特罗 Jean Pierre Noher Lucas Oro Marina Glezer Sofia Bertolotto Franco Solazzi,Let the world change you...and you can change the world.,电影讲述了一次南美旅程如何激发了切格瓦拉全新的世界观，使得革命热情开始在他心中萌芽生长。格瓦拉当年23岁，意气风发，踌躇满怀，是一个医学院的学生。他对外面的世界抱有强烈的好奇心，于是和朋友艾伯特踏上了拉丁美洲的长长一串旅途中。他们骑上摩托车，风驰电掣的出发了，却不料摩托车很快就报了废。但这却一点没有影响年轻人的激情，二人靠搭便车来完成剩下的旅程。穿过拉丁美洲古老的文明遗址，穿梭于各个国家各色人群中间，他们开始真切感受到社会的真相、生活的苦难。当深入到亚马逊河流域的麻风病人区时，他们被所见所闻深深震撼。切格瓦拉开始思考宏大深奥的命题：人类、社会、经济、文明，人类的苦难、快乐的定义……
教父3,1990,2015-04-20,犯罪 剧情 惊悚,162,74,英语,弗朗西斯·科波拉,马里奥·普佐,阿尔·帕西诺 黛安·基顿 塔莉亚·夏尔 安迪·加西亚 埃里·瓦拉赫 乔·曼特尼亚 乔治·汉密尔顿 布莉姬·方达 索菲亚·科波拉,命运之力 无可抵挡,转眼间已经是 1979 年，第二代教父麦克·柯里昂到了垂暮之年，为了灵魂的救赎，麦克慢慢结束家族的黑道事业，转投正当生意。麦克的儿子托尼酷爱艺术，无意接手家族事业，迈克尔决定让大哥逊尼的私生子，火爆好色的文森继承家业，当第三代教父。麦克的爱女玛丽和文森相恋，遭到父亲的反对，父女渐渐疏远。为了使家族资产合法化，麦克通过在梵蒂冈教廷的关系网，准备投资“屹立”集团，却遭到敌人的暗中阻挠，教皇的去世也让事情更加扑朔迷离。麦克无奈之下，只能重新选择用暴力解决问题，他的亲人也被卷入了这场血雨腥风。
边境杀手,2015,2016-04-16,动作 犯罪 惊悚,121,74,英语,丹尼斯·维伦纽瓦,泰勒·谢里登,艾米莉·布朗特 本尼西奥·德尔·托罗 乔什·布洛林 维克多·加博 乔·博恩瑟 丹尼尔·卡卢亚 杰弗里·多诺万 劳尔·楚吉罗 胡里奥·凯撒·赛迪罗,边界不过是另一道待跨越的线。,在美国与墨西哥的边界有一块灰色地带，那里是毒贩和杀手们的天堂，他们在此交易火并，完全视法律为无物。凯特是联邦调查局的探员，心里怀揣着惩奸除恶的正义理想，她来到此地，加入了联邦政府特种部队，成为了马特的部下...
苏利文的旅行,1941,1941-12-01,喜剧 爱情 冒险,90,74,英语,普莱斯顿·斯特奇斯,,Joel McCrea Veronica Lake Robert Warwick William Demarest Franklin Pangborn 波特·霍尔 Byron Foulger Margaret Hayes Robert Greig,维罗妮卡·莱克收受贿赂。,厌倦了流水线式生产轻喜剧的好莱坞导演约翰·L·苏利文（乔尔·麦克雷 饰），决意拍摄一部关于人类苦难的严肃社会议题电影《兄弟，你往何处去？》。在制片人指出他根本不懂疾苦后，苏利文伪装成流浪汉踏上了探寻真实的旅程。在这条通往顿悟的道路上，他邂逅了一位美丽而务实的年轻女子（维罗妮卡·莱克 饰）——并遭遇了远超预想的麻烦。普雷斯顿·斯特奇斯执导的这部喜剧杰作，堪称好莱坞最精妙的讽刺作品之一，也是这位备受推崇的喜剧大师事业巅峰之作。
摇滚万万岁,1984,1984-03-02,喜剧 音乐,82,74,英语,罗伯·莱纳,克里斯托弗·盖斯特,克里斯托弗·盖斯特 迈克尔·麦基恩 哈里·希勒 罗伯·莱纳 June Chadwick Tony Hendra 布鲁诺·柯比 小爱德华·詹姆斯·贝格利 Paul Benedict,准备好将那些功放的音量调到最大极限。,脊椎穿刺乐队已被公认为英国最吵闹且最守时的乐队。在这部经精美修复的传奇摇滚纪录片中，奈杰尔·塔夫内尔、大卫·圣哈宾斯与德里克·斯莫尔斯踏上他们最后的美国巡演，电影人马蒂·迪伯格记录下所有意外状况、创作摩擦、日渐稀少的观众以及那些命运多舛的鼓手。本片将迪伯格精湛的真实记录风格——直接调到十一档！
没有过去的男人,2002,2002-03-01,喜剧 剧情 爱情,97,74,芬兰语,阿基·考里斯马基,,马尔库·佩尔托拉 Kati Outinen Juhani Niemelä Kaija Pakarinen Sakari Kuosmanen Annikki Tähti Anneli Sauli Elina Salo Outi Mäenpää,,作为阿基·考里斯马基“芬兰三部曲”的第二部，这部动人而诙谐的影片描绘了一个男人在被残忍抢劫并失去记忆后，必须从头开始生活的故事。[索尼影业经典]
女友礼拜五,1940,1940-01-18,喜剧 爱情 剧情,92,74,英语,霍华德·霍克斯,本·赫克特,加里·格兰特 罗莎琳德·拉塞尔 拉尔夫·贝拉米 吉恩·洛克哈特 波特·霍尔 Ernest Truex 克里夫·爱德华兹 Clarence Kolb 罗斯科·卡恩斯,当他们不相拥时，他们就互相残杀！,这部影史中节奏最快、笑点最密、台词最脍炙人口的经典之作，由罗莎琳德·拉塞尔饰演记者希尔迪·约翰逊——她是银幕强大女性群像中的杰出代表。唯有她那诡计多端却魅力非凡的编辑兼前夫沃尔特·伯恩斯（无与伦比的加里·格兰特饰）能与她势均力敌。为了阻止希尔迪登上前往奥尔巴尼的火车、成为家庭主妇开启新生活，伯恩斯以即将执行的死刑独家新闻为诱饵，让她有机会碾压所有同行记者。当霍华德·霍克斯改编本·赫克特与查尔斯·麦克阿瑟轰动一时的戏剧《头版》时，他灵光闪现地将王牌记者希尔迪改为女性角色，由此成就了一部融合硬派新闻编辑室底色与热闹再婚喜剧的不朽杰作。[标准收藏]
决斗,1971,1983-04-22,动作 惊悚 电视电影,90,74,英语,理查德·马西森,史蒂文·斯皮尔伯格,丹尼斯·韦弗 杰奎琳·斯科特 埃迪·费尔斯通 洛乌·弗里泽尔 吉恩·戴纳斯基 露西尔·本森 蒂姆·赫伯特 Alexander Lockwood 雪莉·奥哈拉,有史以来使用过的最离奇的凶器！,一名商务通勤者被一辆大卡车恶意的司机追逐和恐吓。
别告诉她,2019,2019-11-22,喜剧 剧情,100,74,英语,Lulu Wang,,奥卡菲娜 赵淑珍 Hong Lu Hong Lin 马泰 林晓杰 Yang Xuejian Becca Khalil 姜永波,Based on an actual lie.,在美国长大的华裔女孩比莉不情愿地回到长春，却发现全家人虽知敬爱的祖母身患绝症仅余数周，却一致决定向奶奶隐瞒病情。为了守护她的欢欣，家人以仓促筹办的婚礼为欢庆借口，让散居海外的亲属重聚一堂。比莉穿梭于家庭期待与礼节的雷区时，逐渐发现生活中有太多值得珍视之物：重访儿时故土的机会、祖母璀璨的生命力，以及纵使诸多心事未曾言明，家族纽带依然牢不可破。[A24]
前目的地,2014,2015-01-09,科幻 惊悚,98,74,英语,迈克尔·斯派瑞,彼得·斯派瑞,伊桑·霍克 莎拉·斯努克 诺亚·泰勒 克里斯托弗·卡比 迈德琳·怀斯特 吉姆·克诺贝洛赫 芙蕾雅·斯塔福德 伊莉丝·詹森 泰勒·科平,时间特工 穿越时空 找到自己,由伊桑·霍克扮演的一名时间特工“我”奉命穿越时空，以试图阻止恐怖分子Fizzle Bomber的恶行。而在他最后的一次任务中，他来到了1967年，在一个酒吧，遇见了约翰（莎拉·斯努克 Sarah Snook 饰）。约翰向他讲诉了自己从一个女孩到最后变性成为一个男人的辛酸故事。“我”决定带约翰穿越时空完成他的复仇之路，而在这个过程中，“我”逐渐发现了隐藏在时间悖论下不为人知的秘密，我们如同莫比乌斯环，周而复始的延续着我们的命运……
龙争虎斗,1973,1973-07-26,动作,102,74,英语,罗伯特·克劳斯,艾励贤,李小龙 约翰·撒克逊 吉姆·凯利 石坚 安娜·卡普莉 罗伯特·沃尔 茅瑛 钟碧玲 杨斯,Their deadly mission: to crack the forbidden island of Han!,在其香港演艺事业的巅峰时期，李小龙受邀前往好莱坞，拍摄了这部或许比其他任何作品都更能定义其传奇的电影。在这部惊险故事中，他极具爆发力的武打风格以及指导其行动的深刻个人哲学，得到了最充分的展现。影片讲述一名少林武者潜入一座由叛逆僧侣蜕变为邪恶犯罪首脑所掌控的岛屿。在李小龙悲剧性离世数日后上映的本片，最终成为他国际范围内最成功的作品，也是史上最具影响力的动作片之一。其中著名的镜宫决战场景，将其艺术性的身体与智慧维度，凝聚在一个令人目眩的经典片段之中。[标准收藏]
兵临城下,2001,2001-07-21,战争 历史,131,74,英语,让-雅克·阿诺,阿兰·戈达尔,裘德·洛 约瑟夫·费因斯 蕾切尔·薇兹 艾德·哈里斯 鲍勃·霍斯金斯 朗·普尔曼 伊娃·马特斯 加布里埃尔·汤姆森 马蒂亚斯·哈比奇,有些人是天生的英雄,斯大林格勒战役中，瓦西里（裘德•洛 Jude Law 饰）是一个威震部队的神枪手。他的好枪法百发百中，令敌人闻风丧胆。
成为约翰·马尔科维奇,1999,1999-10-29,喜剧 剧情 奇幻,112,74,英语,斯派克·琼斯,查尔斯·考夫曼,约翰·库萨克 卡梅隆·迪亚兹 约翰·马尔科维奇 凯瑟琳·基纳 奥森·比恩 玛丽·凯·普莱斯 威廉·厄尔·布朗 卡洛斯·雅科特 Willie Garson,曾梦想成为别人吗？现在，你可以实现这个愿望了。,是否曾幻想成为另一个人？或者更具体地说——是否渴望爬过某栋普通写字楼里暗藏的通道，从而潜入约翰·马尔科维奇的大脑皮层体验十五分钟，最后被吐在新泽西收费公路旁？那么导演斯派克·琼斯与编剧查理·考夫曼的这部作品正为你而生。忧郁的木偶、沉闷的办公室、顶着一头卷发的卡梅隆·迪亚兹——但这还不是全部！超现实主义、附身、约翰·库萨克、驯养灵长类、弗洛伊德、凯瑟琳·基纳、莫名跳接，以及绝对没有浪漫戏码！等等：现在入手本片，我们还将附赠去雄化情节、滑稽闹剧、阿伯拉尔与爱洛依丝，以及额外的马尔科维奇、马尔科维奇、马尔科维奇！[标准收藏]
我的舅舅,1958,2017-04-09,喜剧,117,74,法语,雅克·塔蒂,雅克·拉格朗日,雅克·塔蒂 Jean-Pierre Zola Adrienne Servantie Lucien Frégis Betty Schneider Jean-François Martial Dominique Marie Yvonne Arnaud Adelaide Danieli,赫尔洛先生以一种珍贵、俏皮……且纯粹预谋的眼光审视着现代时光……,于洛先生踏入姐姐、姐夫与外甥一家被科技驱动的生活环境，却始终难以融入其中。
曾经,2007,2007-03-23,剧情 音乐 爱情,85,74,英语,约翰·卡尼,,格伦·汉塞德 玛可塔·伊尔格洛娃 Hugh Walsh Gerard Hendrick Alaistair Foley Geoff Minogue Bill Hodnett Danuse Ktrestova 达伦·希利,How often do you find the right person?,"一部发生在都柏林街头的现代音乐剧。影片由爱尔兰乐队""The Frames""成员格伦·汉塞德主演，讲述街头音乐人与捷克移民在短暂而深刻的一周里，通过创作、排练并录制歌曲，谱写出一段独特恋曲的故事。[福克斯探照灯影业]"
末代独裁,2006,2007-03-15,剧情,123,74,英语,凯文·麦克唐纳,贾尔斯·福登,福里斯特·惠特克 詹姆斯·麦卡沃伊 西蒙·迈克伯尼 吉莲·安德森 凯丽·华盛顿 大卫·奥伊罗 艾比·穆基比·恩卡加 亚当·科茨 芭芭拉·拉弗蒂,Charming. Magnetic. Murderous.,尼古拉斯·哥瑞肯偶然结识了乌乾达新总统安迪·艾明Idi Amin（福里斯特·惠特克Forest Whitaker饰），安迪·艾明经常传诏尼古拉斯·哥瑞肯和莎拉，所以，他们在医学会上的时间便越来越少了。艾明刚刚通过军队武装获得了至高的权力，并卷入了一起公路案。
马拉多纳,2019,2019-06-14,纪录,130,74,英语,阿西夫·卡帕迪亚,,Diego Maradona Pelé Dalma Maradona Daniel Arcucci Alberto Bigon Gonzalo Bonadeo Corrado Ferlaino Ciro Ferrara John Foot,Rebel. Hero. Hustler. God.,他是足球天才、球场上帝、叛逆英雄，还是骗徒一名？马拉多纳由穷家小子变身神一样的球星，天价转会那不勒斯，世界杯上帝之手举世闻名。然而登上事业顶峰，人生也开始变质走样，在黑手党横行之城，沉沦毒海，私生活一塌糊涂。曾经拍过《车神塞纳》（2010） 及奥斯卡得奖作《艾米 》（2015）的导演卡帕迪尔，尝试重新组合球王的璀璨岁月与成名代价，他搜罗了超过五百小时从未曝光的珍贵片段，从而近距离呈现马拉多纳风光背后的失意、背叛、腐败和救赎。
盛夏,2018,2019-04-06,音乐 剧情,126,74,俄语,Kirill Serebrennikov,Lily Idov,刘台午 Roman Bilyk 伊琳娜·斯达申鲍姆 菲利普·阿夫迪夫 Aleksandr Gorchilin Yuliya Aug 尼基塔·叶夫列莫夫 Georgiy Kudrenko Aleksandra Revenko,,这是一个关于摇滚、爱情和友谊的故事。列宁格勒，80年代初的一个夏天：摇滚音乐在当地风靡一时。Viktor Tsoï是位年轻的音乐家，就像其他年轻人一样，他也被齐柏林飞船和大卫·鲍伊的音乐所吸引，并尝试在摇滚乐坛上闯出一片名堂。一天，他遇到了偶像Mike和他漂亮的妻子Natacha。这次邂逅使他的命运发生了巨大转变。他们三人将一同写就Viktor的传奇，使他名留青史。
马太福音,1965,1964-09-04,剧情,137,74,意大利语,皮埃尔·保罗·帕索里尼,,Enrique Irazoqui Margherita Caruso Susanna Pasolini Marcello Morante Mario Socrate Settimio Di Porto Alfonso Gatto Luigi Barbini Giacomo Morante,一部将被全世界观看的电影——直至世界尽头！,当人民的苦难不断加深之时，上帝将他的儿子耶稣（Enrique Irazoqui 饰）送到人间。受到感召，少女玛丽亚（Margherita Caruso 饰）以处子之身生下耶稣，并与未婚夫约瑟（Marcello Morante 饰）一同将其养大。耶稣如此钟爱世人，他通过各种神迹引导人们诚心向善，他的信徒和追随者越来越多。然而世界已然腐朽，贪婪残暴占据统治地位。那些忘掉廉耻的统治者决定除掉这个来自天堂的圣子……
最后的决斗,2021,2021-10-15,历史 剧情 动作,153,74,英语,雷德利·斯科特,本·阿弗莱克,马特·达蒙 亚当·德赖弗 朱迪·科默 本·阿弗莱克 哈丽特·沃尔特 马尔顿·索克斯 亚历克斯·劳瑟 威廉·休斯顿 奥利弗·科顿,一位女性挑战整个国家并创造历史的真实故事。,诺曼骑士让·德·卡罗斯打仗归来后，指控好友雅克·勒·格里斯强奸了他的妻子。但因为没有人相信他说的话，所以他请求法国国王介入，而国王的决定则是让这对好友为此决一死战。
夜行动物,2016,2016-11-18,剧情 惊悚,116,74,英语,Tom Ford,Austin Wright,艾米·亚当斯 杰克·吉伦哈尔 迈克尔·珊农 亚伦·泰勒-约翰逊 艾拉·菲舍尔 艾丽·巴姆博 艾米·汉莫 卡尔·葛鲁斯曼 罗伯特·阿拉马约,When you love someone you can't just throw it away.,和前夫托尼离婚后，苏珊嫁给了名为霍顿的男子，尽管两人的婚姻已经维系了十多年之久，但很显然，这段感情早已经失去了激情，疲态尽显。与此同时，霍顿公司遭遇的危机，亦让这个曾经富裕的家庭走到了濒临破产的边缘，而苏珊严重的失眠问题持续困扰着她的生活。某日，苏珊收到了一封意外的邮件，托尼将自己新创作尚未出版的小说《夜行动物》寄给了苏珊，他告诉苏珊，这是一本专门为她写就的小说，希望她能够读一读。在阅读小说的过程中，苏珊不断回忆起自己和托尼自相恋到决裂的过程，在此过程中，一些肮脏而又不为人知的秘密渐渐浮出了水面。
玩命毒师,2014,2014-02-06,喜剧,100,74,意大利语,Sydney Sibilia,Valerio Attanasio,爱德华多·里奥 Valeria Solarino Valerio Aprea 保罗·卡拉布雷西 Stefano Fresi Lorenzo Lavia Pietro Sermonti Libero De Rienzo Sergio Solli,,一个大学研究员惨遭学校解聘，生活潦倒。一次偶然机会让他了解到毒品的暴利，于是他召集了一群在化学、数学、社交等方面都有着顶尖学识的昔日同伴，开始了轰轰烈烈的“制毒事业”……影片以幽默辛辣的笔调直刺意大利当代各种社会问题，在题材上与热门美剧《绝命毒师》有着异曲同工之妙，而在形式上又类似于《十一罗汉》等精英团伙犯罪电影模式，每个成员都各怀绝技、各有故事，主人公丰富性更胜一筹，堪称升级版的意大利《绝命毒师》，娱乐性十足。
正义联盟：毁灭,2012,2012-02-28,动作 动画 科幻 奇幻,77,74,英语,Lauren Montgomery,马克·韦德,凯文·康罗伊 提姆·達利 Susan Eisenberg 迈克尔·罗森鲍姆 卡尔·鲁伯利 保罗·布莱克索恩 邦珀·罗宾逊 菲尔·莫里斯 内森·菲利安,The end of justice.,夜深人静之时，罪恶同花顺利用全新的技术闯入银行抢劫名贵钻石，结果一番激战被蝙蝠侠（Kevin Conroy 配音）、超人（Tim Daly 配音）、神奇女侠（Susan Eisenberg 配音）、绿灯侠（Nathan Fillion 配音）、火星猎人（Carl Lumbly 配音）、闪电侠组成的正义联盟一网打尽，而关于先进技术的来源正义联盟却始终找不到线索。与此同时，豹女、镜子大师、星蓝石等大反派遇到了神秘的旺达尔•萨维奇（Phil Morris 配音）。萨维奇已经活了八万多年，他曾多次成为名垂青史的统治者。如今他希望毁灭并统治世界，而正义联盟无疑是挡在他面前最大的阻碍。他找来这群反派组成毁灭联盟，向正义联盟发起新一轮的挑战……
一天,2011,2011-08-19,剧情 爱情,107,74,英语,罗勒·莎菲,大卫·尼科尔斯,安妮·海瑟薇 吉姆·斯特吉斯 汤姆·米森 朱迪·惠特克 拉菲·斯波 帕特里夏·克拉克森 肯·斯托特 罗莫拉·加莱 马修·贝瑞,Twenty years. Two people.,1988年7月15日，一所大学为毕业生的狂热所充盈。籍着这股躁动，轻浮的德克斯特（吉姆·斯特吉斯 Jim Sturgess 饰）穿过层层人墙，寻找可以与之共度这最后狂欢与浪漫之夜的尤物。他将目光锁定在艾玛（安妮·海瑟薇 Anne Hathaway 饰）的身上，一个来自普通工薪家庭的聪慧女孩。然而短短的交流过后，他们之间什么也没发生，却又注定改变了彼此的一生。在之后的岁月里，两人以友人知己的身份时聚时散，彼此分享着人生的苦辣酸甜和各种感悟。德克斯特经历着事业和婚姻的起落，艾玛品味着底层人生的辛酸。他们是远在天边心也紧紧相连的知己，是深锁心中最为笃真却相隔最远的爱恋……本片根据英国作家大卫·尼克尔斯（David Nicholls）的同名畅销小说改编。
雾码头,1938,1938-05-18,爱情 剧情 犯罪,93,74,法语,马塞尔·卡尔内,皮埃尔·奥朗,Jean Gabin 米歇尔·西蒙 Michèle Morgan Pierre Brasseur Édouard Delmont Raymond Aimos Robert Le Vigan René Génin Jenny Burnay,温柔... 坦率地成熟。蕴含着人类几乎所有的情感。,让（让•迦本 Jean Gabin 饰）在二次世界大战后成为了一个落魄的逃兵。在大雾弥漫的夜晚他搭上了一辆顺风车，并救下了一只小狗，小狗跟着他来到了这座海滨小城。小城的码头上终日雾气弥漫，天空市集尽显压抑之色。让在这里遇到了美丽的奈丽（米歇尔•摩根 Michèle Morgan 饰），两人逐渐相爱，而让却不得不面对自己颠沛流离的逃亡命运。奈丽的监护人扎贝尔杀死了她的前男友莫里斯，奈丽不堪忍受他的占有欲和管教离家出走。让在一次与奈丽的相会中惹上了当地的黑社会分子路西恩（Pierre Brasseur 饰），路西恩觊觎奈丽的美色，一直在追寻莫里斯的下落。正在奈丽回家后面对扎贝尔疯狂侵犯的危急关头，让及时出现打死了这个卑鄙的商人。两人一同走在雾码头的街道上，面对分别的时刻，路西恩却开枪射杀了让……
杀手疾风号,2022,2023-06-10,动作 喜剧 惊悚,126,74,英语,大卫·雷奇,扎克·奥尔克维奇,布拉德·皮特 乔伊·金 亚伦·泰勒-约翰逊 布莱恩·泰里·亨利 安德鲁·浩二 真田广之 迈克尔·珊农 桑德拉·布洛克 贝尼托·安东尼奥·马丁尼兹·奥卡西奥,The end of the line is just the beginning.,影片根据日本天才作家伊坂幸太郎的小说改编，讲述名为瓢虫的杀手搭乘子弹列车执行简单任务，却发现车上还有其他杀手都在伺机而动。动作特技演员出身的导演大卫·雷奇利用《偷拐抢骗》般多线索并进的误会式情节，将《杀死比尔》式的爽快动作戏与爆笑喜剧结合在一起，加上布拉德·皮特、乔伊·金等好莱坞明星与真田广之等日本名角完美搭配，以及多处向日本流行文化致敬的小巧思，成就出一幕幕酣畅淋漓的过山车时刻。影片于2022年暑期档上映后，收获2.39亿美元全球票房，成为近年来又一部卖座的亚洲题材好莱坞大片。
美国狙击手,2014,2015-04-19,战争 动作,133,74,英语,克林特·伊斯特伍德,杰森·霍尔,布莱德利·库珀 西耶娜·米勒 凯尔·加尔纳 科尔·科尼斯 本·里德 伊莉丝·罗伯逊 基尔·奥唐纳 卢克 森夏恩 凯文·拉茨,美国历史上最致命的狙击手。,克里斯·凯尔原本是一名普通美国牛仔，“911”事件以后他以30岁的高龄参加了海豹突击队，并成为了伊拉克战场上的一名优秀狙击手。参军之后克里斯认识了塔雅，两人很快结婚生子，但是随着克里斯的多次出征伊拉克，两人的家庭发生了很多问题。战场上的克里斯十分优秀，被队友称呼为“传奇”，恐怖分子以高额奖金请职业狙击手猎杀他，但屡次都未得手，可是身边的队友却一个个遭遇不测，虽然妻子三番五次恳求他退伍，但是他抱着为队友复仇的信念最后一次出征。
双峰：与火同行,1992,1992-08-28,剧情 悬疑 恐怖,135,74,英语,大卫·林奇,马克·弗罗斯特,雪莉·李 雷·怀斯 梅晨·阿米克 基翁·亚历山大 菲比·奧古斯汀 大卫·鲍伊 Eric DaRe 米盖尔·弗尔 Pamela Gidley,在双峰镇这样的地方，无人清白无辜。,追捕少女杀手的 FBI 探员 Desmond 在鹿镇奇怪的失踪了。凶手一直逍遥法外。在经历了黑暗的超自然的幻象之后，探员 Dale Cooper 觉得凶案还会发生。在双峰镇，美丽纵欲的 Laura Palmer 似乎就要遭受到这个悲惨的命运……
他们叫我吉克,2016,2016-02-25,奇幻 动作 剧情,112,74,意大利语,Nicola Guaglianone,Gabriele Mainetti,克劳迪奥·桑塔玛利亚 卢卡·马里内利 Ilenia Pastorelli Stefano Ambrogi Maurizio Tesei Daniele Trombetti Francesco Formichetti Joel Sy Salvatore Esposito,A superhero like no other,这是一部非常真实的超级英雄电影，论日系少女如何用大（中）爱（二）唤醒一个超级英雄。情节设计丝毫不亚于好莱坞，不时有意式小幽默。影片十分注重人物的塑造，主人公原来只是小偷，核废料让他意外获得超能力，但他并没有想去拯救世界，只想用这种超能力继续干偷抢的勾当，而女孩才是让他真正成为英雄的存在，节奏十足，意大利风情混搭日系萝莉风，疯狂又真实的片子，感觉看到了人性的善良和丑恶的融合..
宝贝小情人,1991,1991-11-27,喜剧 剧情,103,74,英语,Howard Zieff,Laurice Elehwany,安娜·克伦斯基 麦考利·卡尔金 丹·艾克罗伊德 杰米·李·柯蒂斯 理查德·马苏尔 格里芬·邓恩 Ann Nelson 彼得·迈克尔·戈茨 Jane Hallaren,"When your Dad's an undertaker, your Mom's in heaven, and your Grandma's got a screw loose...it's good to have a friend who understands you. Even if he is a boy.",因为有着一个开殡仪馆的父亲加上母亲的早逝，女孩维达（安娜·克鲁姆斯基 Anna Chlumsky 饰）对生离死别有着自己深刻而另类的见解，同时，对于死亡的恐惧也无时不刻的纠缠着维达。在维达的身边， 男孩托马斯（麦考利·卡尔金 Macaulay Culkin 饰）将她的喜怒哀乐全部看在眼里，个性内向的托马斯唯一能够做的事情，就是温柔的陪伴在女孩身边。 　　雪莉（杰米·李·柯蒂斯 Jamie Lee Curtis 饰）的出现让维达有了强烈的危机感，她感到这个女人很可能将要分享父亲对她的独一无二的关注和爱。一次维达造成的意外中，托马斯死去了，看着心爱的人又一次永远的离开了自己，维达痛不欲生，而来自父亲和继母的安慰与教导终于让她明白了要如何珍惜生命里真正重要的东西。
你妈妈也一样,2001,2001-06-08,剧情 爱情,106,74,西班牙语,阿方索·卡隆,卡洛斯·库阿隆,迭戈·卢纳 盖尔·加西亚·伯纳尔 玛丽贝尔·韦尔杜 丹尼尔·希门尼斯·卡乔 Diana Bracho Verónica Langer María Aura 埃米利奥·埃切瓦里亚 Marta Aura,生活自有其教导之道。,这部由奥斯卡获奖导演阿方索·卡隆执导的爆款公路喜剧，巧妙融合了直白露骨的题材与真挚的情感温度，实属影坛罕见。盖尔·加西亚·贝纳尔与迭戈·卢纳凭借此片跃升国际影星，二人饰演两个来自不同阶层、血气方刚的墨西哥城少年，当他们的女友飞往意大利度夏后，他们在婚礼上邂逅了一位美艳的西班牙熟女并被其迷住。当她答应陪同两人前往遥远的海滩旅行时，三人在旅途中逐渐形成了一种愈发浓烈而亲密的关系，最终让彼此的身心都彻底袒露。本片由摄影大师埃曼纽尔·卢贝兹基以优雅灵动的镜头执镜，本片以既诙谐又动人的方式审视了人类欲望的本质。
至尊马蒂,2025,2026-03-20,剧情 惊悚,150,74,英语,约书亚·萨弗迪,罗纳德·布朗斯坦,提莫西·查拉梅 格温妮斯·帕特洛 奥德萨·阿兹恩 凯文·奥利里 泰勒·奥康马 弗朗辛·德雷舍尔 阿贝尔·费拉拉 埃默里·科恩 盖佐·罗赫里格,志存高远。,为了实现一个无人相信的伟大梦想，马蒂去了一趟地狱。年轻迷人的马蒂，渴望名声、荣耀，以及遥不可及的“世界乒乓球冠军”头衔。为了梦想，他什么都能做到。穿越纽约、巴黎、伦敦、开罗与东京，他在无数的挫折与考验中前行，遇见了挚友、恋人与伙伴，也一次次在胜败之间重生。最终，他开创了自己的伟大道路，也领悟了荣光的真正意义。
永生战士,2022,2023-01-27,动作 战争 惊悚,91,74,芬兰语,贾马里·赫兰德,,乔玛·汤米拉 阿卡塞尔·亨涅 杰克·杜兰 米莫萨·维拉莫 奥尼·托米拉 塔图·西尼萨洛 威廉·恩克尔 文森特·威勒斯特兰 阿图·卡普莱宁,Vengeance is golden.,讲述了一部第二次世界大战血腥的史诗行动，在芬兰拉普兰，一名难以杀死的芬兰人与纳粹士兵展开了战斗。
不可饶恕,2021,2021-11-24,剧情 犯罪,113,74,英语,Nora Fingscheidt,希拉里·塞茨,桑德拉·布洛克 维奥拉·戴维斯 文森特·多诺费奥 乔·博恩瑟 理查德·托马斯 琳达·伊蒙德 艾斯琳·弗兰乔茜 艾玛·尼尔森 威尔·普伦,No one walks free of their past,露丝·斯雷特因暴力犯罪被判入狱，出狱后的她重新踏入社会，但自己的过去却不被原谅。面对来自她曾经称之为“家”的地方的无情评判，她获得救赎的唯一希望，就是找到当初被自己无奈丢下而疏远了的妹妹。
灰猎犬号,2020,2020-07-09,战争 动作 剧情,92,74,英语,Aaron Schneider,塞西尔·斯科特·福里斯特,汤姆·汉克斯 斯蒂芬·格拉汉姆 罗布·摩根 乔什·维金斯 汤姆·布里特尼 伊丽莎白·苏 威尔·普伦 马奴·贾西亚·鲁尔福 卡尔·葛鲁斯曼,The only thing more dangerous than the front lines was the fight to get there.,影片讲述二战初期，由37支盟军船只组成的护航舰队在欧内斯特·克劳斯舰长率领的一艘美国驱逐舰指挥下，穿越险恶的北大西洋，同时还要与德国U型潜艇狼群的周旋。
八月迷情,2007,2007-11-21,家庭 剧情 音乐,114,74,英语,尼克·卡斯尔,柯尔斯滕·谢里登,弗莱迪·海默 凯丽·拉塞尔 乔纳森·莱斯·梅耶斯 泰伦斯·霍华德 罗宾·威廉姆斯 威廉姆·赛德勒 玛丽安·塞尔德斯 麦凯尔泰·威廉逊 莱昂·托马斯三世,声梦奇缘,莱拉（凯丽•拉塞尔 Keri Russell 饰），一个出色的大提琴手；路易斯（乔纳森•莱斯•梅耶斯 Jonathan Rhys Meyers 饰），一名流浪的爱尔兰歌手。一个月色迷离的晚上，两人相遇了。度过难忘的一晚后，莱拉那专横的父亲又强逼她继续踏上音乐会的旅程。路易斯因等不到恋人失望之下离开了；而莱拉发觉爱人走后，独自伤心的等待肚中的孩子出生。岂料几个月后莱拉遭遇了一场车祸，宝宝亦随之夭折。孰料，莱拉的宝宝其实并没有死，而是被她狠心的父亲送到了孤儿院。一晃眼10多年过去了，生活在孤儿院的少年奥古斯特（弗莱迪•海默 Freddie Highmore 饰）坚信自己的父母还在世上，于是踏上了漫漫寻亲路。
疤面人,1932,1932-04-09,犯罪 动作 剧情,93,74,英语,霍华德·霍克斯,莫里斯·R·库恩斯,Paul Muni Ann Dvorak Karen Morley Osgood Perkins C. Henry Gordon George Raft Vince Barnett 鲍里斯·卡洛夫 Purnell Pratt,一个野心勃勃的黑帮枭雄的兴衰史。,以枪林弹雨之势席卷银幕的犯罪片经典，为往后数十年的黑帮题材树立了标杆。保罗·穆尼以嚣张、骇人又出奇迷人的表演，塑造了托尼·卡蒙特这一犯罪心理的经典形象——这位手持冲锋枪的冷酷暴徒在私酒帝国的血路上步步攀升，堆积如山的尸体见证其崛起，而他对狂野妹妹（安·德拉克 饰）的畸形占有欲，终将引其走向毁灭。导演霍华德·霍克斯以凌厉的剪辑与对白掌控力，注入其标志性的张扬风格，在银幕暴力推向残酷新高度的同时，营造出无可阻挡的戏剧张力。
悸动,2022,2022-04-29,喜剧 爱情,92,74,英语,Sammi Cohen,Casey Rackham,罗温·布兰查德 奥丽伊·卡瓦洛 Isabella Ferreira Tyler Alvarez Teala Dunn Rico Paris 阿西夫·曼德维 Michelle Buteau 梅根·莫拉莉,Love is messy AF.,当一位有抱负的年轻艺术家被迫加入她的高中田径队时，她利用这一机会追求她长期迷恋的女孩。但她很快发现自己爱上了一个意想不到的队友，并发现真爱是什么感觉。
少年派的奇幻漂流,2012,2012-11-22,冒险 剧情,127,74,英语,李安,扬·马特尔,苏拉·沙玛 伊尔凡·可汗 阿尤什·坦东 高塔姆·贝鲁尔 阿迪尔·胡赛恩 塔布 Ayaan Khan Mohd Abbas Khaleeli Vibish Sivakumar,不凡历程 不虚此生,故事开始于蒙特娄，也结束于蒙特娄。一名在找寻灵感的作家（拉菲·斯波 Rafe Spall 饰）无意间得知派·帕帖尔（伊尔凡·可汗 Irrfan Khan 饰）的传奇故事。派的父亲（阿迪勒·侯赛因 Adil Hussain 饰）开了一家动物园。因这样特殊的生活环境，少年派（苏拉·沙玛 Suraj Sharma 饰 ）对信仰与人的本性自有一套看法。在派17岁那一年，他的父母决定举家移民加拿大以追求更好的生活，而他也必须离开他的初恋情人。在前往加拿大的船上，他们遇见一位残忍成性的法国厨师（杰拉尔·德帕迪约 Gérard Depardieu 饰）。当天深夜在茫茫大海中，原本令派感到刺激无比的暴风雨一瞬间就成了吞噬货船的大灾难。派却奇迹般地活了下来，搭着救生船在太平洋上漂流，而且有一名最令人意想不到的同伴——理查德·帕克，一只孟加拉老虎。神奇的冒险旅程就这样意外开始了……
一代骄马,2010,2010-10-08,剧情,123,74,英语,兰道尔·华莱士,迈克·里奇,戴安·琳恩 约翰·马尔科维奇 斯科特·格伦 迪伦·沃尔什 弗雷迪·汤普森 玛戈·马丁代尔 内尔桑·埃利斯 詹姆斯·克伦威尔 Otto Thorwarth,The Impossible True Story,"因为父亲的病重，家庭主妇彭妮·钱娜丽（戴安·琳恩饰）接管了父亲在弗吉尼亚州的马槛，对赛马一窍不通的她，赶鸭子上架的要开始经营马场，而她还要完成父亲的心愿，那就是让自己的赛马夺冠。面对重重困难，彭妮开始从零学起，她在马场里留意到了一匹名为""勇敢统治者""的纯种赛马，它是一头曾经红极一时的赛马，后来因伤而退出赛场，在农场务农，彭妮决定从这头赛马入手，开始自己的赛马之路。"
"Dearest Relatives, Poisonous Relations",1992,1992-03-26,喜剧,105,74,意大利语,马里奥·莫尼切利,Carmine Amoroso,Marina Confalone Tommaso Bianco Renato Cecchetto Alessandro Haber Cinzia Leone Eugenio Masciari Paolo Panelli Monica Scattini Pia Velsi,,"During the annual Christmas gathering at the family home, the parents surprise their children by announcing their decision to move in with one of them and pass on the house."
凶兆,1976,1976-06-25,恐怖 惊悚,111,74,英语,理查德·唐纳,大卫·斯勒茨,格利高里·派克 李·雷米克 大卫·华纳 比莉·怀特劳 哈维·斯蒂芬斯 帕特里克·特劳顿 马丁·本森 罗伯特·里埃蒂 汤米·杜根,It is the greatest mystery of all because no human being will ever solve it.,故事发生在1966年6月6日的上午6时，在这样一个不吉利的时刻，美国大使罗伯特（格利高里·派克 Gregory Peck 饰）领养了一个男孩并取名戴米（哈维·史蒂芬斯 Harvey Stephens 饰）。随着时间的推移，戴米渐渐长大，一些奇怪事件的接连发生预示着厄运敲响了罗伯特的家门。戴米的保姆莫名自杀后，一个神秘的女人贝洛克（比莉·怀特劳 Billie Whitelaw 饰）毛遂自荐留在了戴米的身边。之后，神父博南（帕特里克·斯偌顿 Patrick Troughton 饰）找到了罗伯特，他告诉罗伯特，戴米是撒旦的孩子，戴米会不择手段完成统治世界的野心。对于神父的话，罗伯特半信半疑，直到博南神父的死讯传来，罗伯特才意识到，事态的发展是多么的糟糕。
男孩别哭,1999,1999-10-22,犯罪 剧情,118,74,英语,金伯利·皮尔斯,安迪·比宁,希拉里·斯万克 克洛伊·塞维尼 彼得·萨斯加德 布兰登·塞克斯顿 Alicia Goranson 艾莉森·福兰 珍妮塔·阿内特 罗伯·坎贝尔 马特·麦格拉思,A true story about finding the courage to be yourself.,本片改编自真实事件：布兰登·蒂纳（希拉里·斯万克 饰）在内布拉斯加小镇上是受欢迎的“新小伙”，并与当地女孩拉娜（科洛·塞维尼 饰）相恋。当布兰登的生理性别为女性一事曝光后，拉娜的家人和朋友使他的生命陷入危机。
斯隆女士,2016,2016-12-09,惊悚 剧情 犯罪,133,74,英语,约翰·麦登,乔纳森·佩雷拉,杰西卡·查斯坦 马克·斯特朗 古古·姆巴塔-劳 艾莉森·皮尔 迈克尔·斯图巴 杰克·莱西 大卫·威尔逊·巴恩斯 迪伦·贝克 劳尔·瓦内哈,Make sure you surprise them.,在华盛顿呼风唤雨的政治说客斯隆女士，在美国枪击事件接连发生的情况下，赌上自己的职业前途，试图影响政府实施更严格的联邦法律规范枪支。
太空先锋,1983,1983-10-21,剧情 历史 冒险,193,74,英语,菲利普·考夫曼,汤姆·沃尔夫,山姆·谢泼德 斯科特·格伦 艾德·哈里斯 丹尼斯·奎德 弗雷德·沃德 芭芭拉·赫希 Kim Stanley 维罗尼卡·卡维特 帕梅拉·里德,How the future began.,影片讲述了美国首批水星计划七位宇航员的传奇故事，展现他们凭借勇毅胆识与直觉魄力开创航天纪元的历史篇章。
美国精神病人,2000,2000-04-14,惊悚 剧情 犯罪,102,74,英语,玛丽·哈伦,布莱特·伊斯顿·埃利斯,克里斯蒂安·贝尔 贾斯汀·塞洛克斯 乔什·卢卡斯 威廉·塞奇 克洛伊·塞维尼 瑞茜·威瑟斯彭 萨曼莎·马蒂斯 马特·罗斯 杰瑞德·莱托,Killer looks.,本片改编自布莱特·伊斯顿·艾利斯极具争议的同名小说，是一部描述20世纪80年代末期美国都市生活的黑色社会讽刺片。帕特里克·贝特曼（克里斯蒂安·贝尔 Christian Bale 饰）是华尔街的骄子，炙手可热的股票经纪人，英俊迷人，谈吐风趣幽默，年轻有为的他每天给自己的 客户们赚进无数的美元。可当夜幕降临时，黑暗的无边恐怖唤醒了贝特曼双重性格中的另一面。他将一个个猎物绑架到他的豪华公寓，一点一点折磨，看着鲜血慢慢涌出，猎物痛苦地死去，一种莫名的快感袭击着他。他身份使得调查这一系列罪案的警官从未把他列为嫌疑对象，而另外一名同样嗜血的杀人狂却想作下一件更为血腥的案子，成为真正的杀手之王。贝特曼的双重性格让他终日忙碌。然而罪恶终是无法掩盖，一个冷血的连环杀人案凶手的结局会是怎样呢？贝特曼会被抓住吗？
天堂里的烦恼,1932,1932-10-30,喜剧 犯罪 爱情,83,74,英语,恩斯特·刘别谦,萨姆森·拉斐尔森,Herbert Marshall Kay Francis Miriam Hopkins Edward Everett Horton Charles Ruggles C·奥布雷·史密斯 Robert Greig Luis Alberni Hooper Atchley,他的天堂沦为欢乐的地狱！,巴黎香水制造商、科莱斯公司老板玛莉埃特·科莲特是一位年轻貌美的富有寡妇，但举止轻浮。化名李瓦尔的国际大盗加斯顿，得到玛莉埃特失去的贵重提包，借登门送还之机索取报酬。玛莉埃特为他彬彬有礼的绅士外表所倾倒，聘请他做私人秘书。加斯顿很快掌握了公司实权并同另一诈骗惯犯、他以前的情人莉莉勾结，企图盗窃保险柜。公司董事长阿道夫向玛莉埃特提出警告，玛莉埃特非但不信，反而迫使阿道夫把公司的全部权力都交给加斯顿。而莉莉发现了加斯顿与玛莉埃特之间的暧昧关系，也大为恼火，当即揭露了加斯顿的真面目，加斯顿不得不同莉莉一起逃走并盗走了玛莉埃特的宝石项链。
你想活出怎样的人生,2023,2024-04-03,动画 冒险 奇幻 剧情 家庭,124,74,日语,宫崎骏,,山时聪真 菅田将晖 柴崎幸 爱缪 木村佳乃 木村拓哉 竹下景子 风吹纯 阿川佐和子,于死亡之所终、生命方启新程,少年牧真人（山时聪真 配音）的母亲葬身火海后，他随父亲牧胜一（木村拓哉 配音）与继母夏子（木村佳乃 配音）组成新家庭。深陷悲伤的真人阴郁孤僻，难以融入新环境。一次意外，他跟随一只会说话的苍鹭（菅田将晖 配音）闯入废弃的神秘塔楼，却不料进入了奇幻的“亡灵世界”，开始了一场不可思议的冒险……影片片名致敬了小说家吉野源三郎在1937年发表的同名小说，但电影故事由宫崎骏原创。
海绵宝宝：营救大冒险,2020,2021-02-27,家庭 喜剧 冒险 动画,95,74,英语,Tim Hill,Stephen Hillenburg,汤姆·肯尼 比尔·法格巴克 阿尔伯特·邦帕斯 劳伦斯先生 基努·里维斯 克兰西·布朗 卡罗琳·劳伦斯 马修·贝瑞 Jill Talley,A huge journey to find a tiny friend.,《海绵宝宝：营救大冒险》讲述了海绵宝宝心爱的宠物小蜗被绑架后，海绵宝宝和派大星前往失落的大西洋城展开营救冒险的故事。在这场充满危险又妙趣横生的营救行动中，海绵宝宝和他的朋友们用实际行动证明了友谊的力量无限大！
85年盛夏,2020,2020-07-14,爱情 剧情,101,74,法语,弗朗索瓦·奥宗,Aidan Chambers,Félix Lefebvre Benjamin Voisin Philippine Velge 瓦莱丽雅·布鲁尼-特德斯奇 梅尔维尔·珀波 伊莎贝尔·南蒂 Laurent Fernandez Aurore Broutin 布鲁诺·洛谢,,亚历克西斯（菲利克斯·勒费弗尔 Félix Lefebvre 饰）是一位精力旺盛，向往自由的少年。一天，在独自出海的过程中，亚历克西斯遭遇了意外，所幸得到了大卫（本杰明·沃辛 Benjamin Voisin 饰）的出手相救才逃过了一劫。这次事件让两个少年迅速建立了深厚的友谊，他们一个放荡不羁古灵精怪，一个沉着稳重心思细腻，简直就是天作之合。然而，当一个名叫凯特（菲莉皮娜·维莱芝 Philippine Velge 饰）的女孩出现在两人的生活中时，亚历克西斯和大卫之间的关系开始慢慢出现裂痕。在一次激烈的争吵中，亚历克西斯负气出走，不放心他的大卫驱车在后面追赶，哪知道因此遭遇了车祸命丧黄泉。
歌声俪影,1935,1935-11-15,喜剧 音乐,96,74,英语,Sam Wood,乔治·S·考夫曼,Groucho Marx Chico Marx Harpo Marx Kitty Carlisle Allan Jones 西格·鲁曼 Walter Woolf King Robert Emmett O'Connor Margaret Dumont,Don't miss it! The funniest picture ever made!,剧情描述三兄弟之中的老大想尽办法欺骗一名贵妇投资他的歌剧公司，不料两名调皮捣蛋的弟弟却在歌剧首演之夜在台前幕后大出洋相，但如此以来却让两名真正有天份的年轻歌唱家得到出头机会。
火影忍者剧场版：鸣人之死,2007,2024-04-19,动画 动作 奇幻,94,74,日语,龟垣一,武上纯希,竹内顺子 中村千绘 增川洋一 远近孝一 藤村步 织田圭祐 岸尾大辅 折笠富美子 泽城美雪,,幽灵军团的黄泉通过神秘的暗黑医疗术，复活了具有足以毁灭世界恐怖力量的魔物魍魉，希望以此建立黑暗的千年王国。魍魉俯身于黄泉身上，随即命令幽灵军团攻打鬼之国，企图杀害具有封印魔物和预言死亡能力的巫女紫苑，并准备夺回魍魉封印在沼之国的肉体。一旦魍魉的灵魂和肉体合二为一，世界将彻底灭亡。鬼之国遇袭的消息很快传到其他各国，叶隐村的忍者也被调动起来。鸣人、小樱、宁次和小李受命前去保护紫苑。然而，鸣人却从紫苑的口中得到他将死去的预言……
根西岛文学与土豆皮馅饼俱乐部,2018,2018-08-10,爱情 剧情 历史,124,74,英语,迈克·内威尔,Annie Barrows,莉莉·詹姆斯 杰西卡·布朗·芬德利 马修·古迪 米歇尔·豪斯曼 凯瑟琳·帕金森 格伦·鲍威尔 汤姆·康特奈 基特·康纳 佩内洛普·威尔顿,,本片根据安妮·巴罗斯、玛丽·安·谢弗同名小说改编。故事构建于二战后，讲述作家朱丽叶·艾什顿(莉莉·詹姆斯饰)与“根西岛文学与土豆皮馅饼俱乐部”之间互相了解并熟知的故事。
疯狂的贵族,1971,1971-12-08,喜剧 历史,108,74,法语,热拉尔·乌里,马塞尔·朱利安,路易·德·菲奈斯 Yves Montand Alice Sapritch 卡琳·舒伯特 Alberto de Mendoza Jaime de Mora y Aragón Eduardo Fajardo Antonio Pica Joaquín Solís,,贵族塞利斯特因为和皇后的女仆发生关系而被罢免，不甘心的他把自己的仆人包装后假冒为贵族混入宫廷取得了国王的信任。男仆喜欢皇后却苦于没有机会，一心想得了王位的塞利斯特开始了自己周密的计划，不料阴差阳错，一出喜剧即将上演。
奎迪,2015,2015-11-25,剧情,133,74,英语,瑞恩·库格勒,西尔维斯特·史泰龙,迈克尔·B·乔丹 西尔维斯特·史泰龙 泰莎·汤普森 菲利西亚·拉斯海德 安德烈·沃德 托尼·贝柳 里奇·科斯特 雅各布·史迪奇·杜兰 格雷厄姆·麦克塔维什,你的遗产远不止是一个名字。,阿多尼斯·约翰逊从未见过他著名的父亲——世界重量级拳王阿波罗·奎迪，父亲在他出生前便已离世。然而，拳击无疑流淌在他的血液中。为此，阿多尼斯前往费城——阿波罗·奎迪当年与名为洛奇·巴尔博亚的顽强新秀进行传奇之战的地方。在这座“兄弟友爱之城”，阿多尼斯找到了洛奇，并请求他担任自己的教练。尽管洛奇坚称自己已永远退出拳坛，但他从阿多尼斯身上看到了阿波罗曾拥有的力量与决心——那位从劲敌成为挚友的人。洛奇最终同意训练这位年轻拳手，尽管这位前冠军自己正在对抗一个比他在拳台上面对过的任何对手都更可怕的敌人。有了洛奇的指导，阿多尼斯很快获得了争夺冠军的机会……但他能否及时培养出真正拳击手的斗志与心性，踏上擂台？[华纳兄弟]
踩过界,1974,1974-12-18,喜剧 剧情 爱情,110,74,意大利语,莉娜·韦特穆勒,,吉安卡罗·吉安尼尼 Mariangela Melato Riccardo Salvino 伊萨·丹尼尔 Aldo Puglisi Anna Melita Eros Pagni Vittorio Fanfoni Lorenzo Piani,,一个被宠坏的富婆和一个野蛮的共产党水手在冒险离开游轮后，独自被困在荒岛上。
疯狂约会美丽都,2003,2003-06-11,动画 喜剧 剧情 家庭,80,74,法语,西尔万·肖默,,Suzy Falk Lina Boudreau Betty Bonifassi Michèle Caucheteux Jean-Claude Donda Mari-Lou Gauthier Charles Linton Monica Viegas 米歇尔·罗宾,Get your hands together for The Triplets of Belleville!,一个男孩、他的祖母、他的狗，以及他赢得环法自行车赛的梦想。当男孩在比赛途中被两名神秘男子绑架，这场搜寻将他带往巨大的美丽都之城，以及著名的“美丽都三重唱”——三位来自1930年代的怪诞音乐厅女星。
崩溃边缘的女人,1988,1988-03-25,喜剧 剧情,88,74,西班牙语,佩德罗·阿莫多瓦,,Carmen Maura 安东尼奥·班德拉斯 Julieta Serrano María Barranco 罗西·德·帕尔马 Kiti Mánver Guillermo Montesinos Chus Lampreave Eduardo Calvo,一部关于你身边人的喜剧。,这部荣获奥斯卡提名的黑色喜剧将情节剧与神经喜剧巧妙融合，是佩德罗·阿尔莫多瓦在国际影坛的突破之作，奠定了他在现代西班牙电影中的先锋地位。延续作者对女性心理的探索，本片讲述了佩帕（由导演长期合作的卡门·毛拉饰演）的故事——她在被情人抛弃后，决心用一份掺入安眠药的西班牙冷汤结束生命。幸运的是，一连串妙趣横生的混乱事件打断了她的计划。导演将好莱坞的灵感注入自己独特的视角，形成了如今定义其作品的叛逆幽默与鲜活视觉风格。凭借安东尼奥·班德拉斯、萝西·德·帕尔马等出色演员的群戏演绎，这部影片展现了一位艺术家完全掌控其技艺的成熟境界。
人狼,1999,2000-06-03,动画 剧情 爱情 惊悚 科幻,102,74,日语,冲浦启之,押井守,藤木义胜 武藤寿美 仙台惠理 木下浩之 广田行生 吉田幸纮 堀部隆一 中川谦二 坂口芳贞,,二战后的十数年，日本从战败的阴影中逐渐走出，进入了经济高度增长的时代。然而强硬的经济政策也导致失业率的不断攀升，各种反政府武装势力不断抬头，安定的社会治安荡然无存。为了应对这一难题，政府建立了拥有高度自主权的首都圈治安警察机构，通过精良的装备和果断的武力来打击以“党派”为首的反政府组织。随着经济不断发展，崇尚暴力的首都圈警察和“党派”逐渐遭到民众的厌弃和孤立。在一次激烈血腥的交战中，隶属“党派”的少女阿川引爆炸弹自杀，目睹这一幕的首都圈警察成员伏一贵心灵受到前所未有的冲击。这一刻起，他的人生悄悄发生转变……
当哈利遇到莎莉,1989,1989-07-12,喜剧 爱情 剧情,96,74,英语,罗伯·莱纳,诺拉·艾芙隆,比利·克里斯托 梅格·瑞恩 凯丽·费雪 布鲁诺·柯比 史蒂文·福特 丽莎·简·珀斯基 米歇尔·尼卡斯特罗 格雷琴·帕尔默 罗伯特·艾伦·博斯,排除‘性’的介入，男人和女人可以成为真正的朋友吗,大学毕业后，莎莉（梅格·瑞恩 Meg Ryan 饰）开车载哈利（比利·克里斯托 Billy Crystal 饰）前往纽约，二人聊得并不愉快。哈里认为男女之间不可能有真正的友谊，萨莉却不以为然，于是不欢而散。5年后，二人又在飞机上巧遇，这时他们都有了意中人，但观点却没有改变，再次不欢而散。当又有一个5年后，二人再度重逢，都因感情出现了危机而有了共同语言。他们彼此安慰，临睡前通话，共度圣诞，为对方的感情出谋划策，哈利与莎莉有着不可言喻的默契。然而，这真的是一段伟大友谊的开始吗？
局内人,2006,2006-03-24,犯罪 剧情 惊悚,128,74,英语,斯派克·李,罗赛·格维茨,丹泽尔·华盛顿 克里夫·欧文 朱迪·福斯特 克里斯托弗·普卢默 威廉·达福 切瓦特·埃加福 卡洛斯·安德烈斯·戈麦斯 金·迪莱克特 詹姆斯·兰索恩,这起银行抢劫案看似天衣无缝。然而，罪行不能仅凭表象判断。,刚刚获得提升的经验丰富的纽约警察局的老警探凯斯·弗雷泽似乎并没有太多值得庆祝的，因为在他周围萦绕的腐败丑闻始终令其感到厌恶。然而，对警探事业的多年追求仍促使着他为这一行尽心尽力着。尤其是他那分独特且惊险刺激的人质交涉工作(谈判专家)更是令他心驰神往。此时，弗雷泽与老搭档比尔·米歇尔接到命令，迅速赶往一处案发现场，那里疯狂的抢匪刚刚劫持了人质与警察对峙着。而且，劫匪的头目就是这一带远近闻名的银行抢劫犯达尔顿·拉塞尔。狡猾的抢匪达尔顿在抢劫败露时顺手劫持了一名人质作为自己的临时挡箭牌。正当弗雷泽与搭档正试图与匪首拉塞尔沟通时，在现场的还有来自ESU(紧急营救部队)特战小组的人员在上尉约翰·达鲁斯的指挥下正准备一套严密的武装营救计划。然而，狡猾的拉塞尔似乎看破了警方的计划，迅速做出了反应，使得警方的营救计划无法实施……
760号犯人,2021,2021-02-12,剧情 惊悚,129,74,英语,Michael Bronner,凯文·麦克唐纳,塔哈尔·拉希姆 朱迪·福斯特 本尼迪克特·康伯巴奇 谢琳·伍德利 扎克瑞·莱维 兰利·柯克伍德 沙马尔·乌斯玛尼 科里·约翰逊 马修·马什,,影片是根据穆罕默德（Mohamedou Ould Salahi）的故事拍摄的，他被美国政府抓获，并在关塔那摩湾（Guantanamo Bay）拘留营中毫无指控地受审。萨拉希失去了所有希望，找到了辩护律师南希·霍兰德 和她的助手特里·邓肯 的盟友。他们在一起拼命追求正义，面临无数障碍。他们有争议的主张以及强大的军事检察官斯图尔特·库什中校 发现的虚假证据最终揭示了令人震惊和深远的阴谋。
独自站立,1999,1999-02-17,剧情 惊悚,93,74,法语,加斯帕尔·诺埃,,菲利普·纳洪 Blandine Lenoir Frankie Pain Martine Audrain Zaven Jean-François Rauger Guillaume Nicloux Olivier Doran Aïssa Djabri,In the bowels of France.,中年马肉贩子（Philippe Nahon 菲利普•诺汉 饰）的妻子在女儿辛西娅出生不久后离家出走，他独自经营店铺，将智障女儿（Blandine Lenoir 饰）养育成人。某日他殴打了企图非礼女儿的小混混，而入狱服刑。出狱后，马肉贩子与咖啡店女老板（Frankie P ain 饰）相好，搬到郊区，准备开始新的生活。但好景不长，两人吵翻。他返回巴黎，希望找到一份工作，或从朋友处得到帮助，结果却总是失望。最后他将女儿接回公寓，没有食物，没有金钱，只有一把枪和三颗子弹……
洞穴,2020,2024-01-12,动画 家庭 喜剧,6,74,英语,玛德琳·莎拉芬,,,Home is where the hare is.,一只年轻的兔子懵懵懂懂地开始挖掘一个理想的洞穴。它不愿让邻居们发现自己的不足，但这反而让它深陷泥潭。直到跌落谷底，它才明白寻求帮助并不可耻。
丘奇先生,2016,2016-09-16,剧情,104,74,英语,布鲁斯·贝雷斯福德,Susan McMartin,艾迪·墨菲 布丽特·罗伯森 娜塔莎·麦克艾霍恩 沙维尔·塞缪尔 露西·弗莱 克里斯蒂安·马德森 麦肯娜·格瑞丝 娜塔莉·考夫林 麦迪逊·沃尔夫,He was the one person she could always count on.,一个小女孩和她将死的母亲遇到了一位神奇的厨师——丘奇先生，一段美好的故事展开了。
开罗紫玫瑰,1985,1985-03-01,奇幻 喜剧 爱情,82,74,英语,伍迪·艾伦,,米娅·法罗 杰夫·丹尼尔斯 丹尼尔·艾洛 欧文·梅茨曼 斯蒂芬妮·法罗 爱德华·赫尔曼 约翰·伍德 黛博拉·拉什 范·约翰逊,她终于遇见了梦寐以求的理想伴侣。虽然他只是虚幻的存在，但人生哪能事事圆满。,三十年代美国经济大萧条，市面上一片荒芜。家庭主妇Cecilia（米亚·法罗 Mia Farrow 饰）白天应对沉闷的服务生工作（由于经济崩溃 ，很快也失去这份工作），晚上面对毫无情趣的丈夫。身为狂热影迷的她日日走进影院观看一部叫《开罗紫罗兰》的电影，熟习到连台词表情都能记住，电影里没有经济萧条，电影里是上流社会的宴席与取乐。这日奇怪的事发生了，戏里面的男主角Tom（杰夫·丹尼尔斯 Jeff Daniels 饰）从荧幕上走了下来！直接走到Cecilia面前，和她私奔。而电影里的人物也跟着议论纷纷，剧情不按剧情走，而变成了讨论会。 Cecilia与Tom去游乐园，互诉衷情，虽然一开始很浪漫，但后来发现这并不能填饱肚子，男主角Tom在现实中的扮演者Gil（杰夫·丹尼尔斯 Jeff Daniels 饰）也出现了 ，同样为了夺得Cecilia芳心与Tom展开比拼决斗。这个荒谬的闹剧将会如何结束？走进戏院观看电影的确会让人暂时忘怀现实世界的不快。
飓风营救,2008,2008-02-27,动作 惊悚,94,74,英语,皮埃尔·莫雷尔,吕克·贝松,连姆·尼森 玛姬·格蕾斯 法米克·詹森 奥利维尔·雷堡汀 利兰·奥瑟 乔恩·格里斯 大卫·沃肖夫斯基 霍莉·瓦兰 杰拉德·沃特金斯,孤胆英豪闯匪穴 夺命干探救弱女,特工布莱恩(利亚姆·尼森 饰)深爱着女儿凯姆(麦琪·格雷斯饰)，却由于工作的原因难以给予她日常的父爱，失望的妻子带着女儿改嫁他人。退休后，见识过太多黑暗势力的布莱恩生怕女儿受到伤害，费尽心力的守护她却也因此带给凯姆种种束缚，引发了父女间的矛盾。  17岁生日后，凯姆执意和朋友前往巴黎旅行，无奈的布莱恩只好答应，不成想灾难正等着年轻的凯姆。在电话里亲耳听到女儿被绑架后，布莱恩强忍内心的痛苦只身踏上了营救女儿的征程，而他只有96个小时。
蝙蝠侠：漫长的万圣节（下）,2021,2021-07-27,动画 悬疑 动作 犯罪,87,74,英语,David Mazzucchelli,比尔·芬格,詹森·阿克斯 乔什·杜哈明 娜雅·里维拉 比利·伯克 泰特斯·韦利弗 特洛伊·贝克 Laila Berzins Zach Callison 大卫·达斯马齐连,时间即逝 来日无多 末日将至,DC动画电影《蝙蝠侠：漫长的万圣节》下部发布预告，宣布将于7月27日数字上线，8月10日发行蓝光。下部定级为R，而PG-13的上部此前已宣布6月22日发蓝光。双面人来临，毒藤女、小丑、稻草人……等等哥谭众恶人登场，年轻的蝙蝠侠面对系列谋杀案和神秘的“假日杀手”，很带感。该片改编自著名同名漫画，詹森·阿克斯(《邪恶力量》)配音蝙蝠侠，已故的《欢乐合唱团》演员娜雅·里维拉配音猫女，Troy Baker配音小丑，比利·伯克配音詹姆斯·戈登，乔什·杜哈明配音哈维·邓特，大卫·达斯马齐连配音日历人，Alastair Duncan配音阿尔弗雷德，艾米·兰德克配音芭芭拉·戈登。
十八个礼物,2020,2023-05-13,剧情 家庭,115,74,意大利语,弗朗切斯科·阿马托,大卫·兰蒂埃里,维多利亚·普契尼 贝内黛特·博卡罗利 爱德华多·里奥 萨拉·拉扎罗 马可·梅塞里 贝蒂·佩德拉齐 Alessandro Giallocosta 菲利波·吉利 贾科莫·罗塞利,,四十岁的艾丽莎意识到自己身患绝症，即将与自己的丈夫和女儿阴阳两隔。但在她死前，艾丽莎想了一个办法始终陪伴在孩子身边：她给女儿准备了18份生日礼物，直到后者成年为止。而这18份礼物给成长中的少女既带来的不仅是慰藉，还有对于家庭与生命的烦恼。
花月杀手,2023,2023-10-20,犯罪 历史 剧情,206,74,英语,马丁·斯科塞斯,埃里克·罗思,莱昂纳多·迪卡普里奥 罗伯特·德尼罗 莉莉·格莱斯顿 杰西·普莱蒙 坦图·卡丁诺 约翰·利思戈 布兰登·费舍 卡拉·杰德·迈尔斯 亚内·科林斯,贪婪是渴望鲜血的动物。,马丁·斯科塞斯大师级改编自大卫·格雷恩真实罪案畅销作的这部史诗，是一曲关于贪婪、背叛与谋杀的史诗悲歌。故事发生在1920年代的俄克拉荷马州，石油的发现为奥色治族带来了惊人财富。游手好闲的退伍老兵欧内斯特·伯克哈特（莱昂纳多·迪卡普里奥 饰）踏入他们的世界，与阴险的叔叔（罗伯特·德尼罗 饰）共同策划骇人阴谋，意图掠夺奥色治人的财富与土地。莉莉·格莱斯顿以跨越银幕的表演注入灵魂，饰演伯克哈特的奥色治妻子莫莉·凯尔，在影片中逐渐觉醒于周遭的邪恶。本片以扣人心弦的叙事力量与对系统性不公的深刻体察，将美国历史上这黑暗篇章搬上银幕。
杀人者的记忆法,2017,2017-09-06,犯罪 悬疑 惊悚,118,74,朝鲜语,元信延,金英夏,薛景求 金南佶 金雪炫 吴达洙 黄锡晶 吉海妍 李炳俊 金敏载 赵在允,记忆会欺骗你。,患有阿兹海默症的连续杀人犯炳秀(薛耿求饰)金盆洗手，可村庄却再现连环杀人案，这让炳秀陷入混乱记忆之中。于此同时女儿(金雪炫饰)，神秘男子(金南佶饰)也身陷其中。
突袭,2012,2013-04-13,动作 惊悚 犯罪,101,74,印尼语,加雷斯·埃文斯,,伊科·乌艾斯 乔·塔斯利姆 唐尼·阿兰西亚 雅彦·鲁伊安 皮埃尔 格伦特 雷·萨亥塔彼 泰加尔·萨特里亚 Iang Darmawan Eka 'Piranha' Rahmadia,"1 Ruthless Crime Lord, 20 Elite Cops, 30 Floors of Hell.",在雅加达的贫民窟的深处，世界上最危险的杀手和黑帮集结在一个坚不可摧的房子内。到现在为止，破旧的公寓甚至被神勇的警察也视为无法接近的。在黎明前黑暗和寂静的掩护下，一个身兼重要任务精英特警队与执法人员慢慢接近了房子，以便接近臭名昭著的毒枭。但他们袭击的消息被毒枭偶然发现，接 着建筑物的灯光被切断，所有的通道被堵。这群特警必须要在世界上最残酷的环境下为生存展开搏斗。
豺狼时刻,1968,1968-02-19,剧情 恐怖,88,74,瑞典语,英格玛·伯格曼,,马克斯·冯·西多 丽芙·乌曼 Gertrud Fridh Georg Rydeberg 厄兰·约瑟夫森 奈玛·维夫斯特兰德 乌尔夫·约翰松 Gudrun Brost Bertil Anderberg,狼时，是介于黑夜与黎明之间的时刻。此时大多数人离世，睡眠最为深沉，噩梦也最为真实。,这是个诡异的故事，画家约翰和妻子艾尔玛居住在荒凉的孤岛上，画家经常为怪诞的梦境困扰，醒来他总是将梦境绘在速写本上。妻子有天碰到了一个精灵般的老婆婆，催促她去读约翰的日记，看后她发现了丈夫的秘密，后来，日记里描绘的城堡主人梅堪约他们做客，在城堡里艾尔玛发现了这些人曾经出现在丈夫的速写本上。回家路上，艾尔玛恳求丈夫远离那些人，而画家一言不发走了。回到家中画家对妻子承认在悬崖边杀害过一个孩子，第二天，城堡里神秘的访客再度约翰的家，并诱惑约翰再次来的城堡，看见了恶魔的仪式也陷入无法自拔的境地，而城堡外艾尔玛徒劳寻找着约翰，但是，她找到的是他的遗物，却永远失去了他。
尽善尽美,1997,1997-12-19,剧情 喜剧 爱情,139,74,英语,詹姆斯·劳伦斯·布鲁克斯,马克·安德鲁斯,杰克·尼科尔森 海伦·亨特 格雷戈·金尼尔 小库珀·古丁 雪莉·奈特 杰西·詹姆斯 伊尔德利·史密斯 露贝·安缇维洛 斯基特·乌尔里希,A comedy from the heart that goes for the throat.,作家梅尔文是一个脾气古怪的强迫症老头，没有家庭也没有朋友，整天关在屋里写他的第六十二部小说，生活如时钟般精准，受不了一点的打扰。梅尔文的邻居西蒙是年轻的同性恋画家，养了一条可爱的小狗，生性活泼，脾气温和，经常受到梅尔文的侮辱。梅尔文每天只出门一次，到同一家餐厅吃饭，餐厅女招待卡罗尔·康奈莉是唯一愿意而且能够为他服务的人。离了婚的卡罗尔与儿子斯潘塞住在一起，斯潘塞患有严重的哮喘病，这使得许多对卡罗尔有意思的男子知难而退。一天，西蒙的住所遭到抢劫，西蒙身受重伤，住院前，将小狗托付给梅尔文照料，梅尔文渐渐喜欢上了这个小家伙，心理也发生了变化，开始关注周边的世界，主动帮助别人，认真审视自己对卡罗尔的好感……
网络谜踪2,2023,2023-01-20,剧情 悬疑 惊悚,111,74,英语,维尔·梅里克,尼古拉斯·D·约翰逊,斯托姆·瑞德 华金姆·德·艾尔梅达 肯·兰格 艾米·兰德克 丹尼尔·海尼 尼娅·朗 梅根·苏里 蒂姆·格里芬 里克·钱伯斯,没有人会不留痕迹地消失。,少女朱恩（斯托姆·瑞德 饰）为了寻找离奇失踪的母亲（尼娅·朗 饰），展开抽丝剥茧般的互联网跨国追踪。巨大的信息量浩如烟海，未知的危险在暗中潜伏，朱恩能否找到真相，妈妈能否平安归来？
撒旦的面具,1960,1960-08-11,恐怖,86,74,意大利语,Mario Bava,恩尼奥·德·孔奇尼,芭芭拉·斯蒂尔 John Richardson 安德烈·切齐 Ivo Garrani Arturo Dominici Enrico Olivieri Antonio Pierfederici Tino Bianchi Clara Bindi,"STARE INTO THESE EYES...Discover deep within them the unspeakable, terrifying secret of BLACK SUNDAY...It will paralyze you with fright!",一个复仇的女巫和她的恶魔仆人从坟墓里回来，开始了一场血腥的运动，以占有女巫美丽的长相相似的后代的尸体。只有女孩的哥哥和一位英俊的医生挡住了她的去路。
边缘日记,1995,1995-04-21,剧情 犯罪,102,74,英语,Scott Kalvert,Jim Carroll,莱昂纳多·迪卡普里奥 布鲁诺·柯比 洛林·布拉科 埃涅·赫德森 帕特里克·麦高 詹姆斯·马迪奥 马克·沃尔伯格 巴顿·海曼 Roy Cooper,The true story of the death of innocence and the birth of an artist.,吉姆（莱昂纳多·迪卡普里奥 Leonardo DiCaprio 饰）是一所天主教学校的高中生，同时他也是纽约最棒的高中球队中的一员。他与球队另外三名球员整天厮混在一起，逃课，嗑药，偷窃，斗殴，他们的青春在纽约街头肆意挥霍。吉姆把自己的生活都记录在“篮球日记”里。随后，吉姆最好的朋友鲍比因白血病而死去，此事给吉姆极大的打击。  因为纽琼的一个“惊喜”，吉姆开始接触迷幻药，不久他就沉溺于毒品中。与母亲的缺乏交流，学校教父简单粗暴的教育，球队教练的性骚扰，这一切都让吉姆在自暴自弃中越陷越深。每一次毒瘾发作，他们都会用尽手段搞来买毒品的钱，吉姆跌入堕落的深渊……
罗密欧与朱丽叶,1968,1968-09-25,剧情 爱情,138,74,英语,佛朗哥·泽菲雷里,弗兰科·布鲁萨蒂,伦纳德·怀廷 奥丽维娅·赫西 约翰·麦克纳里 迈克尔·约克 米洛·奥谢 帕特里夏·海伍德 罗伯特·斯蒂芬斯 布鲁斯·罗宾逊 Paul Hardwick,No ordinary love story...,莎士比亚的爱情悲剧《罗密欧与朱丽叶》自1595年问世以来已被搬上银幕12次，其中，1968年由弗兰克·杰弗瑞里导演的版本，自问世以来就一直被视为典范之作。  　　在十五世纪意大利的维罗纳城住有二家声望很高而彼此尖锐对立的望族。他们之间不断的发生血腥的争执。蒙达犹家族的罗密欧（莱昂纳德·怀廷 Leonard Whiting 饰）与卡普雷特家族的朱丽叶(奥丽维娅·赫西 Olivia Hussey 饰)。却一见钟情，私自结婚。朱丽叶的表兄挑衅罗密欧而被误杀，罗密欧因此被流放到城外。为了躲避家人逼婚，朱丽叶在神父的帮助下假死，当罗密欧知道后，赶了回来看到墓穴中熟睡的朱丽叶，绝望之余喝下毒药自杀，当醒来的朱丽叶看到爱人死后也绝望的用短剑刺入了自已的胸部殉情而死。
爱玛姑娘,1963,1963-07-05,爱情 喜剧,147,74,英语,比利·怀尔德,亚历山大·布雷福特,雪莉·麦克雷恩 杰克·莱蒙 Lou Jacobi Bruce Yarnell Herschel Bernardi 奥佩·霍利迪 琼·肖丽 Grace Lee Whitney Paul Dubov,爱玛姑娘,故事描写一名在法国红灯区巡逻的警员，竟然爱上了当地一名妓女爱玛。为了要成为她唯一的入幕之宾，不惜伪装成英国的贵族前往光顾，但如此伪装却为他带来了很多麻烦，因此，警员决定杀死这个捏造出来的贵族，恢复原来身份，不料巴黎警方误会他真的杀了人，将他逮捕入狱。为了跟心爱的爱玛姑娘重逢，他必须绝地逢生。
一条安达鲁狗,1929,1929-06-05,恐怖,16,74,法语,路易斯·布努埃尔,萨尔瓦多·达利,Simone Mareuil Pierre Batcheff 路易斯·布努埃尔 萨尔瓦多·达利 Robert Hommet Marval Fano Messan Jaume Miravitlles Pancho Cossío,很久很久以前...,路易斯·布纽尔西班牙的电影狂热者和现代主义诗人，他于1928年执导的〈一条安德鲁狗〉也许是最具超写实本质的一部电影。它的故事主要是关于一对情侣之间的争吵，但是片中的时序和逻辑则错乱不清。电影开场的一场戏中，一个男人不可思议地用剃刀将女主角的眼睛切开，然而她在下一场中出现，眼睛却毫发无伤。随著继续不断的争吵，一群蚂蚁从男主角手掌上的一个洞中爬出来，男主角拉著一个塞满骡子尸体的钢琴横越房间，一双手从墙洞中伸出来摇著鸡尾酒的调酒器。贯穿全片一直出现的插卡字幕，告知一些毫无意义的消逝时间间隔，像是「十六年前」的字幕插入时，剧中的动作却一直连续进行没有中断。
幸福的拉扎罗,2018,2018-05-31,剧情 奇幻,128,74,意大利语,爱丽丝·罗尔瓦赫,,阿德里亚诺·塔尔迪奥洛 阿格尼斯·格拉齐亚尼 卢克·奇科瓦尼 阿尔芭·罗尔瓦赫 塞尔希·洛佩斯 托马索·拉尼奥 纳塔利诺·巴拉索 尼可莱塔·布拉斯基 Carlo Massimino,,这是一个关于善良到常被误认作愚钝的年轻农民拉扎罗，与受困于自身想象力的年轻贵族塔克雷迪相遇的故事。在与世隔绝的牧歌村落因维奥拉塔，生活被掌控着烟草生意的可怕女侯爵阿尔方西娜·德·卢纳主宰。当塔克雷迪请求拉扎罗协助策划自己的绑架时，一段忠实的纽带就此缔结。这场离奇而不可思议的结盟对拉扎罗而言是一次启示。这份珍贵的情谊将穿越时空，引领拉扎罗踏上寻找塔克雷迪的旅程。初次来到大城市的拉扎罗，犹如一块遗落在现代世界的往昔碎片。
花生酱猎鹰,2019,2019-08-09,冒险 喜剧 剧情,97,74,英语,Michael Schwartz,Tyler Nilson,希亚·拉博夫 扎克·戈特萨根 达科塔·约翰逊 托马斯·哈登·丘奇 约翰·霍克斯 布鲁斯·邓恩 乔·博恩瑟 迈克尔.维恩.阿萨 Wayne Dehart,,无亲无故的扎克（扎克·高察根 Zack Gottsagen 饰）是一名唐氏综合症患者，政府不得不将他安置到了一家养老院中，在这里，善良的扎克非常讨人喜欢，与此同时，他亦和在这里工作的名叫爱丽诺（达科塔·约翰逊 Dakota Johnson 饰）的护工之间结下了深厚的友谊。扎克是一个摔角迷，每天，他都要看一段摔跤比赛的录像，这段录像是由一个化名“咸水乡巴人”的人录制的。扎克的人生理想就是能够前往录像中所记录的摔跤学校。在室友卡尔（布鲁斯·邓恩 Bruce Dern 饰）的建议下，扎克开始尝试“越狱”，并且最终成功，就这样，他踏上了圆梦之旅。
蜘蛛侠：英雄远征,2019,2019-06-28,动作 冒险 科幻,127,74,英语,乔恩·沃茨,埃里克·萨默斯,汤姆·赫兰德 杰克·吉伦哈尔 塞缪尔·杰克逊 玛丽莎·托梅 乔恩·费儒 赞达亚·科尔曼 雅各布·贝塔隆 托尼·雷沃罗利 安格瑞·赖斯,劫后重生 决战千里,在与灭霸史诗般的终局之战结束后，地球似乎暂时回归和平。彼得（汤姆·赫兰德 Tom Holland 饰）回到了校园生活之中，他和好友相谈甚欢，并且有了心仪的女孩，然而内心最深处依然放不下对钢铁侠的追悼缅怀。去往欧洲游学的路上，彼得试图找机会和个性女孩米歇尔（赞达亚 Zendaya 饰）表白，谁知接连出现的元素怪兽打乱了他的表白计划。在这一过程中，与神盾局合作的神秘客（杰克·吉伦哈尔 Jake Gyllenhaal 饰）挺身而出，击退怪兽。自感不堪大任的彼得谢绝了尼克·弗瑞（塞缪尔·杰克逊 Samuel L. Jackson 饰），情愿将钢铁侠继承者的重任交到神秘客手中。令他意想不到的是，更可怕的危机接二连三袭来……
青春年少,1998,1998-12-11,喜剧 剧情,93,74,英语,韦斯·安德森,欧文·威尔逊,杰森·薛兹曼 比尔·默瑞 奥利维亚·威廉姆斯 西摩·卡塞尔 布莱恩·考克斯 梅森·甘布尔 萨拉·塔娜卡 斯蒂芬·麦科尔 卢克·威尔逊,爱。流放。革命。,韦斯·安德森令人目眩神迷的第二部长片，巧妙融合了成长叙事、法国新浪潮致敬与神经喜剧元素。十年级生马克斯·费舍尔（贾森·舒瓦兹曼 饰）是拉什莫尔学院课外活动最活跃的学生，却也是成绩最糟糕的学子。面临开除危机的他，与一位温柔的一年级教师（奥利维亚·威廉姆斯 饰）以及一位忧郁白手起家的百万富翁（比尔·默瑞获奖级表演）建立了不可思议的友谊。影片搭配经典英伦入侵摇滚乐作为背景音乐，打破了类型界限，以机巧的智慧、深沉的情感与鲜明的电影风格，精准捕捉了青春期的痛楚与蓬勃生机，交织出一幅精彩纷呈的校园生活画卷。[标准收藏]
瑟堡的雨伞,1964,1964-02-19,剧情 爱情,93,74,法语,雅克·德米,,凯瑟琳·德纳芙 Nino Castelnuovo Anne Vernon Mireille Perrey Marc Michel Ellen Farner Jean Champion Jean-Pierre Dorat Harald Wolff,献给全世界所有年轻恋人的电影。,天使般美丽的凯瑟琳·德纳芙因雅克·德米这部璀璨动人的音乐剧而一举成名。她饰演一位雨伞店老板的娇柔女儿，初遇英俊的汽车修理师（尼诺·卡斯泰尔诺沃 饰）便沐浴在初恋的光辉中。当男孩被征召前往阿尔及利亚参战，这对恋人不得不迅速成长。影片以万花筒般绚烂的色彩精致构画，并借由作曲家米歇尔·勒格朗谱写的悠扬歌曲贯穿全片叙事，本片是影史上最受尊崇且别具一格的音乐电影之一。[标准收藏]
新桥恋人,1991,1991-10-16,剧情 爱情,126,74,法语,莱奥·卡拉克斯,,朱丽叶·比诺什 丹尼斯·拉万特 Klaus-Michael Grüber 爱迪丝·斯考博 Georges Aperghis Daniel Buain 马里恩·斯塔伦斯 Chrichan Larsson Paulette Berthonnier,Romance... In a most unlikely place.,米歇尔（朱丽叶•比诺什 Juliette Binoche 饰）是个富家女，心里却并不幸福。她失恋，患上眼疾，情绪低落之下决定到外面的世界去流浪。她喜欢画画，在街头遇到断了腿的埃里克斯（德尼•拉旺 Denis Lavant 饰），画下了他抽搐的脸。拉旺是个一无所有的流浪汉，却爱上了米歇尔。两人开始了热恋，流浪中互相取暖互相疗伤。然而米歇尔的视力慢慢模糊，她的心愿是在失明前看看博物馆的画。满街都贴着米歇尔家人的寻人启事，拉旺感到米歇尔即将离他而去，悲伤不已。他用枪打碎自己的手指，疯狂的烧掉寻人通知，却没有留得住一段即将幻灭的感情。 ©豆瓣
Scooby-Doo! and the Reluctant Werewolf,1988,1988-11-13,动画 家庭 电视电影 悬疑 喜剧,92,74,英语,Ray Patterson,Jim Ryan,Casey Kasem 唐·梅西克 B.J. Ward Hamilton Camp Pat Musick 罗布·保罗森 弗兰克·维尔克 吉姆·卡明斯 Brian Stokes Mitchell,The New Scooby-Doo Movie You'll Howl For!,"Shaggy is turned into a werewolf, and it's up to Scooby, Scrappy and Shaggy's girlfriend to help him win a race against other monsters, and become human again."
泰山,1999,1999-06-18,动画 家庭 剧情 动作,88,74,英语,克里斯·巴克,Kevin Lima,托尼·戈德温 明妮·德里弗 格伦·克洛斯 Alex D. Linz 罗茜·欧唐内 布莱恩·布莱塞德 奈杰尔·霍桑 兰斯·亨利克森 韦恩·奈特,An immortal legend as you've only imagined.,猿猴家族收养了一位特殊的孩子，一个自小被遗弃在森林深处的婴儿男孩。在猿猴们的悉心照料下，男孩快快乐乐的长大了，他们给他取名叫泰山。由于自小在猿猴家长大，泰山敏捷得跟猿猴一样，结交很多的森林朋友。直到有一天，深入到森林深处的探险家打破了泰山宁静的生活，这时他才发现自己原来是人类的一员。泰山爱上了探险家的女儿珍妮，但人类的所作所为又令他对回归人类还是继续在森林生活进退两难，泰山最终将如何抉择？
攻壳机动队2.0,2008,2008-07-12,动作 动画 犯罪 科幻,85,74,日语,押井守,士郎正宗,田中敦子 大冢明夫 山寺宏一 大木民夫 玄田哲章 山内雅人 小川真司 榊原良子 山路和弘,公元2029年，人类对机器满怀热爱。,公元2029年，未来世界是高科技与信息化的世界。人类生活水平的提高伴随着犯罪活动的高科技化，于是，专门镇压高科技犯罪的特殊部队——公安9课成立了。队长草薙素子，作为一位全身“义体化”的女警，带领公安9课不断展开行动。是次，公安9课帮助公安6课秘密解决了一位程序员外逃他国的麻烦琐事，又卷入传说中的黑客“傀儡师”的犯罪事件。当行动陷入僵局之际，傀儡师竟然不请自来，出现在公安9课！素子与她的战友们，不知不觉地被卷入了一场涉及政府的阴谋之中。本作根据1995年动画电影《GHOST IN THE SHELL》改编，系剧情不变、画面完全重制的作品。
红鼻子驯鹿鲁道夫,1964,1970-12-02,动画 家庭 电视电影 冒险 奇幻,52,74,英语,Larry Roemer,Robert L. May,伯尔·艾夫斯 比莉·梅·理查兹 Larry D. Mann Stan Francis Paul Kligman Janis Orenstein Alfie Scopp Carl Banas Peg Dixon,You might even say it glows!,一只年轻的红鼻子的驯鹿的故事，他因为惹眼的红鼻子被驱逐出驯鹿游戏。他和一个想当牙医的小精灵Hermey以及勘探者 Yukon Cornelius一起来到可恶雪人的领地，发现整个小岛上都是备受欺凌的玩具。鲁道夫发誓，要拯救这些玩具，于是他在圣诞节前夜来到北极找圣诞老人寻求帮助。然而圣诞老人的雪橇被浓雾所阻而无法行驶。 鲁道夫这时想出一个绝妙的主意……
都是陌生人,2023,2023-12-22,爱情 剧情 奇幻,105,74,英语,Andrew Haigh,Taichi Yamada,安德鲁·斯科特 保罗·麦斯卡 Carter John Grout 杰米·贝尔 克莱尔·福伊 Ami Tredrea Sean Tizzard,All of us hurt. All of us hope. All of us love.,这部对酷儿情感与孤独、家庭创伤与治愈进行形而上学探索的作品，以其精妙而大胆的情感剧形式，印证了导演安德鲁·海格将复杂情感搬上银幕的禀赋。独居于看似空寂的新建高层公寓，伦敦编剧亚当在与冲动不羁的哈里展开炽热爱恋后，原本孤寂的生活被彻底颠覆；随后他又与父母重逢——这场跨越时空界限的相聚，将一切推向超现实的维度。海格在日本作家山田太一的小说基础上镌刻下深刻的个人印记，在触及宇宙般浩瀚主题的同时，始终未偏离故事深处那份令人心颤的人文内核。[标准收藏]
双宝斗恶魔,2010,2010-07-25,喜剧 恐怖,89,74,英语,艾利·克雷格,摩根·尤根森,泰勒·罗比尼 艾伦·图代克 卡特里娜·鲍登 杰西·莫斯 菲利普·格兰杰 布兰登·杰伊·迈凯轮 克里斯蒂·莱恩 奇兰·西蒙斯 Travis Nelson,Evil just messed with the wrong hillbillies.,一对死党塔克和戴尔在林子里工作，结果因为外貌比较粗犷被一群放假旅游的学生当成了传说中的森林杀手。而当其中一个学生艾莉森溺水被戴尔救起的时候，学生们还以为戴尔是要把艾莉森拖往林中木屋生死，为了救自己的同伴，这些学生一个一个的在活宝兄弟面前假装自杀好让他们放了艾莉森，面对这失控的场面，塔克和戴尔只想知道为什么这帮脑残学生非在自己的地方整死自己不可。
漫长的告别,1973,1973-03-08,悬疑 剧情 犯罪,112,74,英语,罗伯特·奥特曼,雷蒙德·钱德勒,埃利奥特·古尔德 Nina van Pallandt 斯特林·海登 Mark Rydell 亨利·吉布森 David Arkin Jim Bouton Warren Berlinger Jo Ann Brody,没有什么比一颗子弹更能表达告别了……,私家侦探菲利普·马洛帮助一位朋友摆脱困境后，却卷入其妻子被谋杀的案件中。
美国狼人在伦敦,1981,1981-08-21,喜剧 恐怖,97,74,英语,约翰·兰迪斯,,David Naughton 珍妮·艾加特 格里芬·邓恩 John Woodvine Don McKillop 布莱恩·格洛弗 大卫·斯科菲尔德 Lila Kaye Rik Mayall,From the director of Animal House... a different kind of animal.,美国青年杰克和戴维在英格兰北部的沼泽地里遭到一个狼人的袭击，杰克不幸死亡，戴维被附近的村民救起。住院恢复期间以及伤愈出院后，杰克的幽灵常常打扰戴维。幽灵告诉杰克，他已经染上了狼人血统，劝戴维尽快结束自己生命，以免再去害..
卡拉什尼科夫,2020,2020-02-20,战争 历史 剧情,110,74,俄语,康斯坦丁·布罗斯洛夫,阿列克谢·博罗达切夫,尤拉·鲍里索夫 奥尔佳·勒曼 亚瑟·斯莫里亚尼诺夫 埃尔达尔·卡利穆林 维塔利·哈耶夫 瓦列里·巴里诺夫 安纳托利亚·洛博茨基 阿列克谢·维尔特科夫 德米特里·波格丹,The weapon that would change the world,影片讲述了传奇人物AK-47突击步枪使这个举世闻名的人的传记和生活故事。
教会,1986,1986-10-31,冒险 剧情 动作 历史,125,74,英语,Roland Joffé,罗伯特·博尔特,罗伯特·德尼罗 杰瑞米·艾恩斯 Ray McAnally 艾丹·奎因 连姆·尼森 Cherie Lunghi 罗纳德·皮卡普 Chuck Low Bercelio Moya,基督教神性的遮羞布就是被这样一点点给扯下来的,罗兰·约菲导演的史诗式宗教冒险片，两位男主角形象虽有点典型化，内容也有点庞杂，但映象十分壮观，某些场面的摄影美得让人窒息，杰瑞米·艾恩斯与罗伯特·德尼洛的对手戏也精彩可观。剧情描述十八世纪时，西班牙教士嘉比尔奉派到南美洲丛林为瓜拉尼族人建立教会。他碰到了奴隶贩子罗多萨，带着这个因为杀了弟弟而深感内疚的汉子一起前往目的地修行赎罪。当他们的传教任务稍具规模时，葡萄牙与西班牙政府却因为殖民地冲突而在当地发生战争屠杀，结局十分悲怆。
爱德华大夫,1945,1945-11-08,惊悚 悬疑 爱情,111,74,英语,阿尔弗雷德·希区柯克,约翰·帕尔默,英格丽·褒曼 格利高里·派克 里奥·G·卡罗尔 迈克尔·契诃夫 约翰·埃默里 史蒂文·杰雷 保罗·哈维 厄斯金·桑福德 诺曼·劳埃德,这就是爱！彻底的……不顾一切的……激烈的！,精神病院的默奇逊院长即将退休，接手的是年轻有为的爱德华大夫（格利高里·派克 Gregory Peck 饰）。医院里年轻漂亮的女医生彼特森（英格丽·褒曼 Ingrid Bergman 饰）和他相爱，然而竟发现眼前的爱人不是爱德华大夫，而真实的爱德华的秘书，还前来指出这个冒牌人士是杀害爱德华的凶手。  　　面对恋人扑朔迷离的身份，彼特森始终不相信他是杀人凶手，然而默奇逊院长却用精神分析法印证了“事实”。更为棘手的是，这个假爱德华也相信自己有罪，他甚至连自己是谁，经历过的事情也不知道。  　　彼特森对自己的判断非常坚持，她决定要帮他找出事件真相。在警察的追捕下，她带他逃到了心理分析教授的家中，展开了一联串精彩的心理分析过程，他童年的阴影和爱德华大夫被杀的真相渐渐浮出水面。
群尸玩过界,1992,1992-08-13,恐怖 喜剧,103,74,英语,彼得·杰克逊,斯蒂芬·辛克莱,蒂莫西·巴尔姆 戴安娜·佩纳尔弗 伊丽莎白·穆迪 伊恩·沃特金 布伦达·肯德尔 斯图尔特·德维尼 杰德·布罗菲 伊丽莎白·布里米尔科姆 斯蒂芬·帕普斯,有些事物即便逝去，也终将卷土重来。,故事开始于一支在苏门答腊岛活动的探险队，他们发现了当地一种长相怪异的鼠猴，便带回去卖给动物园，不料却因此酿出一个恶果。  　　莱尼（蒂莫西 巴姆Timothy Balme 饰）有着对他十分依赖的母亲，这天母亲被困在笼里的鼠猴咬了一口。不久后，她开始变得诡异万分，莱尼甚至看见她吃蜘蛛、咬狗，行为癫狂。莱尼请来医生护士，却被母亲撕咬后继而变成僵尸。明知母亲成为高度危险的人物，莱尼却不舍得伤害她，只把她和僵尸困在房间里。不料星星之火可以燎原，在莱尼家的一场舞会中，一大群人遭殃，他们变成乱七八糟的僵尸怪物横冲直撞，莱尼挥出电锯，杀得气喘呼呼，血肉四溅，情急下，莱尼心爱的却已变了质的母亲，也不能幸免。
前程似锦的女孩,2020,2020-12-25,惊悚 犯罪 剧情,113,74,英语,Emerald Fennell,,凯瑞·穆里根 博·伯翰 艾莉森·布里 克兰西·布朗 詹妮佛·库里奇 拉弗恩·考克斯 克里斯·洛厄尔 莫莉·香侬 康妮·布里顿,Revenge never looked so promising.,卡桑德拉曾是医学院里前途无量的高材生，却因为朋友的自杀而选择了退学。白天，卡桑德拉在咖啡店里打零工，而每当夜幕降临，她都会换上一身性感的装扮，出没于城市里各间声色犬马的夜总会之中，她会假扮成醉酒的样子，等待着某个“善良”的男人将她带回自己家中，由此来实行她对于男人的无伤大雅的报复。一天，卡桑德拉在咖啡店里和曾经的同学雷恩重逢了，雷恩之后开始了对前者的热烈追求。雷恩的出现再次勾起了卡桑德拉对于学生时代悲惨经历的回忆，当她得知曾经造成自己好友死亡的罪魁祸首们如今都过上了各自精彩的人生后，复仇的火苗在内心里愈演愈烈。
噩梦娃娃屋,2018,2018-03-14,恐怖 悬疑 惊悚,91,74,英语,Pascal Laugier,,克里斯塔尔·里德 Mylène Farmer Anastasia Phillips 艾米莉亚·琼斯 Taylor Hickson Rob Archer 亚当·赫蒂格 Alicia Johnston 埃里克·阿塔瓦莱,You really thought you’ve been scared?,从小立志成为恐怖小说作家的女孩，全家在搬入一栋旧宅的当晚遭受暴徒袭击，虽死裡逃生，姊姊却性情大变，她将恐怖经历改编成作品成为人气作家，原以为儿时梦魇已事过境迁，没想到更多秘密与危机正伺机而动。恐怖元素一应俱全，密室虐杀、血浆喷发、鬼影幢幢，奇招尽出却绝非形式卖弄，超乎预期的剧情转折令人馀韵无穷。
寂静之地,2018,2018-05-18,恐怖 剧情 科幻,91,74,英语,约翰·卡拉辛斯基,布莱恩·伍兹,艾米莉·布朗特 约翰·卡拉辛斯基 米莉森·西蒙斯 诺亚·尤佩 凯德·伍德沃德 莱昂·罗素 罗达·佩尔,一旦 它们听见你 就会 开始追捕你,一个四口之家必须在静默中小心翼翼地生活，因为那些靠声音捕猎的神秘生物威胁着他们的生存。一旦它们听到你的声音，就会猎杀你。
星光女孩,2020,2020-03-10,喜剧 剧情 爱情 家庭,107,74,英语,Julia Hart,Jerry Spinelli,Grace VanderWaal Graham Verchere 卡兰·布拉尔 马克斯米利亚诺·赫尔南德斯 Darby Stanchfield 吉安卡罗·埃斯波西托 Collin Blackford Annacheska Brown Shelby Simmons,Why be ordinary when you could be extraordinary.,《星光女孩》以青少年成长为背景，是一部细腻而独特的电影。本电影根据广受好评的《纽约时报》最畅销青年小说改编，故事讲述了一名低调的高中生不由自主地迷上了新入学的那个自由奔放的女孩，以及这位新同学是如何通过一反传统的方式改变人们对自己和彼此的看法。
3096天,2013,2013-02-28,剧情,111,74,德语,Sherry Hormann,Peter Reichard,安东尼娅·坎贝尔·休斯 图尔·林德哈特 崔娜·蒂虹 阿米莉亚·皮金 Dearbhla Molloy Roeland Wiesnekker Ellen Schwiers 埃尔尼·曼戈尔德 Sebastian Weber,The story of Natasha Kampusch,根据1998年震惊世界的真实事件改编。奥地利女孩娜塔莎卡姆普什在被绑架和囚禁八年多之后终于逃出生天，之后娜塔莎出版了自传《3096》讲述了这段可怕的过去。1998年年仅10岁的奥地利女孩娜塔莎遭人绑架沦为性奴，自此一直遭关押达8年。绑架者最初4年始终将她关在屋中，后来逐步放松警惕，但大多数时依旧与世隔绝，在她心中从未放弃过追求自由的希望。
城市英雄,1993,1993-02-26,犯罪 剧情 惊悚,113,74,英语,乔·舒马赫,埃比·罗·史密斯,迈克尔·道格拉斯 罗伯特·杜瓦尔 芭芭拉·赫希 雷切尔·蒂科汀 塔斯黛·韦尔德 弗雷德里克·福雷斯特 露易丝·史密斯 Joey Singer 埃比·罗·史密斯,The adventures of an ordinary man at war with the everyday world.,迈克尔·道格拉斯扮演的威廉·福斯特是一家军工场的工程师，被解雇后心情很压抑。因离婚，小女儿的生日没被邀请，恰好路上堵车，他弃车走进一家杂货铺，想找点零钱打电话，却遭到刁难，他操起垒球棒砸了铺子。在公园休息时，又和流氓打了一架；在快餐店里因和服务生发生争执，他拔出从流氓那里缴获的手枪一阵乱射，此时他已完全失控。最后，他面对退休警官的枪口，不禁自问：“我是坏人吗？”
南街奇遇,1953,1953-05-27,惊悚 犯罪,80,74,英语,塞缪尔·迈克尔·富勒,德怀特·奥利弗·泰勒,理查德·威德马克 Jean Peters 塞尔玛·里特 Murvyn Vye 理查德·基利 Willis Bouchey 米爾本·史東 Parley Baer Chet Brandenburg,How the law took a chance on a B-girl … and won!,警察，小偷，电影制作人被阴错阳差地搞在了一起……最后还惹出了跟国家机密有关的乱子。主人公只是想拍电影，却陷入现实的奇遇之中，最后从中领悟生活与电影的有趣关系。
黑鹰坠落,2001,2001-12-28,动作 战争 历史,144,74,英语,雷德利·斯科特,马克·鲍登,乔什·哈奈特 艾瑞克·巴纳 伊万·麦克格雷格 汤姆·塞兹摩尔 威廉·菲克纳 山姆·谢泼德 杰森·艾萨克斯 艾文·布莱纳 奥兰多·布鲁姆,不放弃任何一个人。,1992 年，连年的部落战争令东非国家索马里山河破败，民不聊生，由此引发的大饥荒更造成三十万人死亡。掌控首都摩加迪休的独裁者默罕默德·法拉·艾迪德抢走国际组织的救援物资，此举引起世人公愤。丧心病狂的艾迪德向国际维和组织宣战，美国方面派出 160 名特种部队成员前往摩加迪休以推翻艾迪德政权。这群满腔热血的战士信心十足，然而却因情报搜集不足而使战事陷入胶着状态。在一次追捕艾迪德政权两大高官的行动中，特种部队受到索马里民兵的顽强抵抗。双方在市中心展开激烈对峙，美军一架黑鹰直升机受到攻击坠落市区，机组人员危在旦夕。为了营救同伴，一小队特种部队士兵深入虎穴。在接下来的 15 小时里，他们经历了人间最难以想象的修罗场……
雅各布教士历险记,1973,1973-10-18,喜剧,100,74,法语,热拉尔·乌里,Josy Eisenberg,路易·德·菲奈斯 Suzy Delair 马塞尔·达里奥 Claude Giraud Renzo Montagnani Janet Brandt André Falcon Xavier Gélin Henri Guybet,雅各布教士历险记,菲奈斯本人最喜欢的电影《雅各布教士历险记》则是他名至实归的代表作，使菲奈斯的演艺生涯达到了个高潮，上座率高达到7百万。据说乌里在拍摄时经常因为笑得太厉害，致使摄影机剧烈抖动不得不重拍。影片讲述菲奈斯的女儿即将嫁给将军的儿子，他无意间卷入了一场“政治阴谋”，同时一个著名的犹太教士来法国参加宗教活动，结果从机场开始，警察、恐怖份子、年轻的总统、知名教士和菲奈斯女儿的婚礼就搅在了一起，该剧剧情紧凑，线索复杂，笑料百出，人物众多且性格鲜明，不仅有许多的菲奈斯的拿手好戏，还紧扣当时法国社会重要的宗教分歧和种族主义，给以往菲奈斯夸张喜剧注入了浪漫的温馨。至今剧中在口香糖加工厂那段戏仍然是许多喜剧效仿的经典桥段。
舞魂,2022,2022-03-30,喜剧 剧情 家庭,118,74,法语,塞德里克·克拉皮斯,Santiago Amigorena,Marion Barbeau 皮奥·马麦 丹尼斯·波达利德斯 弗朗索瓦·西维尔 Muriel Robin Hofesh Shechter 索海拉·雅各布 Damien Chapelle Zinedine Soualem,,26岁的芭蕾舞舞者埃莉斯（Élise）在一次表演中受伤，几近结束了自己的舞蹈生涯。她失去了人生目标，需要改变现在的生活。在朋友的帮助下，她在布列塔尼找到了一家现代舞公司。全新的经历和朋友重燃了她对生活的热情。她还能继续再舞吗？
凯尔经的秘密,2009,2009-03-03,动画 家庭 奇幻,79,74,英语,Fabrice Ziolkowski,Tomm Moore,Evan McGuire Christen Mooney 布莱丹·格里森 Mick Lally Liam Hourican 保罗·泰来克 Michael McGrath Paul Young Nora Twomey,没有坚定的信念，再坚固的墙也是朽木一堆,魔法、奇幻与凯尔特神话汇聚成一场绚烂多姿、令人目眩的视觉盛宴，讲述了一个关于想象力与信仰如何带领人类穿越黑暗时代的宏大故事。少年布兰登居住在偏远的中世纪边陲哨站，饱受蛮族侵袭之苦。当一位来自异乡的著名绘经师携带一部古老却未完成、蕴藏着秘密智慧与力量的书籍到来时，布兰登的冒险新生活就此开启。为协助完成这本神奇的经书，布兰登必须战胜内心最深的恐惧，闯入神话生物藏身的魔法森林。在那里，他遇见了神秘的狼女精灵阿诗铃，她帮助布兰登完成危险的使命。[GKIDS]
弗里达,2002,2002-08-29,剧情 爱情,123,74,英语,朱莉·泰莫,Hayden Herrera,萨尔玛·海耶克 阿尔弗雷德·莫里纳 米娅·麦斯特罗 帕特里夏·雷耶斯·斯宾多拉 爱德华·诺顿 安东尼奥·班德拉斯 迭戈·卢纳 罗杰·里斯 艾什莉·贾德,Prepare to be seduced.,弗里达（salma hayek 饰）是墨西哥著名的女画家，18岁之前她是一个快乐活泼的少女，跟其他人一样，享受着爱情的甜蜜。然而18岁的车祸让她遭遇重创，死里逃生的她从此跟病痛伴随一生。原来的小情人也离她而去。躺在病床18个月的她整日与画为伴，她的画充满了不可思议的活力与激情。那时候她也真正开始考虑卖画养活自己，她前去请求画家里维拉指导自己的画，对方激赏她的天分。他们也从师生转变成一生的伴侣，他们结婚了。婚后他们经历了墨西哥最动荡的革命时期，他们狂热地追随着共产主义的脚步，甚至当托洛斯基被斯大林逐出苏联后，他们不畏风险地予以热情接待。弗里达与托洛斯基朦胧的爱恋，以及她的女同性恋情结让她的感情史一样绚烂。1954年，弗里达离开了这个充满了病痛的世界，但愿离去是幸。
无罪谋杀：科林尼案,2019,2019-04-18,剧情 惊悚,118,74,德语,Marco Kreuzpaintner,Ferdinand von Schirach,埃利亚斯·穆巴里克 海纳·劳特尔巴赫 亚历山德拉·玛丽亚·拉娜 扬尼斯·尼韦纳 莱纳·博克 Catrin Striebeck 弗兰科·尼罗 Pia Stutzenstein Peter Prager,A crime without a motive. A lawyer without experience. A judicial system without a memory.,柯林尼（弗兰科·尼罗 Franco Nero 饰）是一位勤勤恳恳工作了几十年的老打工人，某一日，竟然向警方投案自首，声称自己杀害了一位名叫迈耶（曼弗莱德·扎帕卡 Manfred Zapatka 饰）的男子。莱恩（埃利亚斯·穆巴里克 Elyas M'Barek 饰）是负责替柯林尼辩护的律师，这是初出茅庐的他承接的第一个案子。
超人之死,2018,2018-07-24,科幻 动画 动作 剧情 奇幻,81,74,英语,鲍勃·凯恩,比尔·芬格,杰里·奥康奈尔 丽贝卡·罗梅恩 雷恩·威爾森 罗莎里奥·道森 内森·菲利安 Christopher Gorham 马特·兰特尔 谢默·摩尔 Nyambi Nyambi,Witness the day Metropolis stood still.,最新DC动画电影，“该来的时候，甚至是神也必须要死！”今年是超人诞生80周年，这发生在1993年的故事，今天仍然是漫画界中最浓重的一笔。影片讲述超人与“毁灭日”这个劲敌战斗之后被杀的故事，随着之后的超人复活还将引出超人的接班人“小超（Superboy）”，其中超人的另一个反派版本“机械超人”同样将亮相。超人的死去活来，本有成为经典超人故事的潜力。然而DC在这个题材面前却屡次以平庸收场。这次能成功么？
南方公园：新冠之后：新冠回归,2021,2021-12-16,动画 喜剧 电视电影,62,74,英语,特雷·帕克,,特雷·帕克 马特·斯通 April Stewart 金伯莉·布鲁克斯 莫娜·马歇尔 Delilah Kujala Betty Boogie Parker Adrien Beard Nanami Iwasaki,What will happen next?,如果斯坦、凯尔和卡特曼可以一起行动，他们就可以回到过去以确保新冠永远不会发生。 回到过去似乎是一个简单的答案，直到他们遇到维克多·混沌。
惊天营救2,2023,2023-06-09,动作 惊悚 犯罪,124,74,英语,萨姆·哈格里夫,乔·罗素,克里斯·海姆斯沃斯 格什菲·法拉哈尼 亚当·贝萨 托尼克·戈格里基亚尼 托尼克·布齐亚瓦 蒂娜婷·达拉齐施维利 安德罗·贾帕里泽 贾斯汀·豪威尔 伊德瑞斯·艾尔巴,Prepare for the ride of your life.,死里逃生后，身怀绝技的突击队员泰勒·雷克再次接受了一项危险的任务：从监狱中营救心狠手辣的黑帮分子的家人。
温暖渐冻心,2014,2014-10-10,剧情,104,74,英语,George C. Wolfe,Shana Feste,希拉里·斯万克 埃米·罗森 乔什·杜哈明 斯蒂芬妮·比阿特丽斯 朱利安·麦克马洪 艾丽·拉特 洛雷塔·迪瓦恩 安德丽·萨维奇 杰森·里特,Life is measured in moments that leave you breathless.,希拉里·斯万克扮演的Kate曾经是一名古典钢琴家，自从得了肌萎缩性侧索硬化症，她的生活逐渐开始不能自理，丈夫（乔什·杜哈明）忙于工作不能一直照顾她，因此找来大学生Bec（艾米·罗森 饰）担任看护。一身朋克青年打扮的Bec并不符合丈夫的要求，可是Kate却意外地十分中意她，并把她留了下来。事实证明，Bec不是会照顾人的类型。最开始，两人的相处简直就是灾难，但是直率爽朗的Bec还是得到了Kate的认同。在随后相处的日子里，Bec渐渐发现，尽管Kate的丈夫对她百般关心，可是Kate过得并不开心，她甚至想到疗养院里生活。为了鼓励Kate，Bec带着她开始按照自己的方式生活，这给已经心死的Kate带去了新的希望和活力，同时也让Bec有了不一样的成长。
新世纪福音战士剧场版：死与新生,1997,1997-03-15,动画 剧情 科幻,100,74,日语,庵野秀明,萨川昭夫,绪方惠美 林原惠美 宫村优子 三石琴乃 立木文彦 山寺宏一 长泽美树 子安武人 岩永哲哉,欢迎来到末世降临。,《新世纪福音战士》系列第一部剧场版，于 1997 年 3 月上映。全名：《新世纪福音战士剧场版：死与新生》（NEON GENESSI EVANGELION: DEATH AND REBIRTH）。这部剧场版由 “DEATH篇（死亡篇）”与 “REBIRTH篇（新生篇）”两个部分构成。“死亡篇”是以原电视版第 1 ～第 24 集的内容为基础，重新剪辑、改编的一个约60分钟篇幅的总集篇（电视版的图象为了适应剧场版的需要裁剪成了 1.85:1 的画面比例）。大约有 20 分钟新的镜头，其余的仍是原电视版的画面。在“死亡篇”中出现的新镜头是出现在电视版的第 21 ～第 24 话的导演剪辑版中的。但是，这些新加入的镜头与剧场版衔接得天衣无缝，看不出是后来加入的。而“新生篇”内容是承接电视版第 24 集后的内容，是剧场版《AIR/真心为你》的开头 30 分钟的内容：第十七使徒被消灭后，SEELE 向 NERV 下达命令，要 EVA 初号机负责执行“人类补完计划”。然而碇元渡不认同 SEELE 的做法，拒绝执行。SEELE 认定这是一种叛变的行为，决定把 NERV 彻底消灭。破晓时分，NERV 本部突然遭到来自战略自卫队的袭击，他们对 NERV 的人员进行了惨无人道的大屠杀。为了保护驾驶员，葛城美里命令把精神崩溃的明日香送上二号机，并放在湖底的深处，自已就亲自去救碇真嗣 。但此时的碇真嗣已经处在精神崩溃的边缘。
冬狮,1968,1968-10-30,剧情 历史,134,74,英语,Anthony Harvey,James Goldman,彼得·奥图尔 凯瑟琳·赫本 安东尼·霍普金斯 约翰·卡斯尔 Nigel Terry 提摩西·道尔顿 Jane Merrow Nigel Stock O.Z. Whitehead,What family doesn't have its ups and downs?,1183年圣诞节，年迈的英国国王亨利二世（彼德·奥图 Peter O'Toole 饰）决定选举王位继承人。亨利二世谕示他分居的妻子依莲娜（凯瑟琳·赫本 Katharine Hepburn 饰）带回三个儿子理查德（安东尼·霍普金斯 Anthony Hopkins 饰）、杰弗里（约翰·卡索 John Castle 饰）和约翰（尼吉尔·特瑞 Nigel Terry 饰）回宫团聚，以便乘机选出王位继承人。然而亨利二世和依莲娜对继承人的意见大有分歧，再加上亨利二世的情妇艾莱丝（简·麦罗 Jane Merrow 饰）也纠缠其间。不仅如此，年轻狡猾的法国国王菲利普（提摩西·道尔顿 Timothy Dalton 饰）也加入了争权夺位的宫廷战争之中。  　　本片根据詹姆斯·古德曼的同名话剧改编而成，荣获1969年第41届奥斯卡金像奖最佳女演员、最佳改编剧本、最佳配乐在内的3项大奖4项提名，并荣获1969年第26届金球奖剧情类最佳影片、剧情类最佳男演员在内的2项大奖5项提名。 ©豆瓣
黑帮大时代,1992,1992-03-13,犯罪 剧情,125,74,英语,Floyd Mutrux,爱德华·詹姆斯·奥莫斯,爱德华·詹姆斯·奥莫斯 威廉·弗西斯 帕皮·塞尔纳 Panchito Gómez Steve Wilcox Danny De La Paz Sal Lopez Dyana Ortelli William Smith,In prison they are the law. On the streets they are the power.,在电视影集「迈阿密风云」中饰演组长的爱德华詹姆斯欧蒙，以这部描写墨西哥裔黑帮生涯的电影作为他首度执导的作品。片中主要人物是一位在洛杉矶长大、名叫山塔纳的少年，他和两个朋友一起组成帮派，不久后便因闯空门而遭逮捕；由于山塔纳获释后不久就再度犯案，便从少年感化院〃直升〃监狱。在牢里的这18年岁月里，他在监狱内外建立了自己的犯罪王国，从贩毒到杀人无恶不作。当山塔纳终于出狱后，他回到旧时的街区想要改过向善、重新做人，但他的昔日伙伴却不肯放过他，逼他重拾黑帮老大之职...由于此片是在监狱内实景拍摄，并将一些真正的犯人拍摄进去，因而在美国上映时引起不少媒体的注意。
杀戮时刻,1996,1996-07-24,犯罪 剧情 惊悚,149,74,英语,乔·舒马赫,小约翰·格里沙姆,马修·麦康纳 桑德拉·布洛克 塞缪尔·杰克逊 凯文·史派西 艾什莉·贾德 唐纳德·萨瑟兰 奥利弗·普莱特 查尔斯·S·达顿 布伦达·弗里克,Experience a time you'll never forget.,黑人工人卡尔（塞缪尔•杰克逊 Samuel L. Jackson 饰）十岁的女儿被两个白人蹂躏了，在那种族歧视盛行的岁月，卡尔不相信法律能帮他和女儿讨回公道。于是，他径自找到了那个家伙并将他们射杀。复仇后的卡尔直接来到了警察局投案自首。  　　年轻律师杰克（马修•麦康纳 Matthew McConaughey 饰）被指派为卡尔的辩护律师，由于卡尔根本不相信法律会对黑人公正，所以他和杰克没有达成一致。果然，庭上卡尔收到了不公正的对待。法律系那大学生艾伦（桑德拉•布洛克 Sandra Bullock 饰）这时出现了，她站在杰克这一边，决定为卡尔做无罪辩护。  　　虽然杰克获得了支持，但他的生活却受到了极大的威胁：当地的三K党用尽各种方法要挟杰克，甚至威胁要炸毁他的房子！卡尔看到了杰克和其他人的努力，他决定和众人团结一致，为公义而战。
幻灭,2021,2021-10-20,剧情 爱情 历史,149,74,法语,Xavier Giannoli,奥诺雷·德·巴尔扎克,Benjamin Voisin 塞西尔·德·弗朗西斯 Vincent Lacoste 泽维尔·多兰 Salomé Dewaels 让娜·巴利巴尔 安德烈·马孔 路易斯朵·德·兰切萨 热拉尔·德帕迪约,"Criticism is easy, and art is difficult",Lucien是法国19世纪的一位充满抱负的年轻诗人。他离乡别井，告别以印刷为生的家族前往巴黎碰碰运气。在这座五光十色的城市裡，Lucien意识到自己来到一个充满谎言，一切以利益主导的世界。在巴尔札克的人间喜剧里，政治、感情、名气、灵魂... 万事也皆可买卖，每名 记者都变成了大作家。Lucien尝试爱，尝试挣扎，尝试在一切幻象中求存。
哆啦A梦：伴我同行,2014,2014-08-08,动画 冒险 科幻 剧情 家庭 奇幻,95,74,日语,山崎贵,八木龙一,水田山葵 大原惠美 嘉数由美 木村昴 关智一 妻夫木聪 山崎雅美 松本幸 萩野志保子,别了，哆啦A梦！,学习、体育全不擅长还饱受胖虎和小夫欺负的少年野比大雄在20世纪的日本过着平凡无聊的生活，这一天突然有意外的访客出现在大雄面前，对方是自称来自22世纪大雄孙子的孙子世修以及猫型智能机器人哆啦A梦。世修愁眉紧锁，似乎对这位曾祖父有着诸多的不满，他专门介绍了大雄的未来：进入社会的大雄求职失败，转而自己开公司当老板，可是由于不善经营导致公司破产，还背负了巨额债务。他的厄运直接影响到了也比家的子孙，为了扭转自己的命运，世修打算从源头着手，派哆啦A梦协助大雄改变命运。哆啦A梦被世修设定了“完成程序”，如果他不能顺利实现改变曾祖父命运的重任，就无法返回22世纪。百般不上进的大雄就这样和责任心十足却有着这样那样缺点的哆啦A梦生活在了一起。哆啦A梦那神奇的百宝袋可以变出各种各样令人咋舌的道具，它们帮助大雄解决了生活中大大小小的难题，当然在此期间由于大雄的滥用也惹来了不少的麻烦。两个好朋友携手并进，不知不觉间感情也变得好了起来。终于，对于大雄来说最重要的人生目标——和美丽女孩源静香结婚——在未来得以实现，废柴少年的糟糕命运彻底扭转，哆啦A梦圆满完成了他的使命，即将启程返回22世纪。只不过他和大雄之间的羁绊已经非常深了，纵使依依不舍，却仍然迎来告别的时刻。大雄该如何以一己之力实现他那来之不易的幸福未来呢？
史酷比之神鬼迷城,2005,2005-05-13,悬疑 动画 家庭 冒险 喜剧 奇幻,75,74,英语,Joe Sichta,George Doty IV,Casey Kasem 弗兰克·维尔克 Mindy Cohn 格蕾·德里斯勒 克里斯汀·巴兰斯基 阿杰·奈杜 朗·普尔曼 傑瑞米·皮文 Wynton Marsalis,,Scooby-Doo and the Mystery Inc. gang become involved in a supernatural mystery in Egypt.
岁月的童话,1991,1991-07-20,动画 剧情 爱情,118,74,日语,高畑勋,,今井美树 柳叶敏郎 本名阳子 饭冢雅弓 伊藤正博 北川智绘 增田裕生 三野轮有纪 寺田路惠,我和我自己去旅行。,时值1982年，27岁的妙子至今未婚，一直在东京生活。她决定前往乡间探访亲戚，当列车在夜色中穿行，少女时代的记忆汹涌而来：情窦初开的懵懂悸动、青春期的悄然降临，还有数学课与男生带来的烦恼。抵达车站后，年轻的农场主俊雄前来迎接。与他的相遇，逐渐唤醒了妙子那些被遗忘的渴望。在现在与过去的诗意切换中，妙子审视着自己的人生轨迹，不禁叩问：她是否活成了童年时期待的模样？[GKIDS]
穿普拉达的女王,2006,2007-02-27,剧情 喜剧,109,74,英语,大卫·弗兰克尔,劳伦·韦斯伯格,梅丽尔·斯特里普 安妮·海瑟薇 艾米莉·布朗特 斯坦利·图齐 西蒙·贝克 阿德里安·格雷尼尔 特蕾西·汤姆斯 里奇·索默 丹尼尔·逊亚塔,Meet Andy Sachs. A million girls would kill to have her job. She's not one of them.,初涉社会的安德丽娅•桑切丝 来到了著名时尚杂志《RUNWAY》面试，以聪明得到了主编米兰达•普雷斯丽 的特许，让她担任自己的第二助理。开始的时候安德丽娅感到十分委屈，就算自己多努力工作也无法得到赞赏，经一位老前辈的指点便重新改造自己。工作越来越顺，甚至取代了第一助理在米兰达心中的地位，决定带着这个聪明的女孩前往法国。可安德丽的改变让她失去了男友及朋友的爱，令她非常矛盾。到达法国后，她得知了米兰达的地位不保了，没想到米兰达竟然牺牲自己多年的好搭档保住了自己的地位，此事令安德丽娅深感失望，有了抽身离去的想法，到底安德丽娅会何去何从？
再见，阿尔贝托,2021,2021-11-12,动画 喜剧 家庭 奇幻,7,74,英语,McKenna Jean Harris,Scott Morse,杰克·迪伦·格雷泽 马可·巴里切利 雅各布·特伦布莱 吉诺·拉·莫妮卡 Arturo Sorino,They go together like pasta and pesto.,当他的好朋友卢卡在上学时，阿贝托则在波托罗索享受着新生活，并和威风凛凛、身上有纹身、独臂且不爱说话的渔夫马西莫一起工作。在他看来，这世界上没有比马西莫更厉害的人了。他想让马西莫对自己刮目相看，可这说起来容易做起来难。
守法公民,2009,2009-10-15,剧情 犯罪 惊悚,108,74,英语,菲利克斯·加里·格雷,库尔特·维默,杰米·福克斯 杰拉德·巴特勒 科尔姆·米尼科曼 布鲁斯·麦克吉尔 莱丝莉·比伯 迈克尔·埃尔比 格雷戈里·伊津 雷吉娜·赫尔 伊米尔德-安吉尔·扬,Justice at any cost.,影片的主人公曾是一名治安警员，他认为由于有黑幕的交易，使得杀害他的妻子和女儿的其中一名谋杀者将被释放，所以他准备策划一次复仇，惩治那些谋杀者和幕后审判交易人；而负责这起案件的地方法院检察官 也卷入这次复仇阴谋的漩涡之中，他察觉秘密复仇的计划后，试图捍卫法律体制。克莱德·谢尔顿 是费城一名正直不阿的警员，拥有美满家庭的他却不想遭遇了人生的重大打击：妻子和女儿在家里被歹徒入侵，随后残酷的被杀害。凶手很快被抓捕归案，风头正盛的主控官尼克·赖斯 接下了这起案件，然而他的上司却要尼克按照他的意思处理这起案件，所有罪名都扛在了一个小角色身上，明摆着的真凶却得意的逍遥法外。 面对这个事实，谢尔顿明白腐败的司法系统已经无法为他伸张正义，深知幕后存在肮脏交易的谢尔顿决定按照自己的方式来处理警察无法做的事。在费城，一起又一起暗杀发了，所有的线索都指向谢尔顿，尼克明白，现在只有他才能阻止谢尔顿的疯狂行为，同时将真正的幕后黑手揪出来……
最后的莫希干人,1992,1992-09-25,动作 历史 爱情 战争,112,74,英语,迈克尔·曼,James Fenimore Cooper,丹尼尔·戴-刘易斯 玛德琳·斯托 乔迪·梅 拉塞尔·米恩斯 韦斯·斯塔迪 埃里克·施威格 史蒂文·沃丁顿 莫里斯·罗斯 帕特里斯·切罗,An epic adventure and passionate romance unfold against the panorama of a frontier wilderness ravaged by war.,本片改编自美国作家库柏“皮袜子”系列小说中的第二部。1757年七年战争期间，英法两军在北美殖民地激战正酣。军官邓肯带队护送长官之女可娜（Madeleine Stowe 饰）前往威廉亨利堡，半路遭法属印第安人埋伏，莫希干族最后的战士——金卡加（Russell Means 饰）、安卡斯父子与白人霍克依（Daniel Day-Lewis 饰）出手相救。但抵达要塞时他们发现这里已陷入战火，要塞长官门罗与邓肯做事强硬，不肯放走民兵自降战力，并将霍克依监禁，可娜这时已同霍克依相恋，但却无力援救。英军战事不利弃堡投降，印第安人马瓜带领族人向英军寻仇，可娜与霍克依失散后被马瓜带走，霍克依、金卡加、安卡斯一行进入马瓜族人的营地，以期带回可娜。
疯狂的麦克斯2,1981,2019-04-06,冒险 动作 惊悚 科幻,96,74,英语,乔治·米勒,拜伦·肯尼迪,梅尔·吉布森 布鲁斯·斯宾塞 迈克尔·普雷斯顿 马克斯·菲普斯 弗农·威尔斯 谢尔·尼尔森 埃米尔·明蒂 维吉尼亚·海伊 威廉·扎帕,Just one man can make a difference.,在未来，因为战争和资源的枯竭，建立在石油之上的工业社会陷入崩溃，人们为了汽油展开生死争夺，这是恐怖如地狱的末世景象。失去了朋友和亲人的麦克斯（梅尔·吉布森 Mel Gibson 饰）以车为家，继续和公路骑士们无休无止的战斗。然而因为他的V8失去燃料，麦克斯只得离开公路，在一个陷阱猎手的指引下，前往一处石油钻井寻找燃料。荒漠中的人们，为了保卫钻井，建立了防御设施对抗骑士休曼格斯一伙，麦克斯从骑士们手中救出了一位奄奄一息的钻井保卫者，结果反被钻井守卫者们扣留，而此时，休曼格斯率领手下将钻井团团包围，危急关头，麦克斯设计对抗休曼格斯。
疯狂店员,1994,1994-10-19,喜剧,92,74,英语,凯文·史密斯,,布莱恩·克里斯托弗·奥哈洛兰 杰弗里·安德森 玛丽琳·吉格洛尔蒂 Lisa Spoonauer 杰森·梅斯 凯文·史密斯 斯科特·莫西尔 Scott Schiaffo Al Berkowitz,Just because they serve you doesn't mean they like you.,美国的小众独立电影，讲述了便士多店小店员但丁（布莱恩·奥哈罗兰 Brian O'Halloran 饰）郁闷抓狂的一天。过了睡眠质量极差的一晚后，但丁大清早被老板叫去加班。这只是倒霉的一天的起始，接下来，还有更多麻烦事情接踵而至，开店门、喷标语、遇见唠叨的反吸烟人士阻挠店面生意。一个头两个大的但丁，还要和前来店铺的女朋友维罗尼卡（玛丽莲·吉格洛尔蒂 Marilyn Ghigliotti饰）交流性生活经验。结果落得个不欢而散，因为女朋友拥有过的性伴侣数目实在令但丁叹为观止。 　　麻烦事还是一桩接一桩，这时前女友的到来令但丁的心狠狠振作了一下。他的艳遇到了，似乎终于可以扫走霉运。可是，卫生间内的“奇遇”，又摧毁了这件美好的事情。
夜访吸血鬼,1994,1994-11-11,恐怖 剧情 奇幻,123,74,英语,安妮·赖斯,尼尔·乔丹,汤姆·克鲁斯 布拉德·皮特 安东尼奥·班德拉斯 克里斯蒂安·斯莱特 斯蒂芬·瑞 克斯汀·邓斯特 多米齐亚娜·焦尔达诺 坦迪·牛顿 劳尔·马萨克,Drink from me and live forever.,18世纪的路易斯安娜州，丧失妻女痛不欲生的庄园主路易（布拉德·皮特 饰）遇上了吸血鬼莱斯塔特（汤姆·克鲁斯 饰），被其施法变成吸血鬼。路易心存人性，不愿意吸血杀人，靠吸食动物的血为生，而莱斯塔特则一心要把路易斯教导成一个真正的吸血同类。在新奥尔良，路易禁不起诱惑吸了小女孩克萝迪娅（克尔斯滕·邓斯特 饰）的血，而莱斯塔特则不顾路易斯的反对把克萝迪娅也变成了吸血鬼。三个人组成了一个奇特的家庭。几十年过去了，克萝迪娅开始怨恨莱斯塔特剥夺了他真正的人生，她设计杀死了莱斯塔特，和路易周游世界，过着既像父女、又像情人的生活，寻找同类，也寻找着自身存在的意义。在巴黎，他们遇上了以阿蒙（安东尼奥·班德拉斯 饰）为首的一群吸血鬼，聚居在剧院地下，过着和他们迥然不同的生活，阿蒙给了路易许多教导，想成为路易的新伙伴，为此，路易和克萝迪娅之间出现了裂痕，最终，酿成了无可挽回的悲剧。1988年，路易斯返回了新奥尔良，向一个年轻记者马洛伊（克里斯琴·斯莱特 饰）讲述了自己的经历，讲述了吸血鬼长生不死背后的哀伤，不料，马洛伊在听完之后却被深深地吸引，一个新的吸血鬼的故事，将由此开始。
赝品,1973,1975-03-12,纪录,89,74,法语,奥逊·威尔斯,,奥逊·威尔斯 奥雅·科达尔 Elmyr de Hory Clifford Irving Laurence Harvey Edith Irving David Walsh 保罗·斯图尔特 Richard Wilson,魔术师不过是扮演魔术师角色的演员。,诡计、欺诈、魔术。在奥逊·威尔斯这部自由形态的准纪录片中，这位传奇电影人（兼自诩的江湖术士）愉悦地重拾其创作生涯的核心关切：幻想与真相、艺术与谎言之间脆弱的界限。影片从世界知名艺术伪造者埃尔米·德·霍里及其同样狡黠的传记作者克利福德·欧文的肖像切入，威尔斯由此踏上了一场令人目眩的旅程，既揭露又沉醉于形形色色的造假行为与造假者——其中最重要的一位，正是威尔斯自己。本片迷人而富于巧思，是一场迸发灵感的恶作剧，也是对电影艺术与生俱来的双重性一次机敏的审视。[标准收藏]
精灵旅社番外篇：精灵怪宠,2021,2021-04-02,动画 喜剧 奇幻,6,74,英语,Jennifer Kluska,德里克·德莱蒙,布莱恩·赫尔 Jennifer Kluska 德里克·德莱蒙 Genndy Tartakovsky Jon Olson,Drac’s in for a real dog day!,可爱的Tinkles比以往拥有更多的精力，只想打球。 Drac决心为他的毛茸茸的朋友找到合适的玩伴。 经过几次尝试，当Tinkles选择一个不太可能的合作伙伴时，Drac的计划崩溃了。
疯爱,2016,2017-04-17,剧情 喜剧,116,74,意大利语,保罗·维尔齐,弗朗西斯卡·阿奇布吉,瓦莱丽雅·布鲁尼-特德斯奇 Micaela Ramazzotti 瓦伦蒂娜·卡内卢蒂 托马索·拉尼奥 Sergio Albelli Luisanna Pandolfi Francesco Lagi Giada Parlanti Paolo Vivaldi,,比阿特丽斯是一个胡话连篇的人，自称是一个与世界各国的大咖有密切往来并有亿万财产的伯爵夫人。唐纳特拉是一个安静的纹有纹身的女人，禁锢在自己的神秘里无法自拔。她们都是精神病人，在精神病院里遭受软禁。保罗维尔奇这部新片讲述了她们之间出乎意料的友谊，和在逃离精神病院的冒险过程中这两个疯子不断在这个露天的所谓正常人的世界里寻求乐趣和爱的故事
迷失东京,2003,2003-09-18,剧情 喜剧 爱情,102,74,英语,索菲亚·科波拉,,比尔·默瑞 斯嘉丽·约翰逊 吉奥瓦尼·瑞比西 安娜·法瑞丝 竹下明子 Kazuyoshi Minamimagoe Kazuko Shibata Take Ryuichiro Baba,Everyone wants to be found.,失眠的鲍勃与夏洛特——两位身在东京的美国人——某夜在豪华酒店酒吧相遇。这次偶然邂逅很快发展为一段出人意料的友谊。两人结伴探索东京，与当地居民发生种种常令人捧腹的际遇，最终在对生命可能性的崭新信念中找到了慰藉。[焦点影业]
我的过错：伦敦,2025,2025-02-13,剧情 爱情,119,74,英语,Charlotte Fassler,Dani Girdwood,Asha Banks Matthew Broome 伊芙·麦克林 雷·费隆 Enva Lewis 杰森·弗莱明 Kerim Hassan 萨姆·布坎南 Amelia Kenworthy,,18岁的诺亚从美国搬到了伦敦，因为她的母亲最近爱上了一位英国富商，威廉。诺亚见到了威廉的儿子，坏男孩尼克，并很快发现他们之间有种让彼此无法抗拒的吸引力。花了一整个夏天适应新生活的诺亚，将会在她第一次坠入爱河之际，猝不及防地迎来她那令人绝望的过去。
正义协会：二战,2021,2021-04-27,动画 战争 科幻,84,74,英语,保罗·诺里斯,杰罗姆·西格尔,马特·波莫 斯坦娜·卡蒂克 歐米德·阿塔西 克里斯·迪曼托波罗斯 马修·默瑟 Armen Taylor Elysia Rotaru 吉奥弗瑞·阿伦德 达伦·克里斯,The fight for justice is the greatest battle of all time.,DC动画剧集《正义会社：二战》确定配音卡司：闪电侠由马特·波莫配音，神奇女侠由斯坦娜·卡蒂克配音，黑金丝雀由艾尔西亚·罗塔鲁配音，史蒂夫·特雷弗由克里斯·迪亚曼托普洛斯配音，鹰侠(Hawkman)由奥米德·阿布塔西配音，时侠(Hourman)由马修·默瑟配音，杰森·加里克(Jay Garrick)由阿曼·泰勒(Armen Taylor)配音，海王由连姆·麦肯泰尔配音。该动画由《银河守护者》第一季导演杰夫·沃姆斯特(Jeff Wamester)执导，梅根·菲茨马汀(Meghan Fitzmartin)操刀剧本。该片是DC影视宇宙中首次以正义会社为名组建超级英雄团队，原著漫画首次出版在二战期间。
一条狗的回家路,2019,2019-01-11,剧情 冒险 家庭,96,74,英语,查尔斯·马丁·史密斯,W·布鲁斯·卡梅隆,布莱丝·达拉斯·霍华德 乔纳·豪尔-金 亚历山德拉·希普 艾什莉·贾德 爱德华·詹姆斯·奥莫斯 韦斯·斯塔迪 克里斯·鲍尔 Barry Watson Motell Gyn Foster,A lot can happen between lost and found.,卢卡斯在一座废弃建筑里偶遇并收留了幼年犬贝拉。尽管他的退伍军人母亲禁止养狗，他还是将其带回偷偷抚养。比特犬在丹佛州是被禁的，为此贝拉被动物管理局带走，因没有被发现存在攻击性，贝拉被放回，但不能再留在丹佛州，只能被送去可以养比特犬的亲友家中。与主人分离的贝拉心急如焚，决定自己寻找心爱的人类朋友卢卡斯。于是，她从危机四伏的科罗拉多荒野踏上了长达四百英里的冒险归家旅程。
龙纹身的女孩,2011,2011-12-21,惊悚 犯罪 悬疑,158,74,英语,大卫·芬奇,斯蒂格·拉森松,丹尼尔·克雷格 鲁妮·玛拉 克里斯托弗·普卢默 斯特兰·斯卡斯加德 罗宾·怀特 约里克·范·瓦赫宁根 史蒂文·伯科夫 乔莉·理查德森 杰拉尔丁·詹姆斯,雪中藏匿之物，终将在融雪之时显现。,《千禧年》杂志的财经记者米克尔·布隆克维斯特（丹尼尔·克雷格 Daniel Craig 饰）正被一桩报导引起的诽谤诉讼案搞得焦头烂额之际，却意外接到了瑞典顶尖家族企业范耶尔工业集团的创始人亨利·范耶尔（克里斯托弗·普卢默 Christopher Plummer 饰）的邀请。表面上米克尔要为对方写传记，实则是帮迪奇调查一桩40年前发生在家族里的悬而未决的杀人案。米克尔认真梳理堆积如山的资料，与家族成员交流攀谈。却在关键时刻，被一个边缘女孩莉丝贝丝·沙兰德（鲁妮·玛拉 Rooney Mara 饰）入侵电脑盗取了资料。他找到同要具有非凡调查能力的莉丝，邀请她一同调查，却发现面前是一个深不见底的欲望黑洞……
蜥蜴伯伯里奥,2023,2023-11-17,动画 喜剧 家庭,102,74,英语,罗伯特·斯米格尔,David Wachtenheim,亚当·桑德勒 比尔·伯尔 塞西莉·斯特朗 杰森·亚历山大 罗伯·施奈德 Allison Strong 乔·科伊 莎蒂·桑德勒 桑尼·桑德勒,Breaking out this November.,几十年来，疲惫不堪的 74 岁的蜥蜴里奥和饲养箱里的伙伴乌龟被困在佛罗里达州的同一间教室里。在得知自己的生命只剩一年时间后，他打算逃出去体验外面的生活，却被卷入了焦虑学生们的各种问题之中——包括一个极其刻薄的代课老师。出逃计划最终成为了最奇怪但最有意义的遗愿清单······
神采公路,2002,2002-04-13,冒险 喜剧 奇幻 剧情,116,74,英语,鲍勃·盖尔,,詹姆斯·马斯登 加里·奥德曼 艾米·斯马特 克里斯托弗·劳埃德 克里斯·库珀 Matthew Edison 韦恩·罗布森 迈克尔·J·福克斯 约翰·布尔乔亚,"It began as a wish, became an adventure, and ended as the ultimate road trip.",尼尔(James Marsden)像大多数年轻人一样，对于未来有许多的疑问，该去念法律学院，以取悦父亲？还是该随自己心意，去做一个画家？他的女友莎莉，是他的灵魂伴侣吗？还是他该去追求那个常在他梦中出现，给他许多灵感的神秘女孩？不喜欢他爸爸给的生日礼物：一辆红色宝马跑车，他是不是真的有毛病？
人道主义吸血鬼在寻找自杀自愿者,2023,2023-10-13,爱情 喜剧 奇幻 恐怖,91,74,法语,Ariane Louis-Seize,Christine Doyon,Sara Montpetit Félix-Antoine Bénard Steve Laplante Sophie Cadieux Noémie O'Farrell Arnaud Vachon Marie Brassard Madeleine Péloquin Gabriel-Antoine Roy,,荣获今年威尼斯电影节欧洲电影联盟奖威尼斯日最佳影片，萨沙从小就面临一个严重的问题：她是一个吸血鬼，但却没有办法对人类下手。她的家人一直在想办法让她接受自己的天性，这期间她一直靠服用血浆生存。一天，她遇到了一个想要自杀的青年保罗。保罗长期遭受身边人的欺负和指责，对这个世界感到绝望，并决定完成最后的愿望后将自己的生命献给萨沙，帮助她找回天性。
征服14座高峰：凡事皆有可能,2021,2021-11-12,纪录,101,74,英语,Torquil Jones,Gabriel Clarke,Nirmal Purja 金国威 Reinhold Messner Klára Kolouchová Conrad Anker,,无畏的尼泊尔登山运动员尼姆斯·普贾开始了一项看似不可能完成的任务：在7个月内登顶全球14座8000米高峰。
杰瑞和玛姬生活阔绰,2022,2022-06-15,喜剧 剧情,96,74,英语,大卫·弗兰克尔,布拉德·科普兰,布莱恩·克兰斯顿 安妮特·贝宁 雷恩·威爾森 赖瑞·威尔莫 迈克尔·麦基恩 杰克·麦克道曼 安娜·坎普 尤利·施莱辛格 奇克·曼诺哈,It's never too late to risk it all.,本片改编自杰森·法冈在《赫芬顿邮报》发表的文章 ，讲述了一桩真实故事：退休的杰瑞·塞尔比发现了马萨诸塞州彩票中的一个数学漏洞，在妻子玛吉的帮助下，赢得了2700万美元。他们用这笔钱振兴了自己的密歇根小镇。
塞尔玛,2014,2014-12-25,历史 剧情,128,74,英语,Ava DuVernay,Paul Webb,大卫·奥伊罗 卡门·艾乔戈 汤姆·威尔金森 吉奥瓦尼·瑞比西 蒂姆·罗斯 安德烈·霍兰 科尔曼·多明戈 科曼 斯蒂芬·詹姆斯,One dream can change the world.,历史传记题材电影《塞尔玛》由阿娃·杜威内执导，蒂姆·罗斯、大卫·奥伊罗、小库珀·古丁、汤姆·威尔金森主演，影片聚焦美国民权斗士马丁·路德·金1965年组织的“由塞尔玛向蒙哥马利进军”行动。
斗士,2010,2010-12-10,剧情,116,74,英语,埃里克·约翰逊,保罗·塔马西,马克·沃尔伯格 克里斯蒂安·贝尔 艾米·亚当斯 梅丽莎·里奥 米奇·奥基夫 杰克·麦基 梅丽莎·麦克米克 比安卡·亨特 埃里卡·麦克德莫特,Every dream deserves a fighting chance.,本片主要讲述了拳击手米奇·沃德（马克·沃尔伯格饰）成为世界轻中量级拳王的经历。米奇同父异母的兄弟迪克·爱克兰德（克里斯蒂安·贝尔饰），曾经也是一个颇具天赋的拳击手，却因为毒品而一蹶不振。然而后来他终于重新振作，监督米奇进行各种训练，最终帮助他夺得了拳王桂冠。　　迪克·爱克兰德曾经是一个天赋异禀的拳击手，也是家庭的骄傲。但是在成名之后，他却忘记了自己的成长经历，开始沉溺于酒精和毒品，最终自毁前程。他同父异母的兄弟米奇·沃德也是一名拳击手，但是没有什么成绩、也没有什么名气，年龄不小的他一直生活在爱克兰德的名声与阴影之中。沃德正在努力训练，希望自己有朝一日能站在拳击台上比赛。　　兄弟俩居住在贫困的马萨诸塞州的洛厄尔，家里都是普通的蓝领工人。在爱克兰德是拳击手的时候，他被叫做“洛厄尔的骄傲”－－因为他曾经把最重要的东西－－荣誉带回到这个贫困的小镇里。但是现在他失去了拳王头衔，他也开始自暴自弃地吸毒酗酒，所以他也不再是小镇人民所爱戴和用户的对象，反而成为了警察的眼中钉和大家心里的阶下囚。兄弟俩的家庭生活也因此而蒙上了阴影。与此同时，年轻的弟弟沃德成为了家庭的新希望，他也成为了一名拳击手。但是弟弟的拳击之路走得并不顺畅。在输掉第一场比赛后，他有些一蹶不振。这个时候，母亲爱丽丝站了出来。她给沃德规划了职业生涯，并且让哥哥爱克兰德做他的教练。不过这个招数并没有见效，沃德的成绩还是很糟糕。在随后的一场比赛里，他的对手差一点把他给打死。出于对自己男朋友的保护，沃德的女朋友卡琳要求沃德离开那个让他难过也曾带给他欢笑的家庭，要他离开那个动辄使用暴力、在街头犯罪的瘾君子哥哥。　　离开的家庭后，沃德的拳击成绩开始提升。渐渐地，他成为了具有拳王挑战资格的“斗士”。就在挑战赛前夕，他的哥哥和那个糟糕的家庭有一次闯进了他的生活。这一次是所有人的机会－－对于沃德而言，他一定要拿到拳王头衔，为自己和小镇带回荣誉；对于爱克兰德和爱丽丝来说，他们要冰释前嫌，让这个家庭不再是名存实亡的躯壳。一番恶战之后，沃德成为了拳王，他成为了新的“洛厄尔的骄傲”。而这个家庭终于也重修于好。
英雄本色,1986,1986-08-02,动作 犯罪 剧情,95,74,Cantonese,吴宇森,陈庆嘉,狄龙 周润发 张国荣 朱宝意 Waise Lee Chi-Hung 田丰 吴宇森 石燕子 曾江,血脉相连的兄弟。命运捉弄的仇敌。天性使然的杀手。,香港某个国际伪钞集团重要分子宋子豪（狄龙）和Mark（周润发）情同手足，某次宋子豪带手下谭成（李子雄）去台北交易时被其出卖受枪伤被捕入狱，为替好兄弟报仇，Mark孤身赴台，结果被人打成瘸子，江湖地位自此一落千丈，而宋子豪的父亲也在不久丧命。一向视宋子豪为偶像的宋子杰得知哥哥的真实身份后，对黑社会及他恨之人骨，立誓利用警察身份将黑帮势力斩草除根，宋子豪出狱后不顾苦等他想重创辉煌的Mark的劝阻，决心弃暗投明，无奈得不到宋子杰的谅解。而此时已成帮会老大的谭成欲找宋子豪再合作，遭拒绝后放言会害宋子杰，被逼走投无路，宋子豪决定再与Mark连手共抗强敌。
燃情岁月,1994,1994-12-23,剧情 西部 爱情 战争,133,74,英语,爱德华·兹威克,詹姆斯·哈里森,布拉德·皮特 安东尼·霍普金斯 艾丹·奎因 朱莉娅·奥蒙德 亨利·托马斯 卡琳娜·隆巴德 高登·图托西斯 约翰·诺瓦克 罗伯特·查尔斯·威斯登,After the Fall from Innocence the Legend begins.,骑兵上校威廉厌倦了战争，他带着全家来到西部荒原，在一处偏僻的 山区开垦牧场。上校的妻子因为无法忍受艰苦的环境而抛夫弃子回到了东 部，威廉上校独自一人肩负起了养育三个儿子的重担。在艰苦的环境中三兄弟渐渐长大，他们手足情深但性格却大不相同。 大哥艾尔弗莱德为人忠厚，办事认真；三弟塞缪尔是位理想主义者，深 受父亲的宠爱；而老二特里斯坦则是一位狂放不羁的人，他自由奔放，常 与印第安人交往，从他们那里学到了不少东西。父子四人在一个纯男性的 世界里过着淡泊的生活。然而，塞缪尔大学毕业后，把未婚妻苏珊娜带回了家里。平静的生活 被打破了。艾尔弗莱德暗恋上了苏珊娜，而特里斯坦的气质却又打动了苏 珊娜的心。四个年轻人在痛苦地压抑着各自的情感。就在此时，第一次世界大战爆发了。三兄弟不顾父亲的劝阻，参军前 往欧洲。在战争中，特里斯坦眼睁睁地看着塞缪尔死去却无能为力。无限 悲哀的特里斯坦按印第安人的方式挖出了弟弟的心脏，带回祖国埋葬。艾尔弗莱德在向苏珊娜求婚被拒绝后离开了家乡。弟弟死亡的阴影也 使特里斯坦无法面对他所深爱的苏珊娜。特里斯坦也离家出走，从此杳无 音讯。在苦苦的等待中光阴流逝。苏珊娜心灰意冷，终于答应嫁给艾尔弗 莱德。这时，上校不幸中风，流浪多年的特里斯坦此时又回到了家中。在这 些年中，他吃了许多苦，回来后他娶妻生子，想过上平静的生活，一切似 乎就要这样平静的结束了，然而在一次进城返回途中，妻子不幸被人误杀， 这再一次燃起他心中躁动的烈火。苏珊娜一直对塞缪尔深感内疚，如今特里斯坦妻子的死又使他十分痛 苦，她忍受不住这样的折磨以自杀结束了自己的生命。而特里斯坦此时已 将所有的一切置之度外，他终于在父亲和大哥艾尔弗莱德的帮助下报了 仇。特里斯坦又重新过起艰苦的生活，他活的时间很长，他亲手送走了自 己的父亲，又亲眼看着自己的孩子结婚生子，他是在60年代的一场与熊的 激战中，被熊爪夺去生命的，他的死法很英勇... ...
猎杀红色十月,1990,1990-03-02,动作 惊悚,134,74,英语,约翰·麦克蒂尔南,汤姆·克兰西,肖恩·康纳利 亚历克·鲍德温 斯科特·格伦 山姆·尼尔 詹姆斯·厄尔·琼斯 乔斯·雅克兰德 理查德·乔丹 彼得·费尔斯 蒂姆·克里,Invisible. Silent. Stolen.,1984年11月，苏联正处于戈尔巴乔夫上台前夕，也是美、苏两个超级大国明争暗斗的冷战高潮时期。苏联研制了一艘新型核潜艇“红十月号”，并派老练的雷米斯负责该艇的首次试航演习。此时，美国中央情报局也获取了有关“红十月”号的情报。途中，艇长雷米斯杀死了发现他隐私的专横政委并命令潜艇改变航向。他向全体官兵声称此举是要利用该艇先进的无声推进系统去通过美国海军的监视网并纵情游览美国的海岸线。一个苏联高级将领秘密挟带一艘超级军用潜艇“红月十月号”，究竟是想投奔美国，还是制造一场核战争？苏联国防部大为震动，遣派军队追捕，美国中央情报局亦派出精英部队拦截，一场联系美苏两国军事平衡的追击行动由此展开。
钢琴课,1993,1993-06-15,剧情 爱情,120,74,英语,简·坎皮恩,,霍莉·亨特 哈威·凯特尔 山姆·尼尔 安娜·帕奎因 克利夫·柯蒂斯 克里·沃克 伊恩·穆内 吉纳维芙·莱蒙 皮特·史密斯,沉默最终会影响到每一个人。,简·坎皮恩凭借这部关于欲望与创造力的崇高寓言，成为戛纳电影节首位荣膺金棕榈奖的女性导演。霍利·亨特通过静默演绎出痛彻心扉的感染力，以奥斯卡获奖表演塑造了艾达——一位选择缄默的苏格兰女性，通过珍爱的钢琴倾诉灵魂深处的悸动。当包办婚姻将艾达与她桀骜不驯的女儿带到十九世纪新西兰的荒野，她陷入与掌控欲强烈的丈夫以及一位粗犷拓荒者之间的意志博弈，而对后者的禁忌情愫更使她内心波澜翻涌。影片以感性忧郁的影像诗学、戏剧性的海岸景观与恢弘配乐，铸造出这场超越时代的女性觉醒颂歌，令人沉醉的感官体验中燃烧着音乐与情欲的双重火焰。
最佳敌人,2019,2019-04-05,剧情 历史,133,74,英语,Robin Bissell,,塔拉吉·P·汉森 山姆·洛克威尔 巴布·塞赛 安妮·赫切 韦斯·本特利 尼克·瑟西 布鲁斯·麦克吉尔 约翰·霍华德·加拉格尔 尼古拉斯·洛根,Change is worth fighting for,汉森饰演北卡罗来纳州达勒姆的民权活动家Ann Atwater，与3K党领导者C.P. Ellis(洛克威尔)进行了为时10年的斗争，直到1971年，两人同意共同主持一个为期两周的社区会议，以应对法院命令的学校废除种族隔离法令。这场会议改变了他们的生活。
发生什么了，西蒙妮小姐？,2015,2015-01-22,音乐 纪录,101,74,英语,Liz Garbus,,Nina Simone Lisa Simone 迪克·格雷戈里 Stanley Crouch Elisabeth Henry-Macari Ilyasah Shabazz,Her story. Her voice.,Netflix出品的纪录片，相信很多人喜欢女歌手Nina Sinmone，就像《爱在日落余晖时》里朱莉·德尔佩模仿的那种唱腔和标志性的舞台动作，她是一位优秀的爵士女伶，她还是一位人权斗士。
暗度陈仓,1965,1965-03-24,喜剧 犯罪,111,74,法语,热拉尔·乌里,马塞尔·朱利安,布尔维尔 路易·德·菲奈斯 韦朗第洛·维朗迪尼 亨利·热内斯 美芭·隆卡尔 阿莉达·切莉 兰多·布赞卡 雅克·埃塞 Henri Virlogeux,暗度陈仓,安东尼（布尔维尔 Bourvil 饰）是一个普通的再不能更普通的中年男人，一次意外中，他竟与黑帮老大萨洛扬（路易·德·菲耐斯 Louis de Funès 饰）相识了。对于萨洛扬的真实身份，老实的安东尼并没有任何的察觉，他只以为萨洛扬是一个难得的好心人，因为萨洛扬不仅赞助了他从那不勒斯到波尔多的全部旅费，还送给了他一辆超级豪华的轿车。  　　就这样，安东尼怀着激动和兴奋的心情，开着闪亮的轿车开始了他的幸运之旅，然而，一路上，各种各样的麻烦接踵而至。原来，萨洛扬送给安东尼的轿车里藏有大量的黄金、钻石和毒品，他利用了安东尼的善良，让他间接成为了帮助自己运送赃物的“帮凶”，这个表面上看来天衣无缝的计划能否成功进行呢
飞出个未来大电影1：班德大行动,2007,2007-11-27,动画 喜剧 科幻,89,74,英语,Ken Keeler,Dwayne Carey-Hill,比利·维斯特 卡特夫·薩加爾 约翰·迪·马吉欧 菲尔·拉马 Tress MacNeille 劳伦·汤姆 莫里斯·拉马尔凯 大卫·赫尔曼 Dawnn Lewis,Just when you thought it was safe to watch something else!,本片改编自著名搞笑科幻动画电视剧《飞出个未来》，讲述了星际快递公司被坏蛋接管，我们可怜的机器人班德落入了歹徒的魔掌，他被迫去帮助他们完成阴谋计划。
冷血惊魂,1965,1965-06-01,剧情 惊悚 恐怖,105,74,英语,罗曼·波兰斯基,热拉尔·布拉什,凯瑟琳·德纳芙 Ian Hendry John Fraser 伊冯·弗奴克丝 Patrick Wymark Renée Houston Valerie Taylor James Villiers Helen Fraser,处女梦魇世界化为银幕惊悚现实！,罗曼·波兰斯基继国际突破之作《水中刀》后，以这部充满争议、令人战栗的精神崩溃故事再掀波澜。凯瑟琳·德纳芙饰演脆弱而冷漠的年轻美人卡萝尔，在姐姐外出度假独留伦敦公寓期间，她逐渐陷入精神崩溃。虚实交织的幽灵缠绕着她，癫狂最终演变成暴烈而歇斯底里的爆发。凭借令人不安的细节刻画，以及波兰斯基将幽闭空间转化为情绪雷区的精湛手法，成为一场超现实且颠覆认知的、直抵个人恐惧深处的骇人旅程，至今仍是影史上最令人心悸的心理惊悚片之一。
继承者,2014,2014-12-03,剧情,105,74,法语,Marie-Castille Mention-Schaar,Ahmed Dramé,Ariane Ascaride Ahmed Dramé 诺米·梅兰特 吉纳维耶夫·姆尼希 斯特凡纳·巴克 Wendy Nieto Aïmen Derriachi Mohamed Seddiki Adrien Hurdubae,Based on a true story,根据真实故事改编。
困在爱中,2013,2013-07-05,剧情 喜剧 爱情,97,74,英语,乔什·布恩,,格雷戈·金尼尔 詹妮弗·康纳利 莉莉·柯林斯 纳特·沃尔夫 莉安娜·利贝拉托 罗根·勒曼 克里斯汀·贝尔 斯宾塞·布雷斯林 斯蒂芬·金,A story about first loves and second chances.,威廉（格雷戈·金尼尔 Greg Kinnear 饰）是一名作家，他的著作曾经霸占了畅销榜，但现如今，遭遇了写作瓶颈期的威廉脑袋里一个灵感都没有。2年前，威廉和妻子艾丽卡（詹妮弗·康纳利 Jennifer Connelly 饰）离了婚，这段婚姻堪称灾难，但威廉却一直无法从中走出来。但很显然，艾丽卡已经摆脱了过去的阴影，开启了全新的生活。
燃烧,2018,2018-05-17,悬疑 剧情 惊悚,148,74,朝鲜语,李沧东,吴政美,刘亚仁 史蒂文·元 全钟瑞 金秀京 崔承浩 文成根 闵福基 潘慧罗 车美京,真相都在你心里。,生活困顿的孤独内向者钟秀的人生，因闯入他世界的两人而变得复杂：先是邂逅灵动洒脱、带来情感可能的惠美，随后又遇见她旅行归来时带回的富有精致的青年本。当钟秀得知本的神秘癖好而惠美又突然失踪后，他开始陷入困惑与偏执，并走向令人震惊的结局。
大鱼海棠,2016,2016-07-08,动画 冒险 奇幻,105,74,汉语,梁旋,张春,季冠霖 潘淑兰 苏尚卿 许魏洲 金士杰 九儿 张媛媛 薛立方 阿杰,Two worlds. One destiny.,所有活着的人类，都是海里一条巨大的鱼；出生的时候他们从海的此岸出发。他们的生命就像横越大海，有时相遇，有时分开……死的时候，他们便到了岸，各去各的世界。  四十五亿年前，这个星球上，只有一片汪洋大海，和一群古老的大鱼。在与人类世界平行的空间里，生活着一个规规矩矩、遵守秩序的族群，他们为神工作，掌管世界万物运行规律，也掌管人类的灵魂。他们的天空与人类世界的大海相连。他们既不是神，也不是人，他们是“其他人”。  少女椿，作为生家族的继承人，掌管着海棠花的生长。不惜违背族人戒律，逆天而行，在海底世界秘密饲养人类少年的灵魂——一条拇指大的小鱼。
火影忍者剧场版：火之意志的继承者,2009,2024-04-20,动作 冒险 喜剧 剧情 奇幻 动画,95,74,日语,村田雅彦,武上纯希,竹内顺子 中村千绘 井上和彦 朴璐美 日野聪 森久保祥太郎 伊藤健太郎 柚木凉香 鸟海浩辅,,为追踪4名血继限界继承者的下落，小樱、漩涡鸣人、卡卡西和佐井奉命前往。但在岩隐和草隐交界的须弥山失去目标，鸣人和佐井也身受重伤。在此之后，自称卑留呼的前木叶村忍者单方面宣战，他之前因修习鬼芽罗术而被逐出木叶，而今他企图集齐5个血继限界成为不死的完美忍者，进而发起第四次忍界大战。在此危急时刻，卡卡西感受到来自卑留呼的召唤。失去最重要的导师，鸣人、木叶村乃至忍者诸国面临前所未有的挑战……
醉拳,1978,1978-10-05,动作 喜剧,111,74,Cantonese,袁和平,吴思远,成龙 袁小田 黄正利 石天 徐虾 林瑛 林蛟 李超俊 蒋金,The Original Kung Fu Comedy!,广东武术界名人黄麒英自儿子黄飞鸿（成龙）小时候起就严格训练其习武，可惜黄飞鸿少年时代年轻气盛，经常用三脚猫功夫在外惹事生非，武学上一直无大的长进。直到某次较量中被人打得落花流水且受到侮辱，黄飞鸿才发誓要拜苏乞儿（袁小田）为师好好习武。
魔女2,2022,2022-06-15,动作 悬疑 惊悚 科幻,137,74,朝鲜语,朴勋政,,申始雅 朴恩斌 徐恩秀 晋久 成侑彬 贾斯廷·哈维 赵敏修 车顺裴 李钟硕,一切的起源,一名少女在某个巨型秘密实验室里醒来，她逃出实验室，偶然遇到努力从犯罪组织那里守护自己的家的庆熙。闯入庆熙家里的犯罪组织和少女冲突后，少女以压倒性的实力打败了他们。这期间，秘密实验室一直在追踪少女，这名神秘的少女到底是谁？
浪潮,2019,2019-11-15,爱情 剧情,135,74,英语,特里·爱德华·沙尔茨,,小凯尔文·哈里森 泰勒·拉塞尔 芮妮·戈兹贝里 斯特林·K·布朗 卢卡斯·赫奇斯 亚历克萨·德米 尼尔·赫夫 小克利夫顿·克林斯 Krisha Fairchild,爱即是隐耐,威廉姆斯夫妇是非洲裔美国人，居住在佛罗里达州南部一个富裕的中产阶级郊区，生活舒适。他们认为自己拥有一个幸福的家庭，但是作为父亲的罗纳德 决不会让他17岁的儿子泰勒 忘记为成功所付出的努力。他告诉儿子，如果你在美国是黑人，那你就负担不起美国平均消费水平的奢侈生活。因此，泰勒必须擅长于他所做的一切。他要让泰勒随时随地记住他所说的一切。
已经开始想你,2015,2015-11-06,喜剧 剧情,112,74,英语,凯瑟琳·哈德威克,Morwenna Banks,德鲁·巴里摩尔 托妮·科莱特 多米尼克·库珀 派迪·康斯丁 弗朗西斯·德·拉·图瓦 杰奎琳·比塞特 泰森·里特 Kumud Pant 诺亚·亨特雷,"When life falls apart, friends keep it together",该片讲述了德鲁·巴里摩尔饰演的Jess和托妮·科莱特饰演Milly两位好闺蜜之间的故事，她们从小一起长大，形影不离；Milly有两个可爱的孩子生活幸福美满；Jess则是一直期待能和丈夫有自己的孩子，经历多次怀孕不果后她终于怀孕成功，在她想要和Milly分享这一喜悦的时候，Milly却被查出了癌症，面对突如其来的噩耗，Milly不堪一击，Jess此时成为她最大的依靠，并且陪伴她经历这最备受煎熬的时刻……
史酷比和幽灵女巫,1999,1999-10-05,喜剧 悬疑 家庭 奇幻 动画,70,74,英语,Jim Stenstrum,David A. Goodman,Scott Innes Mary Kay Bergman 弗兰克·维尔克 B.J. Ward 蒂姆·克里 金伯莉·布鲁克斯 詹妮弗·黑尔 Jane Wiedlin 鲍勃·裘斯,,"Scooby-Doo and the Mystery Gang visit Oakhaven, Massachusetts to seek strange goings on involving a famous horror novelist and his ancestor who is rumored to have been a witch."
史酷比与食尸鬼学校,1988,1988-10-16,动画 家庭 电视电影 悬疑 奇幻,93,74,英语,Charles August Nichols,Glenn Leopold,Casey Kasem 唐·梅西克 格林尼斯·约翰斯 Susan Blu Patty Maloney Pat Musick Marilyn Schreffler 露西·泰勒 弗兰克·维尔克,"Hey there, it's the ghoul school!","Scooby, Shaggy and Scrappy are on their way to a Miss Grimwood's Finishing School for Girls, where they've been hired as gym teachers. Once there, however, they find that not only is it actually an all-girl school of famous monsters' daughters but there's a villainess out to enslave the girls."
痛苦与荣耀,2019,2019-06-17,剧情,114,74,西班牙语,佩德罗·阿莫多瓦,,安东尼奥·班德拉斯 Asier Etxeandia 莱昂纳多·斯巴拉利亚 诺拉·纳瓦斯 Julieta Serrano 佩内洛普·克鲁兹 César Vicente Asier Flores Cecilia Roth,,讲述了电影导演萨尔瓦多·马洛在身体日渐衰弱时经历的一系列重逢：有些是真实相遇，有些是回忆追溯——包括他在60年代的童年，随父母迁居瓦伦西亚村庄寻求生计的岁月，初萌的欲望，80年代马德里那段热烈的成年初恋，以及爱情在依然鲜活炽烈时破裂的痛苦。写作成为忘记那无法忘怀之事的唯一疗法，对电影的早期发现，以及因无法继续创作而产生的空洞、无尽的空洞。本片探讨创作，探讨将其与个人生活分离的困难，以及赋予创作意义与希望的激情。在重拾过往的过程中，萨尔瓦多找到了诉说过往的迫切需求，而正是这种需求，也成为了他的救赎。
死亡天使,2018,2018-10-31,剧情 犯罪,118,74,西班牙语,Luis Ortega,Sergio Olguín,Lorenzo Ferro 奇诺·达林 Mercedes Morán Daniel Fanego 路易斯·尼科 Cecilia Roth Malena Villa William Prociuk 马塞洛·德安德里亚,Inspired by true events.,布宜诺斯艾利斯，1971年。Carlitos是个17岁的青少年。他拥有常人难以抗拒的天使般的面庞。不论他想得到什么，他总能心想事成。在学校，他与Ramon不期而遇。两人组成了魅力难当的美男二人组。他们很快踏上了一条以偷盗、谎言，甚至杀戮组成的堕落之路，而这只是他们表达自我的一种方式。
骷髅跳舞,1929,1929-08-29,动画 家庭 音乐 喜剧 恐怖,5,74,英语,沃尔特·迪斯尼,,沃尔特·迪斯尼 Carl W. Stalling,"The greatest talking picture novelty ever screened! -- A laugh riot from start to finish! A comically clever cartoon classic with music, sound, and original effects","The clock strikes midnight, the bats fly from the belfry, a dog howls at the full moon, and two black cats fight in the cemetery: a perfect time for four skeletons to come out and dance a bit."
玫瑰人生,2007,2007-06-22,音乐 剧情,140,74,法语,奥利维埃·达昂,伊莎贝尔·索贝尔曼,玛丽昂·歌迪亚 西尔维·泰斯蒂 帕斯卡尔·格雷戈里 艾玛纽尔·塞尼耶 让-保罗·卢弗 热拉尔·德帕迪约 克洛蒂尔·蔻洛 让-皮埃尔·马丁斯 卡特琳娜·阿莱格雷,艾迪特·皮雅芙的非凡故事。,有着“小麻雀”之称的法国国宝级歌手艾迪特•皮雅芙（玛丽昂•歌迪亚饰），她有着传奇的一生。皮雅芙的童年颠沛流离，先是被母亲抛弃，然后被父亲送到妓院由祖母抚养，随后在父亲从军队退役后，又被强行带走随马戏团演出生活。再之后皮雅芙跟随父亲卖艺为生，街头初啼并到成为一名酒吧卖唱的少女。 　　正式登台的皮雅芙顺利成为一名歌喉迷人的明星，演唱了许多脍炙人口的歌曲。然而她的情感却一再受挫，尤其是和拳击手马塞尔（让-皮埃尔·马丁斯饰）的情感经历。她的晚年每况愈下，最后死于肝癌。
战士奇兵,1994,1994-09-02,剧情,99,74,英语,Alan Duff,李·塔玛霍瑞,瑞娜·欧文 特穆拉·莫里森 Mamaengaroa Kerr-Bell 朱利安·艾伦 汤格罗阿 埃米尔 Rachael Morris Jr. Joseph Kairau 克利夫·柯蒂斯 皮特·史密斯,Their People Once Were Warriors. But Once... Was a Long Time Ago,"由“联基""电影公司出品，李．塔玛霍利执导。讲述Beth的家庭问题很多，不单要照顾五名儿女，更要面对终日流连酒巴的粗鲁丈夫，十八年的夫妇关系，一时甜言密语，一时喂以拳头，打打闹闹的过日子，连两个儿子也受不了，决定要离家出走。本是一个愿打，一个愿挨，相安无事，但因为丈夫的狐朋狗友性侵犯他们的女儿，把她害得自缢身亡。丈夫向朋友寻仇并且把他杀掉，但对自已不顾家庭的陋习仍死不悔改，Beth决定与他断绝关系。本片是一部曲型的家庭伦理片，通过一个家庭的描写来反映一个社会的文化倾向。情节真挚感人，深受观众喜爱。"
加勒比海盗2：聚魂棺,2006,2017-04-16,冒险 奇幻 动作,151,74,英语,泰德·埃利奥特,特里·鲁西奥,约翰尼·德普 奥兰多·布鲁姆 凯拉·奈特莉 杰克·达文波特 比尔·奈伊 乔纳森·普雷斯 李·阿伦伯格 麦肯齐·克鲁克 凯文·麦克纳利,杰克船长回来了！,迷人的杰克船长又回来了，这次，他遇到了更为强大的敌人——传说中的不死人大卫·琼斯，他驾驶着让人恐惧的“飞行荷兰人”号快船，在速度与装备上，没有任何船能够超越它。杰克船长欠下琼斯一个血债，他必须赶在最后时限到来之前，找到破解的方法，否则他会永远背负血债，并且在余生永远成为琼斯的奴隶。
阿凡达：火与烬,2025,2025-12-17,科幻 冒险 奇幻,197,74,英语,詹姆斯·卡梅隆,里克·杰法,萨姆·沃辛顿 佐伊·索尔达娜 西格妮·韦弗 史蒂芬·朗 奥娜·卡斯蒂利亚 杰克·尚皮永 凯特·温斯莱特 克利夫·柯蒂斯 乔尔·大卫·摩尔,传奇导演詹姆斯·卡梅隆全新史诗续章。,从人类归化纳美族并当上首领的杰克·萨利、妻子纳美战士奈蒂莉及萨利的家人一同在经历奋战与伤痛后开始在岛礁群生活，但他们仍未走出纳特亚姆去世的阴影。为保护蜘蛛，他们随风之商人部族踏上返乡之旅，却途中遭到由瓦琅率领的灰烬族袭击。与此同时，人类军方正在筹备新的进攻。
埃及艳后的任务,2002,2002-01-30,家庭 奇幻 喜剧 冒险,107,74,法语,阿兰·查巴特,Albert Uderzo,热拉尔·德帕迪约 Christian Clavier 贾梅尔·杜布兹 莫妮卡·贝鲁奇 阿兰·查巴特 Claude Rich Gérard Darmon Édouard Baer Dieudonné,美丽新世界2：女王任务,埃及女王克里奥佩特拉跟凯撒大帝打赌，说埃及虽然早已不是伟大的法老时代，但仍能在三个月里建起一座宫殿。她把这个不可能的任务交给了纽迈罗比斯，建成将得到黄金等身，建不成就会被押出去喂鳄鱼。该建筑师请来朋友帮忙，朋友为他调制了一剂神奇魔药，能让他法力无边。片名中的两位主角护送他去埃及。当凯撒得知宫殿将顺利建成，便派兵摧毁，以便在跟女王的打赌中胜出，但他忘了算上两位机智的主角。
是我们的错,2025,2025-10-16,爱情 剧情,112,74,西班牙语,多明戈·冈萨雷斯,梅塞德斯·罗恩,妮科莱·瓦利亚塞 加布里埃尔·格瓦拉 加布里埃拉·安德拉达 玛塔·哈扎斯 戈雅·托莱多 伊万·桑切斯 Felipe Londoño 弗兰·贝伦格尔 Alex Bejar,,尼克和诺亚的关系正处于最美好的时刻。然而，这对恋人似乎再也无法回到从前。一系列事件将接踵而至，让他们最终明白彼此是否真正适合对方。或者，相反地，他们会发现最好的选择是分道扬镳，即便要忘记如此深刻的爱或抹去烙印在心上的记忆是那么困难。爱并非总是足够，而原谅有时也不足以修复一切。他们能否放下过去，重新开始呢？
等待伯强格斯,2021,2021-10-13,剧情 喜剧 爱情,124,74,法语,Régis Roinsard,Olivier Bourdeaut,维尔日妮·埃菲拉 罗曼·杜里斯 Grégory Gadebois Solan Machado-Graner Éliza Maillot Bénédicte Charton Morgane Lombard Fabienne Chaudat Franck Mercadal,,该片改编自Olivier Bourdeaut撰写的同名小说，讲述一个年轻的男孩与父母住在巴黎的公寓中，父母每晚都伴着《Mister Bojangles》跳舞。当他的母亲完全陷入了自己的思想中，小男孩与父亲逃离了巴黎，前往西班牙的乡间别墅，他们这时才理解了有负担的人才是最光芒四射的。
守护者联盟,2012,2012-11-21,动画 家庭 奇幻 动作 冒险,97,74,英语,彼得·拉姆齐,威廉·乔伊斯,克里斯·派恩 亚历克·鲍德温 裘德·洛 艾拉·菲舍尔 休·杰克曼 达科塔·高尤 伊莎贝拉·布莱克-托马斯 雅各布·贝特兰德 卡马尼·格里芬,You better believe.,圣诞老人诺斯、复活节兔子、牙仙和沙人，这些童年的守护者个个长生不老、力量强大又动作敏捷，他们的任务就是尽其所能保护所有孩子的天真与想象力，但一个心怀不轨的坏蛋出现了，他打算抢夺孩子们的希望和梦想来抹去守护者的存在。此时这群深受喜爱的英雄需要杰克冻人助其一臂之力，但这位新加入的守护者却只喜欢玩雪，对拯救世界毫不关心。从北极最深的隐蔽处、上海的屋顶到新英格兰的迷你小镇，守护者在世界各个角落进行一场规模浩大的战争以对抗邪恶又擅于蛊惑人心的的食虫人。他的阴谋是到处散布恐惧来征服全世界，而唯一能够阻止他的就是相信的力量，以及守护者拥有的神奇魔力。
社交网络,2010,2010-10-01,剧情,120,74,英语,大卫·芬奇,亚伦·索金,杰西·艾森伯格 安德鲁·加菲尔德 艾米·汉莫 乔什·平茨 贾斯汀·汀布莱克 麦克思·明格拉 布兰达·宋 拉什达·琼斯 约翰·盖茨,你没法不结下几个敌人地认识5亿个朋友,2003年秋夜，哈佛大学本科生兼编程天才马克·扎克伯格坐在电脑前，热烈地开始酝酿一个新创意。在一连串怒涛般的博客写作与程序编码中，这个始于宿舍房间的构想迅速演变为全球社交网络，掀起了一场通信革命。仅仅六年后，当这个平台拥有5亿好友时，马克·扎克伯格已成为史上最年轻的亿万富翁……但对这位创业者而言，成功却引向了个人与法律的双重困境。[哥伦比亚影业]
祖鲁战争,1964,1964-01-22,动作 剧情 历史 战争,138,74,英语,Cy Endfield,John Prebble,斯坦利·贝克 杰克·霍金斯 乌拉·雅各布森 詹姆斯·布斯 迈克尔·凯恩 奈杰尔·格林 保罗·丹尼曼 帕特里克·马吉 格林·爱德华兹,Dwarfing the mightiest! Towering over the greatest!,本片讲述19世纪末英军在非洲的一处要塞人手不足，但遭到成千上万当地土著祖鲁人的进攻。祖鲁族是非洲最善战的民族，与英军发生激烈交战。英军顽强抵抗，最终以小胜大。
走钢丝的人,2008,2008-08-29,纪录,94,74,英语,詹姆斯·马什,菲利普·佩蒂特,菲利普·佩蒂特 Jean François Heckel Jean-Louis Blondeau Annie Allix David Forman Alan Welner Barry Greenhouse Jim Moore Mark Lewis,1974. 1350 feet up. The artistic crime of the century.,1974年8月7日，一位名叫菲利普·帕特的法国青年踏上非法架设在纽约世贸中心双子塔（当时世界最高建筑）间的钢索。在近一小时的高空行走后，他被逮捕并接受心理评估，最终在拘留后获释。历经六年半对双子塔的憧憬，帕特又在纽约耗费八个月精心策划这次行动。在一群朋友与同谋的协助下，帕特面临着无数非凡挑战：必须设法突破世贸中心的安保防线；将沉重的钢缆与索具装备偷运至塔楼；在两座塔顶间传递钢索；锚固并绷紧钢索以抵御强风与建筑晃动。所有索具安装均在深夜秘密完成。早晨7点15分，菲利普在距曼哈顿人行道1350英尺的高空迈出了钢索上的第一步。[木兰花影业]
伯纳德行动,2007,2007-03-23,剧情 战争,98,74,德语,Stefan Ruzowitzky,,卡尔·马克维斯 奥古斯特·迪尔 德维德·斯特里索 Martin Brambach August Zirner Veit Stübner 塞巴斯蒂安·乌泽多夫斯基 Andreas Schmidt 蒂洛·普里克纳,,20世纪30年代，二次大战如火如荼。而萨利（Karl Markovics卡尔•马克维斯 饰）凭借一手高超的伪造技巧春风得意，佳肴美女信手拈来，好不自在。但是他的好日子并为持续多久，很快他便因为遭罪被逮捕，随后投入毛特豪森集中营。当时德国纳粹图谋制造大量假币，以扰乱同盟国的经济。萨利的才能得到发掘，他成了这个秘密伪钞制造小组的头目，但良心却促使他选择了另一条路…… 本片根据阿道夫•博格（Adolf Burger）原著《魔鬼工厂》（The Devils Workshop），书中所述为作者亲身经历，影片荣获2008年奥斯卡最佳外语片奖和2007年德国电影金像奖最佳男配角奖（Devid Striesow）。  © 豆瓣
"Maggie Simpson in ""Playdate with Destiny""",2020,2020-03-06,动画 喜剧 家庭 爱情,4,74,英语,大卫·斯沃曼,Max Pross,Chris Edgerly,,"When Maggie Simpson is rescued by a cute young baby from playground peril, it's girl meets boy, girl loses boy, guess what happens next?"
雪中的棕榈树,2015,2015-12-25,剧情 历史 爱情,164,74,西班牙语,Fernando González Molina,Luz Gabás,马里奥·卡萨斯 阿德里亚娜·乌加特 玛卡莲娜·加西亚 Alain Hernández Berta Vázquez Djédjé Apali Daniel Grao José María Kimbo Fernando Cayo,Based on thousands of real stories,Kilian是个年轻人，从来没有离开山脚下的韦斯卡。1953年他前往费尔南多浦的异国岛屿，和他的父亲和兄弟一起在一个可可种植园里工作。故事讲述了他在这座岛20多年的生活……
颠倒的帕特玛,2013,2013-11-09,动画 科幻 冒险 剧情,98,74,日语,吉浦康裕,,藤井幸代 冈本信彦 土师孝也 大畑伸太郎 福松进纱 加藤将之 安元洋贵 内田真礼 梅津秀行,Come see the world through Patema's eyes.,在秩序井然的艾嘉王国，人类谨遵祖先的教训，绝不抬头仰望苍穹，放纵思绪流淌狂奔。传说在很久以前，地上的人们挑战造物，结果致令重力反转，难以数计的人类和建筑“坠入”蓝天，销声匿迹。但森严的秩序和自由思想势必发生冲突，少年艾吉（冈本信彦 配音）夜晚偷偷溜到野外，躺在草地上仰望繁星点点的夜空，而就在此时，身后的洞口出现了一个神色慌张的女孩。她叫帕特玛（藤井雪代 配音），拥有和艾吉全然相反的重力场。为了防止帕特玛跌落到空中，艾吉小心翼翼将其带到小屋保护起来。可是政府很快发现了帕特玛的踪迹，最高领导人动员全部力量展开围捕。在你来我往的追逐过程中，艾嘉王国和反转人的秘密也悄然揭开……
圣诞快乐,2005,2005-11-09,剧情 战争 爱情 历史,116,74,法语,Christian Carion,,黛安·克鲁格 本诺·菲尔曼 纪尧姆·卡内 加里·刘易斯 丹尼·布恩 丹尼尔·布鲁赫 亚历克斯·费恩斯 Steven Robertson Frank Witter,Without an enemy there can be no war.,第一次世界大战在一九一四年的时候仍然处于胶着状态，参战的欧洲各国在大大小小的战役里争夺自己的利益，各个阶层的人不断的拖入战争。德国男高音斯普林克，被迫放弃自己的艺术生涯和女友安娜，参军入伍。圣诞节前的平安夜，安娜来看望斯普林克，也为士兵们带来了她柔美的歌声。战场上所有的人都被这雪夜的仙乐所温暖，德国人爬出战壕，高举点缀璀璨的圣诞树；英国人也吹起了悠扬的苏格兰风笛；所有的战士放下武器，走到一起，相互预定度过一个和平安详的圣诞节。然而，短暂的和平还是被上级的命令打破，相互残杀依旧不可避免。  故事发生在1914年的冬天，第一次世界大战战场上一块三角形的阵地，英军、法军抵制德军的进攻。英军中有想在战争中有所作为的兄弟，也有与世无争的牧师军医巴尔迈尔；德军里有刚刚从舞台上征招入伍的演员斯普林克；法军中有妻子即将临产的青年军官阿德贝尔特，每天闹表调到10点、给妈妈准备咖啡的彭瑟尔。因为战争，他们远离佳人，聚集在一起。战争是残酷的，咫尺之遥的战壕里双方死伤都很大，眼睁睁看着战友和兄弟倒下，却无法救助，士兵们都被眼前的血腥吓住了，内心充满恐惧。  寂静的平安夜，英国牧师吹响了风笛，优美动听的笛声回荡在布满尸体的战场上；斯普林克说服女友安娜陪自己离开豪华明亮热闹的军官聚会，来到寒冷紧张的战场上为士兵们延长，他一点点走出战壕，把装饰璀璨的圣诞树也摆在了战壕上；英国风笛慢慢随着歌声飘散战场上空，士兵们也慢慢走出封锁线。三个军官达成协议，要平安度过平安夜，快乐地过个圣诞节。于是，三国士兵走到了一起，度过了一个愉快平安的平安夜。  自从那夜后，士兵们建立起了深深的友谊，不愿意任何人在战争中受伤：德军轰炸英军、法军的时候，德军就让他们躲在自己的战壕里，法军轰炸德军是就让德军躲在自己的战壕。可是，天下没有不透风的墙，不久，后方军官就发现了情况，战争又不可避免地开始了。
油脂,1978,1978-06-16,爱情 喜剧,110,74,英语,Randal Kleiser,勃朗特·伍达德,Olivia Newton-John 约翰·特拉沃尔塔 斯托卡特·詹宁 Jeff Conaway Barry Pearl 迈克尔·图奇 Kelly Ward Didi Conn Jamie Donnelly,油脂是这个词。,由美国派拉蒙影片公司出品，导演兰德尔．克莱泽。澳大利亚姑娘珊迪．奥森爱上了学校“硬汉帮”的头头丹尼，为了能和他配对，原本端庄稳重的珊迪变得赶时髦潮流，也故意和全校有名的漂亮运动员约会。这样丹尼出于嫉妒又来追求珊迪。本片有很多歌舞场面，男女主角也唱了不少新老流行歌曲。成为1978年入夏以来美国影坛上又一部轰动的影片。
哭声,2016,2016-05-12,恐怖 悬疑,156,74,朝鲜语,罗泓轸,,郭到元 黄晸珉 千玗嬉 国村隼 金焕熙 许真 张素妍 金度允 赵汉哲,Never be tempted.,一名外国人的神秘现身，在宁静的乡间村落中引起居民猜疑——当村民们开始毫无缘由地残暴相残时，猜疑迅速升级为恐慌。负责调查的警察眼见女儿也染上同样的疯狂，便同意请教一位巫师以求解答——却未料到此举令事态陷入更危险的境地。[Well Go USA]
上班一条虫,1999,1999-02-19,喜剧,90,74,英语,迈克尔·贾奇,,朗·里维斯顿 詹妮弗·安妮斯顿 大卫·赫尔曼 阿杰·奈杜 迪德里希·巴德 斯蒂芬·鲁特 盖瑞·科尔 理查德·里勒 阿里 温特沃斯,Work sucks.,在Initech公司上班的电脑工程师彼得?吉邦斯，正值他28岁的中年危机时期，他觉得无法再忍受日复一日那些琐碎、令人麻木的办公室生活。更令他沮丧的是，他的私生活也不是很乐观，因为他非常相信他的女友――安有别的男人。  　　唯一让彼德感到稍感欣慰的是，他的伙伴麦克尔?波尔顿和塞米尔最近分别感觉到他们在Initech的工作，并不如他们的副总比尔?兰伯格说得那样有保障。比尔是一位综合所有坏老板应有的特质的上司，一位颇有年纪，也喜欢掌控的雅痞，但他又是那种文质彬彬十分客气的人，让公司大小都找不出适当理由对他生气。  　　米尔顿是公司另一位五斗米折腰的员工。表现一直不如他人的米尔顿，一直处于被调座位的生活中。终于有一天，当他发现自己的座位越来越靠近储藏室时，他的忍耐度达到了极限。  　　一天公司新来了两位效率专家约翰和保罗，他们决定要简化公司的整个员工组织，彼得、麦克尔、塞米尔和米尔顿也面临被裁员的困境。事情虽然看来很糟，但彼得只要想到他未来30年还要过这样的生活，被裁员似乎就不是那么严重。在一家叫Chotchkies的主题餐厅服务的女服务生乔安娜，也面临类似彼得的相同问题。虽然事事看来都挺不乐观，彼得和他的朋友们却没有放弃希望，相反的，他们计划了一件大事，如果成功了他们将可以带着大笔钱早早退休。他们能如愿以偿吗？
冰川时代,2002,2002-09-28,动画 喜剧 家庭 冒险,82,74,英语,迈克尔·J·威尔森,克里斯·韦奇,雷·罗马诺 约翰·雷吉扎莫 丹尼斯·利瑞 戈兰·维什尼奇 杰克·布莱克 塞德里克·凯尔斯 斯蒂芬·鲁特 迪德里希·巴德 艾伦·图代克,一万六千年前最酷的事,故事发生在两万年以前的冰河世纪，那时的地球上很多地方都覆盖着冰川，奇形怪状的动物们四处逃窜，希望能够找到一个安身的地方，心地善良的长毛象--曼菲德、嗜食的树獭--希德、狡猾的剑齿虎--迭哥，这三只性格迥异的动物为了使一个人类的小孩重返家园，竟然聚在了一起，组成了一只临时护送队，踏上了漫漫寻亲路。一路上这三只动物矛盾重生，迭哥心生毒计，想诱领队伍踏入自己族类设下的致命伏击，但在他们共同经历了雪崩、饥荒等无数险境之后，这些与严酷环境抗争的经历使迭哥开始对自己的计划动摇了......
一战再战,2025,2025-10-17,惊悚 犯罪 喜剧,162,74,英语,保罗·托马斯·安德森,托马斯·品钦,莱昂纳多·迪卡普里奥 西恩·潘 蔡斯·英菲尼迪 本尼西奥·德尔·托罗 雷吉娜·赫尔 缇雅娜·泰勒 伍德·哈里斯 托尼·戈德温 唐纳德·沃伦 莫菲特,为爱而战，至死方休！,落魄潦倒的革命者鲍勃（莱昂纳多·迪卡普里奥 饰）终日生活在草木皆兵的偏执状态，他与世隔绝，只和坚韧自立的女儿薇拉（蔡斯·英菲尼迪 饰）相依为命。然而，当鲍勃的宿敌（西恩·潘 饰）在16年后再度现身，女儿也突然失踪，这位曾经的激进分子仓促踏上了寻女之路，父女二人不得不直面他过往行为种下的恶果……
霍比特人1：意外之旅,2012,2012-12-14,冒险 奇幻 动作,182,74,英语,彼得·杰克逊,J.R.R.托尔金,马丁·弗瑞曼 伊恩·麦克莱恩 理查德·阿米蒂奇 詹姆斯·内斯比特 肯·斯托特 西尔维斯特·麦考伊 巴里·汉弗莱斯 迪恩·奥戈曼 艾丹·特纳,从最小处开始的最伟大的传说,中土最后一座矮人王国埃尔波尔，巍峨壮丽，庄严雄伟。老国王索尔积聚大量财富，却引来恶龙史茅革的觊觎和荼毒，最终导致这座城池陷落。许多年后，灰袍巫师甘道夫（伊恩·麦凯伦 Ian McKellen 饰）找到弗罗多的舅舅——霍比特人比尔博·巴金斯（马丁·弗里曼 Martin John C. Freeman 饰），邀请他加入由13名矮人组成的远征队伍。原来史茅革已多年不见声息，背负家国仇恨的矮人王子索林（理查德·阿米蒂奇 Richard Armitage 饰）希望借此机会收复故土。经过一番考虑，巴金斯决定加入。令他想不到的是，远征旅途多灾多难，与索林结下深仇大恨的苍白半兽人及其爪牙阴魂不散，更有食人鬼和石人制造的无数艰险。而在旅途中，巴金斯也意外得到了日后影响整个中土的重要宝物…
阴间大法师,1988,2024-04-20,奇幻 喜剧,92,74,英语,迈克尔·麦克道尔,蒂姆·伯顿,亚历克·鲍德温 吉娜·戴维斯 薇诺娜·瑞德 凯瑟琳·欧哈拉 杰弗里·琼斯 迈克尔·基顿 格伦·沙迪克斯 西尔维娅·西德尼 帕特里斯·马丁内斯,他保证在你的来世有生命。,经营着一家五金店的亚当（亚历克·鲍德温 Alec Baldwin 饰）与芭芭拉（吉娜·戴维斯 Geena Davis 饰）夫妻俩非常恩爱，两人虽然没有孩子，但把所有对彼此的爱都倾注在装扮自己的家上。这天夫妻俩出行时发生车祸，双双殒命。成为鬼魂的两夫妻不忍离开自己的家，但阴阳相隔他们只能眼睁睁看的自己的家中搬来了新主人。入住的迪兹与查尔斯一家将夫妻俩的房子大肆改造，亚当和芭芭拉想出闹鬼招数试图吓走迪兹一家却不起作用，反被迪兹喜爱呆在黑暗中的怪异女儿莉迪亚（薇诺娜·瑞德 Winona Ryder 饰）看破，做鬼也难得尊严。无计可施的夫妻俩按照亡灵手册指引，拜托流离于阴间主流之外的大法师“甲壳虫汁”（迈克尔·基顿 Michael Keaton 饰）帮助他们夺回自己的家……
北区侦缉队,2021,2021-08-18,惊悚 动作 犯罪,105,74,法语,赛德里克·吉门内兹,奥德蕾·迪万,吉尔·勒卢什 弗朗索瓦·西维尔 Karim Leklou 阿黛尔·艾克萨勒霍布洛斯 Cyril Lecomte Kenza Fortas Michaël Abiteboul 伊迪尔·阿祖格利 Vincent Darmuzey,这部惊悚片出自导演塞德里克·吉门内兹（《法国缉毒风云》）之手，由弗朗索瓦·西维尔、吉尔·勒卢什和卡里姆·莱克路联袂主演。,三名厌倦了繁琐苦差的马赛警察得到一个击破重大贩毒网的机会。然而，关键线人却提出令人为难的要求，是非界限也因此渐渐模糊。
泥土之界,2017,2017-11-17,剧情,135,74,英语,Dee Rees,Hillary Jordan,凯瑞·穆里根 杰森·克拉克 杰森·米切尔 玛丽·布莱姬 加内特·赫德兰 罗布·摩根 乔纳森·班克斯 小凯尔文·哈里森 凯里·卡希尔,,在1940年代的密西西比三角洲，两个农耕家庭——一户白人地主与一户黑人佃农——被他们共同耕作、不容情的土地捆绑在一起，于二战动荡与吉姆·克劳法时代南方毒害性的仇恨中艰难求生。两个家庭各将一名青年送上战场；当他们带着创伤返乡并寻得共同纽带时，整个社群因此撕裂。导演兼编剧迪·里斯与合著者维吉尔·威廉姆斯共同塑造了一部独特的美国悲剧，为苦涩的历史现实注入了永恒的厚重感。凭借里斯整体阵容（包括凯瑞·穆里根、玛丽·J·布莱姬、杰森·米切尔、罗布·摩根、加内特·赫德兰、杰森·克拉克与乔纳森·班克斯）深入骨髓的表演，以及瑞秋·莫里森幽暗而富有光泽的摄影加持，本片是一部基于希拉里·乔丹小说、灼热叩问宿命的人文主义研究。[标准收藏]
海啸奇迹,2012,2013-08-29,剧情 惊悚 历史,113,74,英语,J·A·巴亚纳,玛丽亚·贝隆,娜奥米·沃茨 伊万·麦克格雷格 汤姆·赫兰德 塞缪尔·乔斯林 奥克利·佩德加斯特 玛塔·埃图娜 索恩克·莫宁 杰拉丁·卓别林 普洛伊·辛达霍特,Nothing is more powerful than the human spirit.,玛莉雅（娜奥米·沃茨 Naomi Watts 饰）和亨利（伊万·麦克格雷格 Ewan McGregor 饰）带着三个儿子，一同前往泰国共渡圣诞佳节，不料就在圣诞节隔天，当这幸福的一家人在泳池旁享受着悠闲时光时，一股猛兽般的万呎滔天巨浪竟迎面袭来。被眼前景象震慑住的玛莉雅，一时反应不及，不幸惨遭巨浪袭卷；而尽管亨利及时抓住两个儿子准备逃亡， 一切仍旧太迟，凶猛的大水最后仍冲散了他们。一度被巨浪击昏的玛莉雅，醒来后发现自己正漂浮在海面，而原本围绕在身旁的所有景物，都已被淹没于水面下，她深信家人们皆已罹难的同时，竟发现自己的大儿子卢卡斯，竟然就漂浮在距离她仅有几公尺远的海面上。玛丽雅顿时犹如被打了一剂强心针，她决定想尽办法，要带着大儿子卢卡斯一起活着离开......
34街奇缘,1947,1947-06-04,喜剧 剧情 家庭,96,74,英语,George Seaton,Valentine Davies,莫琳·奥哈拉 John Payne 埃德蒙·格温 吉恩·洛克哈特 娜塔莉·伍德 波特·霍尔 William Frawley 杰罗姆·考恩 Philip Tonge,Capture the spirit of Christmas with this timeless classic!,纽约34街柯氏百货公司感恩节游行中，负责活动的华克太太，要求神似圣诞老人的克里斯替代酒醉出丑的汤尼扮演圣诞老人，克里斯慈祥、和蔼的笑容，赢得许多小孩的喜爱，唯独早熟的苏珊不相信圣诞老人的存在；于是她便相克里斯要求一间房子、一个弟弟和一个父亲作为圣诞礼物，藉此考验克里斯是不是真的圣诞老人。此时克里斯的盛名令柯氏死对头－捷克百货眼红，遂设计陷害克里斯，打击柯氏；华克太太请来好友布莱恩为克里斯辩护，在一场令法官也为难的听证会中，奇迹出现了……
香水,2006,2006-09-13,犯罪 奇幻 剧情,147,74,英语,汤姆·提克威,帕特里克·聚斯金德,本·卫肖 艾伦·瑞克曼 蕾切儿·哈伍德 达斯汀·霍夫曼 约翰·赫特 卡罗琳·赫福特 大卫·考尔德 西蒙·钱德勒 西恩·托马斯,根据畅销小说改编,十八世纪，让-马普蒂斯特•格雷诺耶出生在巴黎最肮脏、最恶臭不堪的地方——鱼市场上。格雷诺耶天生对气味有着惊人的天赋：无论恶臭还芳香，他都一一记住，并能轻易分辨各种气味。当他在孤儿院长到13岁的时候，被院长卖给了制皮匠。格雷诺耶在制皮铺过着犬马不如的生活。机缘巧合，格雷诺耶在香水巴尔蒂尼面前展露了其过人的天赋，进入了香水铺工作。但格雷诺耶并不仅仅满足于制作出世界上最芳香的香水，他梦想学得如何保存万物气味的方法。巴尔蒂尼告诉格雷诺耶香水的起源地在格拉斯，那里的人知道保存气味的方法。格雷诺耶拿着巴尔蒂尼的推荐信来到了格拉斯。 格雷诺耶爱上了青春少女的体香，为了把这种香味保存下来，格雷诺耶最终走上了杀手的道路。
好梦一日游,2019,2019-11-06,喜剧 剧情,115,74,法语,Nicolas Bedos,,丹尼尔·奥特伊 纪尧姆·卡内 多莉亚·蒂利耶 范妮·阿丹 皮埃尔·阿迪提 丹尼斯·波达利德斯 米歇尔·科恩 珍妮·阿雷内斯 伯特兰·庞塞特,"If you could live your own life again, would you do it?",尼古拉斯·贝多斯([阿德尔曼夫妇])自编自导的新片[美好年代](La Belle Époque，暂译)已于9月25日开机，将于本月28日完成拍摄。卡司包括丹尼尔·奥特伊、吉约姆·卡内、芬妮·阿尔丹、皮埃尔·阿迪提、德尼·波达利德斯。故事讲述60多岁的男主维克多面临婚姻危机，一个商人安东尼向他兜售称他的公司可以让维克多重返自己昔日岁月的某一时段，维克多选择了重返与初恋相遇的40年前。该片法国发行权、国际销售权归Pathé、Orange Studio。
他们先杀了我父亲：一个柬埔寨女儿的回忆录,2017,2017-09-15,战争 剧情 历史,136,74,英语,安吉丽娜·朱莉,Loung Ung,Sareum Srey Moch Phoeung Kompheak Sveng Socheata Mun Kimhak Heng Dara Khoun Sothea Sarun Nika Run Malyna Oun Srey Neang,,影片改编自柬埔寨裔美国女性作家Loung Ung的回忆录，讲述了她在柬埔寨红色高棉统治时期的悲惨求生经历。Loung Ung出生于1970年的柬埔寨，5年后，红色高棉（即柬埔寨民主党）成为执政党，建立民主柬埔寨政权，并于随后在柬埔寨展开了近四年的管制时期。在此期间，约有两百万柬埔寨人因为政治迫害、饥荒、劳役、疾病等原因非正常死亡。在这场劫难中Loung Ung的家庭破碎，成为孤儿的她被训练为童子军，而她的兄弟姐妹则被送去劳改营。
百米人生,2016,2016-11-04,喜剧 剧情,108,74,西班牙语,Marcel Barrena,,丹尼·罗维拉 Alexandra Jiménez 卡拉·埃雷贾德 玛丽亚·德·梅黛洛 David Verdaguer Andrea Trepat Bruno Bergonzini 克拉拉·塞古拉 Andrés Velencoso,,拥有完美人生与家庭的成功企业家拉蒙（丹尼罗维拉饰演） ，正期待第二个孩子的诞生，此时医生却告诉他罹患罕见的「多发性硬化症」（MS），并已经开始发病，自己很快将连100公尺的距离都走不到。
绿窗艳影,1944,1944-10-25,犯罪 剧情 惊悚,99,74,英语,弗里茨·朗,J.H. 沃利斯,爱德华·罗宾逊 琼·贝内特 雷蒙德·马西 埃德蒙·布雷恩 丹·德亚 Thomas E. Jackson 多萝西·彼得森 罗伯特·布莱克 Arthur Loft,是她眼神中的某种东西，让他萌生了杀意。,万里（爱德华·罗宾逊 Edward G. Robinson 饰）是一位学识渊博德高望重的大学教授。在当地的俱乐部里，悬挂着一张美女的画像，万里和其他男人一样，被画中的美人深深的吸引着。一天，正当万里站在画像前心猿意马之时，发现画中的那个美人，竟然活生生的出现在了他的眼前，她的名字叫爱丽丝（琼·贝内特 Joan Bennett 饰）。  　　在爱丽丝的邀请下，万里来到了她的家中，两人开了一瓶酒，准备度过一个浪漫的夜晚。可是，就在这个节骨眼上，爱丽丝的男友破门而入，对万里大发雷霆。扭打之中，万里失手杀死了爱丽丝的男友，这个夜晚发生的种种事情，毁掉了万里的一生
叛舰喋血记,1935,1935-11-22,冒险 剧情 历史,132,74,英语,Frank Lloyd,詹姆斯·诺曼·霍尔,查尔斯·劳顿 克拉克·盖博 Franchot Tone Herbert Mundin Eddie Quillan Dudley Digges 唐纳德·克里斯普 Henry Stephenson Francis Lister,第8届奥斯卡金像奖最佳影片,一位暴虐的船长在其船员发起叛变后，决定对受尽虐待的全体船员施以报复，然而他针对的那名水手却与这场叛变并无牵连。
艳倒群雌,1995,1995-09-08,喜剧 剧情,109,74,英语,比班·基德龙,Douglas Carter Beane,帕特里克·斯威兹 韦斯利·斯奈普斯 约翰·雷吉扎莫 斯托卡特·詹宁 布莱斯·丹纳 阿利斯·霍华德 杰森·伦敦 克里斯·佩恩 梅琳达·狄龙,Attitude is everything.,薇达和杰克森是纽约著名变装皇后，获得到加州好莱坞参加选美的来回机票。两人遇到因落选而十分难过的罗琪琪。于是，两人便将机票卖掉，改租一部凯迪拉克敞篷车，并邀请罗琪琪共同前往加州好莱坞参加选美。 没料到车子途经一个小镇时抛锚，三个浓妆艳抹的男子被困在保守纯朴的小镇里。他们在这里 ，不但使镇民们眼界大开，让原本纯朴乏味的小镇，充满生活与活力，还抚慰了许多破碎的心灵，一连串惊奇的笑料不断登场……
少年泰坦：犹大契约,2017,2017-03-31,科幻 动画 动作,84,74,英语,Jose Delbo,Sam Liu,Stuart Allan Jake T. Austin 泰莎·法蜜嘉 克里斯蒂娜·里奇 布兰登·司徒 凯莉·华格伦 米盖尔·弗尔 肖恩·马赫 格雷格·亨利,The young fight hard for justice.,Tara Markov是一个在大地和石头上拥有力量的女孩，她比她看起来还要强大。最新的青少年泰坦是盟友还是威胁？什么是泰坦佣兵丧钟的计划吗？
地狱为何恶劣,2013,2013-09-14,剧情 动作 喜剧,130,74,日语,园子温,,国村隼 堤真一 长谷川博己 星野源 二阶堂富美 友近 坂口拓 板尾创路 裴正明,,十年前，黑帮头目武藤（国村隼 饰）的老婆静江（友近 饰）为保护老公大开杀戒，锒铛入狱。转眼刑期将满，武藤无论如何希望实现老婆长久以来的梦想，那就是让他们的独生女美津子（二阶堂富美 饰）成为一名电影演员。但是拍摄期间美津子偷偷逃跑，刚愎的武藤还骂跑了专业摄影团队。关键时刻，美津子带着一名搞不清状况的路人桥本公次（星野源 饰）回来。根本没接触过电影的公次被逼担任导演职务，走投无路之际他求助于始终怀有电影梦想的超级影迷平田（长谷川博己 饰）。在此期间，武藤组的死对头池上组在老大池上（堤真一 饰）的率领下准备发动一场血腥的黑道战争。  　　平田等人以此为蓝本，拍摄了一部虚实结合、癫狂暴乱的黑帮火并大戏！
猛龙过江,1972,1972-12-30,动作 犯罪,100,74,Cantonese,李小龙,张同祖,李小龙 苗可秀 卡洛斯·诺里斯 魏平澳 黄宗迅 罗伯特·沃尔 黄仁植 金帝 刘永,The Colosseum . . the battleground of Bruce Lee and Chuck Norris.,新年前夕，香港青年唐龙（李小龙 饰）受远在罗马经营餐厅的陈清华（苗可秀 饰）之叔父所托，远赴罗马助陈清华一臂之力。原来，陈清华从父亲手中接管餐厅不久，当地的商业集团看中了餐厅所在的地皮，而陈清华想守住家业不愿出售，商业集团随使出下三滥手段，日日派流氓骚扰，令餐厅生意难以为继。唐龙甫一到罗马，因语言不通闹出不少笑话，陈清华则以为强援是律师，岂料是一莽撞的乡下青年，不免失望。餐厅众服务员为了抵御流氓，自发学习空手道，但仍然被对方欺侮，危急时刻唐龙出手，将一众流氓痛打。不甘失败的商业集团欲至唐龙于死地，陈清华担心其安危劝唐龙离开，面对将陈清华绑架的下流对手，唐龙忍无可忍，与商业集团聘请的众多高手展开连番搏杀……
不能说的游戏,2018,2018-11-14,剧情 喜剧,103,74,法语,Eric Métayer,Andréa Bescond,Andréa Bescond Karin Viard Clovis Cornillac Pierre Deladonchamps 格雷戈里·蒙特尔 Carole Franck 格林奇 Ariane Ascaride Cyrille Mairesse,,Odette是个八岁的小女孩，喜欢跳舞和画画。她非常讨厌父母亲的一个朋友，因为他总是想和她玩“挠痒痒”的游戏。成年后，Odette终于能够畅所欲言，回顾她的舞蹈演员生涯以及生活中的漩涡……
云中漫步,1995,1995-08-11,剧情 爱情,103,74,英语,阿方索·阿劳,罗伯特·马克·卡门,基努·里维斯 埃塔娜·桑切斯·吉永 安东尼·奎恩 安吉丽卡·阿拉贡 伊万杰丽娜·埃利桑多 黛布拉·梅辛 吉安卡罗·吉安尼尼 弗莱迪·罗德里格兹 唐·阿门多利亚,A man in search. A woman in need. A story of fate.,复员军人保罗在回乡的长途汽车上结识一位美女维多利亚，她因未婚先孕无法面对身为葡萄园主的父亲，竟要求保罗权充一下她的新婚丈夫，以图在老派专制的家长面前蒙混过关。保罗先是拒绝，可后来还是动了恻隐之心。谁知，在相处中假夫妻动了真感情，爱情的种子迅速发芽成长。尽管有保罗的前妻和维多利亚的父亲从中作梗，但什么也阻挡不了有情人云中的脚步。
里奥追踪,1964,1964-02-05,冒险 动作 喜剧,116,74,法语,菲利普·德·布罗卡,让-保罗·拉佩诺,让-保罗·贝尔蒙多 Françoise Dorléac Jean Servais Simone Renant 阿道夫·切利 Roger Dumas Daniel Ceccaldi Ubiracy De Oliveira Milton Ribeiro,Look what they call a quiet week in Rio!,法国动作巨星贝尔蒙多最走红时主演了这部节奏紧凑利落的冒险动作片，在片中饰演介乎詹姆斯·邦德与印第安那·琼斯的英雄，负责找寻被盗取的巴西珍贵古物，经过一连串的追踪、打斗和揭发内奸的行动，终于完成了任务。全片娱乐元素丰富，贝尔蒙多充分发挥其敏捷身手，演出了不少紧张刺激的动作场面。导演在优秀的摄影师协助下，跨国拍摄了优美的地域风光，使影片增色不少，同时在悬念与动作之外也有轻松惹笑的趣味平衡气氛，堪称是一部成功的法式喜剧动作片。在60年代，本片是法国乃至欧洲影坛少数能与好莱坞产品在商业和票房上相抗衡之作。
非洲女王号,1952,1952-02-20,爱情 冒险 剧情,105,74,英语,约翰·休斯顿,塞西尔·斯科特·福里斯特,亨弗莱·鲍嘉 凯瑟琳·赫本 Robert Morley 彼得·布尔 西奥多·比克尔 沃尔特·戈特尔 Peter Swanwick Richard Marner,一个男人有史以来最伟大的冒险…和女人在一起！,第一次世界大战期间的非洲，一位终日畅饮金酒的河船船长，被一位古板拘谨的传教士说服，驾驶自己的船只袭击一艘敌军战舰。
漂流家园,2022,2022-09-16,动画 奇幻 冒险,120,74,日语,石田祐康,森迅史,田村睦心 濑户麻沙美 村濑步 山下大辉 小林由美子 水濑祈 花泽香菜 岛田敏 爱河里花子,What is the secret hidden in the apartment complex?,航祐和夏芽从小一起长大，情同兄妹。但在六年级时，航祐的祖父康次去世，他们的关系开始变得紧张。暑假的一天，航祐和他的同学们偷偷溜进了一栋即将被拆除的公寓大楼，据说那里时常闹鬼。航祐和夏芽都是在那里长大的，所以这个地方承载着他们的很多回忆。在那里，航祐偶遇了夏芽，并被问到他是否知道神秘的诺波。但突然间，他们被卷入了一种神秘的现象。当他们恢复意识时，映入眼帘的只是一片浩瀚的大海。随着公寓大楼在神秘的大海中漂流，航祐和其他人犹如在船上一般，他们团结起来为生存而战。有眼泪和争吵，甚至可能还会有和解。他们能回到以前的世界吗？一个夏季的告别之旅开始了…
大空头,2015,2016-04-17,喜剧 剧情,130,74,英语,亚当·麦凯,查尔斯·兰道夫,史蒂夫·加瑞尔 克里斯蒂安·贝尔 瑞恩·高斯林 布拉德·皮特 玛丽莎·托梅 梅丽莎·里奥 哈米什·林克莱特 约翰·马加罗 拉菲·斯波,This is a true story.,当四个局外人看到了大银行、媒体和政府都视而不见的东西——全球经济即将崩溃时，他们萌生了一个想法：大空头。他们大胆的投资将他们引入现代银行业的阴暗角落，在那里，他们必须对每一个人、每一件事都提出质疑。[派拉蒙影业]
眼线,1962,2023-08-05,剧情 惊悚 犯罪,108,74,法语,让-皮埃尔·梅尔维尔,皮埃尔·莱苏,让-保罗·贝尔蒙多 Serge Reggiani Jean Desailly René Lefèvre Marcel Cuvelier Philippe March Fabienne Dali Monique Hennessy Carl Studer,生猛！震撼！狂野！,黑暗中，一个身着风衣的神秘男人在通道中穿行。他就是莫里斯（塞吉·赫吉安尼Serge Reggiani饰），一个刚刚出狱却仍依靠偷窃为生的盗贼。为了清算以前的旧债，他准备跟他的朋友西里安（让-保罗·贝尔蒙多 Jean Paul Belmondo饰）再干一桩偷窃案。不料行事时警察却突然而至，莫里斯再次入狱。不明就里的莫里斯认定西里安是警察的眼线，开始寻机报复。而西里安并非警方的线人，真正的卧底另有其人。与此同时，西里安也正开始实施自己的大胆计划。
凶线,1981,1981-07-24,犯罪 悬疑 惊悚,108,74,英语,布莱恩·德·帕尔玛,小比尔·梅斯,约翰·特拉沃尔塔 南希·艾伦 约翰·利思戈 丹尼斯·弗朗茨 Peter Boyden John Aquino John McMartin Deborah Everton J·帕特里克·麦克纳马拉,谋杀有一种独特的声音。,在布莱恩·德·帕尔玛精湛打造的这部引人入胜的影片中，约翰·特拉沃尔塔贡献了其演艺生涯最出色的表演之一，饰演一位坚信自己意外录下政治刺杀案的电影音效师。为揭露真相，他寻求一位可能目睹罪案的关键证人（南希·艾伦 饰）协助，而她自身也可能身处险境。影片以令人震撼的风格表现、错综复杂的剧情、深刻的人物塑造，以及对1980年代初费城社会氛围的粗粝再现，成就了一部独一无二的美国偏执狂式惊悚片，同时也对电影制作进行了一番鬼魅般的反思。
姐姐的守护者,2009,2009-06-26,剧情,109,74,英语,尼克·卡萨维茨,乔迪·皮库特,卡梅隆·迪亚兹 阿比盖尔·布雷斯林 苏菲亚·威希涅瓦 亚历克·鲍德温 杰森·帕特里克 琼·库萨克 希瑟·沃尔奎斯特 埃文·埃林森 Frank Cassavetes,"A tale of life, love, and letting go.",为了让罹患血癌的凯特（苏菲亚·威希涅瓦 Sofia Vassilieva 饰）能够活下去，父母通过基因技术“制造”了与凯特的基因完美配型的小女儿——安娜（阿比吉尔·布莱斯林 Abigail Breslin 饰）。安娜感觉自己只是姐姐凯特的“药罐子”，11年来，凡是在凯特有需要的时候，无论是脐带血还是白血球、肝细胞、骨髓，她都得源源不断的向凯特提供。然而，即使有孤注一掷的妈妈（卡梅隆·迪亚茨 Cameron Diaz 饰）、无可奈何的爸爸，以及身边所有人的爱，凯特的情况还是越来越糟，肾功能的衰竭必须要年仅11岁的安娜捐献出自己的一个肾。这一次，安娜选择了拒绝，并且寻找到律师坎贝尔把母亲告上法庭，她要捍卫自己的身体。然而，法庭上哥哥杰西却吐露了另一番真相……
纽伦堡,2025,2025-11-07,历史 剧情,149,74,英语,詹姆斯·范德比尔特,,罗素·克劳 拉米·马雷克 迈克尔·珊农 利奥·伍德尔 约翰·斯拉特里 理查德·E·格兰特 科林·汉克斯 马克·奥布莱恩 洛特·弗贝克,Judgment is coming.,改编自《纳粹与精神病医生》，聚焦二战结尾，纽伦堡法庭对德国劳工阵线领导人罗伯特·莱伊的审判(其后来在狱中自杀)，以被委任来对纳粹头领们进行评估的美军精神科医生Douglas Kelley的视角展开。
铁拳,2015,2016-09-02,动作 剧情,123,74,英语,安东尼·福奎阿,科尔特·萨特,杰克·吉伦哈尔 瑞秋·麦克亚当斯 福里斯特·惠特克 奥娜·劳伦斯 柯蒂斯·詹姆斯·杰克逊 斯凯兰·布鲁克斯 娜奥米·哈里斯 维克托·奥尔蒂斯 博·纳普,Believe in hope.,比利·霍普（杰克·吉伦哈尔 Jake Gyllenhaal 饰）曾是一位知名的左撇子拳击手，他靠着冷酷野蛮的出拳，为自己赢得拳王的荣耀。一次枪击意外，打破了他和妻子莫琳（瑞秋·麦克亚当斯 Rachel McAdams 饰）及女儿莱拉（乌娜·劳伦斯 Oona Laurence 饰）的幸福生活。比利开始自暴自弃、酗酒吸毒，女儿也将被送往福利机构。这时，他幡然醒悟，并在教练提克（福里斯特·惠特克 Forest Whitaker 饰）的帮助下重返拳击界，以挽回女儿的尊重和爱，以及自己职业生涯的希望……
黑豹,2018,2018-03-09,动作 冒险 科幻,134,74,英语,瑞恩·库格勒,乔·罗伯特·科尔,查德维克·博斯曼 迈克尔·B·乔丹 露皮塔·尼永奥 丹娜·奎里拉 马丁·弗瑞曼 丹尼尔·卡卢亚 莱蒂希娅·赖特 温斯顿·杜克 斯特林·K·布朗,漫威电影宇宙新英雄 复仇者联盟集结强势倒数,在美国队长内战事件后，特查拉国王回到与世隔绝但科技先进的非洲国家瓦坎达，继任王位。然而特查拉很快发现，王权遭遇国内势力的挑战。当两名敌人密谋摧毁瓦坎达时，这位被称为黑豹的英雄必须与中央情报局探员埃弗雷特·K·罗斯以及瓦坎达特种部队朵拉侍卫队联手，才能阻止瓦坎达被卷入世界大战。
火影忍者剧场版：忍者之路,2012,2024-11-09,动画 奇幻 动作,109,74,日语,伊达勇登,宫田由佳,竹内顺子 中村千绘 森川智之 筱原惠美 井上和彦 内田直哉 杉山纪彰 水树奈奈 石川英郎,,刚刚结束了与叛忍集团“晓”的抗争，木叶村被一股诡异不祥的气氛所笼罩。此时此刻，漩涡鸣人（竹内顺子 配音）沉浸在对家人的思念中，孤独无助。某个晚上，心情糟糕的鸣人巧遇刚刚和家人吵架的小樱（中村千绘 配音），二人在公园闲聊之际，神秘的斑（内田直哉 配音）突然出现，并向二人使出瞳术。眩晕过后，鸣人和小樱发现看似一如平常的木叶村，曾经熟悉的伙伴竟然性格发生巨变。一连串不正常的事件令二人苦恼不已。更令人难以置信的是，包括佐助以及鸣人的父母波风水门（森川智之 配音）和玖辛奈（篠原惠美 配音）也出现在他们的面前。斑的阴谋慢慢展开……
金玉盟,1957,1957-07-11,剧情 爱情,111,74,英语,莱奥·麦卡雷,德尔默·戴夫斯,加里·格兰特 黛博拉·蔻儿 Richard Denning Neva Patterson 凯瑟琳·内斯比特 Robert Q. Lewis Charles Watts Fortunio Bonanova Dorothy Adams,在意大利……在地中海……跨越大洋……遍布纽约！,Nickie Ferrante（加里·格兰特 Cary Grant 饰）是一个游手好闲的有钱人，在一艘游轮上邂逅了Terry McKay （黛博拉·蔻儿 Deborah Kerr饰）。两人相谈甚欢，Nickie更是船临时靠岸的时候带着Terry去了一个乡镇上看望了他的奶奶，Terry发现了Nickie在油画上的天赋。两人间情愫暗生。船到了终点站纽约，两人要分开了，约定半年后在纽约帝国大厦顶层重聚。半年后，Nickie独自一人在帝国大厦从白天等到天黑，未见Terry的踪影，失望而去。而另一边，Terry却在赶来的路上发生了车祸而无法到达。不能走路的Terry不愿再去寻找Nickie，却偶然在半年后的一场舞会上又见到了Nickie，此时的Nickie已经是小有名气的画家。Nickie费尽心思终于找到了Terry的住所，准备再次追求Terry的芳心。到底这段波澜不断的爱情结果会如何？
关于我转生变成史莱姆这档事 红莲之绊篇,2022,2022-11-25,动画 奇幻 冒险,108,74,日语,菊地康仁,笔安一幸,冈咲美保 古川慎 丰口惠美 前野智昭 千本木彩花 市道真央 江口拓也 大冢芳忠 泊明日菜,The power of bonds will be put to the test!,利姆鲁·特恩佩斯特为拯救伙伴而进化成为了魔王。在位于他与伙伴们共同建立的魔物之国“魔国联邦(特恩佩斯特)”西方的“拉贾小亚国”，有着持有不可思议力量的女王，长久以来围绕著这个国家的阴谋将掀起涟漪。然而，“食人魔的幸存者”绯色突然出现在利姆鲁等人面前。利姆鲁的同伴红丸等人与这个对他们来说有如大哥般的存在重逢。这段过去一度断绝的“红莲之绊”，如今将成为引发新战斗的导火线…！？
超人2：理查德·唐纳剪辑版,2006,2006-11-02,科幻 动作 冒险,116,74,英语,马里奥·普佐,杰罗姆·西格尔,克里斯托弗·里夫 玛戈·基德 吉恩·哈克曼 马龙·白兰度 尼德·巴蒂 Jackie Cooper 莎拉·道格拉斯 Jack O'Halloran 瓦莱丽·佩林,The version you have never seen.,30年前，《超人II》的导演理查德·唐纳在拍摄超人大结局时因种种原因被中途炒了鱿鱼，如今，他将最终发行《超人II》的“理查德·唐纳”版本。  　　理查德-唐纳将于11月20日发行《超人2》理查德-唐纳剪辑版DVD。由于同制片方交恶，他作为《超人II》的导演被中途炒了鱿鱼。唐纳剪辑版与电影院公映的《超人II》完全不同，包括15分钟的马龙·白兰度扮演的超人之父片段，这个断片观众此前从未看到。唐纳还把来自试镜的片段插入影片当中，以替换他的确没时间拍摄的场景。一个恢复的片段涉及克拉克·肯特(超人)，他在女友的百般诱骗下，泄露了自己的秘密身份。在剧场版中，肯特无意之间把手放进火中，但没有烧着，结果不小心泄露了身份。唐纳剪辑版则是，当洛伊斯·拉尼(肯特的女友)用装有空包弹的枪向他射击时，肯特以超人的速度做出反应。  　　《超人II》唐纳剪辑版DVD的发行标志着电影史上持续时间最长的争吵之一终于告一段落。《超人》制片人亚历山大和伊尔亚·萨尔金德(Ilya Salkind)认为两部超人电影成本直线上升，而且气氛过于沉闷、阴暗，为此多次同唐纳发生摩擦。当白兰度宣布，如果他的片酬达不到影片在美国票房收入的近12%，他不允许有关他的场景出现时，双方的矛盾终于爆发。萨尔金德父子断然拒绝了白兰度的无理要求，宣布影片中有关他的场景将会被剪掉。唐纳不愿参与这件事，结果惹怒了他们。他1978年4月接受《星光科幻》杂志采访时说：“他们要求我也向他施加压力。但决定权应该在我手里，我的意思不是财政大权，而是拍摄控制权。”  　　唐纳于1979年3月被解雇，接替他的是理查德·莱斯特，后者被赋予了作为《超人II》唯一导演的荣誉。唐纳剪辑版包括莱斯特拍摄的不到20%的片段，数十年来超人影迷对此是期盼已久。影迷甚至制作了他们自己的非正式《超人》版本——夹杂有萨尔金德父子公开的稀有片段，这个版本更忠实于唐纳的版本。
巴比伦,2022,2022-12-23,剧情 喜剧,188,74,英语,达米恩·查泽雷,,迭戈·卡尔瓦 玛格特·罗比 布拉德·皮特 约翰·艾德坡 珍·斯马特 J.C.库赖斯 吉米·奥尔特加 Marcos A. Ferraez Shane Powers,总是制造一个场景。,20世纪20年代的美国好莱坞，声色犬马，光怪陆离，醉生梦死。你方唱罢我登场，梦里寻欢，不知归处。默片时代造就了杰克·柯那德（布拉德·皮特 Brad Pitt 饰）和华裔女演员朱菲（李丽君 饰）这样风华绝代的明星，也吸引着如墨西哥裔曼尼·托瑞斯（迭戈·卡尔瓦 Diego Calva 饰）、金发女孩内莉·拉罗伊（玛格特·罗比 Margot Robbie 饰）、黑人小号手西德尼·帕尔默（约翰·艾德坡 Jovan Adepo 饰）争先恐后趋向这个物欲横流的名利场。默片时代的最后一抹余晖敛去，有声时代造就了一批批的新星，也在逐渐淘汰如杰克乃至内莉这样一度如日中天的名宿。
玩命毒师2：大师班,2017,2017-02-02,动作 喜剧 犯罪,118,74,意大利语,Sydney Sibilia,Francesca Manieri,爱德华多·里奥 Valerio Aprea Stefano Fresi 保罗·卡拉布雷西 Libero De Rienzo Lorenzo Lavia Pietro Sermonti Marco Bonini Rosario Lisma,,该研究小组谁，删除与法律本身问题的回报，决定帮助警方找到新的智能药物。
午餐盒,2013,2013-09-20,剧情 爱情,104,74,印地语,Ritesh Batra,,伊尔凡·可汗 妮姆拉·卡爾 纳瓦祖丁·西迪基 Lillete Dubey Nasir Khan Bharati Achrekar Nakul Vaid Yashvi Punneet Nagar 丹兹尔·史密斯,拥挤的孟买，寂寞的灵魂； 一个误送便当，串起千万分之一的缘份。,在政府部门服务35年的佛南德斯，自老婆去世后便独来独往，届退生活更是平淡无味；漂亮贤慧的人妻伊拉，每天费尽心思料理美味，尝试激活丈夫的爱，挽救走味婚姻。一次阴错阳差，精準无比的百年便当快递，竟将伊拉準备的餐盒，送到佛南德斯手中。这个美丽的错误，让素未谋面的两人，开始以繽纷美食和贴心书信交流互动，分享生命的喜悦与哀愁，成為彼此的心灵支柱。是否要不顾后果交往？或如缘份初始，任由命运安排？渴爱的心，五味杂陈。
潜水艇,2011,2011-03-18,剧情 喜剧 爱情,98,74,英语,理查德·阿约德,Joe Dunthorne,诺亚·泰勒 派迪·康斯丁 Craig Roberts 亚丝明·佩奇 莎莉·霍金斯 斯戴凡·罗德里 达伦·埃文斯 Osian Cai Dulais Lily McCann,A comedy that doesn't let principles stand in the way of progress.,十五岁的奥利弗（克雷格•罗伯兹 Craig Roberts 饰）坐在教室里的时候脑中总是充满各种幻想，周围的一切对他来说都是普通中蕴含奇异的存在。在同学里他总是显得不合群，他注意到同学祖娜（雅思敏•派吉 Yasmin Paige 饰）也是如此。祖娜在铁桥下约见奥利弗并拍下两人亲吻的照片以此来刺激前男友，奥利弗为此付出了被祖娜前男友教训的代价，而这却让两个人真正走在一起了。奥利弗的父母关系紧张，眼下他又发现母亲和隔壁新搬来的格雷厄姆走的很近，他开始试图挽救自己的家庭。而祖娜的母亲正患脑瘤，奥利弗想要解决问题却分身乏术，和祖娜误会重重最终导致两人分手。最后他的父母重归于好，祖娜的母亲也病愈。而他和祖娜将走向什么结局呢？
龙珠剧场版4：迈向最强之道,1996,1996-03-04,动画 冒险 奇幻,80,74,日语,山内重保,松井亞彌,野泽雅子 鹤弘美 古谷彻 龙田直树 渡边菜生子 爱川钦也 乡里大辅 内海贤二 佐藤正治,,在杳无人迹的包子山中，生活着一个无忧无虑、天真纯洁的男孩，名叫孙悟空。他自幼和爷爷孙悟饭相依为命，并习得一身武功。某天，他遭遇来自大城市的时尚女孩布玛。布玛正在四处寻找龙珠，传说将7颗龙珠凑齐后便可召唤出身龙，继而实现心中的愿望。在布玛的怂恿下，小悟空随其走出深山，一路上遭遇了乌龙、乐平、普尔、龟仙人等伙伴。与此同时，实力强大的红缎带军也在四处寻找龙珠，为达目的他们不惜烧杀抢掠。为了龙珠，小悟空一方与红缎带军不可避免发生冲突。连番恶战旋即展开，而浩浩荡荡的龙珠传奇也就此拉开序幕……  本片为《龙珠》剧场版，系早期故事的复刻，采用龙珠GT风格制作。
恶童,2006,2006-10-21,动作 冒险 动画,110,74,日语,迈克尔·艾里亚斯,Anthony Weintraub,二宫和也 伊势谷友介 苍井优 宫藤官九郎 田中泯 纳谷六朗 西村知道 麦人 大森南朋,,宝町是一座与时代发展脱节、人口密集的中型工业城市，整日响着轰隆隆机器操作的声音。小黑和小白是被称之为“猫党”的人，可以腾空在城市顶端，可以滑落在纵深空间，小黑会拿着铁棍来狂扁他不喜欢的大人，小白则有着自己天真的想象世界。宝町是一个没有将来的城市，直到一家叫“KIDDY KASTLE”的公司来到这里并想把宝町改造成他们想要的样子时，恶童们知道这是为自己的生活和城市、更是为自己的灵魂而战斗的时候了。
拯救地球,2025,2026-04-20,科幻 惊悚 喜剧,119,74,英语,欧格斯·兰斯莫斯,威尔·特雷西,艾玛·斯通 杰西·普莱蒙 Aidan Delbis 斯塔夫罗斯·哈尔基阿斯 艾丽西亚·西尔弗斯通 J. Carmen Galindez Barrera Marc T. Lewis Vanessa Eng Cedric Dumornay,在所有的绑架案中，这一起与众不同。,两名痴迷阴谋论的年轻男子绑架了某大公司位高权重的首席执行官，他们坚信对方是一名蓄意毁灭地球的外星人。
利维坦,2014,2015-02-05,剧情 犯罪,141,74,俄语,Andrey Zvyagintsev,Oleg Negin,阿列克谢·谢列布里亚科夫 Elena Lyadova Vladimir Vdovichenkov Roman Madyanov Anna Ukolova 阿列克谢·罗津 Sergey Pokhodaev Platon Kamenev Sergey Bachurskiy,,科利亚住在俄罗斯北方巴伦支海沿岸的一座小镇，经营着自己的汽车修理厂。厂房紧邻着他的家——他与年轻的妻子莉莉娅以及前妻所生的儿子共同生活于此。镇长瓦季姆·舍利亚特企图夺走他的生意、房屋和土地。起初他试图收买科利亚，但科利亚无法接受失去所拥有的一切——不仅是土地，还有自幼环绕着他的故土之美。于是，瓦季姆·舍利亚特开始采取更激烈的手段。
怒海孤舟,1944,1944-01-28,战争 剧情,96,74,英语,阿尔弗雷德·希区柯克,乔·斯沃林,Tallulah Bankhead William Bendix Walter Slezak Mary Anderson John Hodiak Henry Hull Heather Angel 休姆·克罗宁 Canada Lee,六个男人和三个女人——与大海为敌，也彼此为敌！,二战中，某客运船在在北大西洋海域与德国潜水艇激战后沉没，船上旅客5男3女蹬救生艇逃命。这其中包括著名作家康妮·波特（塔卢拉赫·班克黑德 Tallulah Bankhead 饰），轮机工约翰·科瓦奇（约翰·霍迪克 John Hodiak 饰），发报员斯坦利·加勒特（休姆·克罗宁 Hume Cronyn 饰），受了腿伤的格斯·史密斯（威廉·班迪克斯 William Bendix 饰），富豪查尔斯·里滕豪斯（亨利·赫尔 Henry Hull 饰），船上黑人服务员乔（加拿大·李 Canada Lee 饰），护士艾丽丝（玛丽·安德森 Mary Anderson 饰）和因婴儿死去而精神错乱的海莉太太（希瑟·安吉尔 Heather Angel 饰）。众人还救上来一位德国潜艇上的纳粹威利（沃尔特·斯莱扎克 Walter Slezak 饰），由此引发了无数尖锐问题。  　　本片获奥斯卡最佳导演、最佳黑白摄影和最佳原创故事三项提名，并获纽约影评人协会最佳女主角奖（塔卢拉赫·班克黑德）。
闪亮的风采,1996,1996-08-15,剧情,101,74,英语,斯科特·希克斯,占·萨迪,杰弗里·拉什 诺亚·泰勒 阿明·缪勒-斯塔尔 林恩·雷德格雷夫 Googie Withers Sonia Todd Nicholas Bell 约翰·吉尔古德 Justin Braine,A true story of the mystery of music and the miracle of love,本片灵感源于古典钢琴家戴维·赫尔夫戈特坎坷而最终辉煌的人生，聚焦于他在二十岁出头、即将登上国际舞台之际，痛苦地退缩进自我封闭世界的经历。影片时间跨度从1950年代至1980年代，戏剧化地呈现了赫尔夫戈特在沉寂十年后，通过一位非凡女性的爱与支持，重新实现个人与事业双重圆满的动人历程。[Fine Line Features]
爱的大追踪,1972,1972-03-09,喜剧 犯罪 爱情,94,74,英语,彼得·波格丹诺维奇,巴克·亨利,芭芭拉·史翠珊 瑞安·奥尼尔 玛德莲·卡恩 Kenneth Mars 奥斯汀·彭德尔顿 迈克尔·墨菲 Philip Roth Sorrell Booke Stefan Gierasch,A screwball comedy. Remember them?,霍华德（瑞安·奥尼尔 Ryan O'Neal 饰）是一名音乐学家，他带着自己的未婚妻尤妮丝（玛德莲·卡恩 Madeline Kahn 饰）前往旧金山，霍华德发现了一块火成岩石标本，这个标本能够证明音乐的起源，霍华德想要凭借着这个标本获得拉雷比基金会颁发的奖学金。  　　霍华德和尤妮丝住在一间名为布里斯托尔的旅店中，同样下榻酒店的，还有霍斯金斯太太（Mabel Albertson 饰）、史密斯先生（迈克尔·墨菲 Michael Murphy 饰）和霍华德的狂热追求者朱迪（芭芭拉·史翠珊 Barbra Streisand 饰）。巧合的是，他们四个人所拎的行李箱竟然一模一样。接待员弗里斯（斯特凡·吉拉什 Stefan Gierasch 饰）想要霍斯金斯太太箱子里的珠宝，间谍琼斯（菲利普·罗斯 Philip Roth 饰）觊觎史密斯先生手里的秘密文件，阴差阳错之下，一场大乱斗开始了。
异世浮生,1990,1990-11-02,剧情 悬疑 恐怖,113,74,英语,Adrian Lyne,布鲁斯·乔尔·鲁宾,蒂姆·罗宾斯 伊丽莎白·佩纳 丹尼尔·艾洛 马特·克拉文 普路特·泰勒·文斯 杰森·亚历山大 帕特里夏·卡伦伯 埃里克·拉萨尔 文·瑞姆斯,The most frightening thing about Jacob Singer's nightmare is that he isn't dreaming.,现就职于纽约的邮局职工雅各布·辛格（蒂姆·罗宾斯 Tim Robbins 饰），曾是在越战中险象环生的退伍老兵。不堪回首的破碎记忆时刻刺痛着他的每一根神经，失败的第一次婚姻，夭折死去的儿子，以及折磨他最深的越战后遗症。他常常出现在越战服役期间被追杀的幻觉，熟悉又陌生 的种种细节，亦幻亦真。他的现任妻子试图帮助雅各布忘却这段痛苦的记忆，然而这些穿梭在梦境和现实里的情节遭遇，让雅各布彻底失去了理智。每当生死攸关的时刻，雅各布总会在另外一个时空醒来。孰真孰假的错觉，让他游离在现实和幻想的世界中不能自拔。
告别有情天,1993,1993-11-12,剧情 爱情,134,74,英语,詹姆斯·伊沃里,石黑一雄,安东尼·霍普金斯 艾玛·汤普森 威廉·福克斯 克里斯托弗·里夫 休·格兰特 彼得·沃恩 本·卓别林 宝拉·雅各布斯 帕特里克·戈弗雷,Diamond in the Rough.,故事背景设定于二战前夕，影片聚焦一位英国乡村宅邸的男管家（安东尼·霍普金斯 饰）与他心怀热忱的女管家（艾玛·汤普森 饰）之间克制而深刻的情感纠葛。
冲出宁静号,2005,2005-09-30,科幻 动作 冒险 惊悚,119,74,英语,乔斯·韦登,,内森·菲利安 莎莫·格劳 吉娜·托瑞斯 艾伦·图代克 莫雷纳·巴卡林 亚当·鲍德温 朱尔·斯泰特 肖恩·马赫 罗恩·格拉斯,他们的目标是行为不端。,遥远的未来，人类离开不堪负荷的地球，在新的星系延续了文明，那些星系中心的星球组成联盟，不断尝试将偏远的蛮荒星球纳入势力范围。少女瑞娃（River Tam ，萨摩·格拉饰）在联盟的这一政策下被改造成为感觉敏锐、身手矫健的战斗机器。瑞娃之兄西蒙（Simon Tam ，肖恩·马赫饰）将其救出，带到了前抵抗组织成员——马尔（Malcolm 'Mal' Reynolds ，内森·菲利安饰）的运输飞船——“宁静号”（Serenity）上。另一方面，联盟议会为防止瑞娃可能掌握的情报外泄，派出手段毒辣的特使追索不休。马尔一行因瑞娃的战斗模式被联盟唤醒而多次陷入险境，船员们不得不在毫无理性的宇宙掠夺者和联盟的阻击中艰难前往边缘之地——摩兰达，在那里，埋藏着一段联盟不愿示人的罪恶往事……本片为电视剧集《萤火虫》（Firefly）的后续和结局，获 2006 年土星奖最佳女配角等专业褒奖。
人生学校,2017,2017-10-11,剧情 喜剧 家庭,116,74,法语,尼古拉斯·凡尼尔,Jérôme Tonnerre,弗朗索瓦·克鲁塞 Jean Scandel Éric Elmosnino 弗朗索瓦·贝莱昂 Valérie Karsenti Thomas Durand Ilona Cabrera Frédéric Saurel 于尔班·康塞利埃,,一天，孤儿院找到了塞莱斯蒂娜，希望她可以收养小卡拉代克·保罗。塞莱斯蒂娜认识保罗的亲生母亲，也正是因为这个原因，她不想收养保罗。但看到了保罗在孤儿院的悲惨境况之后，她最终决定冒险收养他。她隐瞒了保罗的身份，将他带到了自己工作的庄园里生活。塞莱斯蒂娜的丈夫博雷尔是森林警察 ，他尽忠职守地守护着森林里的猎物，对偷猎者深恶痛绝，他尤其厌恶托托什。不同于博雷尔的死板保守，托托什聪明敏捷，屡次逃脱博雷尔的追捕。博雷尔明知他是有罪的偷猎者，却无奈没有证据可以将他绳之以法。保罗在塞莱斯蒂娜的安排下结实了托托什，二人成了忘年交。他跟着托托什学习森林知识和狩猎知识，童年生活变得多姿多彩起来。偶然的机会，保罗见到了庄园的主人老伯爵，由此揭开了自己身世之谜的真相……
招魂3,2021,2021-06-04,恐怖 悬疑 惊悚,112,74,英语,大卫·莱斯利·约翰逊-麦戈德里克,凯瑞·海耶斯,维拉·法米加 帕特里克·威尔森 斯特林·杰林斯 莎拉·凯瑟琳·胡克 鲁艾里·奥康纳 朱利安·希利亚德 Charlene Amoia 约翰·诺伯 尤金妮·邦杜兰特,The demonic case that shocked America.,帕特里克·威尔逊和维拉·法米加回归扮演专门调查灵异现象的沃伦夫妇，这次他们遭遇了一名男子约翰逊被控谋杀房东的事件，而约翰逊声称有一个恶魔从11岁男孩大卫身上转移到他的身体，并操纵他刺杀房东。沃伦夫妇于是对男孩大卫展开了调查。
让爱传出去,2000,2001-06-01,剧情,123,74,英语,咪咪·莱德,Catherine Ryan Hyde,凯文·史派西 海伦·亨特 安吉琳·狄金森 海利·乔·奥斯蒙 杰伊·摩尔 吉姆·卡维泽 邦·乔维 大卫·拉姆齐 加里·沃恩茨,"When someone does you a big favor, don't pay it back...",单亲妈妈阿琳·麦肯尼（海伦·亨特 Helen Hunt饰）生活拮据，为了抚养儿子特雷弗·麦肯尼（海利·乔·奥斯蒙特Haley Joel Osment饰）而拼命工作，唯有借酒消愁才能打发深深的失落与无助。相依为命的两母子，一直过着毫无希望的生活。然而这一切在有一天发生了改变。特雷弗的社会学老师尤金·赛门特（凯文·斯帕西Kevin Spacey饰）布置了一道特殊家庭作业：让世界变得更美好。深信善有善报的特雷弗，决心从自己做起，于是他把无家可归的流浪汉请到了自己家中。  　　以彰显人性本善，宣传世界美好为题的社会伦理片《让爱传出去》，由美国女导演咪咪·莱德执导。咪咪为本片推出全奥斯卡阵容：曾获奥斯卡最佳男主角的凯文·斯帕西担当男主角，女主角则由荣获过奥斯卡最佳女主角的海伦·亨特出演，童星海利·乔·奥斯蒙特饰演让世界变得更加美好的小主人公特雷弗。 ©豆瓣
危险关系,1997,1997-12-25,犯罪 剧情 惊悚,154,74,英语,昆汀·塔伦蒂诺,小埃尔莫尔·伦纳德,帕梅拉·格里尔 塞缪尔·杰克逊 罗伯特·德尼罗 布莉姬·方达 迈克尔·基顿 罗伯特·福斯特 迈克尔·鲍文 克里斯·塔克 丽莎·盖伊·汉密尔顿,今年圣诞，圣诞老人换上了全新的行囊。,表面看来，杰奇（帕姆·格里尔 Pam Grier 饰）是一名普通的空姐，然而，在暗地里，她一直利用职务之便，帮助军火商奥德尔（塞缪尔·杰克逊 Samuel L. Jackson 饰）运送赃款，并从中获取暴利。一次意外中，杰奇的“生意”曝光了，她本人亦遭到了逮捕。得知此事，奥德尔派出了马克斯（罗伯特·福斯特 Robert Forster 饰），想要杀人灭口。让奥德尔没有想到的是，马克斯竟然疯狂的爱上了杰奇，两人一拍即合，策划了一场阴谋将奥德尔耍得团团转，甚至派出了心腹梅兰妮（布里吉特·芳达 Bridget Fonda 饰）和路易斯（罗伯特·德尼罗 Robert De Niro 饰）助其一臂之力。然而，当奥德尔发现自己受骗之时，他才发现，事态的发展早已经脱离了他的掌控。
赛末点,2005,2005-11-02,剧情 爱情 惊悚,124,74,英语,伍迪·艾伦,,乔纳森·莱斯·梅耶斯 斯嘉丽·约翰逊 艾米莉·莫迪默 马修·古迪 布莱恩·考克斯 佩内洛普·威尔顿 詹姆斯·内斯比特 艾文·布莱纳 米兰达·雷森,没有小秘密。,穷小子威尔顿（乔纳森•莱斯•迈勒斯）为改变自己的命运，从爱尔兰来到伦敦当起网球教练，立誓要凭一身网球绝技混入对该运动情有独钟的上流社会。结识富家公子哥汤姆后，他得到机会，对方的妹妹克罗伊（艾米莉•莫蒂梅尔）对他一见钟情，其后，在对方的父亲的相助下，威尔顿顺利混入上流社会。正当要与克罗伊谈婚论嫁时，威尔顿邂逅汤姆的女友、来自美国的女演员诺拉（斯嘉丽•约翰逊），后者同样在为进入上流社会做着不懈的努力。相似经历令两人萌生真情，但威尔顿并没为诺拉放弃自己的计划。一切梦想都成真后，威尔顿重遇已与汤姆分手的诺拉，两人旧情复燃，威尔顿开始在她与妻子之间周旋。不久，诺拉怀孕坚拒堕胎，威尔顿迎来人生的赛点。
月光男孩,2016,2017-06-18,剧情,111,74,英语,巴里·詹金斯,Tarell Alvin McCraney,崔凡特·罗兹 安德烈·霍兰 加奈儿·梦奈 艾什顿·桑德斯 贾雷尔·杰罗姆 Alex R. Hibbert Jaden Piner 娜奥米·哈里斯 马赫沙拉·阿里,月光之下 无分你我 谁说我不可以绽放光芒,一位年轻的非裔美国男子在经历童年、青春期和步入成年期的日常挣扎的同时，也在努力探索自己的身份认同和性取向。
小叮当：永无兽传奇,2014,2015-03-03,冒险 动画 家庭,76,74,英语,Steve Loter,Tom Rogers,詹妮弗·古德温 梅·惠特曼 罗莎里奥·道森 刘玉玲 雷文·西蒙尼 Megan Hilty 帕梅拉·阿德隆 丹娜·奎里拉 汪可盈,They don't see what I see.,小叮当的朋友芳雯结识了强大又神秘的永无兽，并与它成为了朋友。但是其它仙子并不认可永无兽，芳雯会如何解决这次信任危机呢？
悲伤的贝拉多娜,1973,1973-06-30,动画 剧情 奇幻,87,74,日语,山本映一,Jules Michelet,长山蓝子 伊藤孝雄 仲代达矢 高桥昌也 标滋贺子 米仓齐加年 八城夏子,"A soul wandering in love… Belladonna, a flower that blooms with the sap of tears…",美丽的贝拉多娜于新婚之际被领主夺去贞洁，丈夫在她憔悴归来之后却无安慰，贝拉多娜哀怨的身体召唤出恶魔，给予她慰藉。不久战争爆发，镇中壮丁随领主出征，贝拉多娜在丈夫一蹶不振之后凭神秘的能力维持城堡的供应，招来领主夫人妒恨，终被收监。身形愈发庞大的黑色恶魔到来，带走贝拉多娜，用瘟疫吞噬了茫茫大地，贝拉多娜用自己的特异能力解救人民，领主却再一次加害于她…… 本片由手冢治虫的“虫制作室”出品，是制作室于70年左右推出的系列成人动画电影中最具现代风格的一部，曾经作为73年柏林电影节的正式竞赛作品。担任本片配乐的佐藤允彦是七十年代日本自由爵士运动的核心人物之一。
龙虎盟,1966,1967-06-07,西部,126,74,英语,霍华德·霍克斯,哈里·布朗,约翰·韦恩 罗伯特·米彻姆 詹姆斯·凯恩 Charlene Holt Paul Fix 阿瑟·休恩尼卡 Michele Carey R. G. 阿姆斯特朗 爱德华·阿斯纳,这可是那个与两大巨头齐名的重要时刻！,雇佣枪手科尔·桑顿与老友J.P.哈拉警长联手，协同一名印第安老战士和一名赌徒，帮助牧场主及其家人对抗企图抢夺水源的敌对牧场主。
小公子,1980,1980-12-01,家庭 剧情 电视电影,103,74,英语,Blanche Hanalis,Jack Gold,Rick Schroder 亚历克·吉尼斯 埃里克·波特 Colin Blakely 康妮 布斯 瑞切尔·凯姆普森 Gerry Cowper Barry Jackson Antonia Pemberton,The enchanting story of a small boy who inherits an earldom,"Young Cedric Errol and his widowed mother live in genteel poverty in 1880s Brooklyn after the death of his father. Cedric's grandfather, the Earl of Dorincourt, has long ago disowned his son for marrying an American. But after the death of the Earl's remaining son, he decides to accept Cedric as his heir."
至暗时刻,2017,2017-12-01,剧情 历史,125,74,英语,乔·赖特,安东尼·麦卡滕,加里·奥德曼 斯蒂芬·迪兰 莉莉·詹姆斯 罗纳德·皮卡普 本·门德尔森 克里斯汀·斯科特·托马斯 尼古拉斯·琼斯 塞缪尔·韦斯特 大卫·斯科菲尔德,丘吉尔在敦刻尔克生死关头 决不投降 决不屈服,影片讲述英国首相丘吉尔在作为首相期间面临的最重要的审判：是向纳粹妥协做俘虏，还是团结人民群起反抗？丘吉尔将集结整个国家为自由奋战，试图改变世界历史进程，度过黎明前的黑暗。
记住,2015,2015-10-23,剧情 惊悚 悬疑,94,74,英语,阿托姆·伊戈扬,Benjamin August,克里斯托弗·普卢默 布鲁诺·甘茨 尤尔根·普罗奇诺 海因茨·利文 亨利·车尔尼 迪恩·诺里斯 马丁·兰道 金·罗伯茨 Amanda Smith,Dark truths will come to light.,Zev（克里斯托弗·普卢默 饰）有一个任务：为家人报仇。他们70年前被一名纳粹守卫杀害，如今这名守卫在美国以假身份生活着。
弗鲁特维尔车站,2013,2013-07-26,剧情,82,74,英语,瑞恩·库格勒,,迈克尔·B·乔丹 梅洛妮·迪亚兹 奥克塔维亚·斯宾瑟 凯文·杜兰 查德·迈克尔·墨瑞 阿娜·欧蕾利 阿丽亚娜·尼尔 基南·库格勒 Trestin George,每一步都将你推向悬崖边缘。,本片改编自真实事件。22岁的湾区居民奥斯卡在2008年12月31日清晨醒来，莫名感到空气中的异样。虽不确定缘由，他视其为改变的契机，决意提早实践新年期许：成为母亲更称职的儿子（恰逢母亲生日就在除夕当日）、对近来未能坦诚相待的女友成为更可靠的伴侣、以及为他们四岁美丽女儿T担任更尽责的父亲。一日之初看似顺利，但随着时间推移，他逐渐意识到改变绝非易事。在与朋友、家人及陌生人的相遇交集中，每个片段都揭示出奥斯卡远比表面更为复杂的生命轨迹。然而当日终结前，他在弗鲁特维尔湾区捷运车站与警察的最后一次际遇，将彻底震撼湾区根基，并迫使整个国家共同见证奥斯卡·格兰特的故事。[韦恩斯坦影业]
无敌破坏王,2012,2012-11-06,家庭 动画 喜剧 冒险,101,74,英语,里奇·摩尔,菲尔·约翰斯顿,约翰·C·赖利 莎拉·西尔弗曼 杰克·麦克布雷尔 简·林奇 艾伦·图代克 里奇·摩尔 雷蒙德·S·佩尔西 明迪·卡林 贾米·埃曼,"When the game is over, the fun begins.",无敌破坏王（约翰·C·赖利 John C. Reilly 配音）生活在一个80年代出品的低精度游戏中。他的设定身份是一个反派，每天的生活就是在游戏《快手阿修》中大搞破坏，其后由玩家操作的英雄人物快手阿修（杰克·麦克布瑞尔 Jack McBrayer 配音） 会及时赶到进行修补，赢得奖牌，包揽一切荣耀。身为反派，破坏王厌倦了自己的生活，眼看阿修被胜利者的光环围绕，自己却日复一日在无趣中过活，他终于决定改变。单纯的他以为只要自己也能得到一枚奖牌，就可以摆脱反派的身份，于是某日在游戏厅歇业后，破坏王偷偷离开了自己的游戏，前去闯荡其他电子游戏的世界。在途中，破坏王结识了来自《英雄使命》的冷酷队长（简·林奇 Jane Lynch 配音）和来自90年代糖果赛车游戏《甜蜜冲刺》的小女孩云妮（萨拉·丝沃曼 Sarah Silverman 配音）。后者梦想着能上场比赛，但其身份也不允许她梦想成真。破坏王所属的游戏《快手阿修》由于失去了他被认定为系统错误，如不尽快返回，则游戏就会被永久删除；而《甜蜜冲刺》的游戏世界则在悄悄酝酿着一场巨大的、威胁到整个游戏世界的阴谋。这也许是无敌破坏王实现梦想的机会，但也可能是一条不归路…… 他可以扭转乾坤，成为一名真正的英雄吗？
超级无敌掌门狗：面包与死亡事件,2008,2008-12-25,家庭 动画 喜剧 悬疑 爱情,30,74,英语,尼克·帕克,Bob Baker,Peter Sallis Sally Lindsay Melissa Collier Sarah Laborde 杰拉尔丁·麦克尤恩 本·怀特海德,A life with love and suspense.,改行做起面包店老板的Wallace和Gromit再次遭遇神秘事件！话说这二位在家中建起一座超级自动化的面包房，但在生意红火之际，Gromit警觉的发现身边的面包店老板竟然一个个地消失。不过他的主人Wallace正沐浴在爱河之中对一切毫无察觉，此时我们的小狗又将担起重任…… 　　幕后制作 　　不过“死亡事件”虽惊悚，但故事的主打显然是爱情，且不说Wallace再度身陷爱情，连Gromit都爱上了只贵妇犬（他那粘土脸蛋竟然红了起来，真是可爱）！
第六感生死缘,1998,1998-11-12,奇幻 剧情 爱情,178,74,英语,马丁·布雷斯特,罗恩·奥斯本,布拉德·皮特 安东尼·霍普金斯 克莱尔·弗兰妮 杰克·韦伯 马西娅·盖伊·哈登 杰弗里·塔伯 David S. Howard Lois Kelly-Miller Jahnni St. John,Sooner or later everyone does.,也许在爱情的天平上，神与人是平等的。死神为了体验人世的悲欢，化身翩翩少年Joe Black(Brad Pitt 饰) 降落到新闻媒体大亨William Parrish（Anthony Hopkins 饰）的家中。机缘巧合，Joe爱上了William的小女儿Susan （Claire Forlani 饰），品尝到人世间爱情的甘醇。这孩子般纯真的，迷恋花生酱的翩翩死神与他美丽端庄的，拥有夜色深邃眼睛的女孩会有着什么样不同寻常的奇遇？他们把爱情谱成乐章，邀你我一同聆听。
如果我留下,2014,2014-08-22,剧情,106,74,英语,R. J. Cutler,Gayle Forman,科洛·葛蕾丝·莫瑞兹 杰米·布莱克利 莉安娜·利贝拉托 米雷耶·伊诺斯 约书亚·伦纳德 斯泰西·基齐 加布里埃尔·罗斯 雅各布·戴维斯 阿里·米尔纳,Live for Love.,改编自美国作家盖尔·福尔曼畅销18个国家的同名小说，天赋超群的古典音乐少女米娅，与家人遭遇严重车祸，在昏迷之中忽然灵魂出窍，在生死之间看见未来。这段预告片中，莫瑞兹朗读小说的序言作为旁白，一边亲眼看着自己倒在车祸现场，躺在手术台上，男友和同伴奔向医院，护士在耳边喃喃低语，一边思索要如何做出这艰难的选择：是随父母离世而去，还是苏醒过来继续人生。
天涯沦落女,1985,2018-04-09,剧情,106,74,法语,阿涅斯·瓦尔达,,桑德琳·邦奈尔 Macha Méril Yolande Moreau Stéphane Freiss Setti Ramdane Yahiaoui Assouna Marthe Jarnias Francis Balchère Jean-Louis Perletti,,一天清晨某村庄的沟壕里出现了一具僵死的女尸。在警察的调查下，死者莫娜（桑德里娜•伯奈尔 Sandrine Bonnaire 饰）的流浪岁月由此被揭开。她身背大包四处露营，与落魄的流浪汉同居在一处房子里，一起抽烟睡觉。一个老妇人的女仆尤兰德满心羡慕莫娜和流浪汉的自在状态，不满男友保罗的简单粗暴。某夜保罗入室行窃打昏流浪汉，莫娜随即不辞而别。接下来她遇到了一对放牧的夫妇，他们给了她土地和住所，期望她能努力过上平静踏实的日子。莫娜不以为然重新上路，在路上搭便车结识了以研究树木为职业的兰迪尔，兰迪尔给予了莫娜短暂的帮助后两人便分道扬镳。此后莫娜又在途中结识了剪葡萄树枝的工人阿兹，无人知晓莫娜的流浪将把她引向何处……
终极斗士2,2006,2006-04-11,动作 犯罪 惊悚 剧情,93,74,英语,艾萨克·佛罗伦汀,James Townsend,麦可·杰·怀特 斯科特·阿金斯 本·克劳斯 伊莱·丹克尔 马克·伊瓦涅 肯尼斯·勒纳 西尔维奥·西马克 伊瓦伊洛·格拉斯科夫 瓦伦丁·加涅夫,Wrongfully accused. Unjustly imprisoned. Now he's fighting back.,昔日的重量级拳击冠军乔治（迈克尔•加•怀特 Michael Jai White 饰）在俄罗斯拍摄广告度日，某天他的家被人闯入后放置了大量毒品，于是乔治因贩毒入狱。这场陷害的幕后主使是俄罗斯当地的黑拳界，他们利用犯人们的搏击比赛开设赌局，而乔治出色的身后令他成为了监狱的目标，各方希望乔治能与狱中拳王伯伊卡（斯科特•阿金斯 Scott Adkins 饰）一战。  　　拒绝成为黑拳界谋利工具的乔治在狱中处境艰难，除了狱警的侮辱，伯伊卡一众也不放弃任何挑衅乔治的机会，当乔治发现自己除了登上擂台已没有任何获得自由的可能以后，他毅然决定与伯伊卡决斗。然而拥有凌厉腿法的伯伊卡并不是一个低级的对手……
007：金手指,1964,1964-09-20,冒险 动作 惊悚,110,74,英语,盖伊·汉弥尔顿,伊恩·弗莱明,肖恩·康纳利 杰特·弗罗比 霍纳尔·布莱克曼 哈罗德·坂田 雪莉·伊顿 坦妮娅·玛蕾特 伯纳德·李 马丁·本森 塞克·林德,目之所及，精彩纷呈！,詹姆斯·邦德调查一位黄金大亨的走私活动，意外揭穿一项企图污染诺克斯堡黄金储备的惊天阴谋。
后裔2,2017,2017-07-21,家庭 奇幻 电视电影 冒险 音乐,111,74,英语,肯尼斯·奥尔特加,乔桑·麦吉本,德芙·卡梅隆 索菲亚·卡尔森 卡梅隆·博伊斯 布布·斯图尔特 琪娜·安妮·麦克兰 Mitchell Hope Thomas Doherty 迪伦·普莱菲尔 Brenna D'Amico,Long Live Evil,迪士尼童话中大反派的后裔们又回来啦！《睡美人》故事中大反派玛琳菲森的女儿玛尔在奥伦登开始了全新的生活，她将与美女与野兽的儿子本结婚，成为奥伦登的王后。但生于迷失岛的玛尔并没有完全适应奥伦登，似乎也没有准备好与本的婚姻，她独自逃回了迷失岛；而在岛上等待她的则是《小美人鱼》中的反派乌苏拉的女儿乌玛，充满嫉妒的她又将引发一场新的后裔之战
了不起的盖茨比,2013,2013-08-30,剧情 爱情,143,74,英语,巴兹·鲁赫曼,斯科特·菲茨杰拉德,莱昂纳多·迪卡普里奥 托比·马奎尔 凯瑞·穆里根 乔尔·埃哲顿 伊丽莎白·德比齐 艾拉·菲舍尔 杰森·克拉克 阿米塔布·巴强 卡兰·麦克奥利菲,Dream dangerously.,1922年的春天，作家尼克(托比•马奎尔 Tobey Maguire 饰)满怀希望离开家乡，随淘金热潮来到纽约这个新兴的城市，虽然这里爵士乐流行，股票飞涨，但是贫富两极分化，人们沉沦在纸醉金迷中。尼克为了追寻美国梦，放弃写作而进入证券市场，并搬入纽约附近的海湾居住，成为了神秘富豪盖茨比（莱昂纳多•迪卡普里奥 Leonardo DiCaprio 饰）的邻居。而海湾的对岸住着尼克的表妹黛西（凯瑞•穆里根 Carey Mulligan 饰）和她的贵族丈夫汤姆（乔尔•埃哲顿 Joel Edgerton 饰），尼克不仅被邀请去赴宴，之后汤姆还带着他去找情妇寻欢，尼克渐渐迷失在这个充满魅力，以及富豪编制的假象、爱与谎言的世界中。  但是只有盖茨比最特别，他是唯一让尼克感到在这个迷失城市里充满希望的人。尼克被邀请参加了盖茨比豪宅中的盛宴，还发现盖茨比心中的秘密，原来他一直深爱着黛西，即使她没等到他战后归来，转而嫁给富豪汤姆，盖茨比一直深信他们的爱情矢志不渝。尼克作为盖茨比与黛西爱情的见证者，终于在盖茨比被谋杀之后，看清了这个上流社会的虚情寡义，决心远离喧嚣、冷漠、虚假的大都市，黯然回到故乡……
黄海,2010,2010-12-22,剧情 惊悚 犯罪,156,74,朝鲜语,罗泓轸,,河正宇 金允锡 赵成夏 李哲民 郭到元 林艺媛 卓成恩 李伊 郑万植,The only thing he must not have crossed.,为了能让妻子去韩国打工，出租车司机久南（河政宇 Jeong-woo Ha 饰）不惜借6万块钱的巨款。妻子已经有六个月没有消息了，久南每日只能用酒精和赌博来麻醉自己的神经。一天，在债主的介绍下，久南认识了绵先生。绵先生不仅愿意帮助他偷渡到韩国寻找妻子，而且愿意为他还掉所有的债务，条件是让他在首尔杀一个人。几经波折，久南最终渡过茫茫黄海到达首尔，然而要杀死被严密保护的对象并不那么容易，久南一边开始周密的计划，一边开始到处打听妻子的下落。妻子就像从人间消失了一样音讯全无，而并没有杀人的久南却因出现在凶案现场而成为警方通缉的疑犯。此时，由于怕买凶杀人的事情暴露，从延边赶来的绵先生也极力致久南于死地，久南几乎陷入绝望的境地……河政宇凭借此片获得第47届百想艺术大赏颁奖礼最佳男演员奖。
机器战警,1987,1987-07-17,动作 惊悚 科幻,102,74,英语,保罗·范霍文,迈克尔·迈纳,彼得·韦勒 南希·艾伦 丹尼尔·彼得·奥赫利希 丹尼尔·考克斯 柯特伍德·史密斯 米盖尔·弗尔 罗伯特·多奎 雷·怀斯 费尔顿·佩里,"Part man, part machine, all cop.",底特律是世界闻名的汽车城，这里的机械工业已经到了出神入化的地步。墨菲（彼得•威勒 Peter Weller 饰）是底特律的一个普通警察，既没有非凡身手、也没有高超技术。一次，他执行任务时被一伙暴徒暴打致死，从此他的人生轨迹改变了。  　　底特律的科学家没能救活他的身体，却能将他的头脑和机械完美地合二为一。墨菲成了一个有着人类头脑和机械身体的机械警察！身上配备了各种武器、能应付各种各样的暴力活动的墨菲成了底特律警察的王牌。然而墨菲发生意外后他的家人却神秘失踪了，墨菲打击罪恶之余一直在竭力寻找家人。  　　令人意外的是，墨菲的机械身体却是操控在一伙利益集团手中。他们一直都在利用墨菲干着各种罪恶勾当…
隔窗恋爱,2022,2022-02-04,爱情 剧情 喜剧,113,74,西班牙语,Marçal Forés,Ariana Godoy,克拉拉·加勒 胡利奥·佩纳 Guillermo Lasheras Natalia Azahara Hugo Arbues Eric Masip Pilar Castro Abel Folk Rachel Lascar,It all started with the Wi-Fi password...,拉克尔对隔壁邻居暗恋已久。当这位邻居不顾家人反对开始对她产生感情时，事情开始变得复杂起来。
皇室风流史,2012,2012-03-29,剧情 历史 爱情,137,74,丹麦语,尼科莱·阿尔赛,博迪尔·斯滕森-莱特,艾丽西亚·维坎德 麦斯·米科尔森 米克尔·福尔斯加德 崔娜·蒂虹 大卫·丹西克 托马斯·加比利尔森 Cyron Melville Bent Mejding 哈丽特·沃尔特,他们的恋情将分裂一个国家。,乔安纳·费德里克·斯特恩斯（麦德斯·米科尔森 Mads Mikkelsen 饰），是一个医生。但是他却被自己的国王——丹麦国王（米科尔·波·弗斯加德 Mikkel Følsgaard 饰）相中，叫来陪伴他一同游历欧洲——于是从1768年开始，斯特恩斯就开始了自己的旅程。在旅程中，他获得了精神并不稳定的国王的信任，并成为了他的私人医生。但是斯特恩斯的野心并不仅仅如此。和他们一起游历欧洲的还有王后卡罗琳·马蒂尔德（艾丽西卡·维坎德 Alicia Vikander 饰），很自然的，王后爱上了这个帅气的医生。他们的恋情甚至一度成为了“国家事件”。可是这样的爱情真的能长久么？在国王的干预之下，王后和医生的恋情遭到了重重的阻挠——可能本就不道德的爱情，不会得到祝福，伴随它的只有诅咒。
小美人鱼,1989,1989-11-17,动画 家庭 奇幻,83,74,英语,约翰·马斯克,罗恩·克莱蒙兹,Jodi Benson Samuel E. Wright 帕特·卡洛尔 Christopher Daniel Barnes Kenneth Mars Buddy Hackett Jason Marin 雷内·奥柏戎诺瓦 Paddi Edwards,Somewhere under the sea and beyond your imagination is an adventure in fantasy.,女主角爱丽儿是一条坚强有主见的小美人鱼，她对海洋以外的世界充满了好奇！当她遇见陆地上的英俊王子里，内心充满了激动。在红蟹赛巴斯丁、比目鱼小胖这些朋友的帮助之下，爱丽儿勇敢冲出海底世界，战胜魔咒，终于追寻到自己想拥有的感情。
欧洲特快车,1991,1991-08-16,犯罪 剧情 惊悚,112,74,德语,拉斯·冯·提尔,尼尔斯·沃塞尔,让-马克·巴尔 芭芭拉·苏科娃 乌多·基尔 恩斯特-胡戈·杰瑞格 Erik Mørk Jørgen Reenberg Henning Jensen Eddie Constantine 马克斯·冯·西多,第二次世界大战虽已落下帷幕，却留下了无法磨灭的印记。,男主角是德裔美藉青年凯斯勒，在第二次世界大战后回到从未涉足的祖国。他原是一个和平主义和理想主义者，希望以中立的态度来看待战后的欧洲人民。不料叔叔安排凯斯勒在一列火车上当列车长，使他有机会深入欧洲各地，聆听各种不同的声音，从而揭破了和平口号与人道主义的虚妄。而他爱上的铁路公司老板千金，更是一名纳粹主义的支持者，更使他陷入了两难之境。  　　 导演拍出一种令人目眩神迷的魔幻写实色彩，镜头运用大胆，使观众仿佛进入催眠状态之中，是一部个人艺术风格强烈之作。
第三类接触,1977,1977-12-14,科幻 剧情,137,74,英语,史蒂文·斯皮尔伯格,,理查德·德莱福斯 弗朗索瓦·特吕弗 泰瑞·加尔 梅琳达·狄龙 鲍勃·巴拉班 J·帕特里克·麦克纳马拉 沃伦·肯梅灵 罗伯茨·斯科特 菲尔·多兹,我们并不孤独。,电力维修工罗伊·尼瑞在外出工作时与一艘奇异飞船发生了非凡接触。反复出现的山脉幻象加剧了他的痴迷，将他推向情感崩溃的边缘。在竭力理解自身遭遇的过程中，他与单身母亲吉莉安结成盟友——她坚信儿子已被外星人掳走。与此同时，由法国专家克劳德·拉孔布领导的国际科学家团队正寻求人类与外星沟通的突破。众人的追寻最终汇聚于怀俄明州偏远地区的相会，一场人类历史上无与伦比的重要事件即将展开。
少数派报告,2002,2002-06-21,科幻 动作 惊悚,145,74,英语,史蒂文·斯皮尔伯格,斯科特·弗兰克,汤姆·克鲁斯 萨曼莎·莫顿 科林·法瑞尔 马克斯·冯·西多 凯瑟琳·莫里斯 史蒂夫·哈里斯 尼尔·麦克唐纳 帕特里克·基尔帕特里克 彼得·斯特曼,每个人都在奔跑。,随着科技的发展，人类发明了能侦察人的脑电波的“聪明”的机器人――“先知”。“先知”能侦察出人的犯罪企图，所以在罪犯犯罪之前，就已经被犯罪预防组织的警察逮捕并获刑。乔恩（汤姆•克鲁斯 Tom Cruise 饰）就是犯罪预防组织的一个主管。在一次通过“先知”成功阻止了一起因外遇引起的双人命案之后，乔恩隐约感到了这一套完美的预防犯罪系统中隐含的秘密，那就是少数派报告。原来，共有三个“先知”一起判定一个人是否有杀人企图。当出现分歧时，按少数服从多数原则定案，但最后若证明少数那一方是正确的话，则会秘密保存一份少数派报告。乔恩一觉醒来，突然发现自己已是昔日同事的抓捕对象。乔恩唯一的出路就是找到能证明自己清白的那份少数派报告……
不良教育,2004,2004-03-19,剧情 犯罪,106,74,西班牙语,佩德罗·阿莫多瓦,,盖尔·加西亚·伯纳尔 费勒·马丁内斯 丹尼尔·希门尼斯·卡乔 Lluís Homar 弗朗西斯科·梅斯特 Francisco Boira Juan Fernández Nacho Pérez Raúl García Forneiro,,恩里克（费雷•马丁内兹 饰）和伊格莱西奥（弗朗西斯科•拜奥拉 饰）是教会学校的同学，更是一对同性恋人。学校的莫雷神父以留下恩里克为诱饵占有了伊格莱西奥，但最终恩里克还是离开了教会学校。这对同性恋人也就劳燕分飞。
让娜·迪尔曼,1976,1976-01-21,剧情,202,73,法语,香特尔·阿克曼,,德菲因·塞里格 Jan Decorte Henri Storck 雅克·多尼奥-瓦克罗兹 Yves Bical 香特尔·阿克曼,,香特尔·阿克曼执导的电影史上的一部独特之作。影片以逼近的压抑感，巨细无遗地描摹了一位中年寡妇的日常轨迹：铺床、为儿子准备晚餐、偶尔接客。在巨大的留白感中，阿克曼的镜头看似简约，却囊括了一整个世界的重量。无论被视为一则精密的人物研究，还是电影史上对时空最迷人而完整的呈现之一，本片都是一场震撼而引人深陷的电影实验——数十年来，它持续引发着人们的剖析与争论。[标准收藏公司]
叽哩咕历险记,1998,1998-12-09,奇幻 冒险 动画 家庭,74,73,法语,Michel Ocelot,,Doudou Gueye Thiaw Maimouna N'Diaye Awa Sène Sarr Robert Liensol William Nadylam Sebastien Hebrant Thilombo Lubambu Rémi Bichet Marie Augustine Diatta,Can Kirikou save his village from a terrible curse?,温暖鲜明的原始绘画色彩，冷静的幽默感加上一点禅意，造就了叽哩咕，这个还在母腹里就开口问妈妈：“把我生出来好吗？”的小家伙。  　　 叽哩咕从娘胎里蹦出来，自我介绍：“我叫叽哩咕”，自助切断脐带洗好澡，立刻向世界丢出大串问题，爸爸呢？被女巫吃掉了，女巫为何那么凶？不知道，你得自己去找答案。祖父说，所有的问题终将导出生命的意义。而女巫的终极秘密，原来正是叽哩咕未出生就爱发问的原因。结果部落人口暴增，失踪的男人都平安归来，而且……
绣巾蒙面盗,1946,1946-08-30,犯罪 悬疑 惊悚,103,73,英语,Robert Siodmak,欧内斯特·米勒·海明威,Edmond O'Brien 伯顿·兰开斯特 Ava Gardner Albert Dekker 山姆 莱文 Vince Barnett 弗吉尼亚·克里斯汀 Jack Lambert Charles D. Brown,她能与任何黑帮分子匹敌！,两个神秘的来客来到乔治开设的快餐店等待每夜来此吃晚餐的皮特·拉恩，他们以枪威胁乔治支走所有客人，等拉恩到来，可是碰巧他没有来，杀手决定去他家干掉他，乔治派人去报信想让拉恩离开，而因为不愿再躲躲藏藏终于被两个杀手枪杀。保险公司的理赔员希望从他的保单受益人奎尼那里找到线索，于是顺藤摸瓜找到了他的受益人奎尼，她是一家旅馆的服务员，多年前曾经救过因为陷入绝望而想要自杀的拉恩，他也设法找到了拉恩的昔日好友警官塞姆和已经成为塞姆妻子的拉恩女友劳莱，从他们这里了解到拉恩的一些情况，拉恩是个因残退役的职业拳击手，退役以后混迹黑社会无法自拔，他更为了一个神秘女人凯蒂而顶罪坐牢，出狱后，他参加也一次精心谋划的团队抢劫，然而，凯蒂在这件事里横插一杆，所有人的命运改变了……
守望者,2009,2009-03-06,悬疑 动作 科幻,215,74,英语,扎克·施奈德,大卫·海特,玛琳·阿克曼 帕特里克·威尔森 比利·克鲁德普 马修·古迪 杰基·厄尔·哈利 杰弗里·迪恩·摩根 卡拉·古奇诺 劳拉·门内尔 马特·弗莱尔,不论我们做什么，正义都会降临到我们每一个人身上,由于邪恶势力肆意蔓延，一群具有超群实力的正义之士挺身而出，他们戴着面具，身着奇装异服，与各种坏蛋展开较量。不久，他们的英雄事迹通过媒体传遍全国，美元钞票、丝绸鬼魂、罗夏、城市队长等超级英雄的名字广为传播，他们更参与到大大小小的重大事件之中，也因各自的性格遭受着不同的命运。但是在20世纪70年代，政府出台的法令导致一部分不愿成为权贵爪牙的英雄退休，超级英雄集团由此分化。1985年的一天，效力政府的超级英雄“喜剧演员”被人杀害。四处逃亡的“罗夏”意识到有人正向曾经的超级英雄痛下杀手，而这背后隐藏着更大的阴谋……
战略大作战,1970,1970-06-23,冒险 喜剧 战争,144,74,英语,Brian G. Hutton,特洛伊·肯尼迪-马丁,克林特·伊斯特伍德 特利·萨瓦拉斯 唐纳德·萨瑟兰 唐纳德·杰伊·里克尔斯 约翰·卡罗尔·奥康纳 加文·麦克劳德 哈尔·巴克利 斯图尔特·马戈林 杰夫·莫里斯,They set out to rob a bank... and damn near won a war instead!,第二次世界大战时，一名德军上校被美军俘虏，就在质询德国上校前，美军营地遭到火炮的攻击。然而，美国士兵凯利乘机接近上校，灌醉他并套出了一个惊人的秘密任务——德军上校将运送一批黄金前往法国。知道此事后，凯利同其他士兵偷偷潜入敌军阵地，企图私自吞下这批黄金。他们能如愿以偿地得到大批的黄金吗？
大毒枭,2001,2001-04-05,犯罪 剧情,124,74,英语,泰德·戴米,大卫·麦肯纳,约翰尼·德普 佩内洛普·克鲁兹 弗朗卡·波滕特 瑞切尔·格里菲斯 雷·利奥塔 詹迪·莫拉 克利夫·柯蒂斯 保罗·鲁本斯 米格尔·桑多瓦尔,based on a true story,一名平凡的美国人乔治戎格（强尼戴普饰）原本只是一个每天为生活奋斗打拼的小市民，但是在短短的几年内，他竟然成为美国境内贩卖古柯硷的大盘商，他每年向哥伦比亚贩毒集团引进价值三百五十亿元的毒品，也从此改变了这个世纪美国年轻人的价值观。  　　乔治戎格一生都在追求所谓的美国梦，也就是享受美好富裕的生活，但是他却不愿像他父亲那样一辈子都只是个出卖劳力的建筑工人。于是他搬到阳光明媚的加州，靠著贩卖大麻赚钱，起初，他贩毒只是为了享受自由自在的生活，但是当他野心越来越大，他的势力也日益坐大之际，却不幸被捕入狱。  　　他在牢里认识一个能言善道，自称熟识哥伦比亚贩毒集团的牢友狄亚哥，他出狱后果真把当时势力最大的毒枭艾斯科巴介绍给乔治认识，艾斯科巴计画将古柯硷大量引进美国的迪斯可舞厅，希望能引领一股吸毒狂欢的风潮。除了毒品供应商之外，狄亚哥也介绍了一个美艳又狂野的女人玛莎给乔治，他们疯狂相爱，之后马莎还替他生下一个可爱的女儿克莉丝汀娜，也是乔治一生的最爱。  　　乔治很快就靠著贩毒发大财，他还得买一栋大房子专门存放每天赚进来的大把钞票，但是日进斗金却整天提心吊胆的生活却让乔治开始省思，到底他要继续过著挥霍富裕的生活，还是为了自己心爱的女儿应该转性投资正当的事业？可是这时联邦调查局的探员，也开始盯上毒源祸首的乔治……
飞鸭向前冲,2023,2023-12-08,家庭 喜剧 冒险 动画,93,73,英语,本杰明·雷纳,迈克尔·怀特,库马尔·纳贾尼 伊丽莎白·班克斯 卡斯帕·詹宁斯 特雷西·加扎尔 奥卡菲娜 卡罗·凯恩 科甘-迈克尔·凯 丹尼·德维托 大卫·米切尔,特立鸭行 统统欢迎,飞鸭马拉德一家向南迁徙前往热带的牙买加，却意外闯入疯狂大都市纽约？在紧张刺激的飞行之旅中，他们将如何化险为夷？
